Case,Series,Point_Index,True_Strain,True_Stress_MPa,Experiment_Interpolated_Stress_MPa,Absolute_Error_MPa,Avg_MAPE_percent,Used_In_Final_Plot
01_001_20,Experiment,1,0.0,0.0,,,,1
01_001_20,Experiment,2,0.00499,381.04634,,,,1
01_001_20,Experiment,3,0.00996,785.59858,,,,1
01_001_20,Experiment,4,0.01489,1045.80086,,,,1
01_001_20,Experiment,5,0.01981,1049.31196,,,,1
01_001_20,Experiment,6,0.0247,1053.68136,,,,1
01_001_20,Experiment,7,0.02956,1056.95807,,,,1
01_001_20,Experiment,8,0.0344,1060.26623,,,,1
01_001_20,Experiment,9,0.03923,1063.64415,,,,1
01_001_20,Experiment,10,0.04402,1066.59314,,,,1
01_001_20,Experiment,11,0.0488,1069.60011,,,,1
01_001_20,Experiment,12,0.05355,1072.75988,,,,1
01_001_20,Experiment,13,0.05828,1075.56699,,,,1
01_001_20,Experiment,14,0.06298,1078.67453,,,,1
01_001_20,Experiment,15,0.06767,1081.20454,,,,1
01_001_20,Experiment,16,0.07233,1084.12849,,,,1
01_001_20,Experiment,17,0.07698,1086.43992,,,,1
01_001_20,Experiment,18,0.0816,1089.11726,,,,1
01_001_20,Experiment,19,0.0862,1091.06716,,,,1
01_001_20,Experiment,20,0.09077,1093.52654,,,,1
01_001_20,Experiment,21,0.09533,1095.32898,,,,1
01_001_20,Experiment,22,0.09987,1097.34917,,,,1
01_001_20,Experiment,23,0.10438,1099.48911,,,,1
01_001_20,Experiment,24,0.10888,1100.53116,,,,1
01_001_20,Experiment,25,0.115,1106.51921,,,,1
01_001_20,20x20x20,1,0.0,0.0,0.0,0.0,3.3090839321352283,1
01_001_20,20x20x20,2,0.0059820717293904,451.2087450185092,461.7998290071549,10.591083988645721,3.3090839321352283,1
01_001_20,20x20x20,3,0.011928570968345,823.3075845575155,889.4985098793462,66.19092532183072,3.3090839321352283,1
01_001_20,20x20x20,4,0.0178399173671714,925.45296316277,1047.9060337536332,122.45307059086326,3.3090839321352283,1
01_001_20,20x20x20,5,0.0237165268210428,968.5460626973188,1052.8025895075389,84.25652681022007,3.3090839321352283,1
01_001_20,20x20x20,6,0.0295588015905227,996.075694541963,1056.957262008165,60.881567466201886,3.3090839321352283,1
01_001_20,20x20x20,7,0.0353671423414218,1016.7151847584236,1060.9426129105457,44.227428152122116,3.3090839321352283,1
01_001_20,20x20x20,8,0.0411419427877547,1033.231783129927,1064.8212481548353,31.58946502490835,3.3090839321352283,1
01_001_20,20x20x20,9,0.046883586296973,1046.999462330897,1068.394545457617,21.39508312672001,3.3090839321352283,1
01_001_20,20x20x20,10,0.0525924514481166,1058.7251817048402,1072.1229045920454,13.397722887205191,3.3090839321352283,1
01_001_20,20x20x20,11,0.0582689068587828,1068.8437913723158,1075.5604065607522,6.716615188436435,3.3090839321352283,1
01_001_20,20x20x20,12,0.063913325408167,1077.6519574021347,1079.1780103019012,1.526052899766455,3.3090839321352283,1
01_001_20,20x20x20,13,0.0695260597573401,1085.3987536977563,1082.3691378385138,3.02961585924254,3.3090839321352283,1
01_001_20,20x20x20,14,0.0751074739796861,1092.2640918405807,1085.5091215442724,6.754970296308329,3.3090839321352283,1
01_001_20,20x20x20,15,0.0806579019727236,1098.3948228270824,1088.5713039973273,9.82351882975513,3.3090839321352283,1
01_001_20,20x20x20,16,0.0861776995220419,1103.8682311608427,1091.0577070213108,12.810524139531935,3.3090839321352283,1
01_001_20,20x20x20,17,0.0916671892871969,1108.7569217426153,1093.8811737409683,14.875748001647025,3.3090839321352283,1
01_001_20,20x20x20,18,0.0971267089999163,1113.1359555929084,1096.1284719723658,17.007483620542644,3.3090839321352283,1
01_001_20,20x20x20,19,0.1025565908534479,1117.05626625205,1098.6239245966578,18.432341655392065,3.3090839321352283,1
01_001_20,20x20x20,20,0.1079571415585973,1120.5886736439415,1100.317456746919,20.27121689702244,3.3090839321352283,1
01_001_20,20x20x20,21,0.1133286829121737,1123.7234641057487,1104.883927273242,18.83953683250661,3.3090839321352283,1
01_001_20,40x40x40,1,0.0,0.0,0.0,0.0,3.8285580093189906,1
01_001_20,40x40x40,2,0.0059820717293904,450.7415113148717,461.7998290071549,11.058317692283254,3.8285580093189906,1
01_001_20,40x40x40,3,0.011928570968345,821.7093484733665,889.4985098793462,67.78916140597971,3.8285580093189906,1
01_001_20,40x40x40,4,0.0178399173671714,920.6488407299034,1047.9060337536332,127.25719302372977,3.8285580093189906,1
01_001_20,40x40x40,5,0.0237165268210428,962.087187696003,1052.8025895075389,90.71540181153591,3.8285580093189906,1
01_001_20,40x40x40,6,0.0295588015905227,987.9438244300694,1056.957262008165,69.01343757809548,3.8285580093189906,1
01_001_20,40x40x40,7,0.0353671423414218,1007.0375890697752,1060.9426129105457,53.90502384077047,3.8285580093189906,1
01_001_20,40x40x40,8,0.0411419427877547,1022.019407769809,1064.8212481548353,42.80184038502625,3.8285580093189906,1
01_001_20,40x40x40,9,0.046883586296973,1034.137667403901,1068.394545457617,34.25687805371581,3.8285580093189906,1
01_001_20,40x40x40,10,0.0525924514481166,1044.1635258016995,1072.1229045920454,27.95937879034591,3.8285580093189906,1
01_001_20,40x40x40,11,0.0582689068587828,1054.2363780607188,1075.5604065607522,21.324028500033364,3.8285580093189906,1
01_001_20,40x40x40,12,0.063913325408167,1061.410031626334,1079.1780103019012,17.767978675567065,3.8285580093189906,1
01_001_20,40x40x40,13,0.0695260597573401,1065.572380708205,1082.3691378385138,16.796757130308833,3.8285580093189906,1
01_001_20,40x40x40,14,0.0751074739796861,1070.5626306265426,1085.5091215442724,14.946490917729761,3.8285580093189906,1
01_001_20,40x40x40,15,0.0806579019727236,1074.76290830099,1088.5713039973273,13.808395696337357,3.8285580093189906,1
01_001_20,40x40x40,16,0.0861776995220419,1078.24943896253,1091.0577070213108,12.808268058780868,3.8285580093189906,1
01_001_20,40x40x40,17,0.0916671892871969,1081.4893059991982,1093.8811737409683,12.391867741770056,3.8285580093189906,1
01_001_20,40x40x40,18,0.0971267089999163,1083.6463576214885,1096.1284719723658,12.482114350877282,3.8285580093189906,1
01_001_20,40x40x40,19,0.1025565908534479,1085.0986760833594,1098.6239245966578,13.525248513298493,3.8285580093189906,1
01_001_20,40x40x40,20,0.1079571415585973,1086.4544054536386,1100.317456746919,13.863051293280478,3.8285580093189906,1
01_001_20,40x40x40,21,0.1133286829121737,1086.992194662464,1104.883927273242,17.891732610778035,3.8285580093189906,1
02_001_500,Experiment,1,0.0,0.0,,,,1
02_001_500,Experiment,2,0.01073,442.11184,,,,1
02_001_500,Experiment,3,0.01153,458.67098,,,,1
02_001_500,Experiment,4,0.01239,477.972,,,,1
02_001_500,Experiment,5,0.0133,496.24287,,,,1
02_001_500,Experiment,6,0.01439,513.09636,,,,1
02_001_500,Experiment,7,0.01555,527.86544,,,,1
02_001_500,Experiment,8,0.01675,539.61267,,,,1
02_001_500,Experiment,9,0.01805,548.09166,,,,1
02_001_500,Experiment,10,0.01943,552.61264,,,,1
02_001_500,Experiment,11,0.02091,552.34409,,,,1
02_001_500,Experiment,12,0.02241,546.85082,,,,1
02_001_500,Experiment,13,0.02394,548.96637,,,,1
02_001_500,Experiment,14,0.02554,550.24277,,,,1
02_001_500,Experiment,15,0.0273,551.34736,,,,1
02_001_500,Experiment,16,0.02918,552.87049,,,,1
02_001_500,Experiment,17,0.03101,553.87014,,,,1
02_001_500,Experiment,18,0.03286,555.2606,,,,1
02_001_500,Experiment,19,0.03489,556.76707,,,,1
02_001_500,Experiment,20,0.03688,558.04001,,,,1
02_001_500,Experiment,21,0.03874,559.19792,,,,1
02_001_500,Experiment,22,0.04054,560.05151,,,,1
02_001_500,Experiment,23,0.04256,560.86087,,,,1
02_001_500,Experiment,24,0.0445,561.37219,,,,1
02_001_500,Experiment,25,0.04638,561.80136,,,,1
02_001_500,Experiment,26,0.04825,561.96222,,,,1
02_001_500,Experiment,27,0.05013,562.05459,,,,1
02_001_500,Experiment,28,0.052,562.01985,,,,1
02_001_500,Experiment,29,0.0539,562.247,,,,1
02_001_500,Experiment,30,0.05564,562.43401,,,,1
02_001_500,Experiment,31,0.05726,562.56738,,,,1
02_001_500,Experiment,32,0.05901,562.86249,,,,1
02_001_500,Experiment,33,0.06086,563.1276,,,,1
02_001_500,Experiment,34,0.06271,563.56545,,,,1
02_001_500,Experiment,35,0.06441,564.02438,,,,1
02_001_500,Experiment,36,0.06615,564.49835,,,,1
02_001_500,Experiment,37,0.0679,564.95242,,,,1
02_001_500,Experiment,38,0.06975,565.38053,,,,1
02_001_500,Experiment,39,0.07148,565.77665,,,,1
02_001_500,Experiment,40,0.07316,566.11701,,,,1
02_001_500,Experiment,41,0.07479,566.37786,,,,1
02_001_500,Experiment,42,0.07664,566.57395,,,,1
02_001_500,Experiment,43,0.07844,566.77783,,,,1
02_001_500,Experiment,44,0.08018,566.79437,,,,1
02_001_500,Experiment,45,0.0819,566.62565,,,,1
02_001_500,Experiment,46,0.08364,566.25601,,,,1
02_001_500,Experiment,47,0.0854,566.27535,,,,1
02_001_500,Experiment,48,0.08723,566.14603,,,,1
02_001_500,Experiment,49,0.08893,566.03436,,,,1
02_001_500,Experiment,50,0.09059,565.75222,,,,1
02_001_500,Experiment,51,0.09231,565.31762,,,,1
02_001_500,Experiment,52,0.09415,565.06059,,,,1
02_001_500,Experiment,53,0.09595,564.52028,,,,1
02_001_500,Experiment,54,0.09773,563.8612,,,,1
02_001_500,Experiment,55,0.09944,563.26944,,,,1
02_001_500,Experiment,56,0.10121,562.31273,,,,1
02_001_500,Experiment,57,0.10305,561.05126,,,,1
02_001_500,Experiment,58,0.10483,559.56292,,,,1
02_001_500,Experiment,59,0.10649,558.39016,,,,1
02_001_500,Experiment,60,0.10821,556.85932,,,,1
02_001_500,Experiment,61,0.11001,555.45681,,,,1
02_001_500,Experiment,62,0.11189,553.81929,,,,1
02_001_500,Experiment,63,0.11366,551.82867,,,,1
02_001_500,Experiment,64,0.11544,549.90698,,,,1
02_001_500,Experiment,65,0.11723,547.88842,,,,1
02_001_500,Experiment,66,0.11911,545.41284,,,,1
02_001_500,Experiment,67,0.12101,542.83288,,,,1
02_001_500,Experiment,68,0.12281,540.10851,,,,1
02_001_500,Experiment,69,0.12463,537.21187,,,,1
02_001_500,Experiment,70,0.12651,534.14358,,,,1
02_001_500,Experiment,71,0.12846,530.90428,,,,1
02_001_500,Experiment,72,0.13035,527.49461,,,,1
02_001_500,Experiment,73,0.13218,523.91519,,,,1
02_001_500,Experiment,74,0.13405,520.16666,,,,1
02_001_500,Experiment,75,0.13603,516.24965,,,,1
02_001_500,Experiment,76,0.138,512.1648,,,,1
02_001_500,Experiment,77,0.13986,507.91274,,,,1
02_001_500,20x20x20,1,0.0,0.0,0.0,0.0,3.962938032477025,1
02_001_500,20x20x20,2,0.0059820717293904,410.6037138884744,246.48133637397686,164.12237751449751,3.962938032477025,1
02_001_500,20x20x20,3,0.011928570968345,529.5918176815388,467.6161267807514,61.97569090078741,3.962938032477025,1
02_001_500,20x20x20,4,0.0178399173671714,551.5341819532414,546.721438043902,4.8127439093393605,3.962938032477025,1
02_001_500,20x20x20,5,0.0237165268210428,562.655625114628,548.6573708602988,13.998254254329254,3.962938032477025,1
02_001_500,20x20x20,6,0.0295588015905227,569.4781606399996,553.0774129562656,16.40074768373404,3.962938032477025,1
02_001_500,20x20x20,7,0.0353671423414218,573.953989864096,557.0722828502962,16.88170701379977,3.962938032477025,1
02_001_500,20x20x20,8,0.0411419427877547,576.9423746864777,560.2926923835134,16.649682302964266,3.962938032477025,1
02_001_500,20x20x20,9,0.046883586296973,578.9001940781295,561.8446791934391,17.05551488469041,3.962938032477025,1
02_001_500,20x20x20,10,0.0525924514481166,580.1057367328433,562.0906791297051,18.01505760313819,3.962938032477025,1
02_001_500,20x20x20,11,0.0582689068587828,580.7425822730611,562.737516287483,18.005065985578085,3.962938032477025,1
02_001_500,20x20x20,12,0.063913325408167,580.9374680668225,563.8902983115117,17.047169755310733,3.962938032477025,1
02_001_500,20x20x20,13,0.0695260597573401,580.7843948051705,565.3287078068729,15.455686998297551,3.962938032477025,1
02_001_500,20x20x20,14,0.0751074739796861,580.3498938107291,566.4115105257712,13.938383284957922,3.962938032477025,1
02_001_500,20x20x20,15,0.0806579019727236,579.6889803514123,566.7474911506756,12.941489200736669,3.962938032477025,1
02_001_500,20x20x20,16,0.0861776995220419,578.8417609323769,566.220392567109,12.621368365267926,3.962938032477025,1
02_001_500,20x20x20,17,0.0916671892871969,577.8398446782329,565.4800418231304,12.359802855102544,3.962938032477025,1
02_001_500,20x20x20,18,0.0971267089999163,576.7152604764269,564.0845803552445,12.630680121182422,3.962938032477025,1
02_001_500,20x20x20,19,0.1025565908534479,575.4792009179068,561.3895321935331,14.089668724373723,3.962938032477025,1
02_001_500,20x20x20,20,0.1079571415585973,574.1584829408766,557.0843698932773,17.074113047599326,3.962938032477025,1
02_001_500,20x20x20,21,0.1133286829121737,572.7526792924175,552.2012837973834,20.551395495034058,3.962938032477025,1
02_001_500,20x20x20,22,0.1186715315172836,571.2793723660707,545.9902143651293,25.28915800094137,3.962938032477025,1
02_001_500,20x20x20,23,0.1239859791491398,569.7475041566057,538.2368681084812,31.510636048124525,3.962938032477025,1
02_001_500,20x20x20,24,0.1292723326662926,568.1619179517456,529.4387845913873,38.72313336035836,3.962938032477025,1
02_001_500,20x20x20,25,0.134530887539002,566.5296534243407,519.2153260105322,47.31432741380854,3.962938032477025,1
02_001_500,20x20x20,26,0.1397619475581712,564.8595915507212,508.1368931536573,56.72269839706394,3.962938032477025,1
02_001_500,40x40x40,1,0.0,0.0,0.0,0.0,1.9326908879998606,1
02_001_500,40x40x40,2,0.0059820717293904,410.0406633513359,246.48133637397686,163.55932697735906,1.9326908879998606,1
02_001_500,40x40x40,3,0.011928570968345,526.4800288628587,467.6161267807514,58.8639020821073,1.9326908879998606,1
02_001_500,40x40x40,4,0.0178399173671714,546.2714500236534,546.721438043902,0.44998802024861106,1.9326908879998606,1
02_001_500,40x40x40,5,0.0237165268210428,555.3605001131418,548.6573708602988,6.703129252843041,1.9326908879998606,1
02_001_500,40x40x40,6,0.0295588015905227,560.2622884536165,553.0774129562656,7.1848754973509585,1.9326908879998606,1
02_001_500,40x40x40,7,0.0353671423414218,562.911016491943,557.0722828502962,5.838733641646741,1.9326908879998606,1
02_001_500,40x40x40,8,0.0411419427877547,564.1485557237036,560.2926923835134,3.855863340190126,1.9326908879998606,1
02_001_500,40x40x40,9,0.046883586296973,564.4277643848677,561.8446791934391,2.5830851914286086,1.9326908879998606,1
02_001_500,40x40x40,10,0.0525924514481166,564.0212361011163,562.0906791297051,1.9305569714111925,1.9326908879998606,1
02_001_500,40x40x40,11,0.0582689068587828,563.1024199418637,562.737516287483,0.36490365438066874,1.9326908879998606,1
02_001_500,40x40x40,12,0.063913325408167,561.7849276679744,563.8902983115117,2.1053706435372987,1.9326908879998606,1
02_001_500,40x40x40,13,0.0695260597573401,560.1525169351353,565.3287078068729,5.176190871737617,1.9326908879998606,1
02_001_500,40x40x40,14,0.0751074739796861,558.2651714877202,566.4115105257712,8.146339038050996,1.9326908879998606,1
02_001_500,40x40x40,15,0.0806579019727236,556.1651747119258,566.7474911506756,10.582316438749785,1.9326908879998606,1
02_001_500,40x40x40,16,0.0861776995220419,553.8882519393719,566.220392567109,12.33214062773709,1.9326908879998606,1
02_001_500,40x40x40,17,0.0916671892871969,551.4505541307972,565.4800418231304,14.029487692333191,1.9326908879998606,1
02_001_500,40x40x40,18,0.0971267089999163,548.8736852072325,564.0845803552445,15.210895148012014,1.9326908879998606,1
02_001_500,40x40x40,19,0.1025565908534479,546.168428260791,561.3895321935331,15.221103932742153,1.9326908879998606,1
02_001_500,40x40x40,20,0.1079571415585973,541.8680873703013,557.0843698932773,15.21628252297603,1.9326908879998606,1
02_001_500,40x40x40,21,0.1133286829121737,538.4655309370294,552.2012837973834,13.735752860354069,1.9326908879998606,1
02_001_500,40x40x40,22,0.1186715315172836,535.6712029904602,545.9902143651293,10.319011374669117,1.9326908879998606,1
02_001_500,40x40x40,23,0.1239859791491398,532.1170024713983,538.2368681084812,6.119865637082853,1.9326908879998606,1
02_001_500,40x40x40,24,0.1292723326662926,528.7008790091222,529.4387845913873,0.7379055822650571,1.9326908879998606,1
02_001_500,40x40x40,25,0.134530887539002,525.5906668297666,519.2153260105322,6.375340819234452,1.9326908879998606,1
02_001_500,40x40x40,26,0.1397619475581712,521.3295925458078,508.1368931536573,13.19269939215053,1.9326908879998606,1
05_001_800,Experiment,1,0.0,0.0,,,,1
05_001_800,Experiment,2,0.00626,106.96965,,,,1
05_001_800,Experiment,3,0.00651,106.869,,,,1
05_001_800,Experiment,4,0.00678,106.74541,,,,1
05_001_800,Experiment,5,0.00709,106.63412,,,,1
05_001_800,Experiment,6,0.00735,106.48955,,,,1
05_001_800,Experiment,7,0.00758,106.32412,,,,1
05_001_800,Experiment,8,0.00785,106.13172,,,,1
05_001_800,Experiment,9,0.00813,105.93254,,,,1
05_001_800,Experiment,10,0.00834,105.71618,,,,1
05_001_800,Experiment,11,0.00864,105.49849,,,,1
05_001_800,Experiment,12,0.00885,105.2708,,,,1
05_001_800,Experiment,13,0.00909,105.0507,,,,1
05_001_800,Experiment,14,0.00938,104.81537,,,,1
05_001_800,Experiment,15,0.0096,104.55784,,,,1
05_001_800,Experiment,16,0.00984,104.30233,,,,1
05_001_800,Experiment,17,0.01,104.06096,,,,1
05_001_800,Experiment,18,0.0103,103.81471,,,,1
05_001_800,Experiment,19,0.0106,103.59213,,,,1
05_001_800,Experiment,20,0.0108,103.37157,,,,1
05_001_800,Experiment,21,0.011,103.14118,,,,1
05_001_800,Experiment,22,0.0113,102.88855,,,,1
05_001_800,Experiment,23,0.0116,102.65149,,,,1
05_001_800,Experiment,24,0.01178,102.43288,,,,1
05_001_800,Experiment,25,0.01194,102.23238,,,,1
05_001_800,Experiment,26,0.01231,102.01188,,,,1
05_001_800,Experiment,27,0.01259,101.81242,,,,1
05_001_800,Experiment,28,0.01286,101.59473,,,,1
05_001_800,Experiment,29,0.01318,101.40153,,,,1
05_001_800,Experiment,30,0.01344,101.20885,,,,1
05_001_800,Experiment,31,0.01373,101.01783,,,,1
05_001_800,Experiment,32,0.014,100.83889,,,,1
05_001_800,Experiment,33,0.0143,100.66655,,,,1
05_001_800,Experiment,34,0.0146,100.48554,,,,1
05_001_800,Experiment,35,0.015,100.29584,,,,1
05_001_800,Experiment,36,0.0153,100.12863,,,,1
05_001_800,Experiment,37,0.0156,99.98992,,,,1
05_001_800,Experiment,38,0.0158,99.83874,,,,1
05_001_800,Experiment,39,0.0161,99.69417,,,,1
05_001_800,Experiment,40,0.0164,99.52994,,,,1
05_001_800,Experiment,41,0.0166,99.37003,,,,1
05_001_800,Experiment,42,0.0169,99.20287,,,,1
05_001_800,Experiment,43,0.0171,99.04807,,,,1
05_001_800,Experiment,44,0.0174,98.90333,,,,1
05_001_800,Experiment,45,0.0176,98.76031,,,,1
05_001_800,Experiment,46,0.0179,98.63258,,,,1
05_001_800,Experiment,47,0.0181,98.49876,,,,1
05_001_800,Experiment,48,0.0183,98.35655,,,,1
05_001_800,Experiment,49,0.0186,98.22877,,,,1
05_001_800,Experiment,50,0.0189,98.09346,,,,1
05_001_800,Experiment,51,0.0192,97.9636,,,,1
05_001_800,Experiment,52,0.0195,97.8522,,,,1
05_001_800,Experiment,53,0.0197,97.73126,,,,1
05_001_800,Experiment,54,0.02,97.60773,,,,1
05_001_800,Experiment,55,0.0202,97.46891,,,,1
05_001_800,Experiment,56,0.0206,97.33325,,,,1
05_001_800,Experiment,57,0.0209,97.19351,,,,1
05_001_800,Experiment,58,0.0213,97.0517,,,,1
05_001_800,Experiment,59,0.0216,96.93874,,,,1
05_001_800,Experiment,60,0.0219,96.80964,,,,1
05_001_800,Experiment,61,0.0222,96.70191,,,,1
05_001_800,Experiment,62,0.0225,96.57718,,,,1
05_001_800,Experiment,63,0.0227,96.4637,,,,1
05_001_800,Experiment,64,0.0231,96.36466,,,,1
05_001_800,Experiment,65,0.0234,96.24222,,,,1
05_001_800,Experiment,66,0.0237,96.10881,,,,1
05_001_800,Experiment,67,0.0239,95.97625,,,,1
05_001_800,Experiment,68,0.0242,95.8564,,,,1
05_001_800,Experiment,69,0.0245,95.73597,,,,1
05_001_800,Experiment,70,0.0247,95.60169,,,,1
05_001_800,Experiment,71,0.0249,95.48126,,,,1
05_001_800,Experiment,72,0.0252,95.35158,,,,1
05_001_800,Experiment,73,0.0255,95.22449,,,,1
05_001_800,Experiment,74,0.0257,95.08613,,,,1
05_001_800,Experiment,75,0.026,94.94777,,,,1
05_001_800,Experiment,76,0.0262,94.82067,,,,1
05_001_800,Experiment,77,0.0265,94.70686,,,,1
05_001_800,Experiment,78,0.0268,94.59908,,,,1
05_001_800,Experiment,79,0.027,94.51578,,,,1
05_001_800,Experiment,80,0.0273,94.40271,,,,1
05_001_800,Experiment,81,0.0275,94.30666,,,,1
05_001_800,Experiment,82,0.0279,94.18807,,,,1
05_001_800,Experiment,83,0.0281,94.08334,,,,1
05_001_800,Experiment,84,0.0284,93.97803,,,,1
05_001_800,Experiment,85,0.0286,93.85772,,,,1
05_001_800,Experiment,86,0.0289,93.74897,,,,1
05_001_800,Experiment,87,0.0292,93.64337,,,,1
05_001_800,Experiment,88,0.0295,93.53255,,,,1
05_001_800,Experiment,89,0.0298,93.42718,,,,1
05_001_800,Experiment,90,0.0302,93.3221,,,,1
05_001_800,Experiment,91,0.0304,93.21818,,,,1
05_001_800,Experiment,92,0.0307,93.10643,,,,1
05_001_800,Experiment,93,0.031,93.00302,,,,1
05_001_800,Experiment,94,0.0313,92.90823,,,,1
05_001_800,Experiment,95,0.0316,92.83218,,,,1
05_001_800,Experiment,96,0.0319,92.75004,,,,1
05_001_800,Experiment,97,0.0322,92.66209,,,,1
05_001_800,Experiment,98,0.0325,92.57787,,,,1
05_001_800,Experiment,99,0.0327,92.49711,,,,1
05_001_800,Experiment,100,0.033,92.40968,,,,1
05_001_800,Experiment,101,0.0332,92.34041,,,,1
05_001_800,Experiment,102,0.0334,92.26333,,,,1
05_001_800,Experiment,103,0.0336,92.19343,,,,1
05_001_800,Experiment,104,0.0339,92.12002,,,,1
05_001_800,Experiment,105,0.0341,92.04167,,,,1
05_001_800,Experiment,106,0.0344,91.98206,,,,1
05_001_800,Experiment,107,0.0346,91.91406,,,,1
05_001_800,Experiment,108,0.0348,91.86135,,,,1
05_001_800,Experiment,109,0.035,91.81266,,,,1
05_001_800,Experiment,110,0.0352,91.75673,,,,1
05_001_800,Experiment,111,0.03548,91.70138,,,,1
05_001_800,Experiment,112,0.03568,91.64458,,,,1
05_001_800,Experiment,113,0.03591,91.59038,,,,1
05_001_800,Experiment,114,0.0362,91.54278,,,,1
05_001_800,Experiment,115,0.03646,91.48995,,,,1
05_001_800,Experiment,116,0.03668,91.43914,,,,1
05_001_800,Experiment,117,0.03695,91.38775,,,,1
05_001_800,Experiment,118,0.03711,91.33923,,,,1
05_001_800,Experiment,119,0.03744,91.28118,,,,1
05_001_800,Experiment,120,0.03768,91.22628,,,,1
05_001_800,Experiment,121,0.03789,91.18725,,,,1
05_001_800,Experiment,122,0.03815,91.1358,,,,1
05_001_800,Experiment,123,0.0384,91.08464,,,,1
05_001_800,Experiment,124,0.03863,91.03664,,,,1
05_001_800,Experiment,125,0.0389,90.99468,,,,1
05_001_800,Experiment,126,0.03916,90.96163,,,,1
05_001_800,Experiment,127,0.03943,90.9245,,,,1
05_001_800,Experiment,128,0.03966,90.89541,,,,1
05_001_800,Experiment,129,0.03986,90.8608,,,,1
05_001_800,Experiment,130,0.0401,90.83224,,,,1
05_001_800,Experiment,131,0.04029,90.82126,,,,1
05_001_800,Experiment,132,0.0405,90.79844,,,,1
05_001_800,Experiment,133,0.0407,90.77533,,,,1
05_001_800,Experiment,134,0.0409,90.75366,,,,1
05_001_800,Experiment,135,0.0411,90.73515,,,,1
05_001_800,Experiment,136,0.0413,90.73135,,,,1
05_001_800,Experiment,137,0.04153,90.71284,,,,1
05_001_800,Experiment,138,0.0417,90.69117,,,,1
05_001_800,Experiment,139,0.0418,90.66806,,,,1
05_001_800,Experiment,140,0.0421,90.64524,,,,1
05_001_800,Experiment,141,0.0422,90.62443,,,,1
05_001_800,Experiment,142,0.0424,90.60133,,,,1
05_001_800,Experiment,143,0.0426,90.57161,,,,1
05_001_800,Experiment,144,0.0428,90.537,,,,1
05_001_800,Experiment,145,0.0429,90.49924,,,,1
05_001_800,Experiment,146,0.0431,90.46003,,,,1
05_001_800,Experiment,147,0.0433,90.43095,,,,1
05_001_800,Experiment,148,0.04346,90.39841,,,,1
05_001_800,Experiment,149,0.0437,90.36473,,,,1
05_001_800,Experiment,150,0.0439,90.34202,,,,1
05_001_800,Experiment,151,0.0441,90.3173,,,,1
05_001_800,Experiment,152,0.0443,90.27758,,,,1
05_001_800,Experiment,153,0.0446,90.24482,,,,1
05_001_800,Experiment,154,0.0448,90.20602,,,,1
05_001_800,Experiment,155,0.045,90.17388,,,,1
05_001_800,Experiment,156,0.0453,90.136,,,,1
05_001_800,Experiment,157,0.0455,90.07996,,,,1
05_001_800,Experiment,158,0.0457,90.01845,,,,1
05_001_800,Experiment,159,0.046,89.95436,,,,1
05_001_800,Experiment,160,0.0463,89.90038,,,,1
05_001_800,Experiment,161,0.0463,89.84411,,,,1
05_001_800,Experiment,162,0.0466,89.79881,,,,1
05_001_800,Experiment,163,0.047,89.73679,,,,1
05_001_800,Experiment,164,0.0472,89.67131,,,,1
05_001_800,Experiment,165,0.0475,89.60584,,,,1
05_001_800,Experiment,166,0.0477,89.54382,,,,1
05_001_800,Experiment,167,0.0479,89.49852,,,,1
05_001_800,Experiment,168,0.0482,89.45207,,,,1
05_001_800,Experiment,169,0.0484,89.40246,,,,1
05_001_800,Experiment,170,0.0485,89.35372,,,,1
05_001_800,Experiment,171,0.0488,89.29399,,,,1
05_001_800,Experiment,172,0.049,89.2464,,,,1
05_001_800,Experiment,173,0.0492,89.20892,,,,1
05_001_800,Experiment,174,0.0494,89.15443,,,,1
05_001_800,Experiment,175,0.0496,89.09677,,,,1
05_001_800,Experiment,176,0.0497,89.02412,,,,1
05_001_800,Experiment,177,0.0499,88.94973,,,,1
05_001_800,Experiment,178,0.0501,88.88691,,,,1
05_001_800,Experiment,179,0.0502,88.82379,,,,1
05_001_800,Experiment,180,0.0504,88.76441,,,,1
05_001_800,Experiment,181,0.0505,88.69693,,,,1
05_001_800,Experiment,182,0.0507,88.64445,,,,1
05_001_800,Experiment,183,0.0508,88.57926,,,,1
05_001_800,Experiment,184,0.0511,88.51465,,,,1
05_001_800,Experiment,185,0.0513,88.45407,,,,1
05_001_800,Experiment,186,0.0515,88.40095,,,,1
05_001_800,Experiment,187,0.0517,88.35876,,,,1
05_001_800,Experiment,188,0.0519,88.3249,,,,1
05_001_800,Experiment,189,0.0521,88.28093,,,,1
05_001_800,Experiment,190,0.0523,88.23954,,,,1
05_001_800,Experiment,191,0.0526,88.20361,,,,1
05_001_800,Experiment,192,0.0528,88.17602,,,,1
05_001_800,Experiment,193,0.0531,88.14377,,,,1
05_001_800,Experiment,194,0.0533,88.10313,,,,1
05_001_800,Experiment,195,0.0535,88.06565,,,,1
05_001_800,Experiment,196,0.0538,88.03306,,,,1
05_001_800,Experiment,197,0.0541,88.00708,,,,1
05_001_800,Experiment,198,0.0543,87.98943,,,,1
05_001_800,Experiment,199,0.0546,87.96598,,,,1
05_001_800,Experiment,200,0.0548,87.9477,,,,1
05_001_800,Experiment,201,0.055,87.93574,,,,1
05_001_800,Experiment,202,0.0552,87.93126,,,,1
05_001_800,Experiment,203,0.0555,87.91953,,,,1
05_001_800,Experiment,204,0.0557,87.9208,,,,1
05_001_800,Experiment,205,0.0559,87.92034,,,,1
05_001_800,Experiment,206,0.0561,87.9193,,,,1
05_001_800,Experiment,207,0.0564,87.91884,,,,1
05_001_800,Experiment,208,0.0565,87.92994,,,,1
05_001_800,Experiment,209,0.0567,87.92258,,,,1
05_001_800,Experiment,210,0.0568,87.90775,,,,1
05_001_800,Experiment,211,0.057,87.89642,,,,1
05_001_800,Experiment,212,0.0572,87.87447,,,,1
05_001_800,Experiment,213,0.0574,87.8436,,,,1
05_001_800,Experiment,214,0.0576,87.81537,,,,1
05_001_800,Experiment,215,0.0577,87.77623,,,,1
05_001_800,Experiment,216,0.0579,87.72846,,,,1
05_001_800,Experiment,217,0.0581,87.67437,,,,1
05_001_800,Experiment,218,0.05825,87.62608,,,,1
05_001_800,Experiment,219,0.0585,87.58044,,,,1
05_001_800,Experiment,220,0.0586,87.52503,,,,1
05_001_800,Experiment,221,0.0589,87.46329,,,,1
05_001_800,Experiment,222,0.059,87.39868,,,,1
05_001_800,Experiment,223,0.05918,87.3543,,,,1
05_001_800,Experiment,224,0.0594,87.30303,,,,1
05_001_800,Experiment,225,0.0597,87.23359,,,,1
05_001_800,Experiment,226,0.0599,87.16967,,,,1
05_001_800,Experiment,227,0.0602,87.1,,,,1
05_001_800,Experiment,228,0.0603,87.02918,,,,1
05_001_800,Experiment,229,0.0605,86.94595,,,,1
05_001_800,Experiment,230,0.0608,86.90347,,,,1
05_001_800,Experiment,231,0.0611,86.8446,,,,1
05_001_800,Experiment,232,0.0613,86.76965,,,,1
05_001_800,Experiment,233,0.0615,86.69854,,,,1
05_001_800,Experiment,234,0.0618,86.60703,,,,1
05_001_800,Experiment,235,0.0621,86.48672,,,,1
05_001_800,Experiment,236,0.0623,86.36416,,,,1
05_001_800,Experiment,237,0.0625,86.2408,,,,1
05_001_800,Experiment,238,0.0628,86.12848,,,,1
05_001_800,Experiment,239,0.063,85.9888,,,,1
05_001_800,Experiment,240,0.0633,85.844,,,,1
05_001_800,Experiment,241,0.0635,85.68138,,,,1
05_001_800,Experiment,242,0.0636,85.51014,,,,1
05_001_800,Experiment,243,0.0638,85.33947,,,,1
05_001_800,Experiment,244,0.064,85.14685,,,,1
05_001_800,Experiment,245,0.0642,84.95997,,,,1
05_001_800,Experiment,246,0.0643,84.78689,,,,1
05_001_800,Experiment,247,0.0644,84.65911,,,,1
05_001_800,Experiment,248,0.0646,84.54259,,,,1
05_001_800,Experiment,249,0.0648,84.43182,,,,1
05_001_800,Experiment,250,0.0649,84.34698,,,,1
05_001_800,Experiment,251,0.0651,84.21966,,,,1
05_001_800,Experiment,252,0.0652,84.10762,,,,1
05_001_800,Experiment,253,0.0653,83.98835,,,,1
05_001_800,Experiment,254,0.0655,83.84855,,,,1
05_001_800,Experiment,255,0.0657,83.71536,,,,1
05_001_800,Experiment,256,0.0658,83.59626,,,,1
05_001_800,Experiment,257,0.0659,83.49268,,,,1
05_001_800,Experiment,258,0.0661,83.39018,,,,1
05_001_800,Experiment,259,0.0663,83.27378,,,,1
05_001_800,Experiment,260,0.0665,83.15904,,,,1
05_001_800,Experiment,261,0.0666,83.03528,,,,1
05_001_800,Experiment,262,0.0668,82.92618,,,,1
05_001_800,Experiment,263,0.067,82.83576,,,,1
05_001_800,Experiment,264,0.0672,82.75822,,,,1
05_001_800,Experiment,265,0.0674,82.71286,,,,1
05_001_800,Experiment,266,0.0676,82.69332,,,,1
05_001_800,Experiment,267,0.0677,82.71832,,,,1
05_001_800,Experiment,268,0.0679,82.72729,,,,1
05_001_800,Experiment,269,0.0682,82.73442,,,,1
05_001_800,Experiment,270,0.0684,82.76483,,,,1
05_001_800,Experiment,271,0.0686,82.79225,,,,1
05_001_800,Experiment,272,0.0688,82.84065,,,,1
05_001_800,Experiment,273,0.069,82.89244,,,,1
05_001_800,Experiment,274,0.0693,82.94532,,,,1
05_001_800,Experiment,275,0.0695,83.01229,,,,1
05_001_800,Experiment,276,0.0698,83.08064,,,,1
05_001_800,Experiment,277,0.07,83.16278,,,,1
05_001_800,Experiment,278,0.0701,83.2394,,,,1
05_001_800,Experiment,279,0.0703,83.31632,,,,1
05_001_800,Experiment,280,0.0705,83.38949,,,,1
05_001_800,Experiment,281,0.0708,83.45111,,,,1
05_001_800,Experiment,282,0.071,83.51848,,,,1
05_001_800,Experiment,283,0.0713,83.587,,,,1
05_001_800,Experiment,284,0.0714,83.64225,,,,1
05_001_800,Experiment,285,0.0717,83.71076,,,,1
05_001_800,Experiment,286,0.0719,83.77813,,,,1
05_001_800,Experiment,287,0.0721,83.85562,,,,1
05_001_800,Experiment,288,0.0723,83.91954,,,,1
05_001_800,Experiment,289,0.07241,83.98116,,,,1
05_001_800,Experiment,290,0.07264,84.05175,,,,1
05_001_800,Experiment,291,0.07285,84.11745,,,,1
05_001_800,Experiment,292,0.07303,84.19011,,,,1
05_001_800,Experiment,293,0.0732,84.24661,,,,1
05_001_800,Experiment,294,0.0734,84.29881,,,,1
05_001_800,Experiment,295,0.0735,84.35853,,,,1
05_001_800,Experiment,296,0.0737,84.4125,,,,1
05_001_800,Experiment,297,0.0739,84.47315,,,,1
05_001_800,Experiment,298,0.0741,84.52776,,,,1
05_001_800,Experiment,299,0.0743,84.57346,,,,1
05_001_800,Experiment,300,0.0744,84.60737,,,,1
05_001_800,Experiment,301,0.0746,84.62663,,,,1
05_001_800,Experiment,302,0.0748,84.66008,,,,1
05_001_800,Experiment,303,0.075,84.67652,,,,1
05_001_800,Experiment,304,0.0752,84.68951,,,,1
05_001_800,Experiment,305,0.0754,84.71262,,,,1
05_001_800,Experiment,306,0.0756,84.73429,,,,1
05_001_800,Experiment,307,0.0758,84.7528,,,,1
05_001_800,Experiment,308,0.0761,84.77626,,,,1
05_001_800,Experiment,309,0.0763,84.8035,,,,1
05_001_800,Experiment,310,0.0766,84.82414,,,,1
05_001_800,Experiment,311,0.0768,84.83759,,,,1
05_001_800,Experiment,312,0.077,84.84328,,,,1
05_001_800,Experiment,313,0.0773,84.84064,,,,1
05_001_800,Experiment,314,0.0775,84.84495,,,,1
05_001_800,Experiment,315,0.0777,84.84639,,,,1
05_001_800,Experiment,316,0.0779,84.84495,,,,1
05_001_800,Experiment,317,0.0782,84.84064,,,,1
05_001_800,Experiment,318,0.0785,84.84328,,,,1
05_001_800,Experiment,319,0.0787,84.83759,,,,1
05_001_800,Experiment,320,0.0789,84.82414,,,,1
05_001_800,Experiment,321,0.0791,84.8035,,,,1
05_001_800,Experiment,322,0.0793,84.77626,,,,1
05_001_800,Experiment,323,0.0795,84.74297,,,,1
05_001_800,Experiment,324,0.0797,84.72992,,,,1
05_001_800,Experiment,325,0.0799,84.71314,,,,1
05_001_800,Experiment,326,0.0802,84.69434,,,,1
05_001_800,Experiment,327,0.0804,84.67526,,,,1
05_001_800,Experiment,328,0.0806,84.65761,,,,1
05_001_800,Experiment,329,0.0808,84.62726,,,,1
05_001_800,Experiment,330,0.081,84.59519,,,,1
05_001_800,Experiment,331,0.0812,84.56253,,,,1
05_001_800,Experiment,332,0.0814,84.53046,,,,1
05_001_800,Experiment,333,0.0815,84.50011,,,,1
05_001_800,Experiment,334,0.0818,84.47263,,,,1
05_001_800,Experiment,335,0.0819,84.44918,,,,1
05_001_800,Experiment,336,0.0822,84.4309,,,,1
05_001_800,Experiment,337,0.0824,84.41894,,,,1
05_001_800,Experiment,338,0.0826,84.41446,,,,1
05_001_800,Experiment,339,0.0828,84.40273,,,,1
05_001_800,Experiment,340,0.083,84.39417,,,,1
05_001_800,Experiment,341,0.0833,84.38934,,,,1
05_001_800,Experiment,342,0.0834,84.38882,,,,1
05_001_800,Experiment,343,0.0836,84.40302,,,,1
05_001_800,Experiment,344,0.0839,84.41722,,,,1
05_001_800,Experiment,345,0.0841,84.4167,,,,1
05_001_800,Experiment,346,0.0844,84.41187,,,,1
05_001_800,Experiment,347,0.0846,84.40331,,,,1
05_001_800,Experiment,348,0.0849,84.39158,,,,1
05_001_800,Experiment,349,0.0851,84.37727,,,,1
05_001_800,Experiment,350,0.0853,84.36094,,,,1
05_001_800,Experiment,351,0.0856,84.34318,,,,1
05_001_800,Experiment,352,0.0858,84.32456,,,,1
05_001_800,Experiment,353,0.086,84.30564,,,,1
05_001_800,Experiment,354,0.0862,84.28702,,,,1
05_001_800,Experiment,355,0.0864,84.26926,,,,1
05_001_800,Experiment,356,0.0866,84.25293,,,,1
05_001_800,Experiment,357,0.0869,84.23862,,,,1
05_001_800,Experiment,358,0.0872,84.22689,,,,1
05_001_800,Experiment,359,0.0874,84.21833,,,,1
05_001_800,Experiment,360,0.0876,84.2135,,,,1
05_001_800,Experiment,361,0.0877,84.21298,,,,1
05_001_800,Experiment,362,0.088,84.21735,,,,1
05_001_800,Experiment,363,0.0882,84.22718,,,,1
05_001_800,Experiment,364,0.0884,84.22718,,,,1
05_001_800,Experiment,365,0.0886,84.22718,,,,1
05_001_800,Experiment,366,0.0888,84.22718,,,,1
05_001_800,Experiment,367,0.089,84.22718,,,,1
05_001_800,Experiment,368,0.0893,84.22718,,,,1
05_001_800,Experiment,369,0.0894,84.22718,,,,1
05_001_800,Experiment,370,0.0896,84.22718,,,,1
05_001_800,Experiment,371,0.0898,84.21735,,,,1
05_001_800,Experiment,372,0.09,84.21298,,,,1
05_001_800,Experiment,373,0.0902,84.2135,,,,1
05_001_800,Experiment,374,0.0904,84.22816,,,,1
05_001_800,Experiment,375,0.0906,84.24109,,,,1
05_001_800,Experiment,376,0.0908,84.24247,,,,1
05_001_800,Experiment,377,0.091,84.24759,,,,1
05_001_800,Experiment,378,0.0912,84.25586,,,,1
05_001_800,Experiment,379,0.0915,84.26673,,,,1
05_001_800,Experiment,380,0.0917,84.2796,,,,1
05_001_800,Experiment,381,0.0919,84.29392,,,,1
05_001_800,Experiment,382,0.0922,84.29926,,,,1
05_001_800,Experiment,383,0.0925,84.31036,,,,1
05_001_800,Experiment,384,0.0927,84.32605,,,,1
05_001_800,Experiment,385,0.093,84.34519,,,,1
05_001_800,Experiment,386,0.0932,84.36663,,,,1
05_001_800,Experiment,387,0.0935,84.37939,,,,1
05_001_800,Experiment,388,0.0937,84.39762,,,,1
05_001_800,Experiment,389,0.0941,84.40975,,,,1
05_001_800,Experiment,390,0.0943,84.42935,,,,1
05_001_800,Experiment,391,0.0945,84.44429,,,,1
05_001_800,Experiment,392,0.0948,84.47361,,,,1
05_001_800,Experiment,393,0.0951,84.52046,,,,1
05_001_800,Experiment,394,0.0953,84.57213,,,,1
05_001_800,Experiment,395,0.0955,84.62519,,,,1
05_001_800,Experiment,396,0.0958,84.6756,,,,1
05_001_800,Experiment,397,0.096,84.74067,,,,1
05_001_800,Experiment,398,0.0962,84.82184,,,,1
05_001_800,Experiment,399,0.0965,84.89484,,,,1
05_001_800,Experiment,400,0.0966,84.98567,,,,1
05_001_800,Experiment,401,0.0969,85.08856,,,,1
05_001_800,Experiment,402,0.0971,85.18795,,,,1
05_001_800,Experiment,403,0.0973,85.30924,,,,1
05_001_800,Experiment,404,0.0975,85.41719,,,,1
05_001_800,Experiment,405,0.0978,85.53664,,,,1
05_001_800,Experiment,406,0.0981,85.66069,,,,1
05_001_800,Experiment,407,0.0983,85.77261,,,,1
05_001_800,Experiment,408,0.0985,85.89665,,,,1
05_001_800,Experiment,409,0.0988,86.0161,,,,1
05_001_800,Experiment,410,0.0991,86.13992,,,,1
05_001_800,Experiment,411,0.0994,86.25196,,,,1
05_001_800,Experiment,412,0.0997,86.33226,,,,1
05_001_800,Experiment,413,0.1,86.41716,,,,1
05_001_800,Experiment,414,0.1,86.50522,,,,1
05_001_800,Experiment,415,0.101,86.60484,,,,1
05_001_800,Experiment,416,0.101,86.69929,,,,1
05_001_800,Experiment,417,0.101,86.7877,,,,1
05_001_800,Experiment,418,0.101,86.88507,,,,1
05_001_800,Experiment,419,0.102,86.97526,,,,1
05_001_800,Experiment,420,0.102,87.08367,,,,1
05_001_800,Experiment,421,0.102,87.18548,,,,1
05_001_800,Experiment,422,0.102,87.27549,,,,1
05_001_800,Experiment,423,0.103,87.36442,,,,1
05_001_800,Experiment,424,0.103,87.43783,,,,1
05_001_800,Experiment,425,0.103,87.52284,,,,1
05_001_800,Experiment,426,0.104,87.59636,,,,1
05_001_800,Experiment,427,0.104,87.66477,,,,1
05_001_800,Experiment,428,0.104,87.72518,,,,1
05_001_800,Experiment,429,0.104,87.77531,,,,1
05_001_800,Experiment,430,0.105,87.79755,,,,1
05_001_800,Experiment,431,0.105,87.7902,,,,1
05_001_800,Experiment,432,0.105,87.76134,,,,1
05_001_800,Experiment,433,0.105,87.76122,,,,1
05_001_800,Experiment,434,0.106,87.75605,,,,1
05_001_800,Experiment,435,0.106,87.723,,,,1
05_001_800,Experiment,436,0.106,87.66494,,,,1
05_001_800,Experiment,437,0.106,87.60441,,,,1
05_001_800,Experiment,438,0.107,87.5394,,,,1
05_001_800,Experiment,439,0.107,87.60665,,,,1
05_001_800,Experiment,440,0.107,87.5667,,,,1
05_001_800,Experiment,441,0.108,87.43392,,,,1
05_001_800,Experiment,442,0.108,87.22267,,,,1
05_001_800,Experiment,443,0.108,86.95715,,,,1
05_001_800,Experiment,444,0.108,86.63646,,,,1
05_001_800,Experiment,445,0.109,86.27552,,,,1
05_001_800,Experiment,446,0.109,85.89913,,,,1
05_001_800,Experiment,447,0.109,85.50692,,,,1
05_001_800,Experiment,448,0.11,85.1084,,,,1
05_001_800,Experiment,449,0.11,84.72286,,,,1
05_001_800,Experiment,450,0.11,84.33468,,,,1
05_001_800,Experiment,451,0.11,83.9692,,,,1
05_001_800,Experiment,452,0.111,83.64196,,,,1
05_001_800,Experiment,453,0.111,83.36242,,,,1
05_001_800,Experiment,454,0.111,83.10834,,,,1
05_001_800,Experiment,455,0.111,82.90773,,,,1
05_001_800,Experiment,456,0.112,82.77874,,,,1
05_001_800,Experiment,457,0.112,82.72045,,,,1
05_001_800,Experiment,458,0.112,82.72591,,,,1
05_001_800,Experiment,459,0.112,82.79742,,,,1
05_001_800,Experiment,460,0.112,82.70476,,,,1
05_001_800,Experiment,461,0.113,82.61962,,,,1
05_001_800,Experiment,462,0.113,82.53133,,,,1
05_001_800,Experiment,463,0.113,82.44505,,,,1
05_001_800,Experiment,464,0.113,82.35009,,,,1
05_001_800,Experiment,465,0.113,82.26087,,,,1
05_001_800,Experiment,466,0.114,82.18201,,,,1
05_001_800,Experiment,467,0.114,82.11205,,,,1
05_001_800,Experiment,468,0.114,82.04957,,,,1
05_001_800,Experiment,469,0.114,81.98329,,,,1
05_001_800,Experiment,470,0.114,81.91121,,,,1
05_001_800,Experiment,471,0.115,81.8466,,,,1
05_001_800,Experiment,472,0.115,81.79291,,,,1
05_001_800,Experiment,473,0.115,81.75359,,,,1
05_001_800,Experiment,474,0.115,81.71622,,,,1
05_001_800,Experiment,475,0.116,81.69352,,,,1
05_001_800,Experiment,476,0.116,81.67248,,,,1
05_001_800,Experiment,477,0.116,81.63954,,,,1
05_001_800,Experiment,478,0.116,81.62155,,,,1
05_001_800,Experiment,479,0.117,81.60379,,,,1
05_001_800,Experiment,480,0.117,81.59666,,,,1
05_001_800,Experiment,481,0.117,81.60074,,,,1
05_001_800,Experiment,482,0.117,81.60074,,,,1
05_001_800,Experiment,483,0.118,81.60649,,,,1
05_001_800,Experiment,484,0.118,81.61799,,,,1
05_001_800,Experiment,485,0.118,81.63523,,,,1
05_001_800,Experiment,486,0.118,81.65822,,,,1
05_001_800,Experiment,487,0.118,81.68697,,,,1
05_001_800,Experiment,488,0.119,81.70559,,,,1
05_001_800,Experiment,489,0.119,81.71352,,,,1
05_001_800,Experiment,490,0.119,81.72548,,,,1
05_001_800,Experiment,491,0.12,81.74031,,,,1
05_001_800,Experiment,492,0.12,81.75687,,,,1
05_001_800,Experiment,493,0.12,81.77399,,,,1
05_001_800,Experiment,494,0.12,81.79055,,,,1
05_001_800,Experiment,495,0.12,81.80538,,,,1
05_001_800,Experiment,496,0.121,81.81734,,,,1
05_001_800,Experiment,497,0.121,81.8351,,,,1
05_001_800,Experiment,498,0.121,81.85809,,,,1
05_001_800,Experiment,499,0.121,81.87649,,,,1
05_001_800,Experiment,500,0.122,81.89028,,,,1
05_001_800,Experiment,501,0.122,81.90931,,,,1
05_001_800,Experiment,502,0.122,81.91828,,,,1
05_001_800,Experiment,503,0.122,81.91776,,,,1
05_001_800,Experiment,504,0.122,81.91816,,,,1
05_001_800,Experiment,505,0.123,81.90477,,,,1
05_001_800,Experiment,506,0.123,81.87873,,,,1
05_001_800,Experiment,507,0.123,81.85102,,,,1
05_001_800,Experiment,508,0.124,81.80751,,,,1
05_001_800,Experiment,509,0.124,81.74991,,,,1
05_001_800,Experiment,510,0.124,81.70565,,,,1
05_001_800,Experiment,511,0.124,81.6519,,,,1
05_001_800,Experiment,512,0.125,81.60137,,,,1
05_001_800,Experiment,513,0.125,81.55148,,,,1
05_001_800,Experiment,514,0.125,81.49037,,,,1
05_001_800,Experiment,515,0.125,81.42209,,,,1
05_001_800,Experiment,516,0.126,81.35063,,,,1
05_001_800,Experiment,517,0.126,81.28004,,,,1
05_001_800,Experiment,518,0.126,81.21814,,,,1
05_001_800,Experiment,519,0.126,81.15743,,,,1
05_001_800,Experiment,520,0.127,81.08725,,,,1
05_001_800,Experiment,521,0.127,81.02258,,,,1
05_001_800,Experiment,522,0.127,80.93745,,,,1
05_001_800,Experiment,523,0.127,80.86651,,,,1
05_001_800,Experiment,524,0.128,80.78437,,,,1
05_001_800,Experiment,525,0.128,80.68148,,,,1
05_001_800,Experiment,526,0.128,80.58324,,,,1
05_001_800,Experiment,527,0.128,80.48011,,,,1
05_001_800,Experiment,528,0.128,80.37239,,,,1
05_001_800,Experiment,529,0.129,80.26036,,,,1
05_001_800,Experiment,530,0.129,80.15033,,,,1
05_001_800,Experiment,531,0.129,80.04261,,,,1
05_001_800,Experiment,532,0.129,79.93748,,,,1
05_001_800,Experiment,533,0.129,79.82538,,,,1
05_001_800,Experiment,534,0.13,79.71588,,,,1
05_001_800,Experiment,535,0.13,79.61851,,,,1
05_001_800,Experiment,536,0.13,79.52372,,,,1
05_001_800,Experiment,537,0.13,79.43784,,,,1
05_001_800,Experiment,538,0.13,79.37702,,,,1
05_001_800,Experiment,539,0.13,79.30057,,,,1
05_001_800,Experiment,540,0.131,79.21803,,,,1
05_001_800,Experiment,541,0.131,79.15422,,,,1
05_001_800,Experiment,542,0.131,79.08318,,,,1
05_001_800,Experiment,543,0.131,79.01989,,,,1
05_001_800,Experiment,544,0.132,78.94763,,,,1
05_001_800,Experiment,545,0.132,78.8748,,,,1
05_001_800,Experiment,546,0.132,78.80599,,,,1
05_001_800,Experiment,547,0.132,78.72994,,,,1
05_001_800,Experiment,548,0.133,78.6605,,,,1
05_001_800,Experiment,549,0.133,78.58583,,,,1
05_001_800,Experiment,550,0.133,78.52904,,,,1
05_001_800,Experiment,551,0.133,78.47828,,,,1
05_001_800,Experiment,552,0.134,78.42172,,,,1
05_001_800,Experiment,553,0.134,78.37263,,,,1
05_001_800,Experiment,554,0.134,78.33446,,,,1
05_001_800,Experiment,555,0.134,78.2948,,,,1
05_001_800,Experiment,556,0.135,78.26031,,,,1
05_001_800,Experiment,557,0.135,78.22783,,,,1
05_001_800,Experiment,558,0.135,78.20024,,,,1
05_001_800,Experiment,559,0.135,78.17437,,,,1
05_001_800,Experiment,560,0.135,78.14707,,,,1
05_001_800,Experiment,561,0.136,78.1212,,,,1
05_001_800,Experiment,562,0.136,78.08378,,,,1
05_001_800,Experiment,563,0.136,78.04693,,,,1
05_001_800,Experiment,564,0.136,78.01296,,,,1
05_001_800,Experiment,565,0.137,77.9683,,,,1
05_001_800,Experiment,566,0.137,77.93432,,,,1
05_001_800,Experiment,567,0.137,77.89748,,,,1
05_001_800,Experiment,568,0.137,77.86989,,,,1
05_001_800,Experiment,569,0.137,77.83856,,,,1
05_001_800,Experiment,570,0.137,77.80637,,,,1
05_001_800,Experiment,571,0.138,77.77015,,,,1
05_001_800,Experiment,572,0.138,77.72675,,,,1
05_001_800,Experiment,573,0.138,77.67904,,,,1
05_001_800,Experiment,574,0.138,77.64186,,,,1
05_001_800,Experiment,575,0.138,77.60255,,,,1
05_001_800,Experiment,576,0.138,77.56035,,,,1
05_001_800,Experiment,577,0.139,77.5145,,,,1
05_001_800,Experiment,578,0.139,77.46424,,,,1
05_001_800,Experiment,579,0.139,77.4088,,,,1
05_001_800,Experiment,580,0.139,77.34742,,,,1
05_001_800,Experiment,581,0.14,77.27932,,,,1
05_001_800,Experiment,582,0.14,77.20376,,,,1
05_001_800,Experiment,583,0.14,77.11996,,,,1
05_001_800,20x20x20,1,0.0,0.0,0.0,0.0,7.0877114806417705,1
05_001_800,20x20x20,2,0.0059820717293904,101.57248253395235,102.22046632073254,0.6479837867801876,7.0877114806417705,1
05_001_800,20x20x20,3,0.011928570968345,104.12859391332056,102.24670200529268,1.8818919080278818,7.0877114806417705,1
05_001_800,20x20x20,4,0.0178399173671714,104.71899096338296,98.658161182304,6.060829781078965,7.0877114806417705,1
05_001_800,20x20x20,5,0.0237165268210428,104.2787890837444,96.09785602301284,8.180933060731562,7.0877114806417705,1
05_001_800,20x20x20,6,0.0295588015905227,103.47243164955616,93.51189692135542,9.960534728200741,7.0877114806417705,1
05_001_800,20x20x20,7,0.0353671423414218,102.45918420342387,91.72368954072252,10.735494662701356,7.0877114806417705,1
05_001_800,20x20x20,8,0.0411419427877547,101.30825755908276,90.73435308703266,10.573904472050103,7.0877114806417705,1
05_001_800,20x20x20,9,0.046883586296973,100.05502396561542,89.75483994465434,10.300184020961083,7.0877114806417705,1
05_001_800,20x20x20,10,0.0525924514481166,98.71884215694884,88.20451406489724,10.5143280920516,7.0877114806417705,1
05_001_800,20x20x20,11,0.0582689068587828,97.31576678361506,87.62262836386061,9.693138419754447,7.0877114806417705,1
05_001_800,20x20x20,12,0.063913325408167,95.85546624591801,85.23032629939438,10.625139946523632,7.0877114806417705,1
05_001_800,20x20x20,13,0.0695260597573401,94.34816964908897,83.01822728138065,11.329942367708327,7.0877114806417705,1
05_001_800,20x20x20,14,0.0751074739796861,92.80474478271144,84.68350043498062,8.121244347730823,7.0877114806417705,1
05_001_800,20x20x20,15,0.0806579019727236,91.23675478749465,84.6488233756392,6.58793141185545,7.0877114806417705,1
05_001_800,20x20x20,16,0.0861776995220419,89.65204291194526,84.2890961744979,5.362946737447359,7.0877114806417705,1
05_001_800,20x20x20,17,0.0916671892871969,88.05704273061849,84.27748863063113,3.779554099987365,7.0877114806417705,1
05_001_800,20x20x20,18,0.0971267089999163,86.46425564868694,85.20414767299924,1.2601079756877027,7.0877114806417705,1
05_001_800,20x20x20,19,0.1025565908534479,84.88767645363993,87.32498762459713,2.4373111709572015,7.0877114806417705,1
05_001_800,20x20x20,20,0.1079571415585973,83.32773035113814,87.43961074384946,4.1118803927113134,7.0877114806417705,1
05_001_800,20x20x20,21,0.1133286829121737,81.79069316350022,82.23495006554599,0.4442569020457654,7.0877114806417705,1
05_001_800,20x20x20,22,0.1186715315172836,80.2810631480287,81.69947391685182,1.4184107688231222,7.0877114806417705,1
05_001_800,20x20x20,23,0.1239859791491398,78.8061984670519,81.80812004722092,3.001921580169025,7.0877114806417705,1
05_001_800,20x20x20,24,0.1292723326662926,77.3671041045702,79.79555957304096,2.4284554684707587,7.0877114806417705,1
05_001_800,20x20x20,25,0.134530887539002,75.96330329932243,78.27648968877982,2.3131863894573854,7.0877114806417705,1
05_001_800,20x20x20,26,0.1397619475581712,74.59473915615672,77.29553137128855,2.700792215131827,7.0877114806417705,1
05_001_800,40x40x40,1,0.0,0.0,0.0,0.0,6.805429542738588,1
05_001_800,40x40x40,2,0.0059820717293904,100.4286748,102.22046632073254,1.791791520732545,6.805429542738588,1
05_001_800,40x40x40,3,0.011928570968345,102.6411187,102.24670200529268,0.3944166947073313,6.805429542738588,1
05_001_800,40x40x40,4,0.0178399173671714,102.4779689,98.658161182304,3.819807717695994,6.805429542738588,1
05_001_800,40x40x40,5,0.0237165268210428,102.1983203,96.09785602301284,6.100464276987168,6.805429542738588,1
05_001_800,40x40x40,6,0.0295588015905227,101.0869026,93.51189692135542,7.575005678644587,6.805429542738588,1
05_001_800,40x40x40,7,0.0353671423414218,99.74668325,91.72368954072252,8.022993709277486,6.805429542738588,1
05_001_800,40x40x40,8,0.0411419427877547,98.25873889,90.73435308703266,7.524385802967345,6.805429542738588,1
05_001_800,40x40x40,9,0.046883586296973,96.65718748,89.75483994465434,6.902347535345669,6.805429542738588,1
05_001_800,40x40x40,10,0.0525924514481166,94.96882013,88.20451406489724,6.764306065102758,6.805429542738588,1
05_001_800,40x40x40,11,0.0582689068587828,93.21981929,87.62262836386061,5.59719092613939,6.805429542738588,1
05_001_800,40x40x40,12,0.063913325408167,91.42892142,85.23032629939438,6.198595120605617,6.805429542738588,1
05_001_800,40x40x40,13,0.0695260597573401,89.61549315,83.01822728138065,6.59726586861936,6.805429542738588,1
05_001_800,40x40x40,14,0.0751074739796861,87.80327778,84.68350043498062,3.1197773450193864,6.805429542738588,1
05_001_800,40x40x40,15,0.0806579019727236,86.00410108,84.6488233756392,1.3552777043608017,6.805429542738588,1
05_001_800,40x40x40,16,0.0861776995220419,84.22351075,84.2890961744979,0.06558542449789684,6.805429542738588,1
05_001_800,40x40x40,17,0.0916671892871969,82.46640753,84.27748863063113,1.811081100631128,6.805429542738588,1
05_001_800,40x40x40,18,0.0971267089999163,80.74285094,85.20414767299924,4.461296732999244,6.805429542738588,1
05_001_800,40x40x40,19,0.1025565908534479,79.06149185,87.32498762459713,8.263495774597132,6.805429542738588,1
05_001_800,40x40x40,20,0.1079571415585973,77.42223933,87.43961074384946,10.01737141384946,6.805429542738588,1
05_001_800,40x40x40,21,0.1133286829121737,75.83197949,82.23495006554599,6.402970575545993,6.805429542738588,1
05_001_800,40x40x40,22,0.1186715315172836,74.29225974,81.69947391685182,7.407214176851809,6.805429542738588,1
05_001_800,40x40x40,23,0.1239859791491398,72.8048267,81.80812004722092,9.003293347220918,6.805429542738588,1
05_001_800,40x40x40,24,0.1292723326662926,71.36457348,79.79555957304096,8.430986093040957,6.805429542738588,1
05_001_800,40x40x40,25,0.134530887539002,69.96763513,78.27648968877982,8.308854558779814,6.805429542738588,1
05_001_800,40x40x40,26,0.1397619475581712,68.6124088,77.29553137128855,8.68312257128855,6.805429542738588,1
06_01_20,Experiment,1,0.0,0.0,,,,1
06_01_20,Experiment,2,0.00499,373.10236,,,,1
06_01_20,Experiment,3,0.00995,779.05851,,,,1
06_01_20,Experiment,4,0.01489,1089.68396,,,,1
06_01_20,Experiment,5,0.0198,1092.78586,,,,1
06_01_20,Experiment,6,0.02469,1097.22394,,,,1
06_01_20,Experiment,7,0.02955,1099.92263,,,,1
06_01_20,Experiment,8,0.0344,1103.29206,,,,1
06_01_20,Experiment,9,0.03922,1106.51007,,,,1
06_01_20,Experiment,10,0.04402,1109.62004,,,,1
06_01_20,Experiment,11,0.04879,1112.7915,,,,1
06_01_20,Experiment,12,0.05355,1115.91461,,,,1
06_01_20,Experiment,13,0.05829,1119.00353,,,,1
06_01_20,Experiment,14,0.06299,1122.06139,,,,1
06_01_20,Experiment,15,0.06768,1125.08286,,,,1
06_01_20,Experiment,16,0.07234,1128.09479,,,,1
06_01_20,Experiment,17,0.07698,1131.06036,,,,1
06_01_20,Experiment,18,0.08159,1133.98543,,,,1
06_01_20,Experiment,19,0.0862,1136.88003,,,,1
06_01_20,Experiment,20,0.09077,1139.72698,,,,1
06_01_20,Experiment,21,0.09533,1142.20112,,,,1
06_01_20,Experiment,22,0.09987,1145.29114,,,,1
06_01_20,Experiment,23,0.10438,1148.00011,,,,1
06_01_20,Experiment,24,0.10885,1150.64882,,,,1
06_01_20,Experiment,25,0.11333,1153.24903,,,,1
06_01_20,Experiment,26,0.11779,1155.7891,,,,1
06_01_20,20x20x20,1,0.0,0.0,0.0,0.0,3.65070167721818,1
06_01_20,20x20x20,2,0.0059820717293904,451.28445290425526,454.299460763542,3.0150078592867544,3.65070167721818,1
06_01_20,20x20x20,3,0.011928570968345,836.323186853779,903.4703515787655,67.14716472498651,3.65070167721818,1
06_01_20,20x20x20,4,0.0178399173671714,974.2967696441469,1091.5475748026943,117.25080515854734,3.65070167721818,1
06_01_20,20x20x20,5,0.0237165268210428,1023.3678127084876,1096.340432465017,72.97261975652953,3.65070167721818,1
06_01_20,20x20x20,6,0.0295588015905227,1053.6572460181478,1099.9287447099289,46.27149869178106,3.65070167721818,1
06_01_20,20x20x20,7,0.0353671423414218,1076.1566331558352,1103.9377599431782,27.781126787343055,3.65070167721818,1
06_01_20,20x20x20,8,0.0411419427877547,1094.081301407407,1107.7553167524236,13.674015345016642,3.65070167721818,1
06_01_20,20x20x20,9,0.046883586296973,1108.970905714944,1111.5239706912785,2.5530649763345536,3.65070167721818,1
06_01_20,20x20x20,10,0.0525924514481166,1121.6543984632744,1115.2863475088504,6.368050954424007,3.65070167721818,1
06_01_20,20x20x20,11,0.0582689068587828,1132.6090928053122,1118.9897842139728,13.619308591339404,3.65070167721818,1
06_01_20,20x20x20,12,0.063913325408167,1142.1513336011994,1122.6562300897685,19.495103511430898,3.65070167721818,1
06_01_20,20x20x20,13,0.0695260597573401,1150.549383392201,1126.2760365589968,24.273346833204187,3.65070167721818,1
06_01_20,20x20x20,14,0.0751074739796861,1157.982811787324,1129.8635697004177,28.119242086906297,3.65070167721818,1
06_01_20,20x20x20,15,0.0806579019727236,1164.6236897012504,1133.3940087469316,31.229680954318837,3.65070167721818,1
06_01_20,20x20x20,16,0.0861776995220419,1170.5733839675922,1136.866027621801,33.70735634579114,3.65070167721818,1
06_01_20,20x20x20,17,0.0916671892871969,1175.9132782390589,1140.2137720839967,35.69950615506218,3.65070167721818,1
06_01_20,20x20x20,18,0.0971267089999163,1180.689012849034,1143.4239981374276,37.265014711606455,3.65070167721818,1
06_01_20,20x20x20,19,0.1025565908534479,1184.9813867851171,1146.9048637304356,38.0765230546815,3.65070167721818,1
06_01_20,20x20x20,20,0.1079571415585973,1188.859793764782,1150.1197544334836,38.74003933129825,3.65070167721818,1
06_01_20,20x20x20,21,0.1133286829121737,1192.3268135508306,1153.2482655569338,39.07854799389679,3.65070167721818,1
06_01_20,40x40x40,1,0.0,0.0,0.0,0.0,2.6368526711169107,1
06_01_20,40x40x40,2,0.0059820717293904,450.79462349749167,454.299460763542,3.5048372660503446,2.6368526711169107,1
06_01_20,40x40x40,3,0.011928570968345,835.1323697149844,903.4703515787655,68.33798186378112,2.6368526711169107,1
06_01_20,40x40x40,4,0.0178399173671714,969.6527038517834,1091.5475748026943,121.8948709509109,2.6368526711169107,1
06_01_20,40x40x40,5,0.0237165268210428,1017.0126877071928,1096.340432465017,79.32774475782435,2.6368526711169107,1
06_01_20,40x40x40,6,0.0295588015905227,1050.3005675535364,1099.9287447099289,49.62817715639244,2.6368526711169107,1
06_01_20,40x40x40,7,0.0353671423414218,1071.3478074794348,1103.9377599431782,32.58995246374343,2.6368526711169107,1
06_01_20,40x40x40,8,0.0411419427877547,1082.936276999401,1107.7553167524236,24.819039753022707,2.6368526711169107,1
06_01_20,40x40x40,9,0.046883586296973,1096.1125648895122,1111.5239706912785,15.41140580176625,2.6368526711169107,1
06_01_20,40x40x40,10,0.0525924514481166,1107.0462312075329,1115.2863475088504,8.240116301317585,2.6368526711169107,1
06_01_20,40x40x40,11,0.0582689068587828,1116.2259336463526,1118.9897842139728,2.7638505676202385,2.6368526711169107,1
06_01_20,40x40x40,12,0.063913325408167,1123.968434193237,1122.6562300897685,1.3122041034685026,2.6368526711169107,1
06_01_20,40x40x40,13,0.0695260597573401,1130.5123268095083,1126.2760365589968,4.236290250511502,2.6368526711169107,1
06_01_20,40x40x40,14,0.0751074739796861,1136.0368530143269,1129.8635697004177,6.173283313909224,2.6368526711169107,1
06_01_20,40x40x40,15,0.0806579019727236,1140.7123064254502,1133.3940087469316,7.318297678518547,2.6368526711169107,1
06_01_20,40x40x40,16,0.0861776995220419,1145.241528415729,1136.866027621801,8.375500793927813,2.6368526711169107,1
06_01_20,40x40x40,17,0.0916671892871969,1148.3812284134092,1140.2137720839967,8.167456329412516,2.6368526711169107,1
06_01_20,40x40x40,18,0.0971267089999163,1150.4006935655198,1143.4239981374276,6.976695428092171,2.6368526711169107,1
06_01_20,40x40x40,19,0.1025565908534479,1152.5105756678631,1146.9048637304356,5.605711937427486,2.6368526711169107,1
06_01_20,40x40x40,20,0.1079571415585973,1154.0804744269835,1150.1197544334836,3.960719993499879,2.6368526711169107,1
06_01_20,40x40x40,21,0.1133286829121737,1154.990016765246,1153.2482655569338,1.7417512083122801,2.6368526711169107,1
06_01_20,40x40x40,22,0.1133286829121737,1169.3866378245184,1153.2482655569338,16.1383722675846,2.6368526711169107,1
07_01_500,Experiment,1,0.0,0.0,,,,1
07_01_500,Experiment,2,0.0009375,19.8691337430517,,,,1
07_01_500,Experiment,3,0.00104,38.1787864857779,,,,1
07_01_500,Experiment,4,0.00123,59.9088958810048,,,,1
07_01_500,Experiment,5,0.00148,83.8481469238289,,,,1
07_01_500,Experiment,6,0.0017,108.785224609347,,,,1
07_01_500,Experiment,7,0.00198,129.352228218369,,,,1
07_01_500,Experiment,8,0.00221,150.803642745992,,,,1
07_01_500,Experiment,9,0.00243,171.685077999343,,,,1
07_01_500,Experiment,10,0.00258,191.346553909771,,,,1
07_01_500,Experiment,11,0.00278,212.281708980055,,,,1
07_01_500,Experiment,12,0.00293,237.847765537753,,,,1
07_01_500,Experiment,13,0.00316,258.640092370051,,,,1
07_01_500,Experiment,14,0.00351,281.133075282767,,,,1
07_01_500,Experiment,15,0.00385,306.773446547886,,,,1
07_01_500,Experiment,16,0.00416,332.115049865964,,,,1
07_01_500,Experiment,17,0.00436,349.664266266748,,,,1
07_01_500,Experiment,18,0.0045,373.968826629611,,,,1
07_01_500,Experiment,19,0.00466,399.178972510618,,,,1
07_01_500,Experiment,20,0.00485,422.401181055894,,,,1
07_01_500,Experiment,21,0.00516,450.990709637129,,,,1
07_01_500,Experiment,22,0.00565,479.139918032029,,,,1
07_01_500,Experiment,23,0.0062,505.039025831963,,,,1
07_01_500,Experiment,24,0.00685,534.067480974166,,,,1
07_01_500,Experiment,25,0.00774,561.09042147106,,,,1
07_01_500,Experiment,26,0.00884,584.861724341279,,,,1
07_01_500,Experiment,27,0.01005,604.135266603456,,,,1
07_01_500,Experiment,28,0.01133,623.391696985934,,,,1
07_01_500,Experiment,29,0.01273,638.999098502769,,,,1
07_01_500,Experiment,30,0.01435,649.89699040862,,,,1
07_01_500,Experiment,31,0.01601,662.358220980703,,,,1
07_01_500,Experiment,32,0.0177,671.044534210516,,,,1
07_01_500,Experiment,33,0.01953,675.409156139251,,,,1
07_01_500,Experiment,34,0.02161,682.389417469751,,,,1
07_01_500,Experiment,35,0.02368,686.46960003268,,,,1
07_01_500,Experiment,36,0.02568,687.163553484789,,,,1
07_01_500,Experiment,37,0.02785,683.677598041833,,,,1
07_01_500,Experiment,38,0.03013,685.626954671451,,,,1
07_01_500,Experiment,39,0.03231,686.894076747293,,,,1
07_01_500,Experiment,40,0.03446,687.085404226861,,,,1
07_01_500,Experiment,41,0.03664,688.449293233072,,,,1
07_01_500,Experiment,42,0.03888,689.630150039218,,,,1
07_01_500,Experiment,43,0.041,690.522331104926,,,,1
07_01_500,Experiment,44,0.04313,691.621969957492,,,,1
07_01_500,Experiment,45,0.04539,692.496518846018,,,,1
07_01_500,Experiment,46,0.04758,693.070560640722,,,,1
07_01_500,Experiment,47,0.04976,693.268678211824,,,,1
07_01_500,Experiment,48,0.05199,693.015454429542,,,,1
07_01_500,Experiment,49,0.05428,693.82062163778,,,,1
07_01_500,Experiment,50,0.05656,694.684092180441,,,,1
07_01_500,Experiment,51,0.05875,695.587881879689,,,,1
07_01_500,Experiment,52,0.06096,695.9882366198,,,,1
07_01_500,Experiment,53,0.06326,696.685036570764,,,,1
07_01_500,Experiment,54,0.06553,697.229259646933,,,,1
07_01_500,Experiment,55,0.06765,697.954481588744,,,,1
07_01_500,Experiment,56,0.06993,698.565995962723,,,,1
07_01_500,Experiment,57,0.07216,699.009270470732,,,,1
07_01_500,Experiment,58,0.07443,699.91461904216,,,,1
07_01_500,Experiment,59,0.07658,700.64476846354,,,,1
07_01_500,Experiment,60,0.07879,701.174193007508,,,,1
07_01_500,Experiment,61,0.08105,701.861643939185,,,,1
07_01_500,Experiment,62,0.08326,702.477274759715,,,,1
07_01_500,Experiment,63,0.08543,702.978619342912,,,,1
07_01_500,Experiment,64,0.08768,703.371249457328,,,,1
07_01_500,Experiment,65,0.08998,703.645301281454,,,,1
07_01_500,Experiment,66,0.0922,703.775481366449,,,,1
07_01_500,Experiment,67,0.0944,703.752507692046,,,,1
07_01_500,Experiment,68,0.09674,704.211914697603,,,,1
07_01_500,Experiment,69,0.09904,704.141372536766,,,,1
07_01_500,Experiment,70,0.10123,703.569307754158,,,,1
07_01_500,Experiment,71,0.10353,702.5241468944,,,,1
07_01_500,Experiment,72,0.10594,701.649372030065,,,,1
07_01_500,Experiment,73,0.10824,700.865267790117,,,,1
07_01_500,Experiment,74,0.11051,699.741205720813,,,,1
07_01_500,Experiment,75,0.1129,699.126268486423,,,,1
07_01_500,Experiment,76,0.1154,697.702626044448,,,,1
07_01_500,Experiment,77,0.11775,696.113070073107,,,,1
07_01_500,Experiment,78,0.12015,694.196408576893,,,,1
07_01_500,Experiment,79,0.12265,691.916915685326,,,,1
07_01_500,Experiment,80,0.12505,689.238865527917,,,,1
07_01_500,Experiment,81,0.12739,686.126532234176,,,,1
07_01_500,Experiment,82,0.12988,682.544189933612,,,,1
07_01_500,Experiment,83,0.13234,678.456112755737,,,,1
07_01_500,Experiment,84,0.13471,673.826574830059,,,,1
07_01_500,Experiment,85,0.13711,668.619850286091,,,,1
07_01_500,Experiment,86,0.13968,662.800213253341,,,,1
07_01_500,20x20x20,1,0.0,0.0,0.0,0.0,4.565319742761298,1
07_01_500,20x20x20,2,0.0059820717293904,434.706605674392,494.7769389716517,60.07033329725971,4.565319742761298,1
07_01_500,20x20x20,3,0.011928570968345,638.1815054368719,630.0646522997063,8.116853137165663,4.565319742761298,1
07_01_500,20x20x20,4,0.0178399173671714,676.4520522194871,671.3782426307166,5.073809588770473,4.565319742761298,1
07_01_500,20x20x20,5,0.0237165268210428,693.3415626412523,686.4822739894586,6.85928865179369,4.565319742761298,1
07_01_500,20x20x20,6,0.0295588015905227,703.2569544982192,685.1385908967396,18.118363601479587,4.565319742761298,1
07_01_500,20x20x20,7,0.0353671423414218,709.7941149050375,687.6529461839865,22.14116872105103,4.565319742761298,1
07_01_500,20x20x20,8,0.0411419427877547,714.2670865259151,690.5956108252343,23.671475700680844,4.565319742761298,1
07_01_500,20x20x20,9,0.046883586296973,717.3402009691831,692.8880170005658,24.452183968617305,4.565319742761298,1
07_01_500,20x20x20,10,0.0525924514481166,719.3997110390512,693.2272772027206,26.172433836330583,4.565319742761298,1
07_01_500,20x20x20,11,0.0582689068587828,720.6880728186594,695.3893398589533,25.298732959706058,4.565319742761298,1
07_01_500,20x20x20,12,0.063913325408167,721.3766568624804,696.8416686251129,24.534988237367543,4.565319742761298,1
07_01_500,20x20x20,13,0.0695260597573401,721.5817537730871,698.4576559343831,23.124097838704074,4.565319742761298,1
07_01_500,20x20x20,14,0.0751074739796861,721.4042596218925,700.1446921743776,21.259567447514883,4.565319742761298,1
07_01_500,20x20x20,15,0.0806579019727236,720.9039970495837,701.742374844424,19.161622205159688,4.565319742761298,1
07_01_500,20x20x20,16,0.0861776995220419,720.1370030951839,703.1090946090844,17.027908486099477,4.565319742761298,1
07_01_500,20x20x20,17,0.0916671892871969,719.1525352155122,703.7442375178548,15.408297697657417,4.565319742761298,1
07_01_500,20x20x20,18,0.0971267089999163,717.9797012719646,704.200054137399,13.779647134565607,4.565319742761298,1
07_01_500,20x20x20,19,0.1025565908534479,716.6503306693689,702.966481303316,13.683849366052982,4.565319742761298,1
07_01_500,20x20x20,20,0.1079571415585973,715.1873880997896,700.961698443686,14.225689656103555,4.565319742761298,1
07_01_500,20x20x20,21,0.1133286829121737,713.604470947289,698.882152011255,14.722318936033957,4.565319742761298,1
07_01_500,20x20x20,22,0.1186715315172836,711.9208549189998,695.3771267494715,16.543728169528322,4.565319742761298,1
07_01_500,20x20x20,23,0.1239859791491398,710.1444880766849,690.4261576975556,19.71833037912927,4.565319742761298,1
07_01_500,20x20x20,24,0.1292723326662926,708.2978936002528,683.4184358750622,24.879457725190605,4.565319742761298,1
07_01_500,20x20x20,25,0.134530887539002,706.3748897271216,674.1764515942581,32.198438132863544,4.565319742761298,1
07_01_500,40x40x40,1,0.0,0.0,0.0,0.0,3.7214264234224936,1
07_01_500,40x40x40,2,0.0059820717293904,434.4998672710609,494.7769389716517,60.277071700590795,3.7214264234224936,1
07_01_500,40x40x40,3,0.011928570968345,635.5733076826968,630.0646522997063,5.508655382990582,3.7214264234224936,1
07_01_500,40x40x40,4,0.0178399173671714,671.4565577164535,671.3782426307166,0.07831508573690371,3.7214264234224936,1
07_01_500,40x40x40,5,0.0237165268210428,686.0867501397743,686.4822739894586,0.3955238496843094,3.7214264234224936,1
07_01_500,40x40x40,6,0.0295588015905227,693.8506605590304,685.1385908967396,8.712069662290787,3.7214264234224936,1
07_01_500,40x40x40,7,0.0353671423414218,698.3121188284631,687.6529461839865,10.659172644476598,3.7214264234224936,1
07_01_500,40x40x40,8,0.0411419427877547,700.775018173872,690.5956108252343,10.17940734863771,3.7214264234224936,1
07_01_500,40x40x40,9,0.046883586296973,701.8875740099061,692.8880170005658,8.999557009340265,3.7214264234224936,1
07_01_500,40x40x40,10,0.0525924514481166,702.0320631888221,693.2272772027206,8.804785986101479,3.7214264234224936,1
07_01_500,40x40x40,11,0.0582689068587828,701.4549991125241,695.3893398589533,6.065659253570743,3.7214264234224936,1
07_01_500,40x40x40,12,0.063913325408167,700.321139901771,696.8416686251129,3.479471276658046,3.7214264234224936,1
07_01_500,40x40x40,13,0.0695260597573401,698.74483001099,698.4576559343831,0.2871740766069024,3.7214264234224936,1
07_01_500,40x40x40,14,0.0751074739796861,696.8037653224715,700.1446921743776,3.340926851906147,3.7214264234224936,1
07_01_500,40x40x40,15,0.0806579019727236,694.5655891181159,701.742374844424,7.17678572630814,3.7214264234224936,1
07_01_500,40x40x40,16,0.0861776995220419,692.0713657960696,703.1090946090844,11.037728813014837,3.7214264234224936,1
07_01_500,40x40x40,17,0.0916671892871969,689.3585137084528,703.7442375178548,14.385723809401952,3.7214264234224936,1
07_01_500,40x40x40,18,0.0971267089999163,686.443964266,704.200054137399,17.756089871399013,3.7214264234224936,1
07_01_500,40x40x40,19,0.1025565908534479,683.351292255099,702.966481303316,19.615189048216962,3.7214264234224936,1
07_01_500,40x40x40,20,0.1079571415585973,680.0961161252558,700.961698443686,20.865582318430256,3.7214264234224936,1
07_01_500,40x40x40,21,0.1133286829121737,674.907322602462,698.882152011255,23.97482940879297,3.7214264234224936,1
07_01_500,40x40x40,22,0.1186715315172836,671.4710367309644,695.3771267494715,23.90609001850703,3.7214264234224936,1
07_01_500,40x40x40,23,0.1239859791491398,667.3780476740194,690.4261576975556,23.048110023536196,3.7214264234224936,1
07_01_500,40x40x40,24,0.1292723326662926,662.693641175315,683.4184358750622,20.724794699747235,3.7214264234224936,1
07_01_500,40x40x40,25,0.134530887539002,659.397644376204,674.1764515942581,14.778807218054112,3.7214264234224936,1
10_01_800,Experiment,1,0.0,0.0,,,,1
10_01_800,Experiment,2,0.00514,163.09636,,,,1
10_01_800,Experiment,3,0.00551,165.16631,,,,1
10_01_800,Experiment,4,0.00591,166.73019,,,,1
10_01_800,Experiment,5,0.00631,168.96118,,,,1
10_01_800,Experiment,6,0.00671,170.96398,,,,1
10_01_800,Experiment,7,0.00718,172.83255,,,,1
10_01_800,Experiment,8,0.00758,174.2012,,,,1
10_01_800,Experiment,9,0.00806,174.99453,,,,1
10_01_800,Experiment,10,0.0085,175.13718,,,,1
10_01_800,Experiment,11,0.00906,175.83649,,,,1
10_01_800,Experiment,12,0.00954,176.10366,,,,1
10_01_800,Experiment,13,0.01006,175.91357,,,,1
10_01_800,Experiment,14,0.01055,175.94705,,,,1
10_01_800,Experiment,15,0.01104,175.58258,,,,1
10_01_800,Experiment,16,0.01158,174.82483,,,,1
10_01_800,Experiment,17,0.01209,173.67848,,,,1
10_01_800,Experiment,18,0.01261,172.89011,,,,1
10_01_800,Experiment,19,0.0132,172.03162,,,,1
10_01_800,Experiment,20,0.01379,171.13456,,,,1
10_01_800,Experiment,21,0.01434,170.40036,,,,1
10_01_800,Experiment,22,0.0149,169.59633,,,,1
10_01_800,Experiment,23,0.01549,168.76396,,,,1
10_01_800,Experiment,24,0.01603,167.94473,,,,1
10_01_800,Experiment,25,0.01656,167.18015,,,,1
10_01_800,Experiment,26,0.01711,166.51169,,,,1
10_01_800,Experiment,27,0.01766,166.18071,,,,1
10_01_800,Experiment,28,0.01828,165.62749,,,,1
10_01_800,Experiment,29,0.01883,165.07456,,,,1
10_01_800,Experiment,30,0.0194,164.56458,,,,1
10_01_800,Experiment,31,0.01998,164.31009,,,,1
10_01_800,Experiment,32,0.02064,163.81531,,,,1
10_01_800,Experiment,33,0.02126,163.29277,,,,1
10_01_800,Experiment,34,0.02189,162.79512,,,,1
10_01_800,Experiment,35,0.0225,162.04304,,,,1
10_01_800,Experiment,36,0.0231,161.25853,,,,1
10_01_800,Experiment,37,0.0237,160.47373,,,,1
10_01_800,Experiment,38,0.02424,159.72077,,,,1
10_01_800,Experiment,39,0.02486,159.19169,,,,1
10_01_800,Experiment,40,0.02544,158.66991,,,,1
10_01_800,Experiment,41,0.02604,158.19692,,,,1
10_01_800,Experiment,42,0.02669,157.54003,,,,1
10_01_800,Experiment,43,0.02726,156.92066,,,,1
10_01_800,Experiment,44,0.02794,156.33928,,,,1
10_01_800,Experiment,45,0.02853,155.8286,,,,1
10_01_800,Experiment,46,0.02918,155.59123,,,,1
10_01_800,Experiment,47,0.02981,155.39564,,,,1
10_01_800,Experiment,48,0.03044,154.96193,,,,1
10_01_800,Experiment,49,0.03101,154.52091,,,,1
10_01_800,Experiment,50,0.03163,154.10355,,,,1
10_01_800,Experiment,51,0.03221,153.74084,,,,1
10_01_800,Experiment,52,0.0328,153.18955,,,,1
10_01_800,Experiment,53,0.03339,152.64059,,,,1
10_01_800,Experiment,54,0.034,152.11502,,,,1
10_01_800,Experiment,55,0.03464,151.62771,,,,1
10_01_800,Experiment,56,0.03531,151.19359,,,,1
10_01_800,Experiment,57,0.03596,150.83368,,,,1
10_01_800,Experiment,58,0.03661,150.56902,,,,1
10_01_800,Experiment,59,0.03726,150.43064,,,,1
10_01_800,Experiment,60,0.03788,150.16598,,,,1
10_01_800,Experiment,61,0.03849,149.94719,,,,1
10_01_800,Experiment,62,0.03909,149.78655,,,,1
10_01_800,Experiment,63,0.03973,149.69632,,,,1
10_01_800,Experiment,64,0.04031,149.84639,,,,1
10_01_800,Experiment,65,0.04094,149.97249,,,,1
10_01_800,Experiment,66,0.04155,150.09685,,,,1
10_01_800,Experiment,67,0.04224,149.96747,,,,1
10_01_800,Experiment,68,0.04288,149.7665,,,,1
10_01_800,Experiment,69,0.04354,149.50623,,,,1
10_01_800,Experiment,70,0.0442,149.19891,,,,1
10_01_800,Experiment,71,0.04486,148.86681,,,,1
10_01_800,Experiment,72,0.04548,148.50667,,,,1
10_01_800,Experiment,73,0.0461,148.13133,,,,1
10_01_800,Experiment,74,0.04668,147.75366,,,,1
10_01_800,Experiment,75,0.04728,147.3865,,,,1
10_01_800,Experiment,76,0.04789,147.02659,,,,1
10_01_800,Experiment,77,0.0485,146.72617,,,,1
10_01_800,Experiment,78,0.0491,146.45087,,,,1
10_01_800,Experiment,79,0.04975,146.21473,,,,1
10_01_800,Experiment,80,0.05039,146.01564,,,,1
10_01_800,Experiment,81,0.051,146.05689,,,,1
10_01_800,Experiment,82,0.05168,146.07214,,,,1
10_01_800,Experiment,83,0.0523,146.08535,,,,1
10_01_800,Experiment,84,0.05291,146.29035,,,,1
10_01_800,Experiment,85,0.05353,146.1404,,,,1
10_01_800,Experiment,86,0.05415,145.84816,,,,1
10_01_800,Experiment,87,0.05471,145.43641,,,,1
10_01_800,Experiment,88,0.05531,144.92795,,,,1
10_01_800,Experiment,89,0.0559,144.52544,,,,1
10_01_800,Experiment,90,0.0565,143.97187,,,,1
10_01_800,Experiment,91,0.0571,143.30055,,,,1
10_01_800,Experiment,92,0.0578,142.52866,,,,1
10_01_800,Experiment,93,0.0583,141.69892,,,,1
10_01_800,Experiment,94,0.0589,140.84405,,,,1
10_01_800,Experiment,95,0.0595,139.99678,,,,1
10_01_800,Experiment,96,0.0601,139.18983,,,,1
10_01_800,Experiment,97,0.0607,138.45592,,,,1
10_01_800,Experiment,98,0.0613,137.7794,,,,1
10_01_800,Experiment,99,0.0618,137.22121,,,,1
10_01_800,Experiment,100,0.0624,136.81233,,,,1
10_01_800,Experiment,101,0.063,136.58373,,,,1
10_01_800,Experiment,102,0.0635,136.27606,,,,1
10_01_800,Experiment,103,0.064,136.08964,,,,1
10_01_800,Experiment,104,0.0646,136.04494,,,,1
10_01_800,Experiment,105,0.0652,135.85824,,,,1
10_01_800,Experiment,106,0.0658,135.75656,,,,1
10_01_800,Experiment,107,0.0664,135.74867,,,,1
10_01_800,Experiment,108,0.067,135.84333,,,,1
10_01_800,Experiment,109,0.0676,136.02934,,,,1
10_01_800,Experiment,110,0.0682,136.05622,,,,1
10_01_800,Experiment,111,0.0688,136.10092,,,,1
10_01_800,Experiment,112,0.0694,136.15053,,,,1
10_01_800,Experiment,113,0.07,136.21768,,,,1
10_01_800,Experiment,114,0.0706,136.29885,,,,1
10_01_800,Experiment,115,0.0712,136.39053,,,,1
10_01_800,Experiment,116,0.0718,136.48923,,,,1
10_01_800,Experiment,117,0.0724,136.59144,,,,1
10_01_800,Experiment,118,0.0731,136.69365,,,,1
10_01_800,Experiment,119,0.0737,136.79235,,,,1
10_01_800,Experiment,120,0.0744,136.88403,,,,1
10_01_800,Experiment,121,0.075,136.9652,,,,1
10_01_800,Experiment,122,0.0757,137.03235,,,,1
10_01_800,Experiment,123,0.0763,137.08196,,,,1
10_01_800,Experiment,124,0.077,137.11054,,,,1
10_01_800,Experiment,125,0.0776,137.11457,,,,1
10_01_800,Experiment,126,0.0782,137.13894,,,,1
10_01_800,Experiment,127,0.0788,137.15191,,,,1
10_01_800,Experiment,128,0.0795,137.15173,,,,1
10_01_800,Experiment,129,0.0801,137.13666,,,,1
10_01_800,Experiment,130,0.0807,137.13718,,,,1
10_01_800,Experiment,131,0.0814,137.13274,,,,1
10_01_800,Experiment,132,0.0821,137.12275,,,,1
10_01_800,Experiment,133,0.0828,137.12275,,,,1
10_01_800,Experiment,134,0.0835,137.12275,,,,1
10_01_800,Experiment,135,0.0841,137.12275,,,,1
10_01_800,Experiment,136,0.0848,137.12275,,,,1
10_01_800,Experiment,137,0.0854,137.12275,,,,1
10_01_800,Experiment,138,0.086,137.12275,,,,1
10_01_800,Experiment,139,0.0867,137.12275,,,,1
10_01_800,Experiment,140,0.08731,137.12275,,,,1
10_01_800,Experiment,141,0.08808,137.12275,,,,1
10_01_800,Experiment,142,0.0888,136.9229,,,,1
10_01_800,Experiment,143,0.08954,136.83407,,,,1
10_01_800,Experiment,144,0.09026,136.84459,,,,1
10_01_800,Experiment,145,0.09099,136.94277,,,,1
10_01_800,Experiment,146,0.09171,137.10691,,,,1
10_01_800,Experiment,147,0.09239,137.34089,,,,1
10_01_800,Experiment,148,0.09308,137.63243,,,,1
10_01_800,Experiment,149,0.09376,137.96926,,,,1
10_01_800,Experiment,150,0.09453,138.33911,,,,1
10_01_800,Experiment,151,0.09529,138.7297,,,,1
10_01_800,Experiment,152,0.09611,139.12876,,,,1
10_01_800,Experiment,153,0.09691,139.52403,,,,1
10_01_800,Experiment,154,0.09778,139.90322,,,,1
10_01_800,Experiment,155,0.09859,140.52388,,,,1
10_01_800,Experiment,156,0.09938,140.95403,,,,1
10_01_800,Experiment,157,0.10011,141.19718,,,,1
10_01_800,Experiment,158,0.10084,141.46669,,,,1
10_01_800,Experiment,159,0.10156,141.43964,,,,1
10_01_800,Experiment,160,0.10231,141.13179,,,,1
10_01_800,Experiment,161,0.10303,140.55894,,,,1
10_01_800,Experiment,162,0.10381,139.74685,,,,1
10_01_800,Experiment,163,0.1046,139.01832,,,,1
10_01_800,Experiment,164,0.10539,138.20155,,,,1
10_01_800,Experiment,165,0.10614,137.32459,,,,1
10_01_800,Experiment,166,0.10688,136.41549,,,,1
10_01_800,Experiment,167,0.10754,135.51843,,,,1
10_01_800,Experiment,168,0.1082,134.66204,,,,1
10_01_800,Experiment,169,0.1089,133.85941,,,,1
10_01_800,Experiment,170,0.10955,133.13976,,,,1
10_01_800,Experiment,171,0.11019,132.54231,,,,1
10_01_800,Experiment,172,0.11089,132.08072,,,,1
10_01_800,Experiment,173,0.11153,131.78479,,,,1
10_01_800,Experiment,174,0.11224,131.68434,,,,1
10_01_800,Experiment,175,0.11294,131.80916,,,,1
10_01_800,Experiment,176,0.11365,131.75359,,,,1
10_01_800,Experiment,177,0.1143,131.80145,,,,1
10_01_800,Experiment,178,0.11503,131.96677,,,,1
10_01_800,Experiment,179,0.1157,131.92487,,,,1
10_01_800,Experiment,180,0.11634,132.12718,,,,1
10_01_800,Experiment,181,0.11695,132.20239,,,,1
10_01_800,Experiment,182,0.1176,132.16627,,,,1
10_01_800,Experiment,183,0.11824,132.02848,,,,1
10_01_800,Experiment,184,0.11893,131.79865,,,,1
10_01_800,Experiment,185,0.11961,131.49256,,,,1
10_01_800,Experiment,186,0.1203,131.12598,,,,1
10_01_800,Experiment,187,0.12098,130.7147,,,,1
10_01_800,Experiment,188,0.1217,130.2745,,,,1
10_01_800,Experiment,189,0.12233,129.80502,,,,1
10_01_800,Experiment,190,0.12299,129.33145,,,,1
10_01_800,Experiment,191,0.12366,128.86898,,,,1
10_01_800,Experiment,192,0.12429,128.42668,,,,1
10_01_800,Experiment,193,0.12493,128.01359,,,,1
10_01_800,Experiment,194,0.12554,127.64491,,,,1
10_01_800,Experiment,195,0.12618,127.33584,,,,1
10_01_800,Experiment,196,0.1268,127.12155,,,,1
10_01_800,Experiment,197,0.12748,126.98616,,,,1
10_01_800,Experiment,198,0.12814,126.94601,,,,1
10_01_800,Experiment,199,0.1288,127.19735,,,,1
10_01_800,Experiment,200,0.12946,127.47673,,,,1
10_01_800,Experiment,201,0.13016,127.42396,,,,1
10_01_800,Experiment,202,0.13079,127.29172,,,,1
10_01_800,Experiment,203,0.13145,127.09286,,,,1
10_01_800,Experiment,204,0.13204,126.82411,,,,1
10_01_800,Experiment,205,0.13265,126.52772,,,,1
10_01_800,Experiment,206,0.13326,126.18487,,,,1
10_01_800,Experiment,207,0.13388,125.76929,,,,1
10_01_800,Experiment,208,0.13449,125.34118,,,,1
10_01_800,Experiment,209,0.13511,124.91357,,,,1
10_01_800,Experiment,210,0.13573,124.49948,,,,1
10_01_800,Experiment,211,0.1364,124.11195,,,,1
10_01_800,Experiment,212,0.13703,123.764,,,,1
10_01_800,Experiment,213,0.1377,123.46865,,,,1
10_01_800,Experiment,214,0.13829,123.23894,,,,1
10_01_800,Experiment,215,0.13889,123.0879,,,,1
10_01_800,Experiment,216,0.13951,123.02855,,,,1
10_01_800,20x20x20,1,0.0,0.0,0.0,0.0,5.199392708444214,1
10_01_800,20x20x20,2,0.0059820717293904,151.88761029840165,167.1321682688817,15.24455797048006,5.199392708444214,1
10_01_800,20x20x20,3,0.011928570968345,157.23939192294517,174.04133131458374,16.80193939163857,5.199392708444214,1
10_01_800,20x20x20,4,0.0178399173671714,158.6419317945314,166.02017147440878,7.378239679877396,5.199392708444214,1
10_01_800,20x20x20,5,0.0237165268210428,158.31553128225312,160.45068549042148,2.135154208168359,5.199392708444214,1
10_01_800,20x20x20,6,0.0295588015905227,157.2632056166124,155.47362713795184,1.7895784786605589,5.199392708444214,1
10_01_800,20x20x20,7,0.0353671423414218,155.8041497913514,151.16194984599827,4.642199945353127,5.199392708444214,1
10_01_800,20x20x20,8,0.0411419427877547,154.08439844532012,150.01365984440193,4.07073860091819,5.199392708444214,1
10_01_800,20x20x20,9,0.046883586296973,152.17935150101573,147.62907875867234,4.550272742343395,5.199392708444214,1
10_01_800,20x20x20,10,0.0525924514481166,150.13395002862148,146.18363286371132,3.9503171649101603,5.199392708444214,1
10_01_800,20x20x20,11,0.0582689068587828,147.9736771809488,141.7505184459871,6.223158734961714,5.199392708444214,1
10_01_800,20x20x20,12,0.063913325408167,145.72349796746926,136.12195575481903,9.60154221265023,5.199392708444214,1
10_01_800,20x20x20,13,0.0695260597573401,143.39727302289975,136.1646381878423,7.232634835057439,5.199392708444214,1
10_01_800,20x20x20,14,0.0751074739796861,141.0144277007521,136.97550982533704,4.038917875415052,5.199392708444214,1
10_01_800,20x20x20,15,0.0806579019727236,138.59171387498435,137.13714351504302,1.4545703599413287,5.199392708444214,1
10_01_800,20x20x20,16,0.0861776995220419,136.13760916553815,137.12275,0.9851408344618449,5.199392708444214,1
10_01_800,20x20x20,17,0.0916671892871969,133.66348484297873,137.09715034666735,3.4336655036886157,5.199392708444214,1
10_01_800,20x20x20,18,0.0971267089999163,131.18843692198607,139.61848274215893,8.430045820172865,5.199392708444214,1
10_01_800,20x20x20,19,0.1025565908534479,128.73115169266566,140.93559615222551,12.204444459559852,5.199392708444214,1
10_01_800,20x20x20,20,0.1079571415585973,126.30422055729504,134.9771635464134,8.672942989118368,5.199392708444214,1
10_01_800,20x20x20,21,0.1133286829121737,123.91153534778424,131.7787387191134,7.867203371329154,5.199392708444214,1
10_01_800,20x20x20,22,0.1186715315172836,121.56741776029912,131.8847424802648,10.317324719965683,5.199392708444214,1
10_01_800,20x20x20,23,0.1239859791491398,119.26455830476948,128.64012194021504,9.375563635445559,5.199392708444214,1
10_01_800,20x20x20,24,0.1292723326662926,117.01650448155794,127.39728984895277,10.380785367394822,5.199392708444214,1
10_01_800,20x20x20,25,0.134530887539002,114.82488847693048,125.3129801281409,10.48809165121041,5.199392708444214,1
10_01_800,40x40x40,1,0.0,0.0,0.0,0.0,6.921787986368242,1
10_01_800,40x40x40,2,0.0059820717293904,150.0695312,167.1321682688817,17.062637068881713,6.921787986368242,1
10_01_800,40x40x40,3,0.011928570968345,155.4728855,174.04133131458374,18.568445814583754,6.921787986368242,1
10_01_800,40x40x40,4,0.0178399173671714,155.9019715,166.02017147440878,10.118199974408782,6.921787986368242,1
10_01_800,40x40x40,5,0.0237165268210428,155.7303516,160.45068549042148,4.720333890421472,6.921787986368242,1
10_01_800,40x40x40,6,0.0295588015905227,154.2573049,155.47362713795184,1.2163222379518288,6.921787986368242,1
10_01_800,40x40x40,7,0.0353671423414218,152.3469408,151.16194984599827,1.1849909540017336,6.921787986368242,1
10_01_800,40x40x40,8,0.0411419427877547,150.1607364,150.01365984440193,0.147076555598062,6.921787986368242,1
10_01_800,40x40x40,9,0.046883586296973,147.7696472,147.62907875867234,0.1405684413276731,6.921787986368242,1
10_01_800,40x40x40,10,0.0525924514481166,145.2162832,146.18363286371132,0.9673496637113317,6.921787986368242,1
10_01_800,40x40x40,11,0.0582689068587828,142.5433041,141.7505184459871,0.7927856540129028,6.921787986368242,1
10_01_800,40x40x40,12,0.063913325408167,139.7911403,136.12195575481903,3.6691845451809684,6.921787986368242,1
10_01_800,40x40x40,13,0.0695260597573401,136.9878136,136.1646381878423,0.8231754121576955,6.921787986368242,1
10_01_800,40x40x40,14,0.0751074739796861,134.1729003,136.97550982533704,2.802609525337033,6.921787986368242,1
10_01_800,40x40x40,15,0.0806579019727236,131.3753589,137.13714351504302,5.7617846150430125,6.921787986368242,1
10_01_800,40x40x40,16,0.0861776995220419,128.6041085,137.12275,8.518641500000001,6.921787986368242,1
10_01_800,40x40x40,17,0.0916671892871969,125.8723499,137.09715034666735,11.224800446667345,6.921787986368242,1
10_01_800,40x40x40,18,0.0971267089999163,123.1910338,139.61848274215893,16.427448942158932,6.921787986368242,1
10_01_800,40x40x40,19,0.1025565908534479,120.5704762,140.93559615222551,20.365119952225513,6.921787986368242,1
10_01_800,40x40x40,20,0.1079571415585973,118.0139161,134.9771635464134,16.963247446413405,6.921787986368242,1
10_01_800,40x40x40,21,0.1133286829121737,115.528732,131.7787387191134,16.250006719113387,6.921787986368242,1
10_01_800,40x40x40,22,0.1186715315172836,113.1270696,131.8847424802648,18.757672880264806,6.921787986368242,1
10_01_800,40x40x40,23,0.1239859791491398,110.8012191,128.64012194021504,17.83890284021504,6.921787986368242,1
10_01_800,40x40x40,24,0.1292723326662926,108.5600007,127.39728984895277,18.837289148952763,6.921787986368242,1
10_01_800,40x40x40,25,0.134530887539002,106.3935792,125.3129801281409,18.919400928140888,6.921787986368242,1
11_06_20,Experiment,1,0.0,0.0,,,,1
11_06_20,Experiment,2,0.00598,450.20344,,,,1
11_06_20,Experiment,3,0.01193,930.20876,,,,1
11_06_20,Experiment,4,0.01484,1133.42828,,,,1
11_06_20,Experiment,5,0.02372,1136.21777,,,,1
11_06_20,Experiment,6,0.02955,1140.99415,,,,1
11_06_20,Experiment,7,0.03536,1144.62433,,,,1
11_06_20,Experiment,8,0.04114,1148.79468,,,,1
11_06_20,Experiment,9,0.04688,1152.7441,,,,1
11_06_20,Experiment,10,0.05259,1156.59917,,,,1
11_06_20,Experiment,11,0.05827,1160.42022,,,,1
11_06_20,Experiment,12,0.06391,1164.20173,,,,1
11_06_20,Experiment,13,0.06952,1167.94605,,,,1
11_06_20,Experiment,14,0.0751,1171.63385,,,,1
11_06_20,Experiment,15,0.08065,1175.29618,,,,1
11_06_20,Experiment,16,0.08617,1178.8629,,,,1
11_06_20,Experiment,17,0.09166,1182.359,,,,1
11_06_20,Experiment,18,0.09712,1185.81712,,,,1
11_06_20,Experiment,19,0.10255,1189.15865,,,,1
11_06_20,Experiment,20,0.10796,1192.44291,,,,1
11_06_20,Experiment,21,0.11332,1195.63034,,,,1
11_06_20,Experiment,22,0.11867,1198.745,,,,1
11_06_20,20x20x20,1,0.0,0.0,0.0,0.0,4.096882050077787,1
11_06_20,20x20x20,2,0.0059820717293904,451.2989436269123,450.3705729628558,0.9283706640565015,4.096882050077787,1
11_06_20,20x20x20,3,0.011928570968345,845.0106731827993,930.0934754963281,85.08280231352876,4.096882050077787,1
11_06_20,20x20x20,4,0.0178399173671714,1013.355871298987,1134.3706493126747,121.01477801368765,4.096882050077787,1
11_06_20,20x20x20,5,0.0237165268210428,1067.8212502175438,1136.2166789641926,68.3954287466488,4.096882050077787,1
11_06_20,20x20x20,6,0.0295588015905227,1100.5370195471985,1140.9996493731296,40.46262982593112,4.096882050077787,1
11_06_20,20x20x20,7,0.0353671423414218,1124.679423122314,1144.6294832981919,19.95006017587798,4.096882050077787,1
11_06_20,20x20x20,8,0.0411419427877547,1143.787576038599,1148.7960167395147,5.0084407009157985,4.096882050077787,1
11_06_20,20x20x20,9,0.046883586296973,1159.6288871804245,1152.7465212654765,6.882365914947968,4.096882050077787,1
11_06_20,20x20x20,10,0.0525924514481166,1173.1003289515652,1156.6008191383496,16.49950981321558,4.096882050077787,1
11_06_20,20x20x20,11,0.0582689068587828,1184.748360317471,1160.4194846219634,24.328875695507577,4.096882050077787,1
11_06_20,20x20x20,12,0.063913325408167,1194.9252303120102,1164.2039494995201,30.721280812490022,4.096882050077787,1
11_06_20,20x20x20,13,0.0695260597573401,1203.8603148786897,1167.9500548697345,35.91026000895522,4.096882050077787,1
11_06_20,20x20x20,14,0.0751074739796861,1211.785039162566,1171.6387819243284,40.14625723823747,4.096882050077787,1
11_06_20,20x20x20,15,0.0806579019727236,1218.8449938438223,1175.301285819593,43.54370802422932,4.096882050077787,1
11_06_20,20x20x20,16,0.0861776995220419,1225.1848856116158,1178.867803151004,46.3170824606118,4.096882050077787,1
11_06_20,20x20x20,17,0.0916671892871969,1230.8684735934005,1182.3635533732308,48.50492022016965,4.096882050077787,1
11_06_20,20x20x20,18,0.0971267089999163,1236.000480526738,1185.8212486048785,50.17923192185958,4.096882050077787,1
11_06_20,20x20x20,19,0.1025565908534479,1240.6184870234438,1189.162651123169,51.45583590027468,4.096882050077787,1
11_06_20,20x20x20,20,0.1079571415585973,1244.7496306818348,1192.4411747200072,52.308455961827576,4.096882050077787,1
11_06_20,20x20x20,21,0.1133286829121737,1248.4970282600625,1195.6353950129403,52.8616332471222,4.096882050077787,1
11_06_20,40x40x40,1,0.0,0.0,0.0,0.0,2.851309410404834,1
11_06_20,40x40x40,2,0.0059820717293904,450.8039565053047,450.3705729628558,0.4333835424488939,2.851309410404834,1
11_06_20,40x40x40,3,0.011928570968345,844.0845918838759,930.0934754963281,86.00888361245222,2.851309410404834,1
11_06_20,40x40x40,4,0.0178399173671714,1008.8422243297664,1134.3706493126747,125.52842498290829,2.851309410404834,1
11_06_20,40x40x40,5,0.0237165268210428,1061.5670002162697,1136.2166789641926,74.64967874792296,2.851309410404834,1
11_06_20,40x40x40,6,0.0295588015905227,1092.5203203336675,1140.9996493731296,48.47932903946207,2.851309410404834,1
11_06_20,40x40x40,7,0.0353671423414218,1114.975522746205,1144.6294832981919,29.653960551986984,2.851309410404834,1
11_06_20,40x40x40,8,0.0411419427877547,1132.5242581736256,1148.7960167395147,16.27175856588906,2.851309410404834,1
11_06_20,40x40x40,9,0.046883586296973,1146.7150248705957,1152.7465212654765,6.031496394880833,2.851309410404834,1
11_06_20,40x40x40,10,0.0525924514481166,1158.4445567152916,1156.6008191383496,1.843737576941976,2.851309410404834,1
11_06_20,40x40x40,11,0.0582689068587828,1168.282259264085,1160.4194846219634,7.862774642121622,2.851309410404834,1
11_06_20,40x40x40,12,0.063913325408167,1176.609861665811,1164.2039494995201,12.405912166290818,2.851309410404834,1
11_06_20,40x40x40,13,0.0695260597573401,1183.6613852495902,1167.9500548697345,15.71133037985578,2.851309410404834,1
11_06_20,40x40x40,14,0.0751074739796861,1189.6351131041083,1171.6387819243284,17.996331179779872,2.851309410404834,1
11_06_20,40x40x40,15,0.0806579019727236,1194.6956916229583,1175.301285819593,19.394405803365316,2.851309410404834,1
11_06_20,40x40x40,16,0.0861776995220419,1198.953434109535,1178.867803151004,20.085630958531056,2.851309410404834,1
11_06_20,40x40x40,17,0.0916671892871969,1202.4833847046011,1182.3635533732308,20.11983133137028,2.851309410404834,1
11_06_20,40x40x40,18,0.0971267089999163,1205.7708126103098,1185.8212486048785,19.949564005431284,2.851309410404834,1
11_06_20,40x40x40,19,0.1025565908534479,1207.9200435813957,1189.162651123169,18.757392458226605,2.851309410404834,1
11_06_20,40x40x40,20,0.1079571415585973,1209.312001529548,1192.4411747200072,16.87082680954086,2.851309410404834,1
11_06_20,40x40x40,21,0.1133286829121737,1210.623200225764,1195.6353950129403,14.987805212823787,2.851309410404834,1
12_06_500,Experiment,1,0.0,0.0,,,,1
12_06_500,Experiment,2,0.01548,760.47676,,,,1
12_06_500,Experiment,3,0.01575,763.37227,,,,1
12_06_500,Experiment,4,0.01604,765.54152,,,,1
12_06_500,Experiment,5,0.01619,768.09132,,,,1
12_06_500,Experiment,6,0.01648,770.49642,,,,1
12_06_500,Experiment,7,0.01683,772.58184,,,,1
12_06_500,Experiment,8,0.01713,774.53952,,,,1
12_06_500,Experiment,9,0.01743,776.20101,,,,1
12_06_500,Experiment,10,0.01776,777.76419,,,,1
12_06_500,Experiment,11,0.01805,779.44036,,,,1
12_06_500,Experiment,12,0.01839,780.98607,,,,1
12_06_500,Experiment,13,0.01874,782.34432,,,,1
12_06_500,Experiment,14,0.0191,783.71471,,,,1
12_06_500,Experiment,15,0.01944,785.09202,,,,1
12_06_500,Experiment,16,0.01983,786.46876,,,,1
12_06_500,Experiment,17,0.02014,787.44998,,,,1
12_06_500,Experiment,18,0.0205,788.74306,,,,1
12_06_500,Experiment,19,0.02083,789.95185,,,,1
12_06_500,Experiment,20,0.02111,791.01537,,,,1
12_06_500,Experiment,21,0.02155,792.02779,,,,1
12_06_500,Experiment,22,0.02194,792.95876,,,,1
12_06_500,Experiment,23,0.02229,794.00861,,,,1
12_06_500,Experiment,24,0.02263,794.9908,,,,1
12_06_500,Experiment,25,0.023,795.88836,,,,1
12_06_500,Experiment,26,0.0233,796.76522,,,,1
12_06_500,Experiment,27,0.02364,797.5609,,,,1
12_06_500,Experiment,28,0.02386,798.47457,,,,1
12_06_500,Experiment,29,0.02421,799.3179,,,,1
12_06_500,Experiment,30,0.02459,800.3023,,,,1
12_06_500,Experiment,31,0.02495,801.05289,,,,1
12_06_500,Experiment,32,0.02525,801.78704,,,,1
12_06_500,Experiment,33,0.02556,802.68703,,,,1
12_06_500,Experiment,34,0.02593,803.59786,,,,1
12_06_500,Experiment,35,0.02629,804.30467,,,,1
12_06_500,Experiment,36,0.02668,805.02963,,,,1
12_06_500,Experiment,37,0.02706,805.73848,,,,1
12_06_500,Experiment,38,0.02748,806.63831,,,,1
12_06_500,Experiment,39,0.028,807.53422,,,,1
12_06_500,Experiment,40,0.02834,808.39679,,,,1
12_06_500,Experiment,41,0.02868,808.98431,,,,1
12_06_500,Experiment,42,0.02903,809.78028,,,,1
12_06_500,Experiment,43,0.0295,810.60864,,,,1
12_06_500,Experiment,44,0.02996,811.41998,,,,1
12_06_500,Experiment,45,0.03036,812.16865,,,,1
12_06_500,Experiment,46,0.03075,813.04006,,,,1
12_06_500,Experiment,47,0.03121,813.88452,,,,1
12_06_500,Experiment,48,0.03163,814.6919,,,,1
12_06_500,Experiment,49,0.03196,815.40784,,,,1
12_06_500,Experiment,50,0.0324,816.04697,,,,1
12_06_500,Experiment,51,0.03278,816.55593,,,,1
12_06_500,Experiment,52,0.03315,817.01764,,,,1
12_06_500,Experiment,53,0.03355,817.46171,,,,1
12_06_500,Experiment,54,0.03394,817.90392,,,,1
12_06_500,Experiment,55,0.03435,818.27913,,,,1
12_06_500,Experiment,56,0.03476,818.84822,,,,1
12_06_500,Experiment,57,0.03516,819.38707,,,,1
12_06_500,Experiment,58,0.03561,819.91084,,,,1
12_06_500,Experiment,59,0.03601,820.42219,,,,1
12_06_500,Experiment,60,0.03638,820.87738,,,,1
12_06_500,Experiment,61,0.03681,821.02899,,,,1
12_06_500,Experiment,62,0.03724,821.50369,,,,1
12_06_500,Experiment,63,0.03769,822.05349,,,,1
12_06_500,Experiment,64,0.03804,822.66483,,,,1
12_06_500,Experiment,65,0.03849,823.32416,,,,1
12_06_500,Experiment,66,0.03883,823.96778,,,,1
12_06_500,Experiment,67,0.03933,824.62852,,,,1
12_06_500,Experiment,68,0.03965,825.28967,,,,1
12_06_500,Experiment,69,0.04004,825.8752,,,,1
12_06_500,Experiment,70,0.04048,826.4461,,,,1
12_06_500,Experiment,71,0.04091,826.94145,,,,1
12_06_500,Experiment,72,0.04128,827.33799,,,,1
12_06_500,Experiment,73,0.04169,827.88121,,,,1
12_06_500,Experiment,74,0.04213,828.37151,,,,1
12_06_500,Experiment,75,0.04266,828.83509,,,,1
12_06_500,Experiment,76,0.04305,829.27003,,,,1
12_06_500,Experiment,77,0.0435,829.65874,,,,1
12_06_500,Experiment,78,0.04386,830.0209,,,,1
12_06_500,Experiment,79,0.04441,830.31319,,,,1
12_06_500,Experiment,80,0.04484,830.52992,,,,1
12_06_500,Experiment,81,0.04529,830.65239,,,,1
12_06_500,Experiment,82,0.0458,831.00513,,,,1
12_06_500,Experiment,83,0.04626,831.37598,,,,1
12_06_500,Experiment,84,0.04669,831.73644,,,,1
12_06_500,Experiment,85,0.04718,832.11302,,,,1
12_06_500,Experiment,86,0.04756,832.50406,,,,1
12_06_500,Experiment,87,0.04796,832.87881,,,,1
12_06_500,Experiment,88,0.04846,833.24268,,,,1
12_06_500,Experiment,89,0.04893,833.588,,,,1
12_06_500,Experiment,90,0.04939,833.97235,,,,1
12_06_500,Experiment,91,0.04994,834.35953,,,,1
12_06_500,Experiment,92,0.05041,834.75811,,,,1
12_06_500,Experiment,93,0.05089,835.14217,,,,1
12_06_500,Experiment,94,0.05138,835.49492,,,,1
12_06_500,Experiment,95,0.05189,835.89985,,,,1
12_06_500,Experiment,96,0.0523,836.29713,,,,1
12_06_500,Experiment,97,0.05283,836.66196,,,,1
12_06_500,Experiment,98,0.05328,837.01318,,,,1
12_06_500,Experiment,99,0.05376,837.34427,,,,1
12_06_500,Experiment,100,0.05431,837.68596,,,,1
12_06_500,Experiment,101,0.05484,838.01942,,,,1
12_06_500,Experiment,102,0.0554,838.34523,,,,1
12_06_500,Experiment,103,0.056,838.68334,,,,1
12_06_500,Experiment,104,0.05654,838.9982,,,,1
12_06_500,Experiment,105,0.05705,839.33626,,,,1
12_06_500,Experiment,106,0.05758,839.63139,,,,1
12_06_500,Experiment,107,0.05808,839.88641,,,,1
12_06_500,Experiment,108,0.05861,840.15374,,,,1
12_06_500,Experiment,109,0.05918,840.43246,,,,1
12_06_500,Experiment,110,0.05984,840.726,,,,1
12_06_500,Experiment,111,0.06038,841.00699,,,,1
12_06_500,Experiment,112,0.06104,841.27886,,,,1
12_06_500,Experiment,113,0.06166,841.56383,,,,1
12_06_500,Experiment,114,0.06206,841.85934,,,,1
12_06_500,Experiment,115,0.06259,842.16938,,,,1
12_06_500,Experiment,116,0.06313,842.45151,,,,1
12_06_500,Experiment,117,0.0636,842.73824,,,,1
12_06_500,Experiment,118,0.06418,843.03353,,,,1
12_06_500,Experiment,119,0.06468,843.30687,,,,1
12_06_500,Experiment,120,0.06515,843.59671,,,,1
12_06_500,Experiment,121,0.06578,843.88168,,,,1
12_06_500,Experiment,122,0.06631,844.19053,,,,1
12_06_500,Experiment,123,0.06668,844.53097,,,,1
12_06_500,Experiment,124,0.06709,844.88428,,,,1
12_06_500,Experiment,125,0.06751,845.22694,,,,1
12_06_500,Experiment,126,0.06794,845.51712,,,,1
12_06_500,Experiment,127,0.06855,845.80102,,,,1
12_06_500,Experiment,128,0.06898,846.05694,,,,1
12_06_500,Experiment,129,0.06963,846.27407,,,,1
12_06_500,Experiment,130,0.07003,846.4578,,,,1
12_06_500,Experiment,131,0.07046,846.59841,,,,1
12_06_500,Experiment,132,0.07088,846.71157,,,,1
12_06_500,Experiment,133,0.07121,846.82916,,,,1
12_06_500,Experiment,134,0.07165,846.87363,,,,1
12_06_500,Experiment,135,0.07206,846.9076,,,,1
12_06_500,Experiment,136,0.07248,846.79155,,,,1
12_06_500,Experiment,137,0.07298,846.77714,,,,1
12_06_500,Experiment,138,0.07343,846.84135,,,,1
12_06_500,Experiment,139,0.07378,846.96767,,,,1
12_06_500,Experiment,140,0.07426,847.19626,,,,1
12_06_500,Experiment,141,0.07465,847.49665,,,,1
12_06_500,Experiment,142,0.07501,847.94787,,,,1
12_06_500,Experiment,143,0.07545,848.44089,,,,1
12_06_500,Experiment,144,0.0759,848.96925,,,,1
12_06_500,Experiment,145,0.07639,849.45586,,,,1
12_06_500,Experiment,146,0.07685,849.89914,,,,1
12_06_500,Experiment,147,0.07729,850.28837,,,,1
12_06_500,Experiment,148,0.0777,850.60425,,,,1
12_06_500,Experiment,149,0.0781,850.81894,,,,1
12_06_500,Experiment,150,0.07859,850.92677,,,,1
12_06_500,Experiment,151,0.07899,850.93829,,,,1
12_06_500,Experiment,152,0.07946,850.83982,,,,1
12_06_500,Experiment,153,0.07993,850.65332,,,,1
12_06_500,Experiment,154,0.0804,850.33607,,,,1
12_06_500,Experiment,155,0.08078,849.949,,,,1
12_06_500,Experiment,156,0.08126,849.49488,,,,1
12_06_500,Experiment,157,0.08171,849.20112,,,,1
12_06_500,Experiment,158,0.08218,848.90878,,,,1
12_06_500,Experiment,159,0.0825,848.62977,,,,1
12_06_500,Experiment,160,0.08301,848.40731,,,,1
12_06_500,Experiment,161,0.08354,848.23505,,,,1
12_06_500,Experiment,162,0.08404,848.12603,,,,1
12_06_500,Experiment,163,0.08445,847.99937,,,,1
12_06_500,Experiment,164,0.08486,847.88785,,,,1
12_06_500,Experiment,165,0.08535,847.79347,,,,1
12_06_500,Experiment,166,0.08586,847.7262,,,,1
12_06_500,Experiment,167,0.08633,847.67549,,,,1
12_06_500,Experiment,168,0.08674,847.6485,,,,1
12_06_500,Experiment,169,0.08716,847.60647,,,,1
12_06_500,Experiment,170,0.08768,847.59955,,,,1
12_06_500,Experiment,171,0.08815,847.6169,,,,1
12_06_500,Experiment,172,0.0886,847.66222,,,,1
12_06_500,Experiment,173,0.08906,847.74775,,,,1
12_06_500,Experiment,174,0.0895,847.82478,,,,1
12_06_500,Experiment,175,0.09003,847.93345,,,,1
12_06_500,Experiment,176,0.0905,847.94196,,,,1
12_06_500,Experiment,177,0.09093,848.06811,,,,1
12_06_500,Experiment,178,0.09143,848.27866,,,,1
12_06_500,Experiment,179,0.09188,848.57055,,,,1
12_06_500,Experiment,180,0.0924,848.94015,,,,1
12_06_500,Experiment,181,0.09289,849.36817,,,,1
12_06_500,Experiment,182,0.09333,849.84502,,,,1
12_06_500,Experiment,183,0.09379,850.49153,,,,1
12_06_500,Experiment,184,0.09419,851.03787,,,,1
12_06_500,Experiment,185,0.09465,851.5305,,,,1
12_06_500,Experiment,186,0.09503,851.92585,,,,1
12_06_500,Experiment,187,0.09546,852.24076,,,,1
12_06_500,Experiment,188,0.09589,852.46787,,,,1
12_06_500,Experiment,189,0.09628,852.57559,,,,1
12_06_500,Experiment,190,0.09668,852.61433,,,,1
12_06_500,Experiment,191,0.0971,852.54507,,,,1
12_06_500,Experiment,192,0.09753,852.38977,,,,1
12_06_500,Experiment,193,0.09791,852.12732,,,,1
12_06_500,Experiment,194,0.09829,851.77224,,,,1
12_06_500,Experiment,195,0.09876,851.34615,,,,1
12_06_500,Experiment,196,0.09914,850.86266,,,,1
12_06_500,Experiment,197,0.09955,850.5406,,,,1
12_06_500,Experiment,198,0.09993,850.23726,,,,1
12_06_500,Experiment,199,0.1004,849.98077,,,,1
12_06_500,Experiment,200,0.10094,849.79983,,,,1
12_06_500,Experiment,201,0.10128,849.67357,,,,1
12_06_500,Experiment,202,0.10175,849.63125,,,,1
12_06_500,Experiment,203,0.10225,849.68054,,,,1
12_06_500,Experiment,204,0.10256,849.57862,,,,1
12_06_500,Experiment,205,0.10299,849.50085,,,,1
12_06_500,Experiment,206,0.10339,849.427,,,,1
12_06_500,Experiment,207,0.10375,849.36159,,,,1
12_06_500,Experiment,208,0.10426,849.30862,,,,1
12_06_500,Experiment,209,0.10473,849.26551,,,,1
12_06_500,Experiment,210,0.10514,849.2448,,,,1
12_06_500,Experiment,211,0.10558,849.22398,,,,1
12_06_500,Experiment,212,0.10599,849.21445,,,,1
12_06_500,Experiment,213,0.10643,849.21138,,,,1
12_06_500,Experiment,214,0.10685,849.20565,,,,1
12_06_500,Experiment,215,0.10728,849.20265,,,,1
12_06_500,Experiment,216,0.1078,849.22603,,,,1
12_06_500,Experiment,217,0.10818,849.24871,,,,1
12_06_500,Experiment,218,0.10868,849.28354,,,,1
12_06_500,Experiment,219,0.10913,849.33306,,,,1
12_06_500,Experiment,220,0.10961,849.39926,,,,1
12_06_500,Experiment,221,0.11005,849.46789,,,,1
12_06_500,Experiment,222,0.1105,849.57431,,,,1
12_06_500,Experiment,223,0.1109,849.68429,,,,1
12_06_500,Experiment,224,0.11129,849.80726,,,,1
12_06_500,Experiment,225,0.11184,849.92671,,,,1
12_06_500,Experiment,226,0.1123,850.05632,,,,1
12_06_500,Experiment,227,0.11271,850.19353,,,,1
12_06_500,Experiment,228,0.11315,850.35087,,,,1
12_06_500,Experiment,229,0.11366,850.52523,,,,1
12_06_500,Experiment,230,0.1141,850.69783,,,,1
12_06_500,Experiment,231,0.11458,850.85529,,,,1
12_06_500,Experiment,232,0.11508,851.03379,,,,1
12_06_500,Experiment,233,0.11534,851.18433,,,,1
12_06_500,Experiment,234,0.11591,851.32257,,,,1
12_06_500,Experiment,235,0.11638,851.47866,,,,1
12_06_500,Experiment,236,0.11694,851.65745,,,,1
12_06_500,Experiment,237,0.11735,851.84213,,,,1
12_06_500,Experiment,238,0.11781,852.04071,,,,1
12_06_500,Experiment,239,0.1183,852.43578,,,,1
12_06_500,Experiment,240,0.11874,852.74865,,,,1
12_06_500,Experiment,241,0.11913,852.99272,,,,1
12_06_500,Experiment,242,0.11949,853.16686,,,,1
12_06_500,Experiment,243,0.11989,853.39119,,,,1
12_06_500,Experiment,244,0.12043,853.45131,,,,1
12_06_500,Experiment,245,0.12095,853.36765,,,,1
12_06_500,Experiment,246,0.12135,853.18971,,,,1
12_06_500,Experiment,247,0.12175,852.91802,,,,1
12_06_500,Experiment,248,0.12221,852.55421,,,,1
12_06_500,Experiment,249,0.12266,852.12585,,,,1
12_06_500,Experiment,250,0.12305,851.63033,,,,1
12_06_500,Experiment,251,0.12354,851.10067,,,,1
12_06_500,Experiment,252,0.12388,850.54247,,,,1
12_06_500,Experiment,253,0.12439,849.9625,,,,1
12_06_500,Experiment,254,0.12486,849.41876,,,,1
12_06_500,Experiment,255,0.12525,848.92682,,,,1
12_06_500,Experiment,256,0.12574,848.5039,,,,1
12_06_500,Experiment,257,0.12613,848.18779,,,,1
12_06_500,Experiment,258,0.12656,847.97696,,,,1
12_06_500,Experiment,259,0.12693,847.92114,,,,1
12_06_500,Experiment,260,0.12745,847.73334,,,,1
12_06_500,Experiment,261,0.12788,847.58893,,,,1
12_06_500,Experiment,262,0.1283,847.48871,,,,1
12_06_500,Experiment,263,0.12879,847.45229,,,,1
12_06_500,Experiment,264,0.12919,847.27418,,,,1
12_06_500,Experiment,265,0.12961,847.11809,,,,1
12_06_500,Experiment,266,0.13009,846.96886,,,,1
12_06_500,Experiment,267,0.13044,846.79626,,,,1
12_06_500,Experiment,268,0.1309,846.62932,,,,1
12_06_500,Experiment,269,0.13136,846.47175,,,,1
12_06_500,Experiment,270,0.13178,846.33692,,,,1
12_06_500,Experiment,271,0.13228,846.21718,,,,1
12_06_500,Experiment,272,0.13268,846.08979,,,,1
12_06_500,Experiment,273,0.13316,845.9536,,,,1
12_06_500,Experiment,274,0.13349,845.80374,,,,1
12_06_500,Experiment,275,0.13393,845.65417,,,,1
12_06_500,Experiment,276,0.13439,845.51288,,,,1
12_06_500,Experiment,277,0.13481,845.54362,,,,1
12_06_500,Experiment,278,0.13535,845.44459,,,,1
12_06_500,Experiment,279,0.13571,845.34381,,,,1
12_06_500,Experiment,280,0.13613,845.19934,,,,1
12_06_500,Experiment,281,0.13664,844.9982,,,,1
12_06_500,Experiment,282,0.13701,844.72741,,,,1
12_06_500,Experiment,283,0.13756,844.374,,,,1
12_06_500,Experiment,284,0.13803,843.925,,,,1
12_06_500,Experiment,285,0.13853,843.36741,,,,1
12_06_500,Experiment,286,0.13906,842.68828,,,,1
12_06_500,Experiment,287,0.13949,841.87461,,,,1
12_06_500,Experiment,288,0.13996,840.91345,,,,1
12_06_500,20x20x20,1,0.0,0.0,0.0,0.0,1.02602947721316,1
12_06_500,20x20x20,2,0.0059820717293904,445.055928917116,293.87768261333383,151.17824630378215,1.02602947721316,1
12_06_500,20x20x20,3,0.011928570968345,724.9411104262831,586.0078166303016,138.9332937959815,1.02602947721316,1
12_06_500,20x20x20,4,0.0178399173671714,789.2640857029551,778.2261041149369,11.03798158801817,1.02602947721316,1
12_06_500,20x20x20,5,0.0237165268210428,814.27743766589,797.8787193662826,16.39871829960748,1.02602947721316,1
12_06_500,20x20x20,6,0.0295588015905227,827.8857599590754,810.7123532227276,17.173406736347715,1.02602947721316,1
12_06_500,20x20x20,7,0.0353671423414218,836.7009530941077,819.6281698759256,17.072783218182167,1.02602947721316,1
12_06_500,20x20x20,8,0.0411419427877547,842.7940722959147,827.1900299812331,15.604042314681578,1.02602947721316,1
12_06_500,20x20x20,9,0.046883586296973,847.0758079544275,831.8852169953349,15.190590959092674,1.02602947721316,1
12_06_500,20x20x20,10,0.0525924514481166,850.0640603337907,836.4984414373894,13.56561889640136,1.02602947721316,1
12_06_500,20x20x20,11,0.0582689068587828,852.078838033284,839.981693906714,12.097144126570015,1.02602947721316,1
12_06_500,20x20x20,12,0.063913325408167,853.3324792059066,842.8977604478926,10.434718758014014,1.02602947721316,1
12_06_500,20x20x20,13,0.0695260597573401,853.9810815152849,846.2393491617097,7.74173235357523,1.02602947721316,1
12_06_500,20x20x20,14,0.0751074739796861,854.1349836969966,848.0570895942383,6.077894102758364,1.02602947721316,1
12_06_500,20x20x20,15,0.0806579019727236,853.877464439959,850.0733696932049,3.8040947467541173,1.02602947721316,1
12_06_500,20x20x20,16,0.0861776995220419,853.2874490886898,847.691922249441,5.595526839248805,1.02602947721316,1
12_06_500,20x20x20,17,0.0916671892871969,852.4016251607145,848.432511513422,3.969113647292488,1.02602947721316,1
12_06_500,20x20x20,18,0.0971267089999163,851.2723989172373,852.5354237030535,1.263024785816242,1.02602947721316,1
12_06_500,20x20x20,19,0.1025565908534479,849.9355490239395,849.5797408394084,0.35580818453115626,1.02602947721316,1
12_06_500,20x20x20,20,0.1079571415585973,848.4184972377775,849.2354088698658,0.8169116320882495,1.02602947721316,1
12_06_500,20x20x20,21,0.1133286829121737,846.7519901596733,850.4119585344444,3.659968374771097,1.02602947721316,1
12_06_500,20x20x20,22,0.1186715315172836,844.9432128244271,852.699964240483,7.756751416055977,1.02602947721316,1
12_06_500,20x20x20,23,0.1239859791491398,843.0157516646051,850.4219509272027,7.4061992625976245,1.02602947721316,1
12_06_500,20x20x20,24,0.1292723326662926,840.9841506434612,847.2435816526629,6.2594310092016485,1.02602947721316,1
12_06_500,20x20x20,25,0.134530887539002,838.8625037553174,845.5231916260689,6.660687870751417,1.02602947721316,1
12_06_500,20x20x20,26,0.1397619475581712,836.6600293608334,841.3184714574217,4.65844209658826,1.02602947721316,1
12_06_500,40x40x40,1,0.0,0.0,0.0,0.0,2.8742965260717463,1
12_06_500,40x40x40,2,0.0059820717293904,444.8760229112473,293.87768261333383,150.99834029791344,2.8742965260717463,1
12_06_500,40x40x40,3,0.011928570968345,722.8620137463813,586.0078166303016,136.85419711607972,2.8742965260717463,1
12_06_500,40x40x40,4,0.0178399173671714,784.6476073129143,778.2261041149369,6.4215031979773585,2.8742965260717463,1
12_06_500,40x40x40,5,0.0237165268210428,807.2275001644539,797.8787193662826,9.348780798171333,2.8742965260717463,1
12_06_500,40x40x40,6,0.0295588015905227,818.503480912449,810.7123532227276,7.791127689721407,2.8742965260717463,1
12_06_500,40x40x40,7,0.0353671423414218,825.0544894884824,819.6281698759256,5.426319612556881,2.8742965260717463,1
12_06_500,40x40x40,8,0.0411419427877547,828.9320506970023,827.1900299812331,1.742020715769172,2.8742965260717463,1
12_06_500,40x40x40,9,0.046883586296973,831.0411009167938,831.8852169953349,0.8441160785411057,2.8742965260717463,1
12_06_500,40x40x40,10,0.0525924514481166,831.8869348213532,836.4984414373894,4.611506616036195,2.8742965260717463,1
12_06_500,40x40x40,11,0.0582689068587828,831.7877052464562,839.981693906714,8.193988660257787,2.8742965260717463,1
12_06_500,40x40x40,12,0.063913325408167,830.9602076069668,842.8977604478926,11.937552840925719,2.8742965260717463,1
12_06_500,40x40x40,13,0.0695260597573401,829.5562446718413,846.2393491617097,16.683104489868356,2.8742965260717463,1
12_06_500,40x40x40,14,0.0751074739796861,827.6847693020409,848.0570895942383,20.3723202921974,2.8742965260717463,1
12_06_500,40x40x40,15,0.0806579019727236,825.4274927899942,850.0733696932049,24.645876903210706,2.8742965260717463,1
12_06_500,40x40x40,16,0.0861776995220419,822.838900404804,847.691922249441,24.85302184463694,2.8742965260717463,1
12_06_500,40x40x40,17,0.0916671892871969,819.9666744524257,848.432511513422,28.465837060996364,2.8742965260717463,1
12_06_500,40x40x40,18,0.0971267089999163,816.8423649192118,852.5354237030535,35.69305878384171,2.8742965260717463,1
12_06_500,40x40x40,19,0.1025565908534479,813.4932774474255,849.5797408394084,36.086463391982875,2.8742965260717463,1
12_06_500,40x40x40,20,0.1079571415585973,809.9274310736087,849.2354088698658,39.30797779625709,2.8742965260717463,1
12_06_500,40x40x40,21,0.1133286829121737,806.1633379131263,850.4119585344444,44.24862062131808,2.8742965260717463,1
12_06_500,40x40x40,22,0.1186715315172836,802.2106055697832,852.699964240483,50.48935867069986,2.8742965260717463,1
12_06_500,40x40x40,23,0.1239859791491398,798.0758215172191,850.4219509272027,52.34612940998363,2.8742965260717463,1
12_06_500,40x40x40,24,0.1292723326662926,793.7627074275379,847.2435816526629,53.480874225125035,2.8742965260717463,1
12_06_500,40x40x40,25,0.134530887539002,787.0551680985409,845.5231916260689,58.468023527527976,2.8742965260717463,1
12_06_500,40x40x40,26,0.1397619475581712,781.7638132559932,841.3184714574217,59.554658201428424,2.8742965260717463,1
15_06_800,Experiment,1,0.0,0.0,,,,1
15_06_800,Experiment,2,0.00535,225.56362,,,,1
15_06_800,Experiment,3,0.00643,226.26981,,,,1
15_06_800,Experiment,4,0.00764,224.94181,,,,1
15_06_800,Experiment,5,0.0089,221.42632,,,,1
15_06_800,Experiment,6,0.01019,220.08972,,,,1
15_06_800,Experiment,7,0.01154,218.14224,,,,1
15_06_800,Experiment,8,0.01303,215.88227,,,,1
15_06_800,Experiment,9,0.01464,212.87234,,,,1
15_06_800,Experiment,10,0.01619,210.77451,,,,1
15_06_800,Experiment,11,0.01771,208.89084,,,,1
15_06_800,Experiment,12,0.01926,206.95258,,,,1
15_06_800,Experiment,13,0.02093,205.05962,,,,1
15_06_800,Experiment,14,0.02261,203.31183,,,,1
15_06_800,Experiment,15,0.02423,201.81903,,,,1
15_06_800,Experiment,16,0.02575,200.31305,,,,1
15_06_800,Experiment,17,0.0273,199.10003,,,,1
15_06_800,Experiment,18,0.0289,198.26766,,,,1
15_06_800,Experiment,19,0.0306,197.90362,,,,1
15_06_800,Experiment,20,0.0322,196.92561,,,,1
15_06_800,Experiment,21,0.0337,196.1038,,,,1
15_06_800,Experiment,22,0.0353,195.4835,,,,1
15_06_800,Experiment,23,0.0369,195.1363,,,,1
15_06_800,Experiment,24,0.0386,194.67702,,,,1
15_06_800,Experiment,25,0.0401,194.16142,,,,1
15_06_800,Experiment,26,0.0416,193.93321,,,,1
15_06_800,Experiment,27,0.0432,193.60018,,,,1
15_06_800,Experiment,28,0.0448,193.23492,,,,1
15_06_800,Experiment,29,0.0465,192.44522,,,,1
15_06_800,Experiment,30,0.0481,191.58475,,,,1
15_06_800,Experiment,31,0.0496,190.69378,,,,1
15_06_800,Experiment,32,0.0512,189.46003,,,,1
15_06_800,Experiment,33,0.0527,188.15485,,,,1
15_06_800,Experiment,34,0.0544,186.82122,,,,1
15_06_800,Experiment,35,0.0559,185.5021,,,,1
15_06_800,Experiment,36,0.0574,184.21452,,,,1
15_06_800,Experiment,37,0.0589,183.02624,,,,1
15_06_800,Experiment,38,0.0604,181.97906,,,,1
15_06_800,Experiment,39,0.06206,181.11481,,,,1
15_06_800,Experiment,40,0.06366,180.47529,,,,1
15_06_800,Experiment,41,0.06521,180.1023,,,,1
15_06_800,Experiment,42,0.06671,180.03767,,,,1
15_06_800,Experiment,43,0.06834,180.33313,,,,1
15_06_800,Experiment,44,0.06999,180.32587,,,,1
15_06_800,Experiment,45,0.0716,180.4603,,,,1
15_06_800,Experiment,46,0.07314,180.75385,,,,1
15_06_800,Experiment,47,0.07471,180.75913,,,,1
15_06_800,Experiment,48,0.0764,180.76471,,,,1
15_06_800,Experiment,49,0.07821,180.77115,,,,1
15_06_800,Experiment,50,0.07988,180.6301,,,,1
15_06_800,Experiment,51,0.08151,180.5578,,,,1
15_06_800,Experiment,52,0.0832,180.55548,,,,1
15_06_800,Experiment,53,0.08508,180.78323,,,,1
15_06_800,Experiment,54,0.08683,180.96975,,,,1
15_06_800,Experiment,55,0.08851,181.1162,,,,1
15_06_800,Experiment,56,0.0903,181.22375,,,,1
15_06_800,Experiment,57,0.0923,181.60748,,,,1
15_06_800,Experiment,58,0.09429,181.7958,,,,1
15_06_800,Experiment,59,0.09616,181.80787,,,,1
15_06_800,Experiment,60,0.09803,181.66287,,,,1
15_06_800,Experiment,61,0.09993,181.37996,,,,1
15_06_800,Experiment,62,0.10181,180.97829,,,,1
15_06_800,Experiment,63,0.10368,180.47703,,,,1
15_06_800,Experiment,64,0.10543,179.87931,,,,1
15_06_800,Experiment,65,0.10736,179.21366,,,,1
15_06_800,Experiment,66,0.10935,178.49864,,,,1
15_06_800,Experiment,67,0.11128,177.75285,,,,1
15_06_800,Experiment,68,0.11309,177.38213,,,,1
15_06_800,Experiment,69,0.11479,176.80265,,,,1
15_06_800,Experiment,70,0.11664,176.05564,,,,1
15_06_800,Experiment,71,0.11841,175.42274,,,,1
15_06_800,Experiment,72,0.12008,174.80493,,,,1
15_06_800,Experiment,73,0.12179,174.25217,,,,1
15_06_800,Experiment,74,0.12358,173.77159,,,,1
15_06_800,Experiment,75,0.1254,173.26223,,,,1
15_06_800,Experiment,76,0.12714,172.70869,,,,1
15_06_800,Experiment,77,0.12881,172.09558,,,,1
15_06_800,Experiment,78,0.13041,171.40749,,,,1
15_06_800,Experiment,79,0.13199,170.62904,,,,1
15_06_800,Experiment,80,0.13374,169.74482,,,,1
15_06_800,Experiment,81,0.1354,168.73944,,,,1
15_06_800,Experiment,82,0.13701,167.5975,,,,1
15_06_800,Experiment,83,0.13863,166.30359,,,,1
15_06_800,20x20x20,1,0.0,0.0,0.0,0.0,6.9076651426106475,1
15_06_800,20x20x20,2,0.0059820717293904,206.37449277803307,225.97691882831316,19.602426050280087,6.9076651426106475,1
15_06_800,20x20x20,3,0.011928570968345,216.02141872343748,217.55287172393915,1.5314530005016707,6.9076651426106475,1
15_06_800,20x20x20,4,0.0178399173671714,218.8700930340885,208.728379589617,10.14171344447152,6.9076651426106475,1
15_06_800,20x20x20,5,0.0237165268210428,219.0688437946302,202.2921860256465,16.77665776898371,6.9076651426106475,1
15_06_800,20x20x20,6,0.0295588015905227,218.0310995589848,198.12658345234476,19.904516106640045,6.9076651426106475,1
15_06_800,20x20x20,7,0.0353671423414218,216.28384293818635,195.46893011191148,20.814912826274877,6.9076651426106475,1
15_06_800,20x20x20,8,0.0411419427877547,214.08347580529352,194.002898824271,20.080576981022517,6.9076651426106475,1
15_06_800,20x20x20,9,0.046883586296973,211.56950960571496,192.23892968690228,19.330579918812674,6.9076651426106475,1
15_06_800,20x20x20,10,0.0525924514481166,208.8203889799036,188.2484301459648,20.571958833938822,6.9076651426106475,1
15_06_800,20x20x20,11,0.0582689068587828,205.8850406330704,183.52618357189704,22.358857061173353,6.9076651426106475,1
15_06_800,20x20x20,12,0.063913325408167,202.80149004426767,180.4143301006502,22.387159943617462,6.9076651426106475,1
15_06_800,20x20x20,13,0.0695260597573401,199.5955021084624,180.32791133706772,19.26759077139468,6.9076651426106475,1
15_06_800,20x20x20,14,0.0751074739796861,196.29286830451645,180.76044236970807,15.532425934808373,6.9076651426106475,1
15_06_800,20x20x20,15,0.0806579019727236,192.9175789610507,180.5955955137252,12.321983447325522,6.9076651426106475,1
15_06_800,20x20x20,16,0.0861776995220419,189.4979875296999,180.90022595134357,8.59776157835634,6.9076651426106475,1
15_06_800,20x20x20,17,0.0916671892871969,186.03847450687908,181.48606577258803,4.552408734291049,6.9076651426106475,1
15_06_800,20x20x20,18,0.0971267089999163,182.55910612933803,181.73291128075516,0.8261948485828725,6.9076651426106475,1
15_06_800,20x20x20,19,0.1025565908534479,179.07855617787197,180.7781637266314,1.6996075487594169,6.9076651426106475,1
15_06_800,20x20x20,20,0.1079571415585973,175.6433070772689,178.99910313707124,3.355796059802344,6.9076651426106475,1
15_06_800,20x20x20,21,0.1133286829121737,172.25605427497612,177.30077001532564,5.044715740349517,6.9076651426106475,1
15_06_800,20x20x20,22,0.1186715315172836,168.921116240301,175.32598743311797,6.404871192816984,6.9076651426106475,1
15_06_800,20x20x20,23,0.1239859791491398,165.65837849640275,173.65796937395282,7.999590877550077,6.9076651426106475,1
15_06_800,20x20x20,24,0.1292723326662926,162.4522604623055,171.8967509472817,9.4444904849762,6.9076651426106475,1
15_06_800,20x20x20,25,0.134530887539002,159.32369701266452,169.26581848556518,9.942121472900652,6.9076651426106475,1
15_06_800,40x40x40,1,0.0,0.0,0.0,0.0,7.227237990702802,1
15_06_800,40x40x40,2,0.0059820717293904,203.4642368,225.97691882831316,22.51268202831315,7.227237990702802,1
15_06_800,40x40x40,3,0.011928570968345,214.0802568,217.55287172393915,3.4726149239391475,7.227237990702802,1
15_06_800,40x40x40,4,0.0178399173671714,215.7809253,208.728379589617,7.052545710383015,7.227237990702802,1
15_06_800,40x40x40,5,0.0237165268210428,216.0613125,202.2921860256465,13.769126474353527,7.227237990702802,1
15_06_800,40x40x40,6,0.0295588015905227,214.4637957,198.12658345234476,16.33721224765523,7.227237990702802,1
15_06_800,40x40x40,7,0.0353671423414218,212.1222327,195.46893011191148,16.653302588088536,7.227237990702802,1
15_06_800,40x40x40,8,0.0411419427877547,209.3130298,194.002898824271,15.31013097572901,7.227237990702802,1
15_06_800,40x40x40,9,0.046883586296973,206.1623615,192.23892968690228,13.923431813097721,7.227237990702802,1
15_06_800,40x40x40,10,0.0525924514481166,202.7432674,188.2484301459648,14.494837254035218,7.227237990702802,1
15_06_800,40x40x40,11,0.0582689068587828,199.1105576,183.52618357189704,15.584374028102957,7.227237990702802,1
15_06_800,40x40x40,12,0.063913325408167,195.327559,180.4143301006502,14.913228899349804,7.227237990702802,1
15_06_800,40x40x40,13,0.0695260597573401,191.4444107,180.32791133706772,11.116499362932274,7.227237990702802,1
15_06_800,40x40x40,14,0.0751074739796861,187.5079891,180.76044236970807,6.74754673029193,7.227237990702802,1
15_06_800,40x40x40,15,0.0806579019727236,183.5670204,180.5955955137252,2.9714248862748036,7.227237990702802,1
15_06_800,40x40x40,16,0.0861776995220419,179.6562285,180.90022595134357,1.2439974513435743,7.227237990702802,1
15_06_800,40x40x40,17,0.0916671892871969,175.7847052,181.48606577258803,5.701360572588044,7.227237990702802,1
15_06_800,40x40x40,18,0.0971267089999163,171.970979,181.73291128075516,9.761932280755161,7.227237990702802,1
15_06_800,40x40x40,19,0.1025565908534479,168.2217251,180.7781637266314,12.556438626631405,7.227237990702802,1
15_06_800,40x40x40,20,0.1079571415585973,164.5566477,178.99910313707124,14.442455437071231,7.227237990702802,1
15_06_800,40x40x40,21,0.1133286829121737,160.9707162,177.30077001532564,16.33005381532564,7.227237990702802,1
15_06_800,40x40x40,22,0.1186715315172836,157.4721896,175.32598743311797,17.853797833117966,7.227237990702802,1
15_06_800,40x40x40,23,0.1239859791491398,154.0691364,173.65796937395282,19.588832973952833,7.227237990702802,1
15_06_800,40x40x40,24,0.1292723326662926,150.1541602,171.8967509472817,21.742590747281696,7.227237990702802,1
15_06_800,40x40x40,25,0.134530887539002,147.0271765,169.26581848556518,22.23864198556518,7.227237990702802,1
