Case,Size,Folder,RVE,Point_Index,True_Strain,True_Stress,Source_File
01_001_20,L=1.6um,161616,RVE1,1,0.0,0.0,F:\1_job\20251124\CPFE_PARAMATER_TEST_PBC\1_CPFE_3DMODEL_BUILD\4_BASE_ROOT\job\161616\RVE1\01_001_20.csv
01_001_20,L=1.6um,161616,RVE1,2,0.0059820717293904,373.4706379368805,F:\1_job\20251124\CPFE_PARAMATER_TEST_PBC\1_CPFE_3DMODEL_BUILD\4_BASE_ROOT\job\161616\RVE1\01_001_20.csv
01_001_20,L=1.6um,161616,RVE1,3,0.011928570968345,732.8891437809078,F:\1_job\20251124\CPFE_PARAMATER_TEST_PBC\1_CPFE_3DMODEL_BUILD\4_BASE_ROOT\job\161616\RVE1\01_001_20.csv
01_001_20,L=1.6um,161616,RVE1,4,0.0178399173671714,859.0143777746122,F:\1_job\20251124\CPFE_PARAMATER_TEST_PBC\1_CPFE_3DMODEL_BUILD\4_BASE_ROOT\job\161616\RVE1\01_001_20.csv
01_001_20,L=1.6um,161616,RVE1,5,0.0237165268210428,883.4945680510853,F:\1_job\20251124\CPFE_PARAMATER_TEST_PBC\1_CPFE_3DMODEL_BUILD\4_BASE_ROOT\job\161616\RVE1\01_001_20.csv
01_001_20,L=1.6um,161616,RVE1,6,0.0295588015905227,897.4244922517559,F:\1_job\20251124\CPFE_PARAMATER_TEST_PBC\1_CPFE_3DMODEL_BUILD\4_BASE_ROOT\job\161616\RVE1\01_001_20.csv
01_001_20,L=1.6um,161616,RVE1,7,0.0353671423414218,908.237593484306,F:\1_job\20251124\CPFE_PARAMATER_TEST_PBC\1_CPFE_3DMODEL_BUILD\4_BASE_ROOT\job\161616\RVE1\01_001_20.csv
01_001_20,L=1.6um,161616,RVE1,8,0.0411419427877547,916.675663926756,F:\1_job\20251124\CPFE_PARAMATER_TEST_PBC\1_CPFE_3DMODEL_BUILD\4_BASE_ROOT\job\161616\RVE1\01_001_20.csv
01_001_20,L=1.6um,161616,RVE1,9,0.046883586296973,923.1345661977516,F:\1_job\20251124\CPFE_PARAMATER_TEST_PBC\1_CPFE_3DMODEL_BUILD\4_BASE_ROOT\job\161616\RVE1\01_001_20.csv
01_001_20,L=1.6um,161616,RVE1,10,0.0525924514481166,928.0559417421788,F:\1_job\20251124\CPFE_PARAMATER_TEST_PBC\1_CPFE_3DMODEL_BUILD\4_BASE_ROOT\job\161616\RVE1\01_001_20.csv
01_001_20,L=1.6um,161616,RVE1,11,0.0582689068587828,931.8917048108148,F:\1_job\20251124\CPFE_PARAMATER_TEST_PBC\1_CPFE_3DMODEL_BUILD\4_BASE_ROOT\job\161616\RVE1\01_001_20.csv
01_001_20,L=1.6um,161616,RVE1,12,0.063913325408167,934.9252419911478,F:\1_job\20251124\CPFE_PARAMATER_TEST_PBC\1_CPFE_3DMODEL_BUILD\4_BASE_ROOT\job\161616\RVE1\01_001_20.csv
01_001_20,L=1.6um,161616,RVE1,13,0.0695260597573401,937.366338880702,F:\1_job\20251124\CPFE_PARAMATER_TEST_PBC\1_CPFE_3DMODEL_BUILD\4_BASE_ROOT\job\161616\RVE1\01_001_20.csv
01_001_20,L=1.6um,161616,RVE1,14,0.0751074739796861,939.3239010290304,F:\1_job\20251124\CPFE_PARAMATER_TEST_PBC\1_CPFE_3DMODEL_BUILD\4_BASE_ROOT\job\161616\RVE1\01_001_20.csv
01_001_20,L=1.6um,161616,RVE1,15,0.0806579019727236,940.891744107506,F:\1_job\20251124\CPFE_PARAMATER_TEST_PBC\1_CPFE_3DMODEL_BUILD\4_BASE_ROOT\job\161616\RVE1\01_001_20.csv
01_001_20,L=1.6um,161616,RVE1,16,0.0861776995220419,942.1344442284473,F:\1_job\20251124\CPFE_PARAMATER_TEST_PBC\1_CPFE_3DMODEL_BUILD\4_BASE_ROOT\job\161616\RVE1\01_001_20.csv
01_001_20,L=1.6um,161616,RVE1,17,0.0916671892871969,943.1007907418552,F:\1_job\20251124\CPFE_PARAMATER_TEST_PBC\1_CPFE_3DMODEL_BUILD\4_BASE_ROOT\job\161616\RVE1\01_001_20.csv
01_001_20,L=1.6um,161616,RVE1,18,0.0971267089999163,943.8538351411978,F:\1_job\20251124\CPFE_PARAMATER_TEST_PBC\1_CPFE_3DMODEL_BUILD\4_BASE_ROOT\job\161616\RVE1\01_001_20.csv
01_001_20,L=1.6um,161616,RVE1,19,0.1025565908534479,944.43569684397,F:\1_job\20251124\CPFE_PARAMATER_TEST_PBC\1_CPFE_3DMODEL_BUILD\4_BASE_ROOT\job\161616\RVE1\01_001_20.csv
01_001_20,L=1.6um,161616,RVE1,20,0.1079571415585973,944.8717852144348,F:\1_job\20251124\CPFE_PARAMATER_TEST_PBC\1_CPFE_3DMODEL_BUILD\4_BASE_ROOT\job\161616\RVE1\01_001_20.csv
01_001_20,L=1.6um,161616,RVE1,21,0.1133286829121737,945.1942611946728,F:\1_job\20251124\CPFE_PARAMATER_TEST_PBC\1_CPFE_3DMODEL_BUILD\4_BASE_ROOT\job\161616\RVE1\01_001_20.csv
01_001_20,L=1.6um,161616,RVE1,22,0.1186715315172836,945.417685660556,F:\1_job\20251124\CPFE_PARAMATER_TEST_PBC\1_CPFE_3DMODEL_BUILD\4_BASE_ROOT\job\161616\RVE1\01_001_20.csv
01_001_20,L=1.6um,161616,RVE1,23,0.1239859791491398,945.5603061900372,F:\1_job\20251124\CPFE_PARAMATER_TEST_PBC\1_CPFE_3DMODEL_BUILD\4_BASE_ROOT\job\161616\RVE1\01_001_20.csv
01_001_20,L=1.6um,161616,RVE1,24,0.1292723326662926,945.6259378078372,F:\1_job\20251124\CPFE_PARAMATER_TEST_PBC\1_CPFE_3DMODEL_BUILD\4_BASE_ROOT\job\161616\RVE1\01_001_20.csv
01_001_20,L=1.6um,161616,RVE1,25,0.134530887539002,945.6262527724492,F:\1_job\20251124\CPFE_PARAMATER_TEST_PBC\1_CPFE_3DMODEL_BUILD\4_BASE_ROOT\job\161616\RVE1\01_001_20.csv
01_001_20,L=1.6um,161616,RVE1,26,0.1397619475581712,945.5621529950378,F:\1_job\20251124\CPFE_PARAMATER_TEST_PBC\1_CPFE_3DMODEL_BUILD\4_BASE_ROOT\job\161616\RVE1\01_001_20.csv
01_001_20,L=1.6um,161616,RVE1,27,0.1449657730344857,945.4537503817556,F:\1_job\20251124\CPFE_PARAMATER_TEST_PBC\1_CPFE_3DMODEL_BUILD\4_BASE_ROOT\job\161616\RVE1\01_001_20.csv
01_001_20,L=1.6um,161616,RVE1,28,0.1501426588400785,945.2898943727027,F:\1_job\20251124\CPFE_PARAMATER_TEST_PBC\1_CPFE_3DMODEL_BUILD\4_BASE_ROOT\job\161616\RVE1\01_001_20.csv
01_001_20,L=1.6um,161616,RVE2,1,0.0,0.0,F:\1_job\20251124\CPFE_PARAMATER_TEST_PBC\1_CPFE_3DMODEL_BUILD\4_BASE_ROOT\job\161616\RVE2\01_001_20.csv
01_001_20,L=1.6um,161616,RVE2,2,0.0059820717293904,442.9221800795344,F:\1_job\20251124\CPFE_PARAMATER_TEST_PBC\1_CPFE_3DMODEL_BUILD\4_BASE_ROOT\job\161616\RVE2\01_001_20.csv
01_001_20,L=1.6um,161616,RVE2,3,0.011928570968345,836.8504923252536,F:\1_job\20251124\CPFE_PARAMATER_TEST_PBC\1_CPFE_3DMODEL_BUILD\4_BASE_ROOT\job\161616\RVE2\01_001_20.csv
01_001_20,L=1.6um,161616,RVE2,4,0.0178399173671714,990.9591800776312,F:\1_job\20251124\CPFE_PARAMATER_TEST_PBC\1_CPFE_3DMODEL_BUILD\4_BASE_ROOT\job\161616\RVE2\01_001_20.csv
01_001_20,L=1.6um,161616,RVE2,5,0.0237165268210428,1018.025146691774,F:\1_job\20251124\CPFE_PARAMATER_TEST_PBC\1_CPFE_3DMODEL_BUILD\4_BASE_ROOT\job\161616\RVE2\01_001_20.csv
01_001_20,L=1.6um,161616,RVE2,6,0.0295588015905227,1038.0014436639908,F:\1_job\20251124\CPFE_PARAMATER_TEST_PBC\1_CPFE_3DMODEL_BUILD\4_BASE_ROOT\job\161616\RVE2\01_001_20.csv
01_001_20,L=1.6um,161616,RVE2,7,0.0353671423414218,1051.6139606003846,F:\1_job\20251124\CPFE_PARAMATER_TEST_PBC\1_CPFE_3DMODEL_BUILD\4_BASE_ROOT\job\161616\RVE2\01_001_20.csv
01_001_20,L=1.6um,161616,RVE2,8,0.0411419427877547,1061.8878632973838,F:\1_job\20251124\CPFE_PARAMATER_TEST_PBC\1_CPFE_3DMODEL_BUILD\4_BASE_ROOT\job\161616\RVE2\01_001_20.csv
01_001_20,L=1.6um,161616,RVE2,9,0.046883586296973,1070.0031570879798,F:\1_job\20251124\CPFE_PARAMATER_TEST_PBC\1_CPFE_3DMODEL_BUILD\4_BASE_ROOT\job\161616\RVE2\01_001_20.csv
01_001_20,L=1.6um,161616,RVE2,10,0.0525924514481166,1076.524917125834,F:\1_job\20251124\CPFE_PARAMATER_TEST_PBC\1_CPFE_3DMODEL_BUILD\4_BASE_ROOT\job\161616\RVE2\01_001_20.csv
01_001_20,L=1.6um,161616,RVE2,11,0.0582689068587828,1081.8825851103968,F:\1_job\20251124\CPFE_PARAMATER_TEST_PBC\1_CPFE_3DMODEL_BUILD\4_BASE_ROOT\job\161616\RVE2\01_001_20.csv
01_001_20,L=1.6um,161616,RVE2,12,0.063913325408167,1086.383039825277,F:\1_job\20251124\CPFE_PARAMATER_TEST_PBC\1_CPFE_3DMODEL_BUILD\4_BASE_ROOT\job\161616\RVE2\01_001_20.csv
01_001_20,L=1.6um,161616,RVE2,13,0.0695260597573401,1090.1439558935094,F:\1_job\20251124\CPFE_PARAMATER_TEST_PBC\1_CPFE_3DMODEL_BUILD\4_BASE_ROOT\job\161616\RVE2\01_001_20.csv
01_001_20,L=1.6um,161616,RVE2,14,0.0751074739796861,1093.316181622959,F:\1_job\20251124\CPFE_PARAMATER_TEST_PBC\1_CPFE_3DMODEL_BUILD\4_BASE_ROOT\job\161616\RVE2\01_001_20.csv
01_001_20,L=1.6um,161616,RVE2,15,0.0806579019727236,1095.992527293551,F:\1_job\20251124\CPFE_PARAMATER_TEST_PBC\1_CPFE_3DMODEL_BUILD\4_BASE_ROOT\job\161616\RVE2\01_001_20.csv
01_001_20,L=1.6um,161616,RVE2,16,0.0861776995220419,1098.2515943321118,F:\1_job\20251124\CPFE_PARAMATER_TEST_PBC\1_CPFE_3DMODEL_BUILD\4_BASE_ROOT\job\161616\RVE2\01_001_20.csv
01_001_20,L=1.6um,161616,RVE2,17,0.0916671892871969,1100.1225069792663,F:\1_job\20251124\CPFE_PARAMATER_TEST_PBC\1_CPFE_3DMODEL_BUILD\4_BASE_ROOT\job\161616\RVE2\01_001_20.csv
01_001_20,L=1.6um,161616,RVE2,18,0.0971267089999163,1101.7038931851744,F:\1_job\20251124\CPFE_PARAMATER_TEST_PBC\1_CPFE_3DMODEL_BUILD\4_BASE_ROOT\job\161616\RVE2\01_001_20.csv
01_001_20,L=1.6um,161616,RVE2,19,0.1025565908534479,1102.9991745226307,F:\1_job\20251124\CPFE_PARAMATER_TEST_PBC\1_CPFE_3DMODEL_BUILD\4_BASE_ROOT\job\161616\RVE2\01_001_20.csv
01_001_20,L=1.6um,161616,RVE2,20,0.1079571415585973,1104.063237368529,F:\1_job\20251124\CPFE_PARAMATER_TEST_PBC\1_CPFE_3DMODEL_BUILD\4_BASE_ROOT\job\161616\RVE2\01_001_20.csv
01_001_20,L=1.6um,161616,RVE2,21,0.1133286829121737,1104.9065277341865,F:\1_job\20251124\CPFE_PARAMATER_TEST_PBC\1_CPFE_3DMODEL_BUILD\4_BASE_ROOT\job\161616\RVE2\01_001_20.csv
01_001_20,L=1.6um,161616,RVE2,22,0.1186715315172836,1105.57185848851,F:\1_job\20251124\CPFE_PARAMATER_TEST_PBC\1_CPFE_3DMODEL_BUILD\4_BASE_ROOT\job\161616\RVE2\01_001_20.csv
01_001_20,L=1.6um,161616,RVE2,23,0.1239859791491398,1106.0708060428422,F:\1_job\20251124\CPFE_PARAMATER_TEST_PBC\1_CPFE_3DMODEL_BUILD\4_BASE_ROOT\job\161616\RVE2\01_001_20.csv
01_001_20,L=1.6um,161616,RVE2,24,0.1292723326662926,1106.419054842566,F:\1_job\20251124\CPFE_PARAMATER_TEST_PBC\1_CPFE_3DMODEL_BUILD\4_BASE_ROOT\job\161616\RVE2\01_001_20.csv
01_001_20,L=1.6um,161616,RVE2,25,0.134530887539002,1106.6062609791416,F:\1_job\20251124\CPFE_PARAMATER_TEST_PBC\1_CPFE_3DMODEL_BUILD\4_BASE_ROOT\job\161616\RVE2\01_001_20.csv
01_001_20,L=1.6um,161616,RVE2,26,0.1397619475581712,1106.6913453480022,F:\1_job\20251124\CPFE_PARAMATER_TEST_PBC\1_CPFE_3DMODEL_BUILD\4_BASE_ROOT\job\161616\RVE2\01_001_20.csv
01_001_20,L=1.6um,161616,RVE2,27,0.1449657730344857,1106.6547970589963,F:\1_job\20251124\CPFE_PARAMATER_TEST_PBC\1_CPFE_3DMODEL_BUILD\4_BASE_ROOT\job\161616\RVE2\01_001_20.csv
01_001_20,L=1.6um,161616,RVE2,28,0.1501426588400785,1106.5365297566743,F:\1_job\20251124\CPFE_PARAMATER_TEST_PBC\1_CPFE_3DMODEL_BUILD\4_BASE_ROOT\job\161616\RVE2\01_001_20.csv
01_001_20,L=1.6um,161616,RVE3,1,0.0,0.0,F:\1_job\20251124\CPFE_PARAMATER_TEST_PBC\1_CPFE_3DMODEL_BUILD\4_BASE_ROOT\job\161616\RVE3\01_001_20.csv
01_001_20,L=1.6um,161616,RVE3,2,0.0059820717293904,432.2647255883202,F:\1_job\20251124\CPFE_PARAMATER_TEST_PBC\1_CPFE_3DMODEL_BUILD\4_BASE_ROOT\job\161616\RVE3\01_001_20.csv
01_001_20,L=1.6um,161616,RVE3,3,0.011928570968345,795.9034739360998,F:\1_job\20251124\CPFE_PARAMATER_TEST_PBC\1_CPFE_3DMODEL_BUILD\4_BASE_ROOT\job\161616\RVE3\01_001_20.csv
01_001_20,L=1.6um,161616,RVE3,4,0.0178399173671714,889.9605846783567,F:\1_job\20251124\CPFE_PARAMATER_TEST_PBC\1_CPFE_3DMODEL_BUILD\4_BASE_ROOT\job\161616\RVE3\01_001_20.csv
01_001_20,L=1.6um,161616,RVE3,5,0.0237165268210428,934.5126955028852,F:\1_job\20251124\CPFE_PARAMATER_TEST_PBC\1_CPFE_3DMODEL_BUILD\4_BASE_ROOT\job\161616\RVE3\01_001_20.csv
01_001_20,L=1.6um,161616,RVE3,6,0.0295588015905227,966.383138861945,F:\1_job\20251124\CPFE_PARAMATER_TEST_PBC\1_CPFE_3DMODEL_BUILD\4_BASE_ROOT\job\161616\RVE3\01_001_20.csv
01_001_20,L=1.6um,161616,RVE3,7,0.0353671423414218,991.2282945587403,F:\1_job\20251124\CPFE_PARAMATER_TEST_PBC\1_CPFE_3DMODEL_BUILD\4_BASE_ROOT\job\161616\RVE3\01_001_20.csv
01_001_20,L=1.6um,161616,RVE3,8,0.0411419427877547,1011.0238630045898,F:\1_job\20251124\CPFE_PARAMATER_TEST_PBC\1_CPFE_3DMODEL_BUILD\4_BASE_ROOT\job\161616\RVE3\01_001_20.csv
01_001_20,L=1.6um,161616,RVE3,9,0.046883586296973,1026.9754933631164,F:\1_job\20251124\CPFE_PARAMATER_TEST_PBC\1_CPFE_3DMODEL_BUILD\4_BASE_ROOT\job\161616\RVE3\01_001_20.csv
01_001_20,L=1.6um,161616,RVE3,10,0.0525924514481166,1040.0789244884024,F:\1_job\20251124\CPFE_PARAMATER_TEST_PBC\1_CPFE_3DMODEL_BUILD\4_BASE_ROOT\job\161616\RVE3\01_001_20.csv
01_001_20,L=1.6um,161616,RVE3,11,0.0582689068587828,1050.881159168098,F:\1_job\20251124\CPFE_PARAMATER_TEST_PBC\1_CPFE_3DMODEL_BUILD\4_BASE_ROOT\job\161616\RVE3\01_001_20.csv
01_001_20,L=1.6um,161616,RVE3,12,0.063913325408167,1059.8675763627598,F:\1_job\20251124\CPFE_PARAMATER_TEST_PBC\1_CPFE_3DMODEL_BUILD\4_BASE_ROOT\job\161616\RVE3\01_001_20.csv
01_001_20,L=1.6um,161616,RVE3,13,0.0695260597573401,1067.3436906472364,F:\1_job\20251124\CPFE_PARAMATER_TEST_PBC\1_CPFE_3DMODEL_BUILD\4_BASE_ROOT\job\161616\RVE3\01_001_20.csv
01_001_20,L=1.6um,161616,RVE3,14,0.0751074739796861,1073.59964387952,F:\1_job\20251124\CPFE_PARAMATER_TEST_PBC\1_CPFE_3DMODEL_BUILD\4_BASE_ROOT\job\161616\RVE3\01_001_20.csv
01_001_20,L=1.6um,161616,RVE3,15,0.0806579019727236,1078.8159650022303,F:\1_job\20251124\CPFE_PARAMATER_TEST_PBC\1_CPFE_3DMODEL_BUILD\4_BASE_ROOT\job\161616\RVE3\01_001_20.csv
01_001_20,L=1.6um,161616,RVE3,16,0.0861776995220419,1083.1542783750997,F:\1_job\20251124\CPFE_PARAMATER_TEST_PBC\1_CPFE_3DMODEL_BUILD\4_BASE_ROOT\job\161616\RVE3\01_001_20.csv
01_001_20,L=1.6um,161616,RVE3,17,0.0916671892871969,1086.7318419147498,F:\1_job\20251124\CPFE_PARAMATER_TEST_PBC\1_CPFE_3DMODEL_BUILD\4_BASE_ROOT\job\161616\RVE3\01_001_20.csv
01_001_20,L=1.6um,161616,RVE3,18,0.0971267089999163,1089.6866187070343,F:\1_job\20251124\CPFE_PARAMATER_TEST_PBC\1_CPFE_3DMODEL_BUILD\4_BASE_ROOT\job\161616\RVE3\01_001_20.csv
01_001_20,L=1.6um,161616,RVE3,19,0.1025565908534479,1092.0848182633458,F:\1_job\20251124\CPFE_PARAMATER_TEST_PBC\1_CPFE_3DMODEL_BUILD\4_BASE_ROOT\job\161616\RVE3\01_001_20.csv
01_001_20,L=1.6um,161616,RVE3,20,0.1079571415585973,1093.9795988191383,F:\1_job\20251124\CPFE_PARAMATER_TEST_PBC\1_CPFE_3DMODEL_BUILD\4_BASE_ROOT\job\161616\RVE3\01_001_20.csv
01_001_20,L=1.6um,161616,RVE3,21,0.1133286829121737,1095.4661915293773,F:\1_job\20251124\CPFE_PARAMATER_TEST_PBC\1_CPFE_3DMODEL_BUILD\4_BASE_ROOT\job\161616\RVE3\01_001_20.csv
01_001_20,L=1.6um,161616,RVE3,22,0.1186715315172836,1096.612364239253,F:\1_job\20251124\CPFE_PARAMATER_TEST_PBC\1_CPFE_3DMODEL_BUILD\4_BASE_ROOT\job\161616\RVE3\01_001_20.csv
01_001_20,L=1.6um,161616,RVE3,23,0.1239859791491398,1097.458891413579,F:\1_job\20251124\CPFE_PARAMATER_TEST_PBC\1_CPFE_3DMODEL_BUILD\4_BASE_ROOT\job\161616\RVE3\01_001_20.csv
01_001_20,L=1.6um,161616,RVE3,24,0.1292723326662926,1098.0400043747798,F:\1_job\20251124\CPFE_PARAMATER_TEST_PBC\1_CPFE_3DMODEL_BUILD\4_BASE_ROOT\job\161616\RVE3\01_001_20.csv
01_001_20,L=1.6um,161616,RVE3,25,0.134530887539002,1098.4104387846294,F:\1_job\20251124\CPFE_PARAMATER_TEST_PBC\1_CPFE_3DMODEL_BUILD\4_BASE_ROOT\job\161616\RVE3\01_001_20.csv
01_001_20,L=1.6um,161616,RVE3,26,0.1397619475581712,1098.615401716934,F:\1_job\20251124\CPFE_PARAMATER_TEST_PBC\1_CPFE_3DMODEL_BUILD\4_BASE_ROOT\job\161616\RVE3\01_001_20.csv
01_001_20,L=1.6um,161616,RVE3,27,0.1449657730344857,1098.6650154186325,F:\1_job\20251124\CPFE_PARAMATER_TEST_PBC\1_CPFE_3DMODEL_BUILD\4_BASE_ROOT\job\161616\RVE3\01_001_20.csv
01_001_20,L=1.6um,161616,RVE3,28,0.1501426588400785,1098.574400756558,F:\1_job\20251124\CPFE_PARAMATER_TEST_PBC\1_CPFE_3DMODEL_BUILD\4_BASE_ROOT\job\161616\RVE3\01_001_20.csv
01_001_20,L=2.0um,202020,RVE1,1,0.0,0.0,F:\1_job\20251124\CPFE_PARAMATER_TEST_PBC\1_CPFE_3DMODEL_BUILD\4_BASE_ROOT\job\202020\RVE1\01_001_20.csv
01_001_20,L=2.0um,202020,RVE1,2,0.0059820717293904,451.2087450185092,F:\1_job\20251124\CPFE_PARAMATER_TEST_PBC\1_CPFE_3DMODEL_BUILD\4_BASE_ROOT\job\202020\RVE1\01_001_20.csv
01_001_20,L=2.0um,202020,RVE1,3,0.011928570968345,823.3075845575155,F:\1_job\20251124\CPFE_PARAMATER_TEST_PBC\1_CPFE_3DMODEL_BUILD\4_BASE_ROOT\job\202020\RVE1\01_001_20.csv
01_001_20,L=2.0um,202020,RVE1,4,0.0178399173671714,925.45296316277,F:\1_job\20251124\CPFE_PARAMATER_TEST_PBC\1_CPFE_3DMODEL_BUILD\4_BASE_ROOT\job\202020\RVE1\01_001_20.csv
01_001_20,L=2.0um,202020,RVE1,5,0.0237165268210428,968.5460626973188,F:\1_job\20251124\CPFE_PARAMATER_TEST_PBC\1_CPFE_3DMODEL_BUILD\4_BASE_ROOT\job\202020\RVE1\01_001_20.csv
01_001_20,L=2.0um,202020,RVE1,6,0.0295588015905227,996.075694541963,F:\1_job\20251124\CPFE_PARAMATER_TEST_PBC\1_CPFE_3DMODEL_BUILD\4_BASE_ROOT\job\202020\RVE1\01_001_20.csv
01_001_20,L=2.0um,202020,RVE1,7,0.0353671423414218,1016.7151847584236,F:\1_job\20251124\CPFE_PARAMATER_TEST_PBC\1_CPFE_3DMODEL_BUILD\4_BASE_ROOT\job\202020\RVE1\01_001_20.csv
01_001_20,L=2.0um,202020,RVE1,8,0.0411419427877547,1033.231783129927,F:\1_job\20251124\CPFE_PARAMATER_TEST_PBC\1_CPFE_3DMODEL_BUILD\4_BASE_ROOT\job\202020\RVE1\01_001_20.csv
01_001_20,L=2.0um,202020,RVE1,9,0.046883586296973,1046.999462330897,F:\1_job\20251124\CPFE_PARAMATER_TEST_PBC\1_CPFE_3DMODEL_BUILD\4_BASE_ROOT\job\202020\RVE1\01_001_20.csv
01_001_20,L=2.0um,202020,RVE1,10,0.0525924514481166,1058.7251817048402,F:\1_job\20251124\CPFE_PARAMATER_TEST_PBC\1_CPFE_3DMODEL_BUILD\4_BASE_ROOT\job\202020\RVE1\01_001_20.csv
01_001_20,L=2.0um,202020,RVE1,11,0.0582689068587828,1068.8437913723158,F:\1_job\20251124\CPFE_PARAMATER_TEST_PBC\1_CPFE_3DMODEL_BUILD\4_BASE_ROOT\job\202020\RVE1\01_001_20.csv
01_001_20,L=2.0um,202020,RVE1,12,0.063913325408167,1077.6519574021347,F:\1_job\20251124\CPFE_PARAMATER_TEST_PBC\1_CPFE_3DMODEL_BUILD\4_BASE_ROOT\job\202020\RVE1\01_001_20.csv
01_001_20,L=2.0um,202020,RVE1,13,0.0695260597573401,1085.3987536977563,F:\1_job\20251124\CPFE_PARAMATER_TEST_PBC\1_CPFE_3DMODEL_BUILD\4_BASE_ROOT\job\202020\RVE1\01_001_20.csv
01_001_20,L=2.0um,202020,RVE1,14,0.0751074739796861,1092.2640918405807,F:\1_job\20251124\CPFE_PARAMATER_TEST_PBC\1_CPFE_3DMODEL_BUILD\4_BASE_ROOT\job\202020\RVE1\01_001_20.csv
01_001_20,L=2.0um,202020,RVE1,15,0.0806579019727236,1098.3948228270824,F:\1_job\20251124\CPFE_PARAMATER_TEST_PBC\1_CPFE_3DMODEL_BUILD\4_BASE_ROOT\job\202020\RVE1\01_001_20.csv
01_001_20,L=2.0um,202020,RVE1,16,0.0861776995220419,1103.8682311608427,F:\1_job\20251124\CPFE_PARAMATER_TEST_PBC\1_CPFE_3DMODEL_BUILD\4_BASE_ROOT\job\202020\RVE1\01_001_20.csv
01_001_20,L=2.0um,202020,RVE1,17,0.0916671892871969,1108.7569217426153,F:\1_job\20251124\CPFE_PARAMATER_TEST_PBC\1_CPFE_3DMODEL_BUILD\4_BASE_ROOT\job\202020\RVE1\01_001_20.csv
01_001_20,L=2.0um,202020,RVE1,18,0.0971267089999163,1113.1359555929084,F:\1_job\20251124\CPFE_PARAMATER_TEST_PBC\1_CPFE_3DMODEL_BUILD\4_BASE_ROOT\job\202020\RVE1\01_001_20.csv
01_001_20,L=2.0um,202020,RVE1,19,0.1025565908534479,1117.05626625205,F:\1_job\20251124\CPFE_PARAMATER_TEST_PBC\1_CPFE_3DMODEL_BUILD\4_BASE_ROOT\job\202020\RVE1\01_001_20.csv
01_001_20,L=2.0um,202020,RVE1,20,0.1079571415585973,1120.5886736439415,F:\1_job\20251124\CPFE_PARAMATER_TEST_PBC\1_CPFE_3DMODEL_BUILD\4_BASE_ROOT\job\202020\RVE1\01_001_20.csv
01_001_20,L=2.0um,202020,RVE1,21,0.1133286829121737,1123.7234641057487,F:\1_job\20251124\CPFE_PARAMATER_TEST_PBC\1_CPFE_3DMODEL_BUILD\4_BASE_ROOT\job\202020\RVE1\01_001_20.csv
01_001_20,L=2.0um,202020,RVE1,22,0.1186715315172836,1126.5713178234846,F:\1_job\20251124\CPFE_PARAMATER_TEST_PBC\1_CPFE_3DMODEL_BUILD\4_BASE_ROOT\job\202020\RVE1\01_001_20.csv
01_001_20,L=2.0um,202020,RVE1,23,0.1239859791491398,1129.0810090522136,F:\1_job\20251124\CPFE_PARAMATER_TEST_PBC\1_CPFE_3DMODEL_BUILD\4_BASE_ROOT\job\202020\RVE1\01_001_20.csv
01_001_20,L=2.0um,202020,RVE1,24,0.1292723326662926,1131.3113987849292,F:\1_job\20251124\CPFE_PARAMATER_TEST_PBC\1_CPFE_3DMODEL_BUILD\4_BASE_ROOT\job\202020\RVE1\01_001_20.csv
01_001_20,L=2.0um,202020,RVE1,25,0.134530887539002,1133.303901085637,F:\1_job\20251124\CPFE_PARAMATER_TEST_PBC\1_CPFE_3DMODEL_BUILD\4_BASE_ROOT\job\202020\RVE1\01_001_20.csv
01_001_20,L=2.0um,202020,RVE1,26,0.1397619475581712,1135.0422849356728,F:\1_job\20251124\CPFE_PARAMATER_TEST_PBC\1_CPFE_3DMODEL_BUILD\4_BASE_ROOT\job\202020\RVE1\01_001_20.csv
01_001_20,L=2.0um,202020,RVE1,27,0.1449657730344857,1136.5662348539945,F:\1_job\20251124\CPFE_PARAMATER_TEST_PBC\1_CPFE_3DMODEL_BUILD\4_BASE_ROOT\job\202020\RVE1\01_001_20.csv
01_001_20,L=2.0um,202020,RVE1,28,0.1501426588400785,1137.9194937530883,F:\1_job\20251124\CPFE_PARAMATER_TEST_PBC\1_CPFE_3DMODEL_BUILD\4_BASE_ROOT\job\202020\RVE1\01_001_20.csv
01_001_20,L=2.0um,202020,RVE2,1,0.0,0.0,F:\1_job\20251124\CPFE_PARAMATER_TEST_PBC\1_CPFE_3DMODEL_BUILD\4_BASE_ROOT\job\202020\RVE2\01_001_20.csv
01_001_20,L=2.0um,202020,RVE2,2,0.0059820717293904,430.939754599978,F:\1_job\20251124\CPFE_PARAMATER_TEST_PBC\1_CPFE_3DMODEL_BUILD\4_BASE_ROOT\job\202020\RVE2\01_001_20.csv
01_001_20,L=2.0um,202020,RVE2,3,0.011928570968345,827.4509536985677,F:\1_job\20251124\CPFE_PARAMATER_TEST_PBC\1_CPFE_3DMODEL_BUILD\4_BASE_ROOT\job\202020\RVE2\01_001_20.csv
01_001_20,L=2.0um,202020,RVE2,4,0.0178399173671714,966.1922867401595,F:\1_job\20251124\CPFE_PARAMATER_TEST_PBC\1_CPFE_3DMODEL_BUILD\4_BASE_ROOT\job\202020\RVE2\01_001_20.csv
01_001_20,L=2.0um,202020,RVE2,5,0.0237165268210428,990.2160002017336,F:\1_job\20251124\CPFE_PARAMATER_TEST_PBC\1_CPFE_3DMODEL_BUILD\4_BASE_ROOT\job\202020\RVE2\01_001_20.csv
01_001_20,L=2.0um,202020,RVE2,6,0.0295588015905227,1011.0975756356988,F:\1_job\20251124\CPFE_PARAMATER_TEST_PBC\1_CPFE_3DMODEL_BUILD\4_BASE_ROOT\job\202020\RVE2\01_001_20.csv
01_001_20,L=2.0um,202020,RVE2,7,0.0353671423414218,1029.141114427336,F:\1_job\20251124\CPFE_PARAMATER_TEST_PBC\1_CPFE_3DMODEL_BUILD\4_BASE_ROOT\job\202020\RVE2\01_001_20.csv
01_001_20,L=2.0um,202020,RVE2,8,0.0411419427877547,1042.651821821097,F:\1_job\20251124\CPFE_PARAMATER_TEST_PBC\1_CPFE_3DMODEL_BUILD\4_BASE_ROOT\job\202020\RVE2\01_001_20.csv
01_001_20,L=2.0um,202020,RVE2,9,0.046883586296973,1059.227173761546,F:\1_job\20251124\CPFE_PARAMATER_TEST_PBC\1_CPFE_3DMODEL_BUILD\4_BASE_ROOT\job\202020\RVE2\01_001_20.csv
01_001_20,L=2.0um,202020,RVE2,10,0.0525924514481166,1072.4008059905923,F:\1_job\20251124\CPFE_PARAMATER_TEST_PBC\1_CPFE_3DMODEL_BUILD\4_BASE_ROOT\job\202020\RVE2\01_001_20.csv
01_001_20,L=2.0um,202020,RVE2,11,0.0582689068587828,1085.140773773572,F:\1_job\20251124\CPFE_PARAMATER_TEST_PBC\1_CPFE_3DMODEL_BUILD\4_BASE_ROOT\job\202020\RVE2\01_001_20.csv
01_001_20,L=2.0um,202020,RVE2,12,0.063913325408167,1097.3894835185602,F:\1_job\20251124\CPFE_PARAMATER_TEST_PBC\1_CPFE_3DMODEL_BUILD\4_BASE_ROOT\job\202020\RVE2\01_001_20.csv
01_001_20,L=2.0um,202020,RVE2,13,0.0695260597573401,1111.3526823336542,F:\1_job\20251124\CPFE_PARAMATER_TEST_PBC\1_CPFE_3DMODEL_BUILD\4_BASE_ROOT\job\202020\RVE2\01_001_20.csv
01_001_20,L=2.0um,202020,RVE2,14,0.0751074739796861,1124.1566139829192,F:\1_job\20251124\CPFE_PARAMATER_TEST_PBC\1_CPFE_3DMODEL_BUILD\4_BASE_ROOT\job\202020\RVE2\01_001_20.csv
01_001_20,L=2.0um,202020,RVE2,15,0.0806579019727236,1135.517125278534,F:\1_job\20251124\CPFE_PARAMATER_TEST_PBC\1_CPFE_3DMODEL_BUILD\4_BASE_ROOT\job\202020\RVE2\01_001_20.csv
01_001_20,L=2.0um,202020,RVE2,16,0.0861776995220419,1147.7786524474905,F:\1_job\20251124\CPFE_PARAMATER_TEST_PBC\1_CPFE_3DMODEL_BUILD\4_BASE_ROOT\job\202020\RVE2\01_001_20.csv
01_001_20,L=2.0um,202020,RVE2,17,0.0916671892871969,1156.4760018570723,F:\1_job\20251124\CPFE_PARAMATER_TEST_PBC\1_CPFE_3DMODEL_BUILD\4_BASE_ROOT\job\202020\RVE2\01_001_20.csv
01_001_20,L=2.0um,202020,RVE2,18,0.0971267089999163,1171.1564169182675,F:\1_job\20251124\CPFE_PARAMATER_TEST_PBC\1_CPFE_3DMODEL_BUILD\4_BASE_ROOT\job\202020\RVE2\01_001_20.csv
01_001_20,L=2.0um,202020,RVE2,19,0.1025565908534479,1181.9587324805998,F:\1_job\20251124\CPFE_PARAMATER_TEST_PBC\1_CPFE_3DMODEL_BUILD\4_BASE_ROOT\job\202020\RVE2\01_001_20.csv
01_001_20,L=2.0um,202020,RVE2,20,0.1079571415585973,1193.5747117337842,F:\1_job\20251124\CPFE_PARAMATER_TEST_PBC\1_CPFE_3DMODEL_BUILD\4_BASE_ROOT\job\202020\RVE2\01_001_20.csv
01_001_20,L=2.0um,202020,RVE2,21,0.1133286829121737,1201.6451533722648,F:\1_job\20251124\CPFE_PARAMATER_TEST_PBC\1_CPFE_3DMODEL_BUILD\4_BASE_ROOT\job\202020\RVE2\01_001_20.csv
01_001_20,L=2.0um,202020,RVE2,22,0.1186715315172836,1213.4314555530564,F:\1_job\20251124\CPFE_PARAMATER_TEST_PBC\1_CPFE_3DMODEL_BUILD\4_BASE_ROOT\job\202020\RVE2\01_001_20.csv
01_001_20,L=2.0um,202020,RVE2,23,0.1239859791491398,1223.1387121177831,F:\1_job\20251124\CPFE_PARAMATER_TEST_PBC\1_CPFE_3DMODEL_BUILD\4_BASE_ROOT\job\202020\RVE2\01_001_20.csv
01_001_20,L=2.0um,202020,RVE2,24,0.1292723326662926,1235.956624663322,F:\1_job\20251124\CPFE_PARAMATER_TEST_PBC\1_CPFE_3DMODEL_BUILD\4_BASE_ROOT\job\202020\RVE2\01_001_20.csv
01_001_20,L=2.0um,202020,RVE2,25,0.134530887539002,1245.8562119991984,F:\1_job\20251124\CPFE_PARAMATER_TEST_PBC\1_CPFE_3DMODEL_BUILD\4_BASE_ROOT\job\202020\RVE2\01_001_20.csv
01_001_20,L=2.0um,202020,RVE2,26,0.1397619475581712,1257.1960941625475,F:\1_job\20251124\CPFE_PARAMATER_TEST_PBC\1_CPFE_3DMODEL_BUILD\4_BASE_ROOT\job\202020\RVE2\01_001_20.csv
01_001_20,L=2.0um,202020,RVE2,27,0.1449657730344857,1266.1314405370083,F:\1_job\20251124\CPFE_PARAMATER_TEST_PBC\1_CPFE_3DMODEL_BUILD\4_BASE_ROOT\job\202020\RVE2\01_001_20.csv
01_001_20,L=2.0um,202020,RVE2,28,0.1501426588400785,1277.971628942396,F:\1_job\20251124\CPFE_PARAMATER_TEST_PBC\1_CPFE_3DMODEL_BUILD\4_BASE_ROOT\job\202020\RVE2\01_001_20.csv
01_001_20,L=2.0um,202020,RVE3,1,0.0,0.0,F:\1_job\20251124\CPFE_PARAMATER_TEST_PBC\1_CPFE_3DMODEL_BUILD\4_BASE_ROOT\job\202020\RVE3\01_001_20.csv
01_001_20,L=2.0um,202020,RVE3,2,0.0059820717293904,409.1067792570492,F:\1_job\20251124\CPFE_PARAMATER_TEST_PBC\1_CPFE_3DMODEL_BUILD\4_BASE_ROOT\job\202020\RVE3\01_001_20.csv
01_001_20,L=2.0um,202020,RVE3,3,0.011928570968345,752.1597349408073,F:\1_job\20251124\CPFE_PARAMATER_TEST_PBC\1_CPFE_3DMODEL_BUILD\4_BASE_ROOT\job\202020\RVE3\01_001_20.csv
01_001_20,L=2.0um,202020,RVE3,4,0.0178399173671714,936.1392292679175,F:\1_job\20251124\CPFE_PARAMATER_TEST_PBC\1_CPFE_3DMODEL_BUILD\4_BASE_ROOT\job\202020\RVE3\01_001_20.csv
01_001_20,L=2.0um,202020,RVE3,5,0.0237165268210428,977.2423751990904,F:\1_job\20251124\CPFE_PARAMATER_TEST_PBC\1_CPFE_3DMODEL_BUILD\4_BASE_ROOT\job\202020\RVE3\01_001_20.csv
01_001_20,L=2.0um,202020,RVE3,6,0.0295588015905227,1006.847631180458,F:\1_job\20251124\CPFE_PARAMATER_TEST_PBC\1_CPFE_3DMODEL_BUILD\4_BASE_ROOT\job\202020\RVE3\01_001_20.csv
01_001_20,L=2.0um,202020,RVE3,7,0.0353671423414218,1031.7337701851766,F:\1_job\20251124\CPFE_PARAMATER_TEST_PBC\1_CPFE_3DMODEL_BUILD\4_BASE_ROOT\job\202020\RVE3\01_001_20.csv
01_001_20,L=2.0um,202020,RVE3,8,0.0411419427877547,1054.5263861456988,F:\1_job\20251124\CPFE_PARAMATER_TEST_PBC\1_CPFE_3DMODEL_BUILD\4_BASE_ROOT\job\202020\RVE3\01_001_20.csv
01_001_20,L=2.0um,202020,RVE3,9,0.046883586296973,1072.239861755008,F:\1_job\20251124\CPFE_PARAMATER_TEST_PBC\1_CPFE_3DMODEL_BUILD\4_BASE_ROOT\job\202020\RVE3\01_001_20.csv
01_001_20,L=2.0um,202020,RVE3,10,0.0525924514481166,1093.3204286990576,F:\1_job\20251124\CPFE_PARAMATER_TEST_PBC\1_CPFE_3DMODEL_BUILD\4_BASE_ROOT\job\202020\RVE3\01_001_20.csv
01_001_20,L=2.0um,202020,RVE3,11,0.0582689068587828,1115.135396538357,F:\1_job\20251124\CPFE_PARAMATER_TEST_PBC\1_CPFE_3DMODEL_BUILD\4_BASE_ROOT\job\202020\RVE3\01_001_20.csv
01_001_20,L=2.0um,202020,RVE3,12,0.063913325408167,1131.4640069446286,F:\1_job\20251124\CPFE_PARAMATER_TEST_PBC\1_CPFE_3DMODEL_BUILD\4_BASE_ROOT\job\202020\RVE3\01_001_20.csv
01_001_20,L=2.0um,202020,RVE3,13,0.0695260597573401,1152.7762173701376,F:\1_job\20251124\CPFE_PARAMATER_TEST_PBC\1_CPFE_3DMODEL_BUILD\4_BASE_ROOT\job\202020\RVE3\01_001_20.csv
01_001_20,L=2.0um,202020,RVE3,14,0.0751074739796861,1167.8482488137706,F:\1_job\20251124\CPFE_PARAMATER_TEST_PBC\1_CPFE_3DMODEL_BUILD\4_BASE_ROOT\job\202020\RVE3\01_001_20.csv
01_001_20,L=2.0um,202020,RVE3,15,0.0806579019727236,1186.3417990535609,F:\1_job\20251124\CPFE_PARAMATER_TEST_PBC\1_CPFE_3DMODEL_BUILD\4_BASE_ROOT\job\202020\RVE3\01_001_20.csv
01_001_20,L=2.0um,202020,RVE3,16,0.0861776995220419,1206.4079324250088,F:\1_job\20251124\CPFE_PARAMATER_TEST_PBC\1_CPFE_3DMODEL_BUILD\4_BASE_ROOT\job\202020\RVE3\01_001_20.csv
01_001_20,L=2.0um,202020,RVE3,17,0.0916671892871969,1221.0937108906455,F:\1_job\20251124\CPFE_PARAMATER_TEST_PBC\1_CPFE_3DMODEL_BUILD\4_BASE_ROOT\job\202020\RVE3\01_001_20.csv
01_001_20,L=2.0um,202020,RVE3,18,0.0971267089999163,1241.308563769504,F:\1_job\20251124\CPFE_PARAMATER_TEST_PBC\1_CPFE_3DMODEL_BUILD\4_BASE_ROOT\job\202020\RVE3\01_001_20.csv
01_001_20,L=2.0um,202020,RVE3,19,0.1025565908534479,1255.393488525644,F:\1_job\20251124\CPFE_PARAMATER_TEST_PBC\1_CPFE_3DMODEL_BUILD\4_BASE_ROOT\job\202020\RVE3\01_001_20.csv
01_001_20,L=2.0um,202020,RVE3,20,0.1079571415585973,1273.0647039255373,F:\1_job\20251124\CPFE_PARAMATER_TEST_PBC\1_CPFE_3DMODEL_BUILD\4_BASE_ROOT\job\202020\RVE3\01_001_20.csv
01_001_20,L=2.0um,202020,RVE3,21,0.1133286829121737,1288.3841766020396,F:\1_job\20251124\CPFE_PARAMATER_TEST_PBC\1_CPFE_3DMODEL_BUILD\4_BASE_ROOT\job\202020\RVE3\01_001_20.csv
01_001_20,L=2.0um,202020,RVE3,22,0.1186715315172836,1306.823616609814,F:\1_job\20251124\CPFE_PARAMATER_TEST_PBC\1_CPFE_3DMODEL_BUILD\4_BASE_ROOT\job\202020\RVE3\01_001_20.csv
01_001_20,L=2.0um,202020,RVE3,23,0.1239859791491398,1321.9821275826723,F:\1_job\20251124\CPFE_PARAMATER_TEST_PBC\1_CPFE_3DMODEL_BUILD\4_BASE_ROOT\job\202020\RVE3\01_001_20.csv
01_001_20,L=2.0um,202020,RVE3,24,0.1292723326662926,1344.1897039243704,F:\1_job\20251124\CPFE_PARAMATER_TEST_PBC\1_CPFE_3DMODEL_BUILD\4_BASE_ROOT\job\202020\RVE3\01_001_20.csv
01_001_20,L=2.0um,202020,RVE3,25,0.134530887539002,1360.4228119643449,F:\1_job\20251124\CPFE_PARAMATER_TEST_PBC\1_CPFE_3DMODEL_BUILD\4_BASE_ROOT\job\202020\RVE3\01_001_20.csv
01_001_20,L=2.0um,202020,RVE3,26,0.1397619475581712,1371.4919443643194,F:\1_job\20251124\CPFE_PARAMATER_TEST_PBC\1_CPFE_3DMODEL_BUILD\4_BASE_ROOT\job\202020\RVE3\01_001_20.csv
01_001_20,L=2.0um,202020,RVE3,27,0.1449657730344857,1389.8043905883824,F:\1_job\20251124\CPFE_PARAMATER_TEST_PBC\1_CPFE_3DMODEL_BUILD\4_BASE_ROOT\job\202020\RVE3\01_001_20.csv
01_001_20,L=2.0um,202020,RVE3,28,0.1501426588400785,1408.1668352946508,F:\1_job\20251124\CPFE_PARAMATER_TEST_PBC\1_CPFE_3DMODEL_BUILD\4_BASE_ROOT\job\202020\RVE3\01_001_20.csv
01_001_20,L=2.4um,242424,RVE1,1,0.0,0.0,F:\1_job\20251124\CPFE_PARAMATER_TEST_PBC\1_CPFE_3DMODEL_BUILD\4_BASE_ROOT\job\242424\RVE1\01_001_20.csv
01_001_20,L=2.4um,242424,RVE1,2,0.0059820717293904,438.724636665766,F:\1_job\20251124\CPFE_PARAMATER_TEST_PBC\1_CPFE_3DMODEL_BUILD\4_BASE_ROOT\job\242424\RVE1\01_001_20.csv
01_001_20,L=2.4um,242424,RVE1,3,0.011928570968345,814.4738623434251,F:\1_job\20251124\CPFE_PARAMATER_TEST_PBC\1_CPFE_3DMODEL_BUILD\4_BASE_ROOT\job\242424\RVE1\01_001_20.csv
01_001_20,L=2.4um,242424,RVE1,4,0.0178399173671714,935.5944143167534,F:\1_job\20251124\CPFE_PARAMATER_TEST_PBC\1_CPFE_3DMODEL_BUILD\4_BASE_ROOT\job\242424\RVE1\01_001_20.csv
01_001_20,L=2.4um,242424,RVE1,5,0.0237165268210428,986.3738427935434,F:\1_job\20251124\CPFE_PARAMATER_TEST_PBC\1_CPFE_3DMODEL_BUILD\4_BASE_ROOT\job\242424\RVE1\01_001_20.csv
01_001_20,L=2.4um,242424,RVE1,6,0.0295588015905227,1020.1722060732228,F:\1_job\20251124\CPFE_PARAMATER_TEST_PBC\1_CPFE_3DMODEL_BUILD\4_BASE_ROOT\job\242424\RVE1\01_001_20.csv
01_001_20,L=2.4um,242424,RVE1,7,0.0353671423414218,1045.444243668628,F:\1_job\20251124\CPFE_PARAMATER_TEST_PBC\1_CPFE_3DMODEL_BUILD\4_BASE_ROOT\job\242424\RVE1\01_001_20.csv
01_001_20,L=2.4um,242424,RVE1,8,0.0411419427877547,1065.05222192037,F:\1_job\20251124\CPFE_PARAMATER_TEST_PBC\1_CPFE_3DMODEL_BUILD\4_BASE_ROOT\job\242424\RVE1\01_001_20.csv
01_001_20,L=2.4um,242424,RVE1,9,0.046883586296973,1080.605857431624,F:\1_job\20251124\CPFE_PARAMATER_TEST_PBC\1_CPFE_3DMODEL_BUILD\4_BASE_ROOT\job\242424\RVE1\01_001_20.csv
01_001_20,L=2.4um,242424,RVE1,10,0.0525924514481166,1093.055801713933,F:\1_job\20251124\CPFE_PARAMATER_TEST_PBC\1_CPFE_3DMODEL_BUILD\4_BASE_ROOT\job\242424\RVE1\01_001_20.csv
01_001_20,L=2.4um,242424,RVE1,11,0.0582689068587828,1103.1378739140146,F:\1_job\20251124\CPFE_PARAMATER_TEST_PBC\1_CPFE_3DMODEL_BUILD\4_BASE_ROOT\job\242424\RVE1\01_001_20.csv
01_001_20,L=2.4um,242424,RVE1,12,0.063913325408167,1111.354137612951,F:\1_job\20251124\CPFE_PARAMATER_TEST_PBC\1_CPFE_3DMODEL_BUILD\4_BASE_ROOT\job\242424\RVE1\01_001_20.csv
01_001_20,L=2.4um,242424,RVE1,13,0.0695260597573401,1118.061663750527,F:\1_job\20251124\CPFE_PARAMATER_TEST_PBC\1_CPFE_3DMODEL_BUILD\4_BASE_ROOT\job\242424\RVE1\01_001_20.csv
01_001_20,L=2.4um,242424,RVE1,14,0.0751074739796861,1123.5636613453153,F:\1_job\20251124\CPFE_PARAMATER_TEST_PBC\1_CPFE_3DMODEL_BUILD\4_BASE_ROOT\job\242424\RVE1\01_001_20.csv
01_001_20,L=2.4um,242424,RVE1,15,0.0806579019727236,1128.0739951887442,F:\1_job\20251124\CPFE_PARAMATER_TEST_PBC\1_CPFE_3DMODEL_BUILD\4_BASE_ROOT\job\242424\RVE1\01_001_20.csv
01_001_20,L=2.4um,242424,RVE1,16,0.0861776995220419,1131.7519917356822,F:\1_job\20251124\CPFE_PARAMATER_TEST_PBC\1_CPFE_3DMODEL_BUILD\4_BASE_ROOT\job\242424\RVE1\01_001_20.csv
01_001_20,L=2.4um,242424,RVE1,17,0.0916671892871969,1134.721946732545,F:\1_job\20251124\CPFE_PARAMATER_TEST_PBC\1_CPFE_3DMODEL_BUILD\4_BASE_ROOT\job\242424\RVE1\01_001_20.csv
01_001_20,L=2.4um,242424,RVE1,18,0.0971267089999163,1137.0985839377547,F:\1_job\20251124\CPFE_PARAMATER_TEST_PBC\1_CPFE_3DMODEL_BUILD\4_BASE_ROOT\job\242424\RVE1\01_001_20.csv
01_001_20,L=2.4um,242424,RVE1,19,0.1025565908534479,1138.9311936529164,F:\1_job\20251124\CPFE_PARAMATER_TEST_PBC\1_CPFE_3DMODEL_BUILD\4_BASE_ROOT\job\242424\RVE1\01_001_20.csv
01_001_20,L=2.4um,242424,RVE1,20,0.1079571415585973,1140.3209880449992,F:\1_job\20251124\CPFE_PARAMATER_TEST_PBC\1_CPFE_3DMODEL_BUILD\4_BASE_ROOT\job\242424\RVE1\01_001_20.csv
01_001_20,L=2.4um,242424,RVE1,21,0.1133286829121737,1141.293863459649,F:\1_job\20251124\CPFE_PARAMATER_TEST_PBC\1_CPFE_3DMODEL_BUILD\4_BASE_ROOT\job\242424\RVE1\01_001_20.csv
01_001_20,L=2.4um,242424,RVE1,22,0.1186715315172836,1141.8963732608158,F:\1_job\20251124\CPFE_PARAMATER_TEST_PBC\1_CPFE_3DMODEL_BUILD\4_BASE_ROOT\job\242424\RVE1\01_001_20.csv
01_001_20,L=2.4um,242424,RVE1,23,0.1239859791491398,1142.1914391541548,F:\1_job\20251124\CPFE_PARAMATER_TEST_PBC\1_CPFE_3DMODEL_BUILD\4_BASE_ROOT\job\242424\RVE1\01_001_20.csv
01_001_20,L=2.4um,242424,RVE1,24,0.1292723326662926,1142.168843649633,F:\1_job\20251124\CPFE_PARAMATER_TEST_PBC\1_CPFE_3DMODEL_BUILD\4_BASE_ROOT\job\242424\RVE1\01_001_20.csv
01_001_20,L=2.4um,242424,RVE1,25,0.134530887539002,1141.8423123123384,F:\1_job\20251124\CPFE_PARAMATER_TEST_PBC\1_CPFE_3DMODEL_BUILD\4_BASE_ROOT\job\242424\RVE1\01_001_20.csv
01_001_20,L=2.4um,242424,RVE1,26,0.1397619475581712,1141.2633283921696,F:\1_job\20251124\CPFE_PARAMATER_TEST_PBC\1_CPFE_3DMODEL_BUILD\4_BASE_ROOT\job\242424\RVE1\01_001_20.csv
01_001_20,L=2.4um,242424,RVE1,27,0.1449657730344857,1140.4755006684634,F:\1_job\20251124\CPFE_PARAMATER_TEST_PBC\1_CPFE_3DMODEL_BUILD\4_BASE_ROOT\job\242424\RVE1\01_001_20.csv
01_001_20,L=2.4um,242424,RVE1,28,0.1501426588400785,1139.4784653712502,F:\1_job\20251124\CPFE_PARAMATER_TEST_PBC\1_CPFE_3DMODEL_BUILD\4_BASE_ROOT\job\242424\RVE1\01_001_20.csv
01_001_20,L=2.4um,242424,RVE2,1,0.0,0.0,F:\1_job\20251124\CPFE_PARAMATER_TEST_PBC\1_CPFE_3DMODEL_BUILD\4_BASE_ROOT\job\242424\RVE2\01_001_20.csv
01_001_20,L=2.4um,242424,RVE2,2,0.0059820717293904,448.8872735997962,F:\1_job\20251124\CPFE_PARAMATER_TEST_PBC\1_CPFE_3DMODEL_BUILD\4_BASE_ROOT\job\242424\RVE2\01_001_20.csv
01_001_20,L=2.4um,242424,RVE2,3,0.011928570968345,816.4820950254716,F:\1_job\20251124\CPFE_PARAMATER_TEST_PBC\1_CPFE_3DMODEL_BUILD\4_BASE_ROOT\job\242424\RVE2\01_001_20.csv
01_001_20,L=2.4um,242424,RVE2,4,0.0178399173671714,937.78031553308,F:\1_job\20251124\CPFE_PARAMATER_TEST_PBC\1_CPFE_3DMODEL_BUILD\4_BASE_ROOT\job\242424\RVE2\01_001_20.csv
01_001_20,L=2.4um,242424,RVE2,5,0.0237165268210428,993.3537328412616,F:\1_job\20251124\CPFE_PARAMATER_TEST_PBC\1_CPFE_3DMODEL_BUILD\4_BASE_ROOT\job\242424\RVE2\01_001_20.csv
01_001_20,L=2.4um,242424,RVE2,6,0.0295588015905227,1031.423002207346,F:\1_job\20251124\CPFE_PARAMATER_TEST_PBC\1_CPFE_3DMODEL_BUILD\4_BASE_ROOT\job\242424\RVE2\01_001_20.csv
01_001_20,L=2.4um,242424,RVE2,7,0.0353671423414218,1059.89541354402,F:\1_job\20251124\CPFE_PARAMATER_TEST_PBC\1_CPFE_3DMODEL_BUILD\4_BASE_ROOT\job\242424\RVE2\01_001_20.csv
01_001_20,L=2.4um,242424,RVE2,8,0.0411419427877547,1081.6238615021578,F:\1_job\20251124\CPFE_PARAMATER_TEST_PBC\1_CPFE_3DMODEL_BUILD\4_BASE_ROOT\job\242424\RVE2\01_001_20.csv
01_001_20,L=2.4um,242424,RVE2,9,0.046883586296973,1098.4563427812511,F:\1_job\20251124\CPFE_PARAMATER_TEST_PBC\1_CPFE_3DMODEL_BUILD\4_BASE_ROOT\job\242424\RVE2\01_001_20.csv
01_001_20,L=2.4um,242424,RVE2,10,0.0525924514481166,1111.719029950315,F:\1_job\20251124\CPFE_PARAMATER_TEST_PBC\1_CPFE_3DMODEL_BUILD\4_BASE_ROOT\job\242424\RVE2\01_001_20.csv
01_001_20,L=2.4um,242424,RVE2,11,0.0582689068587828,1122.3696602643754,F:\1_job\20251124\CPFE_PARAMATER_TEST_PBC\1_CPFE_3DMODEL_BUILD\4_BASE_ROOT\job\242424\RVE2\01_001_20.csv
01_001_20,L=2.4um,242424,RVE2,12,0.063913325408167,1131.0170130290794,F:\1_job\20251124\CPFE_PARAMATER_TEST_PBC\1_CPFE_3DMODEL_BUILD\4_BASE_ROOT\job\242424\RVE2\01_001_20.csv
01_001_20,L=2.4um,242424,RVE2,13,0.0695260597573401,1138.1120007422523,F:\1_job\20251124\CPFE_PARAMATER_TEST_PBC\1_CPFE_3DMODEL_BUILD\4_BASE_ROOT\job\242424\RVE2\01_001_20.csv
01_001_20,L=2.4um,242424,RVE2,14,0.0751074739796861,1143.9715843324605,F:\1_job\20251124\CPFE_PARAMATER_TEST_PBC\1_CPFE_3DMODEL_BUILD\4_BASE_ROOT\job\242424\RVE2\01_001_20.csv
01_001_20,L=2.4um,242424,RVE2,15,0.0806579019727236,1148.8069335803507,F:\1_job\20251124\CPFE_PARAMATER_TEST_PBC\1_CPFE_3DMODEL_BUILD\4_BASE_ROOT\job\242424\RVE2\01_001_20.csv
01_001_20,L=2.4um,242424,RVE2,16,0.0861776995220419,1152.8303042901462,F:\1_job\20251124\CPFE_PARAMATER_TEST_PBC\1_CPFE_3DMODEL_BUILD\4_BASE_ROOT\job\242424\RVE2\01_001_20.csv
01_001_20,L=2.4um,242424,RVE2,17,0.0916671892871969,1156.1371005348378,F:\1_job\20251124\CPFE_PARAMATER_TEST_PBC\1_CPFE_3DMODEL_BUILD\4_BASE_ROOT\job\242424\RVE2\01_001_20.csv
01_001_20,L=2.4um,242424,RVE2,18,0.0971267089999163,1158.8491042530727,F:\1_job\20251124\CPFE_PARAMATER_TEST_PBC\1_CPFE_3DMODEL_BUILD\4_BASE_ROOT\job\242424\RVE2\01_001_20.csv
01_001_20,L=2.4um,242424,RVE2,19,0.1025565908534479,1161.0643057332543,F:\1_job\20251124\CPFE_PARAMATER_TEST_PBC\1_CPFE_3DMODEL_BUILD\4_BASE_ROOT\job\242424\RVE2\01_001_20.csv
01_001_20,L=2.4um,242424,RVE2,20,0.1079571415585973,1162.8139766326285,F:\1_job\20251124\CPFE_PARAMATER_TEST_PBC\1_CPFE_3DMODEL_BUILD\4_BASE_ROOT\job\242424\RVE2\01_001_20.csv
01_001_20,L=2.4um,242424,RVE2,21,0.1133286829121737,1164.198684730027,F:\1_job\20251124\CPFE_PARAMATER_TEST_PBC\1_CPFE_3DMODEL_BUILD\4_BASE_ROOT\job\242424\RVE2\01_001_20.csv
01_001_20,L=2.4um,242424,RVE2,22,0.1186715315172836,1165.220278117337,F:\1_job\20251124\CPFE_PARAMATER_TEST_PBC\1_CPFE_3DMODEL_BUILD\4_BASE_ROOT\job\242424\RVE2\01_001_20.csv
01_001_20,L=2.4um,242424,RVE2,23,0.1239859791491398,1165.9695729553196,F:\1_job\20251124\CPFE_PARAMATER_TEST_PBC\1_CPFE_3DMODEL_BUILD\4_BASE_ROOT\job\242424\RVE2\01_001_20.csv
01_001_20,L=2.4um,242424,RVE2,24,0.1292723326662926,1166.448195693344,F:\1_job\20251124\CPFE_PARAMATER_TEST_PBC\1_CPFE_3DMODEL_BUILD\4_BASE_ROOT\job\242424\RVE2\01_001_20.csv
01_001_20,L=2.4um,242424,RVE2,25,0.134530887539002,1166.6849448952823,F:\1_job\20251124\CPFE_PARAMATER_TEST_PBC\1_CPFE_3DMODEL_BUILD\4_BASE_ROOT\job\242424\RVE2\01_001_20.csv
01_001_20,L=2.4um,242424,RVE2,26,0.1397619475581712,1166.7158081338268,F:\1_job\20251124\CPFE_PARAMATER_TEST_PBC\1_CPFE_3DMODEL_BUILD\4_BASE_ROOT\job\242424\RVE2\01_001_20.csv
01_001_20,L=2.4um,242424,RVE2,27,0.1449657730344857,1166.5661051699992,F:\1_job\20251124\CPFE_PARAMATER_TEST_PBC\1_CPFE_3DMODEL_BUILD\4_BASE_ROOT\job\242424\RVE2\01_001_20.csv
01_001_20,L=2.4um,242424,RVE2,28,0.1501426588400785,1166.232058968338,F:\1_job\20251124\CPFE_PARAMATER_TEST_PBC\1_CPFE_3DMODEL_BUILD\4_BASE_ROOT\job\242424\RVE2\01_001_20.csv
01_001_20,L=2.4um,242424,RVE3,1,0.0,0.0,F:\1_job\20251124\CPFE_PARAMATER_TEST_PBC\1_CPFE_3DMODEL_BUILD\4_BASE_ROOT\job\242424\RVE3\01_001_20.csv
01_001_20,L=2.4um,242424,RVE3,2,0.0059820717293904,442.7263854927421,F:\1_job\20251124\CPFE_PARAMATER_TEST_PBC\1_CPFE_3DMODEL_BUILD\4_BASE_ROOT\job\242424\RVE3\01_001_20.csv
01_001_20,L=2.4um,242424,RVE3,3,0.011928570968345,813.6011093413098,F:\1_job\20251124\CPFE_PARAMATER_TEST_PBC\1_CPFE_3DMODEL_BUILD\4_BASE_ROOT\job\242424\RVE3\01_001_20.csv
01_001_20,L=2.4um,242424,RVE3,4,0.0178399173671714,949.1909989090428,F:\1_job\20251124\CPFE_PARAMATER_TEST_PBC\1_CPFE_3DMODEL_BUILD\4_BASE_ROOT\job\242424\RVE3\01_001_20.csv
01_001_20,L=2.4um,242424,RVE3,5,0.0237165268210428,1009.4756223121389,F:\1_job\20251124\CPFE_PARAMATER_TEST_PBC\1_CPFE_3DMODEL_BUILD\4_BASE_ROOT\job\242424\RVE3\01_001_20.csv
01_001_20,L=2.4um,242424,RVE3,6,0.0295588015905227,1049.2455729965243,F:\1_job\20251124\CPFE_PARAMATER_TEST_PBC\1_CPFE_3DMODEL_BUILD\4_BASE_ROOT\job\242424\RVE3\01_001_20.csv
01_001_20,L=2.4um,242424,RVE3,7,0.0353671423414218,1077.6513556855182,F:\1_job\20251124\CPFE_PARAMATER_TEST_PBC\1_CPFE_3DMODEL_BUILD\4_BASE_ROOT\job\242424\RVE3\01_001_20.csv
01_001_20,L=2.4um,242424,RVE3,8,0.0411419427877547,1098.0081648334594,F:\1_job\20251124\CPFE_PARAMATER_TEST_PBC\1_CPFE_3DMODEL_BUILD\4_BASE_ROOT\job\242424\RVE3\01_001_20.csv
01_001_20,L=2.4um,242424,RVE3,9,0.046883586296973,1112.9309058205065,F:\1_job\20251124\CPFE_PARAMATER_TEST_PBC\1_CPFE_3DMODEL_BUILD\4_BASE_ROOT\job\242424\RVE3\01_001_20.csv
01_001_20,L=2.4um,242424,RVE3,10,0.0525924514481166,1124.15383566029,F:\1_job\20251124\CPFE_PARAMATER_TEST_PBC\1_CPFE_3DMODEL_BUILD\4_BASE_ROOT\job\242424\RVE3\01_001_20.csv
01_001_20,L=2.4um,242424,RVE3,11,0.0582689068587828,1132.771318203418,F:\1_job\20251124\CPFE_PARAMATER_TEST_PBC\1_CPFE_3DMODEL_BUILD\4_BASE_ROOT\job\242424\RVE3\01_001_20.csv
01_001_20,L=2.4um,242424,RVE3,12,0.063913325408167,1139.408996623631,F:\1_job\20251124\CPFE_PARAMATER_TEST_PBC\1_CPFE_3DMODEL_BUILD\4_BASE_ROOT\job\242424\RVE3\01_001_20.csv
01_001_20,L=2.4um,242424,RVE3,13,0.0695260597573401,1144.5249431155655,F:\1_job\20251124\CPFE_PARAMATER_TEST_PBC\1_CPFE_3DMODEL_BUILD\4_BASE_ROOT\job\242424\RVE3\01_001_20.csv
01_001_20,L=2.4um,242424,RVE3,14,0.0751074739796861,1148.4336733125558,F:\1_job\20251124\CPFE_PARAMATER_TEST_PBC\1_CPFE_3DMODEL_BUILD\4_BASE_ROOT\job\242424\RVE3\01_001_20.csv
01_001_20,L=2.4um,242424,RVE3,15,0.0806579019727236,1151.29352618843,F:\1_job\20251124\CPFE_PARAMATER_TEST_PBC\1_CPFE_3DMODEL_BUILD\4_BASE_ROOT\job\242424\RVE3\01_001_20.csv
01_001_20,L=2.4um,242424,RVE3,16,0.0861776995220419,1153.3026245657663,F:\1_job\20251124\CPFE_PARAMATER_TEST_PBC\1_CPFE_3DMODEL_BUILD\4_BASE_ROOT\job\242424\RVE3\01_001_20.csv
01_001_20,L=2.4um,242424,RVE3,17,0.0916671892871969,1154.5838157119683,F:\1_job\20251124\CPFE_PARAMATER_TEST_PBC\1_CPFE_3DMODEL_BUILD\4_BASE_ROOT\job\242424\RVE3\01_001_20.csv
01_001_20,L=2.4um,242424,RVE3,18,0.0971267089999163,1155.254702652487,F:\1_job\20251124\CPFE_PARAMATER_TEST_PBC\1_CPFE_3DMODEL_BUILD\4_BASE_ROOT\job\242424\RVE3\01_001_20.csv
01_001_20,L=2.4um,242424,RVE3,19,0.1025565908534479,1155.3673610935612,F:\1_job\20251124\CPFE_PARAMATER_TEST_PBC\1_CPFE_3DMODEL_BUILD\4_BASE_ROOT\job\242424\RVE3\01_001_20.csv
01_001_20,L=2.4um,242424,RVE3,20,0.1079571415585973,1155.0198667225886,F:\1_job\20251124\CPFE_PARAMATER_TEST_PBC\1_CPFE_3DMODEL_BUILD\4_BASE_ROOT\job\242424\RVE3\01_001_20.csv
01_001_20,L=2.4um,242424,RVE3,21,0.1133286829121737,1154.2510506573512,F:\1_job\20251124\CPFE_PARAMATER_TEST_PBC\1_CPFE_3DMODEL_BUILD\4_BASE_ROOT\job\242424\RVE3\01_001_20.csv
01_001_20,L=2.4um,242424,RVE3,22,0.1186715315172836,1153.1416768235806,F:\1_job\20251124\CPFE_PARAMATER_TEST_PBC\1_CPFE_3DMODEL_BUILD\4_BASE_ROOT\job\242424\RVE3\01_001_20.csv
01_001_20,L=2.4um,242424,RVE3,23,0.1239859791491398,1151.7036362894387,F:\1_job\20251124\CPFE_PARAMATER_TEST_PBC\1_CPFE_3DMODEL_BUILD\4_BASE_ROOT\job\242424\RVE3\01_001_20.csv
01_001_20,L=2.4um,242424,RVE3,24,0.1292723326662926,1149.971775517476,F:\1_job\20251124\CPFE_PARAMATER_TEST_PBC\1_CPFE_3DMODEL_BUILD\4_BASE_ROOT\job\242424\RVE3\01_001_20.csv
01_001_20,L=2.4um,242424,RVE3,25,0.134530887539002,1147.973428227829,F:\1_job\20251124\CPFE_PARAMATER_TEST_PBC\1_CPFE_3DMODEL_BUILD\4_BASE_ROOT\job\242424\RVE3\01_001_20.csv
01_001_20,L=2.4um,242424,RVE3,26,0.1397619475581712,1145.7471483063146,F:\1_job\20251124\CPFE_PARAMATER_TEST_PBC\1_CPFE_3DMODEL_BUILD\4_BASE_ROOT\job\242424\RVE3\01_001_20.csv
01_001_20,L=2.4um,242424,RVE3,27,0.1449657730344857,1143.2974396502066,F:\1_job\20251124\CPFE_PARAMATER_TEST_PBC\1_CPFE_3DMODEL_BUILD\4_BASE_ROOT\job\242424\RVE3\01_001_20.csv
01_001_20,L=2.4um,242424,RVE3,28,0.1501426588400785,1140.6368719472464,F:\1_job\20251124\CPFE_PARAMATER_TEST_PBC\1_CPFE_3DMODEL_BUILD\4_BASE_ROOT\job\242424\RVE3\01_001_20.csv
02_001_500,L=1.6um,161616,RVE1,1,0.0,0.0,F:\1_job\20251124\CPFE_PARAMATER_TEST_PBC\1_CPFE_3DMODEL_BUILD\4_BASE_ROOT\job\161616\RVE1\02_001_500.csv
02_001_500,L=1.6um,161616,RVE1,2,0.0059820717293904,362.8366286942714,F:\1_job\20251124\CPFE_PARAMATER_TEST_PBC\1_CPFE_3DMODEL_BUILD\4_BASE_ROOT\job\161616\RVE1\02_001_500.csv
02_001_500,L=1.6um,161616,RVE1,3,0.011928570968345,493.51154880842,F:\1_job\20251124\CPFE_PARAMATER_TEST_PBC\1_CPFE_3DMODEL_BUILD\4_BASE_ROOT\job\161616\RVE1\02_001_500.csv
02_001_500,L=1.6um,161616,RVE1,4,0.0178399173671714,508.5824775400956,F:\1_job\20251124\CPFE_PARAMATER_TEST_PBC\1_CPFE_3DMODEL_BUILD\4_BASE_ROOT\job\161616\RVE1\02_001_500.csv
02_001_500,L=1.6um,161616,RVE1,5,0.0237165268210428,514.1839600656906,F:\1_job\20251124\CPFE_PARAMATER_TEST_PBC\1_CPFE_3DMODEL_BUILD\4_BASE_ROOT\job\161616\RVE1\02_001_500.csv
02_001_500,L=1.6um,161616,RVE1,6,0.0295588015905227,517.0124551268232,F:\1_job\20251124\CPFE_PARAMATER_TEST_PBC\1_CPFE_3DMODEL_BUILD\4_BASE_ROOT\job\161616\RVE1\02_001_500.csv
02_001_500,L=1.6um,161616,RVE1,7,0.0353671423414218,518.5061673514424,F:\1_job\20251124\CPFE_PARAMATER_TEST_PBC\1_CPFE_3DMODEL_BUILD\4_BASE_ROOT\job\161616\RVE1\02_001_500.csv
02_001_500,L=1.6um,161616,RVE1,8,0.0411419427877547,519.212126628536,F:\1_job\20251124\CPFE_PARAMATER_TEST_PBC\1_CPFE_3DMODEL_BUILD\4_BASE_ROOT\job\161616\RVE1\02_001_500.csv
02_001_500,L=1.6um,161616,RVE1,9,0.046883586296973,519.408180205186,F:\1_job\20251124\CPFE_PARAMATER_TEST_PBC\1_CPFE_3DMODEL_BUILD\4_BASE_ROOT\job\161616\RVE1\02_001_500.csv
02_001_500,L=1.6um,161616,RVE1,10,0.0525924514481166,519.2507157669795,F:\1_job\20251124\CPFE_PARAMATER_TEST_PBC\1_CPFE_3DMODEL_BUILD\4_BASE_ROOT\job\161616\RVE1\02_001_500.csv
02_001_500,L=1.6um,161616,RVE1,11,0.0582689068587828,518.8353615395419,F:\1_job\20251124\CPFE_PARAMATER_TEST_PBC\1_CPFE_3DMODEL_BUILD\4_BASE_ROOT\job\161616\RVE1\02_001_500.csv
02_001_500,L=1.6um,161616,RVE1,12,0.063913325408167,518.2250310232139,F:\1_job\20251124\CPFE_PARAMATER_TEST_PBC\1_CPFE_3DMODEL_BUILD\4_BASE_ROOT\job\161616\RVE1\02_001_500.csv
02_001_500,L=1.6um,161616,RVE1,13,0.0695260597573401,517.4636210739108,F:\1_job\20251124\CPFE_PARAMATER_TEST_PBC\1_CPFE_3DMODEL_BUILD\4_BASE_ROOT\job\161616\RVE1\02_001_500.csv
02_001_500,L=1.6um,161616,RVE1,14,0.0751074739796861,516.5802090131322,F:\1_job\20251124\CPFE_PARAMATER_TEST_PBC\1_CPFE_3DMODEL_BUILD\4_BASE_ROOT\job\161616\RVE1\02_001_500.csv
02_001_500,L=1.6um,161616,RVE1,15,0.0806579019727236,515.5999932862956,F:\1_job\20251124\CPFE_PARAMATER_TEST_PBC\1_CPFE_3DMODEL_BUILD\4_BASE_ROOT\job\161616\RVE1\02_001_500.csv
02_001_500,L=1.6um,161616,RVE1,16,0.0861776995220419,514.5400362207475,F:\1_job\20251124\CPFE_PARAMATER_TEST_PBC\1_CPFE_3DMODEL_BUILD\4_BASE_ROOT\job\161616\RVE1\02_001_500.csv
02_001_500,L=1.6um,161616,RVE1,17,0.0916671892871969,513.411934766661,F:\1_job\20251124\CPFE_PARAMATER_TEST_PBC\1_CPFE_3DMODEL_BUILD\4_BASE_ROOT\job\161616\RVE1\02_001_500.csv
02_001_500,L=1.6um,161616,RVE1,18,0.0971267089999163,512.2283850387248,F:\1_job\20251124\CPFE_PARAMATER_TEST_PBC\1_CPFE_3DMODEL_BUILD\4_BASE_ROOT\job\161616\RVE1\02_001_500.csv
02_001_500,L=1.6um,161616,RVE1,19,0.1025565908534479,510.99543402646776,F:\1_job\20251124\CPFE_PARAMATER_TEST_PBC\1_CPFE_3DMODEL_BUILD\4_BASE_ROOT\job\161616\RVE1\02_001_500.csv
02_001_500,L=1.6um,161616,RVE1,20,0.1079571415585973,509.7220423494316,F:\1_job\20251124\CPFE_PARAMATER_TEST_PBC\1_CPFE_3DMODEL_BUILD\4_BASE_ROOT\job\161616\RVE1\02_001_500.csv
02_001_500,L=1.6um,161616,RVE1,21,0.1133286829121737,508.4103333695411,F:\1_job\20251124\CPFE_PARAMATER_TEST_PBC\1_CPFE_3DMODEL_BUILD\4_BASE_ROOT\job\161616\RVE1\02_001_500.csv
02_001_500,L=1.6um,161616,RVE1,22,0.1186715315172836,507.0659646577269,F:\1_job\20251124\CPFE_PARAMATER_TEST_PBC\1_CPFE_3DMODEL_BUILD\4_BASE_ROOT\job\161616\RVE1\02_001_500.csv
02_001_500,L=1.6um,161616,RVE1,23,0.1239859791491398,505.70151714320224,F:\1_job\20251124\CPFE_PARAMATER_TEST_PBC\1_CPFE_3DMODEL_BUILD\4_BASE_ROOT\job\161616\RVE1\02_001_500.csv
02_001_500,L=1.6um,161616,RVE1,24,0.1292723326662926,504.3148885546196,F:\1_job\20251124\CPFE_PARAMATER_TEST_PBC\1_CPFE_3DMODEL_BUILD\4_BASE_ROOT\job\161616\RVE1\02_001_500.csv
02_001_500,L=1.6um,161616,RVE1,25,0.134530887539002,502.9071940351226,F:\1_job\20251124\CPFE_PARAMATER_TEST_PBC\1_CPFE_3DMODEL_BUILD\4_BASE_ROOT\job\161616\RVE1\02_001_500.csv
02_001_500,L=1.6um,161616,RVE1,26,0.1397619475581712,501.4875572089919,F:\1_job\20251124\CPFE_PARAMATER_TEST_PBC\1_CPFE_3DMODEL_BUILD\4_BASE_ROOT\job\161616\RVE1\02_001_500.csv
02_001_500,L=1.6um,161616,RVE1,27,0.1449657730344857,500.0569280003941,F:\1_job\20251124\CPFE_PARAMATER_TEST_PBC\1_CPFE_3DMODEL_BUILD\4_BASE_ROOT\job\161616\RVE1\02_001_500.csv
02_001_500,L=1.6um,161616,RVE1,28,0.1501426588400785,498.6151431460861,F:\1_job\20251124\CPFE_PARAMATER_TEST_PBC\1_CPFE_3DMODEL_BUILD\4_BASE_ROOT\job\161616\RVE1\02_001_500.csv
02_001_500,L=1.6um,161616,RVE2,1,0.0,0.0,F:\1_job\20251124\CPFE_PARAMATER_TEST_PBC\1_CPFE_3DMODEL_BUILD\4_BASE_ROOT\job\161616\RVE2\02_001_500.csv
02_001_500,L=1.6um,161616,RVE2,2,0.0059820717293904,415.736874661541,F:\1_job\20251124\CPFE_PARAMATER_TEST_PBC\1_CPFE_3DMODEL_BUILD\4_BASE_ROOT\job\161616\RVE2\02_001_500.csv
02_001_500,L=1.6um,161616,RVE2,3,0.011928570968345,553.5379326914075,F:\1_job\20251124\CPFE_PARAMATER_TEST_PBC\1_CPFE_3DMODEL_BUILD\4_BASE_ROOT\job\161616\RVE2\02_001_500.csv
02_001_500,L=1.6um,161616,RVE2,4,0.0178399173671714,573.782908837361,F:\1_job\20251124\CPFE_PARAMATER_TEST_PBC\1_CPFE_3DMODEL_BUILD\4_BASE_ROOT\job\161616\RVE2\02_001_500.csv
02_001_500,L=1.6um,161616,RVE2,5,0.0237165268210428,580.9771729699231,F:\1_job\20251124\CPFE_PARAMATER_TEST_PBC\1_CPFE_3DMODEL_BUILD\4_BASE_ROOT\job\161616\RVE2\02_001_500.csv
02_001_500,L=1.6um,161616,RVE2,6,0.0295588015905227,584.5218636760509,F:\1_job\20251124\CPFE_PARAMATER_TEST_PBC\1_CPFE_3DMODEL_BUILD\4_BASE_ROOT\job\161616\RVE2\02_001_500.csv
02_001_500,L=1.6um,161616,RVE2,7,0.0353671423414218,586.3809850981161,F:\1_job\20251124\CPFE_PARAMATER_TEST_PBC\1_CPFE_3DMODEL_BUILD\4_BASE_ROOT\job\161616\RVE2\02_001_500.csv
02_001_500,L=1.6um,161616,RVE2,8,0.0411419427877547,587.2505215791457,F:\1_job\20251124\CPFE_PARAMATER_TEST_PBC\1_CPFE_3DMODEL_BUILD\4_BASE_ROOT\job\161616\RVE2\02_001_500.csv
02_001_500,L=1.6um,161616,RVE2,9,0.046883586296973,587.4668676807833,F:\1_job\20251124\CPFE_PARAMATER_TEST_PBC\1_CPFE_3DMODEL_BUILD\4_BASE_ROOT\job\161616\RVE2\02_001_500.csv
02_001_500,L=1.6um,161616,RVE2,10,0.0525924514481166,587.2182027752773,F:\1_job\20251124\CPFE_PARAMATER_TEST_PBC\1_CPFE_3DMODEL_BUILD\4_BASE_ROOT\job\161616\RVE2\02_001_500.csv
02_001_500,L=1.6um,161616,RVE2,11,0.0582689068587828,586.6218583314491,F:\1_job\20251124\CPFE_PARAMATER_TEST_PBC\1_CPFE_3DMODEL_BUILD\4_BASE_ROOT\job\161616\RVE2\02_001_500.csv
02_001_500,L=1.6um,161616,RVE2,12,0.063913325408167,585.7670511426329,F:\1_job\20251124\CPFE_PARAMATER_TEST_PBC\1_CPFE_3DMODEL_BUILD\4_BASE_ROOT\job\161616\RVE2\02_001_500.csv
02_001_500,L=1.6um,161616,RVE2,13,0.0695260597573401,584.7159149430344,F:\1_job\20251124\CPFE_PARAMATER_TEST_PBC\1_CPFE_3DMODEL_BUILD\4_BASE_ROOT\job\161616\RVE2\02_001_500.csv
02_001_500,L=1.6um,161616,RVE2,14,0.0751074739796861,583.5034084686428,F:\1_job\20251124\CPFE_PARAMATER_TEST_PBC\1_CPFE_3DMODEL_BUILD\4_BASE_ROOT\job\161616\RVE2\02_001_500.csv
02_001_500,L=1.6um,161616,RVE2,15,0.0806579019727236,582.1724175093098,F:\1_job\20251124\CPFE_PARAMATER_TEST_PBC\1_CPFE_3DMODEL_BUILD\4_BASE_ROOT\job\161616\RVE2\02_001_500.csv
02_001_500,L=1.6um,161616,RVE2,16,0.0861776995220419,580.751892445564,F:\1_job\20251124\CPFE_PARAMATER_TEST_PBC\1_CPFE_3DMODEL_BUILD\4_BASE_ROOT\job\161616\RVE2\02_001_500.csv
02_001_500,L=1.6um,161616,RVE2,17,0.0916671892871969,579.2550983070877,F:\1_job\20251124\CPFE_PARAMATER_TEST_PBC\1_CPFE_3DMODEL_BUILD\4_BASE_ROOT\job\161616\RVE2\02_001_500.csv
02_001_500,L=1.6um,161616,RVE2,18,0.0971267089999163,577.7021852269542,F:\1_job\20251124\CPFE_PARAMATER_TEST_PBC\1_CPFE_3DMODEL_BUILD\4_BASE_ROOT\job\161616\RVE2\02_001_500.csv
02_001_500,L=1.6um,161616,RVE2,19,0.1025565908534479,575.9140401142578,F:\1_job\20251124\CPFE_PARAMATER_TEST_PBC\1_CPFE_3DMODEL_BUILD\4_BASE_ROOT\job\161616\RVE2\02_001_500.csv
02_001_500,L=1.6um,161616,RVE2,20,0.1079571415585973,573.0240100928773,F:\1_job\20251124\CPFE_PARAMATER_TEST_PBC\1_CPFE_3DMODEL_BUILD\4_BASE_ROOT\job\161616\RVE2\02_001_500.csv
02_001_500,L=1.6um,161616,RVE2,21,0.1133286829121737,566.7625699775391,F:\1_job\20251124\CPFE_PARAMATER_TEST_PBC\1_CPFE_3DMODEL_BUILD\4_BASE_ROOT\job\161616\RVE2\02_001_500.csv
02_001_500,L=1.6um,161616,RVE2,22,0.1186715315172836,567.2434032635767,F:\1_job\20251124\CPFE_PARAMATER_TEST_PBC\1_CPFE_3DMODEL_BUILD\4_BASE_ROOT\job\161616\RVE2\02_001_500.csv
02_001_500,L=1.6um,161616,RVE2,23,0.1239859791491398,565.2229868178508,F:\1_job\20251124\CPFE_PARAMATER_TEST_PBC\1_CPFE_3DMODEL_BUILD\4_BASE_ROOT\job\161616\RVE2\02_001_500.csv
02_001_500,L=1.6um,161616,RVE2,24,0.1292723326662926,561.6761804445547,F:\1_job\20251124\CPFE_PARAMATER_TEST_PBC\1_CPFE_3DMODEL_BUILD\4_BASE_ROOT\job\161616\RVE2\02_001_500.csv
02_001_500,L=1.6um,161616,RVE2,25,0.134530887539002,555.3888221687142,F:\1_job\20251124\CPFE_PARAMATER_TEST_PBC\1_CPFE_3DMODEL_BUILD\4_BASE_ROOT\job\161616\RVE2\02_001_500.csv
02_001_500,L=1.6um,161616,RVE2,26,0.1397619475581712,552.0354284645963,F:\1_job\20251124\CPFE_PARAMATER_TEST_PBC\1_CPFE_3DMODEL_BUILD\4_BASE_ROOT\job\161616\RVE2\02_001_500.csv
02_001_500,L=1.6um,161616,RVE2,27,0.1449657730344857,550.4894919225518,F:\1_job\20251124\CPFE_PARAMATER_TEST_PBC\1_CPFE_3DMODEL_BUILD\4_BASE_ROOT\job\161616\RVE2\02_001_500.csv
02_001_500,L=1.6um,161616,RVE2,28,0.1501426588400785,546.3488888002299,F:\1_job\20251124\CPFE_PARAMATER_TEST_PBC\1_CPFE_3DMODEL_BUILD\4_BASE_ROOT\job\161616\RVE2\02_001_500.csv
02_001_500,L=1.6um,161616,RVE3,1,0.0,0.0,F:\1_job\20251124\CPFE_PARAMATER_TEST_PBC\1_CPFE_3DMODEL_BUILD\4_BASE_ROOT\job\161616\RVE3\02_001_500.csv
02_001_500,L=1.6um,161616,RVE3,2,0.0059820717293904,397.37477781448536,F:\1_job\20251124\CPFE_PARAMATER_TEST_PBC\1_CPFE_3DMODEL_BUILD\4_BASE_ROOT\job\161616\RVE3\02_001_500.csv
02_001_500,L=1.6um,161616,RVE3,3,0.011928570968345,517.3669837054406,F:\1_job\20251124\CPFE_PARAMATER_TEST_PBC\1_CPFE_3DMODEL_BUILD\4_BASE_ROOT\job\161616\RVE3\02_001_500.csv
02_001_500,L=1.6um,161616,RVE3,4,0.0178399173671714,542.5598910493514,F:\1_job\20251124\CPFE_PARAMATER_TEST_PBC\1_CPFE_3DMODEL_BUILD\4_BASE_ROOT\job\161616\RVE3\02_001_500.csv
02_001_500,L=1.6um,161616,RVE3,5,0.0237165268210428,555.6438599764808,F:\1_job\20251124\CPFE_PARAMATER_TEST_PBC\1_CPFE_3DMODEL_BUILD\4_BASE_ROOT\job\161616\RVE3\02_001_500.csv
02_001_500,L=1.6um,161616,RVE3,6,0.0295588015905227,563.3738913444664,F:\1_job\20251124\CPFE_PARAMATER_TEST_PBC\1_CPFE_3DMODEL_BUILD\4_BASE_ROOT\job\161616\RVE3\02_001_500.csv
02_001_500,L=1.6um,161616,RVE3,7,0.0353671423414218,568.0703824605589,F:\1_job\20251124\CPFE_PARAMATER_TEST_PBC\1_CPFE_3DMODEL_BUILD\4_BASE_ROOT\job\161616\RVE3\02_001_500.csv
02_001_500,L=1.6um,161616,RVE3,8,0.0411419427877547,570.8492788550568,F:\1_job\20251124\CPFE_PARAMATER_TEST_PBC\1_CPFE_3DMODEL_BUILD\4_BASE_ROOT\job\161616\RVE3\02_001_500.csv
02_001_500,L=1.6um,161616,RVE3,9,0.046883586296973,572.3303744687329,F:\1_job\20251124\CPFE_PARAMATER_TEST_PBC\1_CPFE_3DMODEL_BUILD\4_BASE_ROOT\job\161616\RVE3\02_001_500.csv
02_001_500,L=1.6um,161616,RVE3,10,0.0525924514481166,572.8975697024663,F:\1_job\20251124\CPFE_PARAMATER_TEST_PBC\1_CPFE_3DMODEL_BUILD\4_BASE_ROOT\job\161616\RVE3\02_001_500.csv
02_001_500,L=1.6um,161616,RVE3,11,0.0582689068587828,572.7981882000892,F:\1_job\20251124\CPFE_PARAMATER_TEST_PBC\1_CPFE_3DMODEL_BUILD\4_BASE_ROOT\job\161616\RVE3\02_001_500.csv
02_001_500,L=1.6um,161616,RVE3,12,0.063913325408167,572.2016339766593,F:\1_job\20251124\CPFE_PARAMATER_TEST_PBC\1_CPFE_3DMODEL_BUILD\4_BASE_ROOT\job\161616\RVE3\02_001_500.csv
02_001_500,L=1.6um,161616,RVE3,13,0.0695260597573401,571.222511547294,F:\1_job\20251124\CPFE_PARAMATER_TEST_PBC\1_CPFE_3DMODEL_BUILD\4_BASE_ROOT\job\161616\RVE3\02_001_500.csv
02_001_500,L=1.6um,161616,RVE3,14,0.0751074739796861,569.9529873296774,F:\1_job\20251124\CPFE_PARAMATER_TEST_PBC\1_CPFE_3DMODEL_BUILD\4_BASE_ROOT\job\161616\RVE3\02_001_500.csv
02_001_500,L=1.6um,161616,RVE3,15,0.0806579019727236,568.4626463673217,F:\1_job\20251124\CPFE_PARAMATER_TEST_PBC\1_CPFE_3DMODEL_BUILD\4_BASE_ROOT\job\161616\RVE3\02_001_500.csv
02_001_500,L=1.6um,161616,RVE3,16,0.0861776995220419,566.7964727401618,F:\1_job\20251124\CPFE_PARAMATER_TEST_PBC\1_CPFE_3DMODEL_BUILD\4_BASE_ROOT\job\161616\RVE3\02_001_500.csv
02_001_500,L=1.6um,161616,RVE3,17,0.0916671892871969,564.9963721762364,F:\1_job\20251124\CPFE_PARAMATER_TEST_PBC\1_CPFE_3DMODEL_BUILD\4_BASE_ROOT\job\161616\RVE3\02_001_500.csv
02_001_500,L=1.6um,161616,RVE3,18,0.0971267089999163,563.0919565945192,F:\1_job\20251124\CPFE_PARAMATER_TEST_PBC\1_CPFE_3DMODEL_BUILD\4_BASE_ROOT\job\161616\RVE3\02_001_500.csv
02_001_500,L=1.6um,161616,RVE3,19,0.1025565908534479,561.1030769229712,F:\1_job\20251124\CPFE_PARAMATER_TEST_PBC\1_CPFE_3DMODEL_BUILD\4_BASE_ROOT\job\161616\RVE3\02_001_500.csv
02_001_500,L=1.6um,161616,RVE3,20,0.1079571415585973,559.0514812768604,F:\1_job\20251124\CPFE_PARAMATER_TEST_PBC\1_CPFE_3DMODEL_BUILD\4_BASE_ROOT\job\161616\RVE3\02_001_500.csv
02_001_500,L=1.6um,161616,RVE3,21,0.1133286829121737,556.961277581578,F:\1_job\20251124\CPFE_PARAMATER_TEST_PBC\1_CPFE_3DMODEL_BUILD\4_BASE_ROOT\job\161616\RVE3\02_001_500.csv
02_001_500,L=1.6um,161616,RVE3,22,0.1186715315172836,554.834710106459,F:\1_job\20251124\CPFE_PARAMATER_TEST_PBC\1_CPFE_3DMODEL_BUILD\4_BASE_ROOT\job\161616\RVE3\02_001_500.csv
02_001_500,L=1.6um,161616,RVE3,23,0.1239859791491398,552.6912934864212,F:\1_job\20251124\CPFE_PARAMATER_TEST_PBC\1_CPFE_3DMODEL_BUILD\4_BASE_ROOT\job\161616\RVE3\02_001_500.csv
02_001_500,L=1.6um,161616,RVE3,24,0.1292723326662926,550.5251178706648,F:\1_job\20251124\CPFE_PARAMATER_TEST_PBC\1_CPFE_3DMODEL_BUILD\4_BASE_ROOT\job\161616\RVE3\02_001_500.csv
02_001_500,L=1.6um,161616,RVE3,25,0.134530887539002,548.349327215556,F:\1_job\20251124\CPFE_PARAMATER_TEST_PBC\1_CPFE_3DMODEL_BUILD\4_BASE_ROOT\job\161616\RVE3\02_001_500.csv
02_001_500,L=1.6um,161616,RVE3,26,0.1397619475581712,546.1646912987579,F:\1_job\20251124\CPFE_PARAMATER_TEST_PBC\1_CPFE_3DMODEL_BUILD\4_BASE_ROOT\job\161616\RVE3\02_001_500.csv
02_001_500,L=1.6um,161616,RVE3,27,0.1449657730344857,543.9677914029514,F:\1_job\20251124\CPFE_PARAMATER_TEST_PBC\1_CPFE_3DMODEL_BUILD\4_BASE_ROOT\job\161616\RVE3\02_001_500.csv
02_001_500,L=1.6um,161616,RVE3,28,0.1501426588400785,541.7669886189635,F:\1_job\20251124\CPFE_PARAMATER_TEST_PBC\1_CPFE_3DMODEL_BUILD\4_BASE_ROOT\job\161616\RVE3\02_001_500.csv
02_001_500,L=2.0um,202020,RVE1,1,0.0,0.0,F:\1_job\20251124\CPFE_PARAMATER_TEST_PBC\1_CPFE_3DMODEL_BUILD\4_BASE_ROOT\job\202020\RVE1\02_001_500.csv
02_001_500,L=2.0um,202020,RVE1,2,0.0059820717293904,410.6037138884744,F:\1_job\20251124\CPFE_PARAMATER_TEST_PBC\1_CPFE_3DMODEL_BUILD\4_BASE_ROOT\job\202020\RVE1\02_001_500.csv
02_001_500,L=2.0um,202020,RVE1,3,0.011928570968345,529.5918176815388,F:\1_job\20251124\CPFE_PARAMATER_TEST_PBC\1_CPFE_3DMODEL_BUILD\4_BASE_ROOT\job\202020\RVE1\02_001_500.csv
02_001_500,L=2.0um,202020,RVE1,4,0.0178399173671714,551.5341819532414,F:\1_job\20251124\CPFE_PARAMATER_TEST_PBC\1_CPFE_3DMODEL_BUILD\4_BASE_ROOT\job\202020\RVE1\02_001_500.csv
02_001_500,L=2.0um,202020,RVE1,5,0.0237165268210428,562.655625114628,F:\1_job\20251124\CPFE_PARAMATER_TEST_PBC\1_CPFE_3DMODEL_BUILD\4_BASE_ROOT\job\202020\RVE1\02_001_500.csv
02_001_500,L=2.0um,202020,RVE1,6,0.0295588015905227,569.4781606399996,F:\1_job\20251124\CPFE_PARAMATER_TEST_PBC\1_CPFE_3DMODEL_BUILD\4_BASE_ROOT\job\202020\RVE1\02_001_500.csv
02_001_500,L=2.0um,202020,RVE1,7,0.0353671423414218,573.953989864096,F:\1_job\20251124\CPFE_PARAMATER_TEST_PBC\1_CPFE_3DMODEL_BUILD\4_BASE_ROOT\job\202020\RVE1\02_001_500.csv
02_001_500,L=2.0um,202020,RVE1,8,0.0411419427877547,576.9423746864777,F:\1_job\20251124\CPFE_PARAMATER_TEST_PBC\1_CPFE_3DMODEL_BUILD\4_BASE_ROOT\job\202020\RVE1\02_001_500.csv
02_001_500,L=2.0um,202020,RVE1,9,0.046883586296973,578.9001940781295,F:\1_job\20251124\CPFE_PARAMATER_TEST_PBC\1_CPFE_3DMODEL_BUILD\4_BASE_ROOT\job\202020\RVE1\02_001_500.csv
02_001_500,L=2.0um,202020,RVE1,10,0.0525924514481166,580.1057367328433,F:\1_job\20251124\CPFE_PARAMATER_TEST_PBC\1_CPFE_3DMODEL_BUILD\4_BASE_ROOT\job\202020\RVE1\02_001_500.csv
02_001_500,L=2.0um,202020,RVE1,11,0.0582689068587828,580.7425822730611,F:\1_job\20251124\CPFE_PARAMATER_TEST_PBC\1_CPFE_3DMODEL_BUILD\4_BASE_ROOT\job\202020\RVE1\02_001_500.csv
02_001_500,L=2.0um,202020,RVE1,12,0.063913325408167,580.9374680668225,F:\1_job\20251124\CPFE_PARAMATER_TEST_PBC\1_CPFE_3DMODEL_BUILD\4_BASE_ROOT\job\202020\RVE1\02_001_500.csv
02_001_500,L=2.0um,202020,RVE1,13,0.0695260597573401,580.7843948051705,F:\1_job\20251124\CPFE_PARAMATER_TEST_PBC\1_CPFE_3DMODEL_BUILD\4_BASE_ROOT\job\202020\RVE1\02_001_500.csv
02_001_500,L=2.0um,202020,RVE1,14,0.0751074739796861,580.3498938107291,F:\1_job\20251124\CPFE_PARAMATER_TEST_PBC\1_CPFE_3DMODEL_BUILD\4_BASE_ROOT\job\202020\RVE1\02_001_500.csv
02_001_500,L=2.0um,202020,RVE1,15,0.0806579019727236,579.6889803514123,F:\1_job\20251124\CPFE_PARAMATER_TEST_PBC\1_CPFE_3DMODEL_BUILD\4_BASE_ROOT\job\202020\RVE1\02_001_500.csv
02_001_500,L=2.0um,202020,RVE1,16,0.0861776995220419,578.8417609323769,F:\1_job\20251124\CPFE_PARAMATER_TEST_PBC\1_CPFE_3DMODEL_BUILD\4_BASE_ROOT\job\202020\RVE1\02_001_500.csv
02_001_500,L=2.0um,202020,RVE1,17,0.0916671892871969,577.8398446782329,F:\1_job\20251124\CPFE_PARAMATER_TEST_PBC\1_CPFE_3DMODEL_BUILD\4_BASE_ROOT\job\202020\RVE1\02_001_500.csv
02_001_500,L=2.0um,202020,RVE1,18,0.0971267089999163,576.7152604764269,F:\1_job\20251124\CPFE_PARAMATER_TEST_PBC\1_CPFE_3DMODEL_BUILD\4_BASE_ROOT\job\202020\RVE1\02_001_500.csv
02_001_500,L=2.0um,202020,RVE1,19,0.1025565908534479,575.4792009179068,F:\1_job\20251124\CPFE_PARAMATER_TEST_PBC\1_CPFE_3DMODEL_BUILD\4_BASE_ROOT\job\202020\RVE1\02_001_500.csv
02_001_500,L=2.0um,202020,RVE1,20,0.1079571415585973,574.1584829408766,F:\1_job\20251124\CPFE_PARAMATER_TEST_PBC\1_CPFE_3DMODEL_BUILD\4_BASE_ROOT\job\202020\RVE1\02_001_500.csv
02_001_500,L=2.0um,202020,RVE1,21,0.1133286829121737,572.7526792924175,F:\1_job\20251124\CPFE_PARAMATER_TEST_PBC\1_CPFE_3DMODEL_BUILD\4_BASE_ROOT\job\202020\RVE1\02_001_500.csv
02_001_500,L=2.0um,202020,RVE1,22,0.1186715315172836,571.2793723660707,F:\1_job\20251124\CPFE_PARAMATER_TEST_PBC\1_CPFE_3DMODEL_BUILD\4_BASE_ROOT\job\202020\RVE1\02_001_500.csv
02_001_500,L=2.0um,202020,RVE1,23,0.1239859791491398,569.7475041566057,F:\1_job\20251124\CPFE_PARAMATER_TEST_PBC\1_CPFE_3DMODEL_BUILD\4_BASE_ROOT\job\202020\RVE1\02_001_500.csv
02_001_500,L=2.0um,202020,RVE1,24,0.1292723326662926,568.1619179517456,F:\1_job\20251124\CPFE_PARAMATER_TEST_PBC\1_CPFE_3DMODEL_BUILD\4_BASE_ROOT\job\202020\RVE1\02_001_500.csv
02_001_500,L=2.0um,202020,RVE1,25,0.134530887539002,566.5296534243407,F:\1_job\20251124\CPFE_PARAMATER_TEST_PBC\1_CPFE_3DMODEL_BUILD\4_BASE_ROOT\job\202020\RVE1\02_001_500.csv
02_001_500,L=2.0um,202020,RVE1,26,0.1397619475581712,564.8595915507212,F:\1_job\20251124\CPFE_PARAMATER_TEST_PBC\1_CPFE_3DMODEL_BUILD\4_BASE_ROOT\job\202020\RVE1\02_001_500.csv
02_001_500,L=2.0um,202020,RVE1,27,0.1449657730344857,563.1468056451181,F:\1_job\20251124\CPFE_PARAMATER_TEST_PBC\1_CPFE_3DMODEL_BUILD\4_BASE_ROOT\job\202020\RVE1\02_001_500.csv
02_001_500,L=2.0um,202020,RVE1,28,0.1501426588400785,561.404441880768,F:\1_job\20251124\CPFE_PARAMATER_TEST_PBC\1_CPFE_3DMODEL_BUILD\4_BASE_ROOT\job\202020\RVE1\02_001_500.csv
02_001_500,L=2.0um,202020,RVE2,1,0.0,0.0,F:\1_job\20251124\CPFE_PARAMATER_TEST_PBC\1_CPFE_3DMODEL_BUILD\4_BASE_ROOT\job\202020\RVE2\02_001_500.csv
02_001_500,L=2.0um,202020,RVE2,2,0.0059820717293904,406.98554622471266,F:\1_job\20251124\CPFE_PARAMATER_TEST_PBC\1_CPFE_3DMODEL_BUILD\4_BASE_ROOT\job\202020\RVE2\02_001_500.csv
02_001_500,L=2.0um,202020,RVE2,3,0.011928570968345,532.0790127501546,F:\1_job\20251124\CPFE_PARAMATER_TEST_PBC\1_CPFE_3DMODEL_BUILD\4_BASE_ROOT\job\202020\RVE2\02_001_500.csv
02_001_500,L=2.0um,202020,RVE2,4,0.0178399173671714,547.417942698562,F:\1_job\20251124\CPFE_PARAMATER_TEST_PBC\1_CPFE_3DMODEL_BUILD\4_BASE_ROOT\job\202020\RVE2\02_001_500.csv
02_001_500,L=2.0um,202020,RVE2,5,0.0237165268210428,552.9697501126548,F:\1_job\20251124\CPFE_PARAMATER_TEST_PBC\1_CPFE_3DMODEL_BUILD\4_BASE_ROOT\job\202020\RVE2\02_001_500.csv
02_001_500,L=2.0um,202020,RVE2,6,0.0295588015905227,555.6354610640506,F:\1_job\20251124\CPFE_PARAMATER_TEST_PBC\1_CPFE_3DMODEL_BUILD\4_BASE_ROOT\job\202020\RVE2\02_001_500.csv
02_001_500,L=2.0um,202020,RVE2,7,0.0353671423414218,556.9851268523697,F:\1_job\20251124\CPFE_PARAMATER_TEST_PBC\1_CPFE_3DMODEL_BUILD\4_BASE_ROOT\job\202020\RVE2\02_001_500.csv
02_001_500,L=2.0um,202020,RVE2,8,0.0411419427877547,557.5662244284524,F:\1_job\20251124\CPFE_PARAMATER_TEST_PBC\1_CPFE_3DMODEL_BUILD\4_BASE_ROOT\job\202020\RVE2\02_001_500.csv
02_001_500,L=2.0um,202020,RVE2,9,0.046883586296973,557.6339943626317,F:\1_job\20251124\CPFE_PARAMATER_TEST_PBC\1_CPFE_3DMODEL_BUILD\4_BASE_ROOT\job\202020\RVE2\02_001_500.csv
02_001_500,L=2.0um,202020,RVE2,10,0.0525924514481166,557.3346019369567,F:\1_job\20251124\CPFE_PARAMATER_TEST_PBC\1_CPFE_3DMODEL_BUILD\4_BASE_ROOT\job\202020\RVE2\02_001_500.csv
02_001_500,L=2.0um,202020,RVE2,11,0.0582689068587828,556.7635759557429,F:\1_job\20251124\CPFE_PARAMATER_TEST_PBC\1_CPFE_3DMODEL_BUILD\4_BASE_ROOT\job\202020\RVE2\02_001_500.csv
02_001_500,L=2.0um,202020,RVE2,12,0.063913325408167,555.9841283535143,F:\1_job\20251124\CPFE_PARAMATER_TEST_PBC\1_CPFE_3DMODEL_BUILD\4_BASE_ROOT\job\202020\RVE2\02_001_500.csv
02_001_500,L=2.0um,202020,RVE2,13,0.0695260597573401,555.0454026920888,F:\1_job\20251124\CPFE_PARAMATER_TEST_PBC\1_CPFE_3DMODEL_BUILD\4_BASE_ROOT\job\202020\RVE2\02_001_500.csv
02_001_500,L=2.0um,202020,RVE2,14,0.0751074739796861,553.9764632293645,F:\1_job\20251124\CPFE_PARAMATER_TEST_PBC\1_CPFE_3DMODEL_BUILD\4_BASE_ROOT\job\202020\RVE2\02_001_500.csv
02_001_500,L=2.0um,202020,RVE2,15,0.0806579019727236,552.8073153404339,F:\1_job\20251124\CPFE_PARAMATER_TEST_PBC\1_CPFE_3DMODEL_BUILD\4_BASE_ROOT\job\202020\RVE2\02_001_500.csv
02_001_500,L=2.0um,202020,RVE2,16,0.0861776995220419,551.5618230987311,F:\1_job\20251124\CPFE_PARAMATER_TEST_PBC\1_CPFE_3DMODEL_BUILD\4_BASE_ROOT\job\202020\RVE2\02_001_500.csv
02_001_500,L=2.0um,202020,RVE2,17,0.0916671892871969,550.2536437294953,F:\1_job\20251124\CPFE_PARAMATER_TEST_PBC\1_CPFE_3DMODEL_BUILD\4_BASE_ROOT\job\202020\RVE2\02_001_500.csv
02_001_500,L=2.0um,202020,RVE2,18,0.0971267089999163,548.8946705587587,F:\1_job\20251124\CPFE_PARAMATER_TEST_PBC\1_CPFE_3DMODEL_BUILD\4_BASE_ROOT\job\202020\RVE2\02_001_500.csv
02_001_500,L=2.0um,202020,RVE2,19,0.1025565908534479,547.4968583178606,F:\1_job\20251124\CPFE_PARAMATER_TEST_PBC\1_CPFE_3DMODEL_BUILD\4_BASE_ROOT\job\202020\RVE2\02_001_500.csv
02_001_500,L=2.0um,202020,RVE2,20,0.1079571415585973,546.0667672411314,F:\1_job\20251124\CPFE_PARAMATER_TEST_PBC\1_CPFE_3DMODEL_BUILD\4_BASE_ROOT\job\202020\RVE2\02_001_500.csv
02_001_500,L=2.0um,202020,RVE2,21,0.1133286829121737,544.6092613910662,F:\1_job\20251124\CPFE_PARAMATER_TEST_PBC\1_CPFE_3DMODEL_BUILD\4_BASE_ROOT\job\202020\RVE2\02_001_500.csv
02_001_500,L=2.0um,202020,RVE2,22,0.1186715315172836,543.1279290780993,F:\1_job\20251124\CPFE_PARAMATER_TEST_PBC\1_CPFE_3DMODEL_BUILD\4_BASE_ROOT\job\202020\RVE2\02_001_500.csv
02_001_500,L=2.0um,202020,RVE2,23,0.1239859791491398,541.6250700923438,F:\1_job\20251124\CPFE_PARAMATER_TEST_PBC\1_CPFE_3DMODEL_BUILD\4_BASE_ROOT\job\202020\RVE2\02_001_500.csv
02_001_500,L=2.0um,202020,RVE2,24,0.1292723326662926,540.1124129100026,F:\1_job\20251124\CPFE_PARAMATER_TEST_PBC\1_CPFE_3DMODEL_BUILD\4_BASE_ROOT\job\202020\RVE2\02_001_500.csv
02_001_500,L=2.0um,202020,RVE2,25,0.134530887539002,538.5795774039161,F:\1_job\20251124\CPFE_PARAMATER_TEST_PBC\1_CPFE_3DMODEL_BUILD\4_BASE_ROOT\job\202020\RVE2\02_001_500.csv
02_001_500,L=2.0um,202020,RVE2,26,0.1397619475581712,537.0363156496769,F:\1_job\20251124\CPFE_PARAMATER_TEST_PBC\1_CPFE_3DMODEL_BUILD\4_BASE_ROOT\job\202020\RVE2\02_001_500.csv
02_001_500,L=2.0um,202020,RVE2,27,0.1449657730344857,535.4815467790272,F:\1_job\20251124\CPFE_PARAMATER_TEST_PBC\1_CPFE_3DMODEL_BUILD\4_BASE_ROOT\job\202020\RVE2\02_001_500.csv
02_001_500,L=2.0um,202020,RVE2,28,0.1501426588400785,533.92243973326,F:\1_job\20251124\CPFE_PARAMATER_TEST_PBC\1_CPFE_3DMODEL_BUILD\4_BASE_ROOT\job\202020\RVE2\02_001_500.csv
02_001_500,L=2.0um,202020,RVE3,1,0.0,0.0,F:\1_job\20251124\CPFE_PARAMATER_TEST_PBC\1_CPFE_3DMODEL_BUILD\4_BASE_ROOT\job\202020\RVE3\02_001_500.csv
02_001_500,L=2.0um,202020,RVE3,2,0.0059820717293904,377.63397346928474,F:\1_job\20251124\CPFE_PARAMATER_TEST_PBC\1_CPFE_3DMODEL_BUILD\4_BASE_ROOT\job\202020\RVE3\02_001_500.csv
02_001_500,L=2.0um,202020,RVE3,3,0.011928570968345,513.5209130167964,F:\1_job\20251124\CPFE_PARAMATER_TEST_PBC\1_CPFE_3DMODEL_BUILD\4_BASE_ROOT\job\202020\RVE3\02_001_500.csv
02_001_500,L=2.0um,202020,RVE3,4,0.0178399173671714,536.994253985793,F:\1_job\20251124\CPFE_PARAMATER_TEST_PBC\1_CPFE_3DMODEL_BUILD\4_BASE_ROOT\job\202020\RVE3\02_001_500.csv
02_001_500,L=2.0um,202020,RVE3,5,0.0237165268210428,547.0209376114428,F:\1_job\20251124\CPFE_PARAMATER_TEST_PBC\1_CPFE_3DMODEL_BUILD\4_BASE_ROOT\job\202020\RVE3\02_001_500.csv
02_001_500,L=2.0um,202020,RVE3,6,0.0295588015905227,552.3926333073728,F:\1_job\20251124\CPFE_PARAMATER_TEST_PBC\1_CPFE_3DMODEL_BUILD\4_BASE_ROOT\job\202020\RVE3\02_001_500.csv
02_001_500,L=2.0um,202020,RVE3,7,0.0353671423414218,555.4631856925371,F:\1_job\20251124\CPFE_PARAMATER_TEST_PBC\1_CPFE_3DMODEL_BUILD\4_BASE_ROOT\job\202020\RVE3\02_001_500.csv
02_001_500,L=2.0um,202020,RVE3,8,0.0411419427877547,557.1755380272975,F:\1_job\20251124\CPFE_PARAMATER_TEST_PBC\1_CPFE_3DMODEL_BUILD\4_BASE_ROOT\job\202020\RVE3\02_001_500.csv
02_001_500,L=2.0um,202020,RVE3,9,0.046883586296973,558.009340065906,F:\1_job\20251124\CPFE_PARAMATER_TEST_PBC\1_CPFE_3DMODEL_BUILD\4_BASE_ROOT\job\202020\RVE3\02_001_500.csv
02_001_500,L=2.0um,202020,RVE3,10,0.0525924514481166,558.241927133475,F:\1_job\20251124\CPFE_PARAMATER_TEST_PBC\1_CPFE_3DMODEL_BUILD\4_BASE_ROOT\job\202020\RVE3\02_001_500.csv
02_001_500,L=2.0um,202020,RVE3,11,0.0582689068587828,558.0335832783549,F:\1_job\20251124\CPFE_PARAMATER_TEST_PBC\1_CPFE_3DMODEL_BUILD\4_BASE_ROOT\job\202020\RVE3\02_001_500.csv
02_001_500,L=2.0um,202020,RVE3,12,0.063913325408167,557.4941215170702,F:\1_job\20251124\CPFE_PARAMATER_TEST_PBC\1_CPFE_3DMODEL_BUILD\4_BASE_ROOT\job\202020\RVE3\02_001_500.csv
02_001_500,L=2.0um,202020,RVE3,13,0.0695260597573401,556.701035499802,F:\1_job\20251124\CPFE_PARAMATER_TEST_PBC\1_CPFE_3DMODEL_BUILD\4_BASE_ROOT\job\202020\RVE3\02_001_500.csv
02_001_500,L=2.0um,202020,RVE3,14,0.0751074739796861,555.7079480952307,F:\1_job\20251124\CPFE_PARAMATER_TEST_PBC\1_CPFE_3DMODEL_BUILD\4_BASE_ROOT\job\202020\RVE3\02_001_500.csv
02_001_500,L=2.0um,202020,RVE3,15,0.0806579019727236,554.5559468083336,F:\1_job\20251124\CPFE_PARAMATER_TEST_PBC\1_CPFE_3DMODEL_BUILD\4_BASE_ROOT\job\202020\RVE3\02_001_500.csv
02_001_500,L=2.0um,202020,RVE3,16,0.0861776995220419,553.2766570887325,F:\1_job\20251124\CPFE_PARAMATER_TEST_PBC\1_CPFE_3DMODEL_BUILD\4_BASE_ROOT\job\202020\RVE3\02_001_500.csv
02_001_500,L=2.0um,202020,RVE3,17,0.0916671892871969,551.8844655080807,F:\1_job\20251124\CPFE_PARAMATER_TEST_PBC\1_CPFE_3DMODEL_BUILD\4_BASE_ROOT\job\202020\RVE3\02_001_500.csv
02_001_500,L=2.0um,202020,RVE3,18,0.0971267089999163,550.4007394648434,F:\1_job\20251124\CPFE_PARAMATER_TEST_PBC\1_CPFE_3DMODEL_BUILD\4_BASE_ROOT\job\202020\RVE3\02_001_500.csv
02_001_500,L=2.0um,202020,RVE3,19,0.1025565908534479,548.840402998992,F:\1_job\20251124\CPFE_PARAMATER_TEST_PBC\1_CPFE_3DMODEL_BUILD\4_BASE_ROOT\job\202020\RVE3\02_001_500.csv
02_001_500,L=2.0um,202020,RVE3,20,0.1079571415585973,547.2128260180482,F:\1_job\20251124\CPFE_PARAMATER_TEST_PBC\1_CPFE_3DMODEL_BUILD\4_BASE_ROOT\job\202020\RVE3\02_001_500.csv
02_001_500,L=2.0um,202020,RVE3,21,0.1133286829121737,545.5243199826248,F:\1_job\20251124\CPFE_PARAMATER_TEST_PBC\1_CPFE_3DMODEL_BUILD\4_BASE_ROOT\job\202020\RVE3\02_001_500.csv
02_001_500,L=2.0um,202020,RVE3,22,0.1186715315172836,543.7896190206966,F:\1_job\20251124\CPFE_PARAMATER_TEST_PBC\1_CPFE_3DMODEL_BUILD\4_BASE_ROOT\job\202020\RVE3\02_001_500.csv
02_001_500,L=2.0um,202020,RVE3,23,0.1239859791491398,542.0111205071389,F:\1_job\20251124\CPFE_PARAMATER_TEST_PBC\1_CPFE_3DMODEL_BUILD\4_BASE_ROOT\job\202020\RVE3\02_001_500.csv
02_001_500,L=2.0um,202020,RVE3,24,0.1292723326662926,540.2046184150936,F:\1_job\20251124\CPFE_PARAMATER_TEST_PBC\1_CPFE_3DMODEL_BUILD\4_BASE_ROOT\job\202020\RVE3\02_001_500.csv
02_001_500,L=2.0um,202020,RVE3,25,0.134530887539002,538.3612719851772,F:\1_job\20251124\CPFE_PARAMATER_TEST_PBC\1_CPFE_3DMODEL_BUILD\4_BASE_ROOT\job\202020\RVE3\02_001_500.csv
02_001_500,L=2.0um,202020,RVE3,26,0.1397619475581712,536.4882687718364,F:\1_job\20251124\CPFE_PARAMATER_TEST_PBC\1_CPFE_3DMODEL_BUILD\4_BASE_ROOT\job\202020\RVE3\02_001_500.csv
02_001_500,L=2.0um,202020,RVE3,27,0.1449657730344857,534.5963078849609,F:\1_job\20251124\CPFE_PARAMATER_TEST_PBC\1_CPFE_3DMODEL_BUILD\4_BASE_ROOT\job\202020\RVE3\02_001_500.csv
02_001_500,L=2.0um,202020,RVE3,28,0.1501426588400785,532.6848714344123,F:\1_job\20251124\CPFE_PARAMATER_TEST_PBC\1_CPFE_3DMODEL_BUILD\4_BASE_ROOT\job\202020\RVE3\02_001_500.csv
02_001_500,L=2.4um,242424,RVE1,1,0.0,0.0,F:\1_job\20251124\CPFE_PARAMATER_TEST_PBC\1_CPFE_3DMODEL_BUILD\4_BASE_ROOT\job\242424\RVE1\02_001_500.csv
02_001_500,L=2.4um,242424,RVE1,2,0.0059820717293904,407.56454434565103,F:\1_job\20251124\CPFE_PARAMATER_TEST_PBC\1_CPFE_3DMODEL_BUILD\4_BASE_ROOT\job\242424\RVE1\02_001_500.csv
02_001_500,L=2.4um,242424,RVE1,3,0.011928570968345,543.3136939149591,F:\1_job\20251124\CPFE_PARAMATER_TEST_PBC\1_CPFE_3DMODEL_BUILD\4_BASE_ROOT\job\242424\RVE1\02_001_500.csv
02_001_500,L=2.4um,242424,RVE1,4,0.0178399173671714,571.14302959061,F:\1_job\20251124\CPFE_PARAMATER_TEST_PBC\1_CPFE_3DMODEL_BUILD\4_BASE_ROOT\job\242424\RVE1\02_001_500.csv
02_001_500,L=2.4um,242424,RVE1,5,0.0237165268210428,584.4797816584261,F:\1_job\20251124\CPFE_PARAMATER_TEST_PBC\1_CPFE_3DMODEL_BUILD\4_BASE_ROOT\job\242424\RVE1\02_001_500.csv
02_001_500,L=2.4um,242424,RVE1,6,0.0295588015905227,591.7996985503403,F:\1_job\20251124\CPFE_PARAMATER_TEST_PBC\1_CPFE_3DMODEL_BUILD\4_BASE_ROOT\job\242424\RVE1\02_001_500.csv
02_001_500,L=2.4um,242424,RVE1,7,0.0353671423414218,595.9141257520184,F:\1_job\20251124\CPFE_PARAMATER_TEST_PBC\1_CPFE_3DMODEL_BUILD\4_BASE_ROOT\job\242424\RVE1\02_001_500.csv
02_001_500,L=2.4um,242424,RVE1,8,0.0411419427877547,598.1028157975283,F:\1_job\20251124\CPFE_PARAMATER_TEST_PBC\1_CPFE_3DMODEL_BUILD\4_BASE_ROOT\job\242424\RVE1\02_001_500.csv
02_001_500,L=2.4um,242424,RVE1,9,0.046883586296973,599.0530089891295,F:\1_job\20251124\CPFE_PARAMATER_TEST_PBC\1_CPFE_3DMODEL_BUILD\4_BASE_ROOT\job\242424\RVE1\02_001_500.csv
02_001_500,L=2.4um,242424,RVE1,10,0.0525924514481166,599.168610627331,F:\1_job\20251124\CPFE_PARAMATER_TEST_PBC\1_CPFE_3DMODEL_BUILD\4_BASE_ROOT\job\242424\RVE1\02_001_500.csv
02_001_500,L=2.4um,242424,RVE1,11,0.0582689068587828,598.6859935674075,F:\1_job\20251124\CPFE_PARAMATER_TEST_PBC\1_CPFE_3DMODEL_BUILD\4_BASE_ROOT\job\242424\RVE1\02_001_500.csv
02_001_500,L=2.4um,242424,RVE1,12,0.063913325408167,597.7612775987127,F:\1_job\20251124\CPFE_PARAMATER_TEST_PBC\1_CPFE_3DMODEL_BUILD\4_BASE_ROOT\job\242424\RVE1\02_001_500.csv
02_001_500,L=2.4um,242424,RVE1,13,0.0695260597573401,596.499324062939,F:\1_job\20251124\CPFE_PARAMATER_TEST_PBC\1_CPFE_3DMODEL_BUILD\4_BASE_ROOT\job\242424\RVE1\02_001_500.csv
02_001_500,L=2.4um,242424,RVE1,14,0.0751074739796861,594.9745288123752,F:\1_job\20251124\CPFE_PARAMATER_TEST_PBC\1_CPFE_3DMODEL_BUILD\4_BASE_ROOT\job\242424\RVE1\02_001_500.csv
02_001_500,L=2.4um,242424,RVE1,15,0.0806579019727236,593.2389157066772,F:\1_job\20251124\CPFE_PARAMATER_TEST_PBC\1_CPFE_3DMODEL_BUILD\4_BASE_ROOT\job\242424\RVE1\02_001_500.csv
02_001_500,L=2.4um,242424,RVE1,16,0.0861776995220419,591.3365150356009,F:\1_job\20251124\CPFE_PARAMATER_TEST_PBC\1_CPFE_3DMODEL_BUILD\4_BASE_ROOT\job\242424\RVE1\02_001_500.csv
02_001_500,L=2.4um,242424,RVE1,17,0.0916671892871969,589.2935532712092,F:\1_job\20251124\CPFE_PARAMATER_TEST_PBC\1_CPFE_3DMODEL_BUILD\4_BASE_ROOT\job\242424\RVE1\02_001_500.csv
02_001_500,L=2.4um,242424,RVE1,18,0.0971267089999163,587.1326020286502,F:\1_job\20251124\CPFE_PARAMATER_TEST_PBC\1_CPFE_3DMODEL_BUILD\4_BASE_ROOT\job\242424\RVE1\02_001_500.csv
02_001_500,L=2.4um,242424,RVE1,19,0.1025565908534479,584.8750712736038,F:\1_job\20251124\CPFE_PARAMATER_TEST_PBC\1_CPFE_3DMODEL_BUILD\4_BASE_ROOT\job\242424\RVE1\02_001_500.csv
02_001_500,L=2.4um,242424,RVE1,20,0.1079571415585973,582.530567482928,F:\1_job\20251124\CPFE_PARAMATER_TEST_PBC\1_CPFE_3DMODEL_BUILD\4_BASE_ROOT\job\242424\RVE1\02_001_500.csv
02_001_500,L=2.4um,242424,RVE1,21,0.1133286829121737,580.1167622554675,F:\1_job\20251124\CPFE_PARAMATER_TEST_PBC\1_CPFE_3DMODEL_BUILD\4_BASE_ROOT\job\242424\RVE1\02_001_500.csv
02_001_500,L=2.4um,242424,RVE1,22,0.1186715315172836,577.647897205843,F:\1_job\20251124\CPFE_PARAMATER_TEST_PBC\1_CPFE_3DMODEL_BUILD\4_BASE_ROOT\job\242424\RVE1\02_001_500.csv
02_001_500,L=2.4um,242424,RVE1,23,0.1239859791491398,575.1247549308413,F:\1_job\20251124\CPFE_PARAMATER_TEST_PBC\1_CPFE_3DMODEL_BUILD\4_BASE_ROOT\job\242424\RVE1\02_001_500.csv
02_001_500,L=2.4um,242424,RVE1,24,0.1292723326662926,572.5503555847856,F:\1_job\20251124\CPFE_PARAMATER_TEST_PBC\1_CPFE_3DMODEL_BUILD\4_BASE_ROOT\job\242424\RVE1\02_001_500.csv
02_001_500,L=2.4um,242424,RVE1,25,0.134530887539002,569.9342425511292,F:\1_job\20251124\CPFE_PARAMATER_TEST_PBC\1_CPFE_3DMODEL_BUILD\4_BASE_ROOT\job\242424\RVE1\02_001_500.csv
02_001_500,L=2.4um,242424,RVE1,26,0.1397619475581712,567.2851079744029,F:\1_job\20251124\CPFE_PARAMATER_TEST_PBC\1_CPFE_3DMODEL_BUILD\4_BASE_ROOT\job\242424\RVE1\02_001_500.csv
02_001_500,L=2.4um,242424,RVE1,27,0.1449657730344857,564.6096332870401,F:\1_job\20251124\CPFE_PARAMATER_TEST_PBC\1_CPFE_3DMODEL_BUILD\4_BASE_ROOT\job\242424\RVE1\02_001_500.csv
02_001_500,L=2.4um,242424,RVE1,28,0.1501426588400785,561.9040634906961,F:\1_job\20251124\CPFE_PARAMATER_TEST_PBC\1_CPFE_3DMODEL_BUILD\4_BASE_ROOT\job\242424\RVE1\02_001_500.csv
02_001_500,L=2.4um,242424,RVE2,1,0.0,0.0,F:\1_job\20251124\CPFE_PARAMATER_TEST_PBC\1_CPFE_3DMODEL_BUILD\4_BASE_ROOT\job\242424\RVE2\02_001_500.csv
02_001_500,L=2.4um,242424,RVE2,2,0.0059820717293904,410.2023513441466,F:\1_job\20251124\CPFE_PARAMATER_TEST_PBC\1_CPFE_3DMODEL_BUILD\4_BASE_ROOT\job\242424\RVE2\02_001_500.csv
02_001_500,L=2.4um,242424,RVE2,3,0.011928570968345,545.8898451626023,F:\1_job\20251124\CPFE_PARAMATER_TEST_PBC\1_CPFE_3DMODEL_BUILD\4_BASE_ROOT\job\242424\RVE2\02_001_500.csv
02_001_500,L=2.4um,242424,RVE2,4,0.0178399173671714,577.2557646984653,F:\1_job\20251124\CPFE_PARAMATER_TEST_PBC\1_CPFE_3DMODEL_BUILD\4_BASE_ROOT\job\242424\RVE2\02_001_500.csv
02_001_500,L=2.4um,242424,RVE2,5,0.0237165268210428,592.3858869841108,F:\1_job\20251124\CPFE_PARAMATER_TEST_PBC\1_CPFE_3DMODEL_BUILD\4_BASE_ROOT\job\242424\RVE2\02_001_500.csv
02_001_500,L=2.4um,242424,RVE2,6,0.0295588015905227,600.2722665622896,F:\1_job\20251124\CPFE_PARAMATER_TEST_PBC\1_CPFE_3DMODEL_BUILD\4_BASE_ROOT\job\242424\RVE2\02_001_500.csv
02_001_500,L=2.4um,242424,RVE2,7,0.0353671423414218,604.3797687390746,F:\1_job\20251124\CPFE_PARAMATER_TEST_PBC\1_CPFE_3DMODEL_BUILD\4_BASE_ROOT\job\242424\RVE2\02_001_500.csv
02_001_500,L=2.4um,242424,RVE2,8,0.0411419427877547,606.344874723623,F:\1_job\20251124\CPFE_PARAMATER_TEST_PBC\1_CPFE_3DMODEL_BUILD\4_BASE_ROOT\job\242424\RVE2\02_001_500.csv
02_001_500,L=2.4um,242424,RVE2,9,0.046883586296973,607.0033430467471,F:\1_job\20251124\CPFE_PARAMATER_TEST_PBC\1_CPFE_3DMODEL_BUILD\4_BASE_ROOT\job\242424\RVE2\02_001_500.csv
02_001_500,L=2.4um,242424,RVE2,10,0.0525924514481166,606.8065086940768,F:\1_job\20251124\CPFE_PARAMATER_TEST_PBC\1_CPFE_3DMODEL_BUILD\4_BASE_ROOT\job\242424\RVE2\02_001_500.csv
02_001_500,L=2.4um,242424,RVE2,11,0.0582689068587828,606.0164408610573,F:\1_job\20251124\CPFE_PARAMATER_TEST_PBC\1_CPFE_3DMODEL_BUILD\4_BASE_ROOT\job\242424\RVE2\02_001_500.csv
02_001_500,L=2.4um,242424,RVE2,12,0.063913325408167,604.803758842168,F:\1_job\20251124\CPFE_PARAMATER_TEST_PBC\1_CPFE_3DMODEL_BUILD\4_BASE_ROOT\job\242424\RVE2\02_001_500.csv
02_001_500,L=2.4um,242424,RVE2,13,0.0695260597573401,603.272167580864,F:\1_job\20251124\CPFE_PARAMATER_TEST_PBC\1_CPFE_3DMODEL_BUILD\4_BASE_ROOT\job\242424\RVE2\02_001_500.csv
02_001_500,L=2.4um,242424,RVE2,14,0.0751074739796861,601.501687559302,F:\1_job\20251124\CPFE_PARAMATER_TEST_PBC\1_CPFE_3DMODEL_BUILD\4_BASE_ROOT\job\242424\RVE2\02_001_500.csv
02_001_500,L=2.4um,242424,RVE2,15,0.0806579019727236,599.5496629173331,F:\1_job\20251124\CPFE_PARAMATER_TEST_PBC\1_CPFE_3DMODEL_BUILD\4_BASE_ROOT\job\242424\RVE2\02_001_500.csv
02_001_500,L=2.4um,242424,RVE2,16,0.0861776995220419,597.4546950127465,F:\1_job\20251124\CPFE_PARAMATER_TEST_PBC\1_CPFE_3DMODEL_BUILD\4_BASE_ROOT\job\242424\RVE2\02_001_500.csv
02_001_500,L=2.4um,242424,RVE2,17,0.0916671892871969,595.2489860263042,F:\1_job\20251124\CPFE_PARAMATER_TEST_PBC\1_CPFE_3DMODEL_BUILD\4_BASE_ROOT\job\242424\RVE2\02_001_500.csv
02_001_500,L=2.4um,242424,RVE2,18,0.0971267089999163,592.9573900768144,F:\1_job\20251124\CPFE_PARAMATER_TEST_PBC\1_CPFE_3DMODEL_BUILD\4_BASE_ROOT\job\242424\RVE2\02_001_500.csv
02_001_500,L=2.4um,242424,RVE2,19,0.1025565908534479,590.5950278626825,F:\1_job\20251124\CPFE_PARAMATER_TEST_PBC\1_CPFE_3DMODEL_BUILD\4_BASE_ROOT\job\242424\RVE2\02_001_500.csv
02_001_500,L=2.4um,242424,RVE2,20,0.1079571415585973,588.1715605308733,F:\1_job\20251124\CPFE_PARAMATER_TEST_PBC\1_CPFE_3DMODEL_BUILD\4_BASE_ROOT\job\242424\RVE2\02_001_500.csv
02_001_500,L=2.4um,242424,RVE2,21,0.1133286829121737,585.7030840375176,F:\1_job\20251124\CPFE_PARAMATER_TEST_PBC\1_CPFE_3DMODEL_BUILD\4_BASE_ROOT\job\242424\RVE2\02_001_500.csv
02_001_500,L=2.4um,242424,RVE2,22,0.1186715315172836,583.1962155842461,F:\1_job\20251124\CPFE_PARAMATER_TEST_PBC\1_CPFE_3DMODEL_BUILD\4_BASE_ROOT\job\242424\RVE2\02_001_500.csv
02_001_500,L=2.4um,242424,RVE2,23,0.1239859791491398,580.6547376001445,F:\1_job\20251124\CPFE_PARAMATER_TEST_PBC\1_CPFE_3DMODEL_BUILD\4_BASE_ROOT\job\242424\RVE2\02_001_500.csv
02_001_500,L=2.4um,242424,RVE2,24,0.1292723326662926,578.0875415194799,F:\1_job\20251124\CPFE_PARAMATER_TEST_PBC\1_CPFE_3DMODEL_BUILD\4_BASE_ROOT\job\242424\RVE2\02_001_500.csv
02_001_500,L=2.4um,242424,RVE2,25,0.134530887539002,575.494157569107,F:\1_job\20251124\CPFE_PARAMATER_TEST_PBC\1_CPFE_3DMODEL_BUILD\4_BASE_ROOT\job\242424\RVE2\02_001_500.csv
02_001_500,L=2.4um,242424,RVE2,26,0.1397619475581712,572.877108046337,F:\1_job\20251124\CPFE_PARAMATER_TEST_PBC\1_CPFE_3DMODEL_BUILD\4_BASE_ROOT\job\242424\RVE2\02_001_500.csv
02_001_500,L=2.4um,242424,RVE2,27,0.1449657730344857,570.2397510723106,F:\1_job\20251124\CPFE_PARAMATER_TEST_PBC\1_CPFE_3DMODEL_BUILD\4_BASE_ROOT\job\242424\RVE2\02_001_500.csv
02_001_500,L=2.4um,242424,RVE2,28,0.1501426588400785,567.5758394521798,F:\1_job\20251124\CPFE_PARAMATER_TEST_PBC\1_CPFE_3DMODEL_BUILD\4_BASE_ROOT\job\242424\RVE2\02_001_500.csv
02_001_500,L=2.4um,242424,RVE3,1,0.0,0.0,F:\1_job\20251124\CPFE_PARAMATER_TEST_PBC\1_CPFE_3DMODEL_BUILD\4_BASE_ROOT\job\242424\RVE3\02_001_500.csv
02_001_500,L=2.4um,242424,RVE3,2,0.0059820717293904,408.5511591381375,F:\1_job\20251124\CPFE_PARAMATER_TEST_PBC\1_CPFE_3DMODEL_BUILD\4_BASE_ROOT\job\242424\RVE3\02_001_500.csv
02_001_500,L=2.4um,242424,RVE3,3,0.011928570968345,550.3588080796844,F:\1_job\20251124\CPFE_PARAMATER_TEST_PBC\1_CPFE_3DMODEL_BUILD\4_BASE_ROOT\job\242424\RVE3\02_001_500.csv
02_001_500,L=2.4um,242424,RVE3,4,0.0178399173671714,583.2370048604708,F:\1_job\20251124\CPFE_PARAMATER_TEST_PBC\1_CPFE_3DMODEL_BUILD\4_BASE_ROOT\job\242424\RVE3\02_001_500.csv
02_001_500,L=2.4um,242424,RVE3,5,0.0237165268210428,598.1260851912988,F:\1_job\20251124\CPFE_PARAMATER_TEST_PBC\1_CPFE_3DMODEL_BUILD\4_BASE_ROOT\job\242424\RVE3\02_001_500.csv
02_001_500,L=2.4um,242424,RVE3,6,0.0295588015905227,605.1875820458563,F:\1_job\20251124\CPFE_PARAMATER_TEST_PBC\1_CPFE_3DMODEL_BUILD\4_BASE_ROOT\job\242424\RVE3\02_001_500.csv
02_001_500,L=2.4um,242424,RVE3,7,0.0353671423414218,608.4492215132516,F:\1_job\20251124\CPFE_PARAMATER_TEST_PBC\1_CPFE_3DMODEL_BUILD\4_BASE_ROOT\job\242424\RVE3\02_001_500.csv
02_001_500,L=2.4um,242424,RVE3,8,0.0411419427877547,609.6972734882129,F:\1_job\20251124\CPFE_PARAMATER_TEST_PBC\1_CPFE_3DMODEL_BUILD\4_BASE_ROOT\job\242424\RVE3\02_001_500.csv
02_001_500,L=2.4um,242424,RVE3,9,0.046883586296973,609.7682308222801,F:\1_job\20251124\CPFE_PARAMATER_TEST_PBC\1_CPFE_3DMODEL_BUILD\4_BASE_ROOT\job\242424\RVE3\02_001_500.csv
02_001_500,L=2.4um,242424,RVE3,10,0.0525924514481166,609.088288021676,F:\1_job\20251124\CPFE_PARAMATER_TEST_PBC\1_CPFE_3DMODEL_BUILD\4_BASE_ROOT\job\242424\RVE3\02_001_500.csv
02_001_500,L=2.4um,242424,RVE3,11,0.0582689068587828,607.8910516182793,F:\1_job\20251124\CPFE_PARAMATER_TEST_PBC\1_CPFE_3DMODEL_BUILD\4_BASE_ROOT\job\242424\RVE3\02_001_500.csv
02_001_500,L=2.4um,242424,RVE3,12,0.063913325408167,606.3215301033684,F:\1_job\20251124\CPFE_PARAMATER_TEST_PBC\1_CPFE_3DMODEL_BUILD\4_BASE_ROOT\job\242424\RVE3\02_001_500.csv
02_001_500,L=2.4um,242424,RVE3,13,0.0695260597573401,604.4711438821935,F:\1_job\20251124\CPFE_PARAMATER_TEST_PBC\1_CPFE_3DMODEL_BUILD\4_BASE_ROOT\job\242424\RVE3\02_001_500.csv
02_001_500,L=2.4um,242424,RVE3,14,0.0751074739796861,602.4016216228968,F:\1_job\20251124\CPFE_PARAMATER_TEST_PBC\1_CPFE_3DMODEL_BUILD\4_BASE_ROOT\job\242424\RVE3\02_001_500.csv
02_001_500,L=2.4um,242424,RVE3,15,0.0806579019727236,600.1596714390121,F:\1_job\20251124\CPFE_PARAMATER_TEST_PBC\1_CPFE_3DMODEL_BUILD\4_BASE_ROOT\job\242424\RVE3\02_001_500.csv
02_001_500,L=2.4um,242424,RVE3,16,0.0861776995220419,597.7773265671723,F:\1_job\20251124\CPFE_PARAMATER_TEST_PBC\1_CPFE_3DMODEL_BUILD\4_BASE_ROOT\job\242424\RVE3\02_001_500.csv
02_001_500,L=2.4um,242424,RVE3,17,0.0916671892871969,595.2848334429619,F:\1_job\20251124\CPFE_PARAMATER_TEST_PBC\1_CPFE_3DMODEL_BUILD\4_BASE_ROOT\job\242424\RVE3\02_001_500.csv
02_001_500,L=2.4um,242424,RVE3,18,0.0971267089999163,592.70037463706,F:\1_job\20251124\CPFE_PARAMATER_TEST_PBC\1_CPFE_3DMODEL_BUILD\4_BASE_ROOT\job\242424\RVE3\02_001_500.csv
02_001_500,L=2.4um,242424,RVE3,19,0.1025565908534479,590.0364010505605,F:\1_job\20251124\CPFE_PARAMATER_TEST_PBC\1_CPFE_3DMODEL_BUILD\4_BASE_ROOT\job\242424\RVE3\02_001_500.csv
02_001_500,L=2.4um,242424,RVE3,20,0.1079571415585973,587.3115335708077,F:\1_job\20251124\CPFE_PARAMATER_TEST_PBC\1_CPFE_3DMODEL_BUILD\4_BASE_ROOT\job\242424\RVE3\02_001_500.csv
02_001_500,L=2.4um,242424,RVE3,21,0.1133286829121737,584.5333396193843,F:\1_job\20251124\CPFE_PARAMATER_TEST_PBC\1_CPFE_3DMODEL_BUILD\4_BASE_ROOT\job\242424\RVE3\02_001_500.csv
02_001_500,L=2.4um,242424,RVE3,22,0.1186715315172836,581.7111781664573,F:\1_job\20251124\CPFE_PARAMATER_TEST_PBC\1_CPFE_3DMODEL_BUILD\4_BASE_ROOT\job\242424\RVE3\02_001_500.csv
02_001_500,L=2.4um,242424,RVE3,23,0.1239859791491398,578.8612297073975,F:\1_job\20251124\CPFE_PARAMATER_TEST_PBC\1_CPFE_3DMODEL_BUILD\4_BASE_ROOT\job\242424\RVE3\02_001_500.csv
02_001_500,L=2.4um,242424,RVE3,24,0.1292723326662926,575.9863965939284,F:\1_job\20251124\CPFE_PARAMATER_TEST_PBC\1_CPFE_3DMODEL_BUILD\4_BASE_ROOT\job\242424\RVE3\02_001_500.csv
02_001_500,L=2.4um,242424,RVE3,25,0.134530887539002,573.0928590591694,F:\1_job\20251124\CPFE_PARAMATER_TEST_PBC\1_CPFE_3DMODEL_BUILD\4_BASE_ROOT\job\242424\RVE3\02_001_500.csv
02_001_500,L=2.4um,242424,RVE3,26,0.1397619475581712,570.189318256699,F:\1_job\20251124\CPFE_PARAMATER_TEST_PBC\1_CPFE_3DMODEL_BUILD\4_BASE_ROOT\job\242424\RVE3\02_001_500.csv
02_001_500,L=2.4um,242424,RVE3,27,0.1449657730344857,567.2788220411715,F:\1_job\20251124\CPFE_PARAMATER_TEST_PBC\1_CPFE_3DMODEL_BUILD\4_BASE_ROOT\job\242424\RVE3\02_001_500.csv
02_001_500,L=2.4um,242424,RVE3,28,0.1501426588400785,564.3603828768088,F:\1_job\20251124\CPFE_PARAMATER_TEST_PBC\1_CPFE_3DMODEL_BUILD\4_BASE_ROOT\job\242424\RVE3\02_001_500.csv
05_001_800,L=1.6um,161616,RVE1,1,0.0,0.0,F:\1_job\20251124\CPFE_PARAMATER_TEST_PBC\1_CPFE_3DMODEL_BUILD\4_BASE_ROOT\job\161616\RVE1\05_001_800.csv
05_001_800,L=1.6um,161616,RVE1,2,0.0059820717293904,89.06669308706931,F:\1_job\20251124\CPFE_PARAMATER_TEST_PBC\1_CPFE_3DMODEL_BUILD\4_BASE_ROOT\job\161616\RVE1\05_001_800.csv
05_001_800,L=1.6um,161616,RVE1,3,0.011928570968345,90.137067863695,F:\1_job\20251124\CPFE_PARAMATER_TEST_PBC\1_CPFE_3DMODEL_BUILD\4_BASE_ROOT\job\161616\RVE1\05_001_800.csv
05_001_800,L=1.6um,161616,RVE1,4,0.0178399173671714,90.28003137392471,F:\1_job\20251124\CPFE_PARAMATER_TEST_PBC\1_CPFE_3DMODEL_BUILD\4_BASE_ROOT\job\161616\RVE1\05_001_800.csv
05_001_800,L=1.6um,161616,RVE1,5,0.0237165268210428,89.92311860962835,F:\1_job\20251124\CPFE_PARAMATER_TEST_PBC\1_CPFE_3DMODEL_BUILD\4_BASE_ROOT\job\161616\RVE1\05_001_800.csv
05_001_800,L=1.6um,161616,RVE1,6,0.0295588015905227,89.43020859499059,F:\1_job\20251124\CPFE_PARAMATER_TEST_PBC\1_CPFE_3DMODEL_BUILD\4_BASE_ROOT\job\161616\RVE1\05_001_800.csv
05_001_800,L=1.6um,161616,RVE1,7,0.0353671423414218,88.86357434212167,F:\1_job\20251124\CPFE_PARAMATER_TEST_PBC\1_CPFE_3DMODEL_BUILD\4_BASE_ROOT\job\161616\RVE1\05_001_800.csv
05_001_800,L=1.6um,161616,RVE1,8,0.0411419427877547,88.24816478463615,F:\1_job\20251124\CPFE_PARAMATER_TEST_PBC\1_CPFE_3DMODEL_BUILD\4_BASE_ROOT\job\161616\RVE1\05_001_800.csv
05_001_800,L=1.6um,161616,RVE1,9,0.046883586296973,87.59762821108691,F:\1_job\20251124\CPFE_PARAMATER_TEST_PBC\1_CPFE_3DMODEL_BUILD\4_BASE_ROOT\job\161616\RVE1\05_001_800.csv
05_001_800,L=1.6um,161616,RVE1,10,0.0525924514481166,86.9192178510399,F:\1_job\20251124\CPFE_PARAMATER_TEST_PBC\1_CPFE_3DMODEL_BUILD\4_BASE_ROOT\job\161616\RVE1\05_001_800.csv
05_001_800,L=1.6um,161616,RVE1,11,0.0582689068587828,86.21838603436308,F:\1_job\20251124\CPFE_PARAMATER_TEST_PBC\1_CPFE_3DMODEL_BUILD\4_BASE_ROOT\job\161616\RVE1\05_001_800.csv
05_001_800,L=1.6um,161616,RVE1,12,0.063913325408167,85.49804648868874,F:\1_job\20251124\CPFE_PARAMATER_TEST_PBC\1_CPFE_3DMODEL_BUILD\4_BASE_ROOT\job\161616\RVE1\05_001_800.csv
05_001_800,L=1.6um,161616,RVE1,13,0.0695260597573401,84.76047789385821,F:\1_job\20251124\CPFE_PARAMATER_TEST_PBC\1_CPFE_3DMODEL_BUILD\4_BASE_ROOT\job\161616\RVE1\05_001_800.csv
05_001_800,L=1.6um,161616,RVE1,14,0.0751074739796861,84.00749163949989,F:\1_job\20251124\CPFE_PARAMATER_TEST_PBC\1_CPFE_3DMODEL_BUILD\4_BASE_ROOT\job\161616\RVE1\05_001_800.csv
05_001_800,L=1.6um,161616,RVE1,15,0.0806579019727236,83.2396303439738,F:\1_job\20251124\CPFE_PARAMATER_TEST_PBC\1_CPFE_3DMODEL_BUILD\4_BASE_ROOT\job\161616\RVE1\05_001_800.csv
05_001_800,L=1.6um,161616,RVE1,16,0.0861776995220419,82.457898306189,F:\1_job\20251124\CPFE_PARAMATER_TEST_PBC\1_CPFE_3DMODEL_BUILD\4_BASE_ROOT\job\161616\RVE1\05_001_800.csv
05_001_800,L=1.6um,161616,RVE1,17,0.0916671892871969,81.66312408704412,F:\1_job\20251124\CPFE_PARAMATER_TEST_PBC\1_CPFE_3DMODEL_BUILD\4_BASE_ROOT\job\161616\RVE1\05_001_800.csv
05_001_800,L=1.6um,161616,RVE1,18,0.0971267089999163,80.85837304008159,F:\1_job\20251124\CPFE_PARAMATER_TEST_PBC\1_CPFE_3DMODEL_BUILD\4_BASE_ROOT\job\161616\RVE1\05_001_800.csv
05_001_800,L=1.6um,161616,RVE1,19,0.1025565908534479,80.04467191668729,F:\1_job\20251124\CPFE_PARAMATER_TEST_PBC\1_CPFE_3DMODEL_BUILD\4_BASE_ROOT\job\161616\RVE1\05_001_800.csv
05_001_800,L=1.6um,161616,RVE1,20,0.1079571415585973,79.22212057239503,F:\1_job\20251124\CPFE_PARAMATER_TEST_PBC\1_CPFE_3DMODEL_BUILD\4_BASE_ROOT\job\161616\RVE1\05_001_800.csv
05_001_800,L=1.6um,161616,RVE1,21,0.1133286829121737,78.39248161615741,F:\1_job\20251124\CPFE_PARAMATER_TEST_PBC\1_CPFE_3DMODEL_BUILD\4_BASE_ROOT\job\161616\RVE1\05_001_800.csv
05_001_800,L=1.6um,161616,RVE1,22,0.1186715315172836,77.55721816968142,F:\1_job\20251124\CPFE_PARAMATER_TEST_PBC\1_CPFE_3DMODEL_BUILD\4_BASE_ROOT\job\161616\RVE1\05_001_800.csv
05_001_800,L=1.6um,161616,RVE1,23,0.1239859791491398,76.71756775300142,F:\1_job\20251124\CPFE_PARAMATER_TEST_PBC\1_CPFE_3DMODEL_BUILD\4_BASE_ROOT\job\161616\RVE1\05_001_800.csv
05_001_800,L=1.6um,161616,RVE1,24,0.1292723326662926,75.87755712168087,F:\1_job\20251124\CPFE_PARAMATER_TEST_PBC\1_CPFE_3DMODEL_BUILD\4_BASE_ROOT\job\161616\RVE1\05_001_800.csv
05_001_800,L=1.6um,161616,RVE1,25,0.134530887539002,75.0408341394726,F:\1_job\20251124\CPFE_PARAMATER_TEST_PBC\1_CPFE_3DMODEL_BUILD\4_BASE_ROOT\job\161616\RVE1\05_001_800.csv
05_001_800,L=1.6um,161616,RVE1,26,0.1397619475581712,74.20693860666616,F:\1_job\20251124\CPFE_PARAMATER_TEST_PBC\1_CPFE_3DMODEL_BUILD\4_BASE_ROOT\job\161616\RVE1\05_001_800.csv
05_001_800,L=1.6um,161616,RVE1,27,0.1449657730344857,72.88992791801053,F:\1_job\20251124\CPFE_PARAMATER_TEST_PBC\1_CPFE_3DMODEL_BUILD\4_BASE_ROOT\job\161616\RVE1\05_001_800.csv
05_001_800,L=1.6um,161616,RVE1,28,0.1501426588400785,72.09722129233876,F:\1_job\20251124\CPFE_PARAMATER_TEST_PBC\1_CPFE_3DMODEL_BUILD\4_BASE_ROOT\job\161616\RVE1\05_001_800.csv
05_001_800,L=1.6um,161616,RVE2,1,0.0,0.0,F:\1_job\20251124\CPFE_PARAMATER_TEST_PBC\1_CPFE_3DMODEL_BUILD\4_BASE_ROOT\job\161616\RVE2\05_001_800.csv
05_001_800,L=1.6um,161616,RVE2,2,0.0059820717293904,102.75030856367172,F:\1_job\20251124\CPFE_PARAMATER_TEST_PBC\1_CPFE_3DMODEL_BUILD\4_BASE_ROOT\job\161616\RVE2\05_001_800.csv
05_001_800,L=1.6um,161616,RVE2,3,0.011928570968345,104.66519884353828,F:\1_job\20251124\CPFE_PARAMATER_TEST_PBC\1_CPFE_3DMODEL_BUILD\4_BASE_ROOT\job\161616\RVE2\05_001_800.csv
05_001_800,L=1.6um,161616,RVE2,4,0.0178399173671714,104.0919813019473,F:\1_job\20251124\CPFE_PARAMATER_TEST_PBC\1_CPFE_3DMODEL_BUILD\4_BASE_ROOT\job\161616\RVE2\05_001_800.csv
05_001_800,L=1.6um,161616,RVE2,5,0.0237165268210428,104.07382967208152,F:\1_job\20251124\CPFE_PARAMATER_TEST_PBC\1_CPFE_3DMODEL_BUILD\4_BASE_ROOT\job\161616\RVE2\05_001_800.csv
05_001_800,L=1.6um,161616,RVE2,6,0.0295588015905227,103.06944438065538,F:\1_job\20251124\CPFE_PARAMATER_TEST_PBC\1_CPFE_3DMODEL_BUILD\4_BASE_ROOT\job\161616\RVE2\05_001_800.csv
05_001_800,L=1.6um,161616,RVE2,7,0.0353671423414218,101.90907442226629,F:\1_job\20251124\CPFE_PARAMATER_TEST_PBC\1_CPFE_3DMODEL_BUILD\4_BASE_ROOT\job\161616\RVE2\05_001_800.csv
05_001_800,L=1.6um,161616,RVE2,8,0.0411419427877547,100.66975722206745,F:\1_job\20251124\CPFE_PARAMATER_TEST_PBC\1_CPFE_3DMODEL_BUILD\4_BASE_ROOT\job\161616\RVE2\05_001_800.csv
05_001_800,L=1.6um,161616,RVE2,9,0.046883586296973,99.37683383606532,F:\1_job\20251124\CPFE_PARAMATER_TEST_PBC\1_CPFE_3DMODEL_BUILD\4_BASE_ROOT\job\161616\RVE2\05_001_800.csv
05_001_800,L=1.6um,161616,RVE2,10,0.0525924514481166,98.04196455692916,F:\1_job\20251124\CPFE_PARAMATER_TEST_PBC\1_CPFE_3DMODEL_BUILD\4_BASE_ROOT\job\161616\RVE2\05_001_800.csv
05_001_800,L=1.6um,161616,RVE2,11,0.0582689068587828,96.67187514591232,F:\1_job\20251124\CPFE_PARAMATER_TEST_PBC\1_CPFE_3DMODEL_BUILD\4_BASE_ROOT\job\161616\RVE2\05_001_800.csv
05_001_800,L=1.6um,161616,RVE2,12,0.063913325408167,95.27208652876374,F:\1_job\20251124\CPFE_PARAMATER_TEST_PBC\1_CPFE_3DMODEL_BUILD\4_BASE_ROOT\job\161616\RVE2\05_001_800.csv
05_001_800,L=1.6um,161616,RVE2,13,0.0695260597573401,93.84364720868363,F:\1_job\20251124\CPFE_PARAMATER_TEST_PBC\1_CPFE_3DMODEL_BUILD\4_BASE_ROOT\job\161616\RVE2\05_001_800.csv
05_001_800,L=1.6um,161616,RVE2,14,0.0751074739796861,92.38693504416696,F:\1_job\20251124\CPFE_PARAMATER_TEST_PBC\1_CPFE_3DMODEL_BUILD\4_BASE_ROOT\job\161616\RVE2\05_001_800.csv
05_001_800,L=1.6um,161616,RVE2,15,0.0806579019727236,90.90698047915768,F:\1_job\20251124\CPFE_PARAMATER_TEST_PBC\1_CPFE_3DMODEL_BUILD\4_BASE_ROOT\job\161616\RVE2\05_001_800.csv
05_001_800,L=1.6um,161616,RVE2,16,0.0861776995220419,89.39752816682844,F:\1_job\20251124\CPFE_PARAMATER_TEST_PBC\1_CPFE_3DMODEL_BUILD\4_BASE_ROOT\job\161616\RVE2\05_001_800.csv
05_001_800,L=1.6um,161616,RVE2,17,0.0916671892871969,87.86354977621701,F:\1_job\20251124\CPFE_PARAMATER_TEST_PBC\1_CPFE_3DMODEL_BUILD\4_BASE_ROOT\job\161616\RVE2\05_001_800.csv
05_001_800,L=1.6um,161616,RVE2,18,0.0971267089999163,86.30855399333015,F:\1_job\20251124\CPFE_PARAMATER_TEST_PBC\1_CPFE_3DMODEL_BUILD\4_BASE_ROOT\job\161616\RVE2\05_001_800.csv
05_001_800,L=1.6um,161616,RVE2,19,0.1025565908534479,84.73535070385752,F:\1_job\20251124\CPFE_PARAMATER_TEST_PBC\1_CPFE_3DMODEL_BUILD\4_BASE_ROOT\job\161616\RVE2\05_001_800.csv
05_001_800,L=1.6um,161616,RVE2,20,0.1079571415585973,83.14140524414975,F:\1_job\20251124\CPFE_PARAMATER_TEST_PBC\1_CPFE_3DMODEL_BUILD\4_BASE_ROOT\job\161616\RVE2\05_001_800.csv
05_001_800,L=1.6um,161616,RVE2,21,0.1133286829121737,81.54471497080623,F:\1_job\20251124\CPFE_PARAMATER_TEST_PBC\1_CPFE_3DMODEL_BUILD\4_BASE_ROOT\job\161616\RVE2\05_001_800.csv
05_001_800,L=1.6um,161616,RVE2,22,0.1186715315172836,79.947588349226,F:\1_job\20251124\CPFE_PARAMATER_TEST_PBC\1_CPFE_3DMODEL_BUILD\4_BASE_ROOT\job\161616\RVE2\05_001_800.csv
05_001_800,L=1.6um,161616,RVE2,23,0.1239859791491398,78.35985581095994,F:\1_job\20251124\CPFE_PARAMATER_TEST_PBC\1_CPFE_3DMODEL_BUILD\4_BASE_ROOT\job\161616\RVE2\05_001_800.csv
05_001_800,L=1.6um,161616,RVE2,24,0.1292723326662926,76.8067021122827,F:\1_job\20251124\CPFE_PARAMATER_TEST_PBC\1_CPFE_3DMODEL_BUILD\4_BASE_ROOT\job\161616\RVE2\05_001_800.csv
05_001_800,L=1.6um,161616,RVE2,25,0.134530887539002,74.77832849037469,F:\1_job\20251124\CPFE_PARAMATER_TEST_PBC\1_CPFE_3DMODEL_BUILD\4_BASE_ROOT\job\161616\RVE2\05_001_800.csv
05_001_800,L=1.6um,161616,RVE2,26,0.1397619475581712,73.35581966512007,F:\1_job\20251124\CPFE_PARAMATER_TEST_PBC\1_CPFE_3DMODEL_BUILD\4_BASE_ROOT\job\161616\RVE2\05_001_800.csv
05_001_800,L=1.6um,161616,RVE2,27,0.1449657730344857,71.97158913981883,F:\1_job\20251124\CPFE_PARAMATER_TEST_PBC\1_CPFE_3DMODEL_BUILD\4_BASE_ROOT\job\161616\RVE2\05_001_800.csv
05_001_800,L=1.6um,161616,RVE2,28,0.1501426588400785,70.62955460615528,F:\1_job\20251124\CPFE_PARAMATER_TEST_PBC\1_CPFE_3DMODEL_BUILD\4_BASE_ROOT\job\161616\RVE2\05_001_800.csv
05_001_800,L=1.6um,161616,RVE3,1,0.0,0.0,F:\1_job\20251124\CPFE_PARAMATER_TEST_PBC\1_CPFE_3DMODEL_BUILD\4_BASE_ROOT\job\161616\RVE3\05_001_800.csv
05_001_800,L=1.6um,161616,RVE3,2,0.0059820717293904,99.81095795850835,F:\1_job\20251124\CPFE_PARAMATER_TEST_PBC\1_CPFE_3DMODEL_BUILD\4_BASE_ROOT\job\161616\RVE3\05_001_800.csv
05_001_800,L=1.6um,161616,RVE3,3,0.011928570968345,102.87998614775567,F:\1_job\20251124\CPFE_PARAMATER_TEST_PBC\1_CPFE_3DMODEL_BUILD\4_BASE_ROOT\job\161616\RVE3\05_001_800.csv
05_001_800,L=1.6um,161616,RVE3,4,0.0178399173671714,102.80847712976464,F:\1_job\20251124\CPFE_PARAMATER_TEST_PBC\1_CPFE_3DMODEL_BUILD\4_BASE_ROOT\job\161616\RVE3\05_001_800.csv
05_001_800,L=1.6um,161616,RVE3,5,0.0237165268210428,103.16356661037264,F:\1_job\20251124\CPFE_PARAMATER_TEST_PBC\1_CPFE_3DMODEL_BUILD\4_BASE_ROOT\job\161616\RVE3\05_001_800.csv
05_001_800,L=1.6um,161616,RVE3,6,0.0295588015905227,102.3265072782252,F:\1_job\20251124\CPFE_PARAMATER_TEST_PBC\1_CPFE_3DMODEL_BUILD\4_BASE_ROOT\job\161616\RVE3\05_001_800.csv
05_001_800,L=1.6um,161616,RVE3,7,0.0353671423414218,101.23765447493116,F:\1_job\20251124\CPFE_PARAMATER_TEST_PBC\1_CPFE_3DMODEL_BUILD\4_BASE_ROOT\job\161616\RVE3\05_001_800.csv
05_001_800,L=1.6um,161616,RVE3,8,0.0411419427877547,100.00257713128735,F:\1_job\20251124\CPFE_PARAMATER_TEST_PBC\1_CPFE_3DMODEL_BUILD\4_BASE_ROOT\job\161616\RVE3\05_001_800.csv
05_001_800,L=1.6um,161616,RVE3,9,0.046883586296973,98.66206262463344,F:\1_job\20251124\CPFE_PARAMATER_TEST_PBC\1_CPFE_3DMODEL_BUILD\4_BASE_ROOT\job\161616\RVE3\05_001_800.csv
05_001_800,L=1.6um,161616,RVE3,10,0.0525924514481166,97.24125809479312,F:\1_job\20251124\CPFE_PARAMATER_TEST_PBC\1_CPFE_3DMODEL_BUILD\4_BASE_ROOT\job\161616\RVE3\05_001_800.csv
05_001_800,L=1.6um,161616,RVE3,11,0.0582689068587828,95.75395110055726,F:\1_job\20251124\CPFE_PARAMATER_TEST_PBC\1_CPFE_3DMODEL_BUILD\4_BASE_ROOT\job\161616\RVE3\05_001_800.csv
05_001_800,L=1.6um,161616,RVE3,12,0.063913325408167,94.21102449117492,F:\1_job\20251124\CPFE_PARAMATER_TEST_PBC\1_CPFE_3DMODEL_BUILD\4_BASE_ROOT\job\161616\RVE3\05_001_800.csv
05_001_800,L=1.6um,161616,RVE3,13,0.0695260597573401,92.62242350024708,F:\1_job\20251124\CPFE_PARAMATER_TEST_PBC\1_CPFE_3DMODEL_BUILD\4_BASE_ROOT\job\161616\RVE3\05_001_800.csv
05_001_800,L=1.6um,161616,RVE3,14,0.0751074739796861,90.99559113556803,F:\1_job\20251124\CPFE_PARAMATER_TEST_PBC\1_CPFE_3DMODEL_BUILD\4_BASE_ROOT\job\161616\RVE3\05_001_800.csv
05_001_800,L=1.6um,161616,RVE3,15,0.0806579019727236,89.34331106746313,F:\1_job\20251124\CPFE_PARAMATER_TEST_PBC\1_CPFE_3DMODEL_BUILD\4_BASE_ROOT\job\161616\RVE3\05_001_800.csv
05_001_800,L=1.6um,161616,RVE3,16,0.0861776995220419,87.67863354541939,F:\1_job\20251124\CPFE_PARAMATER_TEST_PBC\1_CPFE_3DMODEL_BUILD\4_BASE_ROOT\job\161616\RVE3\05_001_800.csv
05_001_800,L=1.6um,161616,RVE3,17,0.0916671892871969,86.00877804152086,F:\1_job\20251124\CPFE_PARAMATER_TEST_PBC\1_CPFE_3DMODEL_BUILD\4_BASE_ROOT\job\161616\RVE3\05_001_800.csv
05_001_800,L=1.6um,161616,RVE3,18,0.0971267089999163,84.33212927288736,F:\1_job\20251124\CPFE_PARAMATER_TEST_PBC\1_CPFE_3DMODEL_BUILD\4_BASE_ROOT\job\161616\RVE3\05_001_800.csv
05_001_800,L=1.6um,161616,RVE3,19,0.1025565908534479,82.65380761063534,F:\1_job\20251124\CPFE_PARAMATER_TEST_PBC\1_CPFE_3DMODEL_BUILD\4_BASE_ROOT\job\161616\RVE3\05_001_800.csv
05_001_800,L=1.6um,161616,RVE3,20,0.1079571415585973,80.97120985821992,F:\1_job\20251124\CPFE_PARAMATER_TEST_PBC\1_CPFE_3DMODEL_BUILD\4_BASE_ROOT\job\161616\RVE3\05_001_800.csv
05_001_800,L=1.6um,161616,RVE3,21,0.1133286829121737,79.29346184814584,F:\1_job\20251124\CPFE_PARAMATER_TEST_PBC\1_CPFE_3DMODEL_BUILD\4_BASE_ROOT\job\161616\RVE3\05_001_800.csv
05_001_800,L=1.6um,161616,RVE3,22,0.1186715315172836,77.62942533755601,F:\1_job\20251124\CPFE_PARAMATER_TEST_PBC\1_CPFE_3DMODEL_BUILD\4_BASE_ROOT\job\161616\RVE3\05_001_800.csv
05_001_800,L=1.6um,161616,RVE3,23,0.1239859791491398,75.98754106131067,F:\1_job\20251124\CPFE_PARAMATER_TEST_PBC\1_CPFE_3DMODEL_BUILD\4_BASE_ROOT\job\161616\RVE3\05_001_800.csv
05_001_800,L=1.6um,161616,RVE3,24,0.1292723326662926,74.37291624900489,F:\1_job\20251124\CPFE_PARAMATER_TEST_PBC\1_CPFE_3DMODEL_BUILD\4_BASE_ROOT\job\161616\RVE3\05_001_800.csv
05_001_800,L=1.6um,161616,RVE3,25,0.134530887539002,72.78830417292603,F:\1_job\20251124\CPFE_PARAMATER_TEST_PBC\1_CPFE_3DMODEL_BUILD\4_BASE_ROOT\job\161616\RVE3\05_001_800.csv
05_001_800,L=1.6um,161616,RVE3,26,0.1397619475581712,71.2341699716017,F:\1_job\20251124\CPFE_PARAMATER_TEST_PBC\1_CPFE_3DMODEL_BUILD\4_BASE_ROOT\job\161616\RVE3\05_001_800.csv
05_001_800,L=1.6um,161616,RVE3,27,0.1449657730344857,69.71814766566337,F:\1_job\20251124\CPFE_PARAMATER_TEST_PBC\1_CPFE_3DMODEL_BUILD\4_BASE_ROOT\job\161616\RVE3\05_001_800.csv
05_001_800,L=1.6um,161616,RVE3,28,0.1501426588400785,68.24397289573182,F:\1_job\20251124\CPFE_PARAMATER_TEST_PBC\1_CPFE_3DMODEL_BUILD\4_BASE_ROOT\job\161616\RVE3\05_001_800.csv
05_001_800,L=2.0um,202020,RVE1,1,0.0,0.0,F:\1_job\20251124\CPFE_PARAMATER_TEST_PBC\1_CPFE_3DMODEL_BUILD\4_BASE_ROOT\job\202020\RVE1\05_001_800.csv
05_001_800,L=2.0um,202020,RVE1,2,0.0059820717293904,101.57248253395235,F:\1_job\20251124\CPFE_PARAMATER_TEST_PBC\1_CPFE_3DMODEL_BUILD\4_BASE_ROOT\job\202020\RVE1\05_001_800.csv
05_001_800,L=2.0um,202020,RVE1,3,0.011928570968345,104.12859391332056,F:\1_job\20251124\CPFE_PARAMATER_TEST_PBC\1_CPFE_3DMODEL_BUILD\4_BASE_ROOT\job\202020\RVE1\05_001_800.csv
05_001_800,L=2.0um,202020,RVE1,4,0.0178399173671714,104.71899096338296,F:\1_job\20251124\CPFE_PARAMATER_TEST_PBC\1_CPFE_3DMODEL_BUILD\4_BASE_ROOT\job\202020\RVE1\05_001_800.csv
05_001_800,L=2.0um,202020,RVE1,5,0.0237165268210428,104.2787890837444,F:\1_job\20251124\CPFE_PARAMATER_TEST_PBC\1_CPFE_3DMODEL_BUILD\4_BASE_ROOT\job\202020\RVE1\05_001_800.csv
05_001_800,L=2.0um,202020,RVE1,6,0.0295588015905227,103.47243164955616,F:\1_job\20251124\CPFE_PARAMATER_TEST_PBC\1_CPFE_3DMODEL_BUILD\4_BASE_ROOT\job\202020\RVE1\05_001_800.csv
05_001_800,L=2.0um,202020,RVE1,7,0.0353671423414218,102.45918420342387,F:\1_job\20251124\CPFE_PARAMATER_TEST_PBC\1_CPFE_3DMODEL_BUILD\4_BASE_ROOT\job\202020\RVE1\05_001_800.csv
05_001_800,L=2.0um,202020,RVE1,8,0.0411419427877547,101.30825755908276,F:\1_job\20251124\CPFE_PARAMATER_TEST_PBC\1_CPFE_3DMODEL_BUILD\4_BASE_ROOT\job\202020\RVE1\05_001_800.csv
05_001_800,L=2.0um,202020,RVE1,9,0.046883586296973,100.05502396561542,F:\1_job\20251124\CPFE_PARAMATER_TEST_PBC\1_CPFE_3DMODEL_BUILD\4_BASE_ROOT\job\202020\RVE1\05_001_800.csv
05_001_800,L=2.0um,202020,RVE1,10,0.0525924514481166,98.71884215694884,F:\1_job\20251124\CPFE_PARAMATER_TEST_PBC\1_CPFE_3DMODEL_BUILD\4_BASE_ROOT\job\202020\RVE1\05_001_800.csv
05_001_800,L=2.0um,202020,RVE1,11,0.0582689068587828,97.31576678361506,F:\1_job\20251124\CPFE_PARAMATER_TEST_PBC\1_CPFE_3DMODEL_BUILD\4_BASE_ROOT\job\202020\RVE1\05_001_800.csv
05_001_800,L=2.0um,202020,RVE1,12,0.063913325408167,95.85546624591801,F:\1_job\20251124\CPFE_PARAMATER_TEST_PBC\1_CPFE_3DMODEL_BUILD\4_BASE_ROOT\job\202020\RVE1\05_001_800.csv
05_001_800,L=2.0um,202020,RVE1,13,0.0695260597573401,94.34816964908897,F:\1_job\20251124\CPFE_PARAMATER_TEST_PBC\1_CPFE_3DMODEL_BUILD\4_BASE_ROOT\job\202020\RVE1\05_001_800.csv
05_001_800,L=2.0um,202020,RVE1,14,0.0751074739796861,92.80474478271144,F:\1_job\20251124\CPFE_PARAMATER_TEST_PBC\1_CPFE_3DMODEL_BUILD\4_BASE_ROOT\job\202020\RVE1\05_001_800.csv
05_001_800,L=2.0um,202020,RVE1,15,0.0806579019727236,91.23675478749465,F:\1_job\20251124\CPFE_PARAMATER_TEST_PBC\1_CPFE_3DMODEL_BUILD\4_BASE_ROOT\job\202020\RVE1\05_001_800.csv
05_001_800,L=2.0um,202020,RVE1,16,0.0861776995220419,89.65204291194526,F:\1_job\20251124\CPFE_PARAMATER_TEST_PBC\1_CPFE_3DMODEL_BUILD\4_BASE_ROOT\job\202020\RVE1\05_001_800.csv
05_001_800,L=2.0um,202020,RVE1,17,0.0916671892871969,88.05704273061849,F:\1_job\20251124\CPFE_PARAMATER_TEST_PBC\1_CPFE_3DMODEL_BUILD\4_BASE_ROOT\job\202020\RVE1\05_001_800.csv
05_001_800,L=2.0um,202020,RVE1,18,0.0971267089999163,86.46425564868694,F:\1_job\20251124\CPFE_PARAMATER_TEST_PBC\1_CPFE_3DMODEL_BUILD\4_BASE_ROOT\job\202020\RVE1\05_001_800.csv
05_001_800,L=2.0um,202020,RVE1,19,0.1025565908534479,84.88767645363993,F:\1_job\20251124\CPFE_PARAMATER_TEST_PBC\1_CPFE_3DMODEL_BUILD\4_BASE_ROOT\job\202020\RVE1\05_001_800.csv
05_001_800,L=2.0um,202020,RVE1,20,0.1079571415585973,83.32773035113814,F:\1_job\20251124\CPFE_PARAMATER_TEST_PBC\1_CPFE_3DMODEL_BUILD\4_BASE_ROOT\job\202020\RVE1\05_001_800.csv
05_001_800,L=2.0um,202020,RVE1,21,0.1133286829121737,81.79069316350022,F:\1_job\20251124\CPFE_PARAMATER_TEST_PBC\1_CPFE_3DMODEL_BUILD\4_BASE_ROOT\job\202020\RVE1\05_001_800.csv
05_001_800,L=2.0um,202020,RVE1,22,0.1186715315172836,80.2810631480287,F:\1_job\20251124\CPFE_PARAMATER_TEST_PBC\1_CPFE_3DMODEL_BUILD\4_BASE_ROOT\job\202020\RVE1\05_001_800.csv
05_001_800,L=2.0um,202020,RVE1,23,0.1239859791491398,78.8061984670519,F:\1_job\20251124\CPFE_PARAMATER_TEST_PBC\1_CPFE_3DMODEL_BUILD\4_BASE_ROOT\job\202020\RVE1\05_001_800.csv
05_001_800,L=2.0um,202020,RVE1,24,0.1292723326662926,77.3671041045702,F:\1_job\20251124\CPFE_PARAMATER_TEST_PBC\1_CPFE_3DMODEL_BUILD\4_BASE_ROOT\job\202020\RVE1\05_001_800.csv
05_001_800,L=2.0um,202020,RVE1,25,0.134530887539002,75.96330329932243,F:\1_job\20251124\CPFE_PARAMATER_TEST_PBC\1_CPFE_3DMODEL_BUILD\4_BASE_ROOT\job\202020\RVE1\05_001_800.csv
05_001_800,L=2.0um,202020,RVE1,26,0.1397619475581712,74.59473915615672,F:\1_job\20251124\CPFE_PARAMATER_TEST_PBC\1_CPFE_3DMODEL_BUILD\4_BASE_ROOT\job\202020\RVE1\05_001_800.csv
05_001_800,L=2.0um,202020,RVE1,27,0.1449657730344857,73.26278345288692,F:\1_job\20251124\CPFE_PARAMATER_TEST_PBC\1_CPFE_3DMODEL_BUILD\4_BASE_ROOT\job\202020\RVE1\05_001_800.csv
05_001_800,L=2.0um,202020,RVE1,28,0.1501426588400785,71.96392369743876,F:\1_job\20251124\CPFE_PARAMATER_TEST_PBC\1_CPFE_3DMODEL_BUILD\4_BASE_ROOT\job\202020\RVE1\05_001_800.csv
05_001_800,L=2.0um,202020,RVE2,1,0.0,0.0,F:\1_job\20251124\CPFE_PARAMATER_TEST_PBC\1_CPFE_3DMODEL_BUILD\4_BASE_ROOT\job\202020\RVE2\05_001_800.csv
05_001_800,L=2.0um,202020,RVE2,2,0.0059820717293904,97.4945644581794,F:\1_job\20251124\CPFE_PARAMATER_TEST_PBC\1_CPFE_3DMODEL_BUILD\4_BASE_ROOT\job\202020\RVE2\05_001_800.csv
05_001_800,L=2.0um,202020,RVE2,3,0.011928570968345,98.74866102092032,F:\1_job\20251124\CPFE_PARAMATER_TEST_PBC\1_CPFE_3DMODEL_BUILD\4_BASE_ROOT\job\202020\RVE2\05_001_800.csv
05_001_800,L=2.0um,202020,RVE2,4,0.0178399173671714,98.15908415380089,F:\1_job\20251124\CPFE_PARAMATER_TEST_PBC\1_CPFE_3DMODEL_BUILD\4_BASE_ROOT\job\202020\RVE2\05_001_800.csv
05_001_800,L=2.0um,202020,RVE2,5,0.0237165268210428,98.08193751998192,F:\1_job\20251124\CPFE_PARAMATER_TEST_PBC\1_CPFE_3DMODEL_BUILD\4_BASE_ROOT\job\202020\RVE2\05_001_800.csv
05_001_800,L=2.0um,202020,RVE2,6,0.0295588015905227,97.20077271809225,F:\1_job\20251124\CPFE_PARAMATER_TEST_PBC\1_CPFE_3DMODEL_BUILD\4_BASE_ROOT\job\202020\RVE2\05_001_800.csv
05_001_800,L=2.0um,202020,RVE2,7,0.0353671423414218,96.1946375209003,F:\1_job\20251124\CPFE_PARAMATER_TEST_PBC\1_CPFE_3DMODEL_BUILD\4_BASE_ROOT\job\202020\RVE2\05_001_800.csv
05_001_800,L=2.0um,202020,RVE2,8,0.0411419427877547,95.12305202655523,F:\1_job\20251124\CPFE_PARAMATER_TEST_PBC\1_CPFE_3DMODEL_BUILD\4_BASE_ROOT\job\202020\RVE2\05_001_800.csv
05_001_800,L=2.0um,202020,RVE2,9,0.046883586296973,94.00765970539533,F:\1_job\20251124\CPFE_PARAMATER_TEST_PBC\1_CPFE_3DMODEL_BUILD\4_BASE_ROOT\job\202020\RVE2\05_001_800.csv
05_001_800,L=2.0um,202020,RVE2,10,0.0525924514481166,92.85807399120121,F:\1_job\20251124\CPFE_PARAMATER_TEST_PBC\1_CPFE_3DMODEL_BUILD\4_BASE_ROOT\job\202020\RVE2\05_001_800.csv
05_001_800,L=2.0um,202020,RVE2,11,0.0582689068587828,91.6801658996319,F:\1_job\20251124\CPFE_PARAMATER_TEST_PBC\1_CPFE_3DMODEL_BUILD\4_BASE_ROOT\job\202020\RVE2\05_001_800.csv
05_001_800,L=2.0um,202020,RVE2,12,0.063913325408167,90.47679063431917,F:\1_job\20251124\CPFE_PARAMATER_TEST_PBC\1_CPFE_3DMODEL_BUILD\4_BASE_ROOT\job\202020\RVE2\05_001_800.csv
05_001_800,L=2.0um,202020,RVE2,13,0.0695260597573401,89.24928318922184,F:\1_job\20251124\CPFE_PARAMATER_TEST_PBC\1_CPFE_3DMODEL_BUILD\4_BASE_ROOT\job\202020\RVE2\05_001_800.csv
05_001_800,L=2.0um,202020,RVE2,14,0.0751074739796861,88.00178400588787,F:\1_job\20251124\CPFE_PARAMATER_TEST_PBC\1_CPFE_3DMODEL_BUILD\4_BASE_ROOT\job\202020\RVE2\05_001_800.csv
05_001_800,L=2.0um,202020,RVE2,15,0.0806579019727236,86.73663140962769,F:\1_job\20251124\CPFE_PARAMATER_TEST_PBC\1_CPFE_3DMODEL_BUILD\4_BASE_ROOT\job\202020\RVE2\05_001_800.csv
05_001_800,L=2.0um,202020,RVE2,16,0.0861776995220419,85.45928677941448,F:\1_job\20251124\CPFE_PARAMATER_TEST_PBC\1_CPFE_3DMODEL_BUILD\4_BASE_ROOT\job\202020\RVE2\05_001_800.csv
05_001_800,L=2.0um,202020,RVE2,17,0.0916671892871969,84.17386535949788,F:\1_job\20251124\CPFE_PARAMATER_TEST_PBC\1_CPFE_3DMODEL_BUILD\4_BASE_ROOT\job\202020\RVE2\05_001_800.csv
05_001_800,L=2.0um,202020,RVE2,18,0.0971267089999163,82.88265476377273,F:\1_job\20251124\CPFE_PARAMATER_TEST_PBC\1_CPFE_3DMODEL_BUILD\4_BASE_ROOT\job\202020\RVE2\05_001_800.csv
05_001_800,L=2.0um,202020,RVE2,19,0.1025565908534479,81.58845327024947,F:\1_job\20251124\CPFE_PARAMATER_TEST_PBC\1_CPFE_3DMODEL_BUILD\4_BASE_ROOT\job\202020\RVE2\05_001_800.csv
05_001_800,L=2.0um,202020,RVE2,20,0.1079571415585973,80.29917883730423,F:\1_job\20251124\CPFE_PARAMATER_TEST_PBC\1_CPFE_3DMODEL_BUILD\4_BASE_ROOT\job\202020\RVE2\05_001_800.csv
05_001_800,L=2.0um,202020,RVE2,21,0.1133286829121737,79.01128643187518,F:\1_job\20251124\CPFE_PARAMATER_TEST_PBC\1_CPFE_3DMODEL_BUILD\4_BASE_ROOT\job\202020\RVE2\05_001_800.csv
05_001_800,L=2.0um,202020,RVE2,22,0.1186715315172836,77.72746090954605,F:\1_job\20251124\CPFE_PARAMATER_TEST_PBC\1_CPFE_3DMODEL_BUILD\4_BASE_ROOT\job\202020\RVE2\05_001_800.csv
05_001_800,L=2.0um,202020,RVE2,23,0.1239859791491398,76.45410642752243,F:\1_job\20251124\CPFE_PARAMATER_TEST_PBC\1_CPFE_3DMODEL_BUILD\4_BASE_ROOT\job\202020\RVE2\05_001_800.csv
05_001_800,L=2.0um,202020,RVE2,24,0.1292723326662926,75.18526312303914,F:\1_job\20251124\CPFE_PARAMATER_TEST_PBC\1_CPFE_3DMODEL_BUILD\4_BASE_ROOT\job\202020\RVE2\05_001_800.csv
05_001_800,L=2.0um,202020,RVE2,25,0.134530887539002,73.92609444805657,F:\1_job\20251124\CPFE_PARAMATER_TEST_PBC\1_CPFE_3DMODEL_BUILD\4_BASE_ROOT\job\202020\RVE2\05_001_800.csv
05_001_800,L=2.0um,202020,RVE2,26,0.1397619475581712,72.67268390174888,F:\1_job\20251124\CPFE_PARAMATER_TEST_PBC\1_CPFE_3DMODEL_BUILD\4_BASE_ROOT\job\202020\RVE2\05_001_800.csv
05_001_800,L=2.0um,202020,RVE2,27,0.1449657730344857,71.05665368600222,F:\1_job\20251124\CPFE_PARAMATER_TEST_PBC\1_CPFE_3DMODEL_BUILD\4_BASE_ROOT\job\202020\RVE2\05_001_800.csv
05_001_800,L=2.0um,202020,RVE2,28,0.1501426588400785,69.90035684020768,F:\1_job\20251124\CPFE_PARAMATER_TEST_PBC\1_CPFE_3DMODEL_BUILD\4_BASE_ROOT\job\202020\RVE2\05_001_800.csv
05_001_800,L=2.0um,202020,RVE3,1,0.0,0.0,F:\1_job\20251124\CPFE_PARAMATER_TEST_PBC\1_CPFE_3DMODEL_BUILD\4_BASE_ROOT\job\202020\RVE3\05_001_800.csv
05_001_800,L=2.0um,202020,RVE3,2,0.0059820717293904,95.5807298938712,F:\1_job\20251124\CPFE_PARAMATER_TEST_PBC\1_CPFE_3DMODEL_BUILD\4_BASE_ROOT\job\202020\RVE3\05_001_800.csv
05_001_800,L=2.0um,202020,RVE3,3,0.011928570968345,98.00128876742531,F:\1_job\20251124\CPFE_PARAMATER_TEST_PBC\1_CPFE_3DMODEL_BUILD\4_BASE_ROOT\job\202020\RVE3\05_001_800.csv
05_001_800,L=2.0um,202020,RVE3,4,0.0178399173671714,97.9544154527848,F:\1_job\20251124\CPFE_PARAMATER_TEST_PBC\1_CPFE_3DMODEL_BUILD\4_BASE_ROOT\job\202020\RVE3\05_001_800.csv
05_001_800,L=2.0um,202020,RVE3,5,0.0237165268210428,98.2585468950179,F:\1_job\20251124\CPFE_PARAMATER_TEST_PBC\1_CPFE_3DMODEL_BUILD\4_BASE_ROOT\job\202020\RVE3\05_001_800.csv
05_001_800,L=2.0um,202020,RVE3,6,0.0295588015905227,97.66021470387713,F:\1_job\20251124\CPFE_PARAMATER_TEST_PBC\1_CPFE_3DMODEL_BUILD\4_BASE_ROOT\job\202020\RVE3\05_001_800.csv
05_001_800,L=2.0um,202020,RVE3,7,0.0353671423414218,96.87045774083664,F:\1_job\20251124\CPFE_PARAMATER_TEST_PBC\1_CPFE_3DMODEL_BUILD\4_BASE_ROOT\job\202020\RVE3\05_001_800.csv
05_001_800,L=2.0um,202020,RVE3,8,0.0411419427877547,95.96576571017934,F:\1_job\20251124\CPFE_PARAMATER_TEST_PBC\1_CPFE_3DMODEL_BUILD\4_BASE_ROOT\job\202020\RVE3\05_001_800.csv
05_001_800,L=2.0um,202020,RVE3,9,0.046883586296973,94.97454428829981,F:\1_job\20251124\CPFE_PARAMATER_TEST_PBC\1_CPFE_3DMODEL_BUILD\4_BASE_ROOT\job\202020\RVE3\05_001_800.csv
05_001_800,L=2.0um,202020,RVE3,10,0.0525924514481166,93.91483218657532,F:\1_job\20251124\CPFE_PARAMATER_TEST_PBC\1_CPFE_3DMODEL_BUILD\4_BASE_ROOT\job\202020\RVE3\05_001_800.csv
05_001_800,L=2.0um,202020,RVE3,11,0.0582689068587828,92.7969700974377,F:\1_job\20251124\CPFE_PARAMATER_TEST_PBC\1_CPFE_3DMODEL_BUILD\4_BASE_ROOT\job\202020\RVE3\05_001_800.csv
05_001_800,L=2.0um,202020,RVE3,12,0.063913325408167,91.62854429604216,F:\1_job\20251124\CPFE_PARAMATER_TEST_PBC\1_CPFE_3DMODEL_BUILD\4_BASE_ROOT\job\202020\RVE3\05_001_800.csv
05_001_800,L=2.0um,202020,RVE3,13,0.0695260597573401,90.41502757061697,F:\1_job\20251124\CPFE_PARAMATER_TEST_PBC\1_CPFE_3DMODEL_BUILD\4_BASE_ROOT\job\202020\RVE3\05_001_800.csv
05_001_800,L=2.0um,202020,RVE3,14,0.0751074739796861,89.1565266986518,F:\1_job\20251124\CPFE_PARAMATER_TEST_PBC\1_CPFE_3DMODEL_BUILD\4_BASE_ROOT\job\202020\RVE3\05_001_800.csv
05_001_800,L=2.0um,202020,RVE3,15,0.0806579019727236,87.86103991675378,F:\1_job\20251124\CPFE_PARAMATER_TEST_PBC\1_CPFE_3DMODEL_BUILD\4_BASE_ROOT\job\202020\RVE3\05_001_800.csv
05_001_800,L=2.0um,202020,RVE3,16,0.0861776995220419,86.52716611641425,F:\1_job\20251124\CPFE_PARAMATER_TEST_PBC\1_CPFE_3DMODEL_BUILD\4_BASE_ROOT\job\202020\RVE3\05_001_800.csv
05_001_800,L=2.0um,202020,RVE3,17,0.0916671892871969,85.16770904921941,F:\1_job\20251124\CPFE_PARAMATER_TEST_PBC\1_CPFE_3DMODEL_BUILD\4_BASE_ROOT\job\202020\RVE3\05_001_800.csv
05_001_800,L=2.0um,202020,RVE3,18,0.0971267089999163,83.7910783461848,F:\1_job\20251124\CPFE_PARAMATER_TEST_PBC\1_CPFE_3DMODEL_BUILD\4_BASE_ROOT\job\202020\RVE3\05_001_800.csv
05_001_800,L=2.0um,202020,RVE3,19,0.1025565908534479,82.40435555502722,F:\1_job\20251124\CPFE_PARAMATER_TEST_PBC\1_CPFE_3DMODEL_BUILD\4_BASE_ROOT\job\202020\RVE3\05_001_800.csv
05_001_800,L=2.0um,202020,RVE3,20,0.1079571415585973,81.0128180890514,F:\1_job\20251124\CPFE_PARAMATER_TEST_PBC\1_CPFE_3DMODEL_BUILD\4_BASE_ROOT\job\202020\RVE3\05_001_800.csv
05_001_800,L=2.0um,202020,RVE3,21,0.1133286829121737,79.61541240699091,F:\1_job\20251124\CPFE_PARAMATER_TEST_PBC\1_CPFE_3DMODEL_BUILD\4_BASE_ROOT\job\202020\RVE3\05_001_800.csv
05_001_800,L=2.0um,202020,RVE3,22,0.1186715315172836,78.2249052921552,F:\1_job\20251124\CPFE_PARAMATER_TEST_PBC\1_CPFE_3DMODEL_BUILD\4_BASE_ROOT\job\202020\RVE3\05_001_800.csv
05_001_800,L=2.0um,202020,RVE3,23,0.1239859791491398,76.84284278591939,F:\1_job\20251124\CPFE_PARAMATER_TEST_PBC\1_CPFE_3DMODEL_BUILD\4_BASE_ROOT\job\202020\RVE3\05_001_800.csv
05_001_800,L=2.0um,202020,RVE3,24,0.1292723326662926,75.47426921041802,F:\1_job\20251124\CPFE_PARAMATER_TEST_PBC\1_CPFE_3DMODEL_BUILD\4_BASE_ROOT\job\202020\RVE3\05_001_800.csv
05_001_800,L=2.0um,202020,RVE3,25,0.134530887539002,74.12175063596123,F:\1_job\20251124\CPFE_PARAMATER_TEST_PBC\1_CPFE_3DMODEL_BUILD\4_BASE_ROOT\job\202020\RVE3\05_001_800.csv
05_001_800,L=2.0um,202020,RVE3,26,0.1397619475581712,72.78877009924997,F:\1_job\20251124\CPFE_PARAMATER_TEST_PBC\1_CPFE_3DMODEL_BUILD\4_BASE_ROOT\job\202020\RVE3\05_001_800.csv
05_001_800,L=2.0um,202020,RVE3,27,0.1449657730344857,71.47531474368645,F:\1_job\20251124\CPFE_PARAMATER_TEST_PBC\1_CPFE_3DMODEL_BUILD\4_BASE_ROOT\job\202020\RVE3\05_001_800.csv
05_001_800,L=2.0um,202020,RVE3,28,0.1501426588400785,70.18080352611378,F:\1_job\20251124\CPFE_PARAMATER_TEST_PBC\1_CPFE_3DMODEL_BUILD\4_BASE_ROOT\job\202020\RVE3\05_001_800.csv
05_001_800,L=2.4um,242424,RVE1,1,0.0,0.0,F:\1_job\20251124\CPFE_PARAMATER_TEST_PBC\1_CPFE_3DMODEL_BUILD\4_BASE_ROOT\job\242424\RVE1\05_001_800.csv
05_001_800,L=2.4um,242424,RVE1,2,0.0059820717293904,104.63952239896932,F:\1_job\20251124\CPFE_PARAMATER_TEST_PBC\1_CPFE_3DMODEL_BUILD\4_BASE_ROOT\job\242424\RVE1\05_001_800.csv
05_001_800,L=2.4um,242424,RVE1,3,0.011928570968345,107.40930554825933,F:\1_job\20251124\CPFE_PARAMATER_TEST_PBC\1_CPFE_3DMODEL_BUILD\4_BASE_ROOT\job\242424\RVE1\05_001_800.csv
05_001_800,L=2.4um,242424,RVE1,4,0.0178399173671714,107.0598714684699,F:\1_job\20251124\CPFE_PARAMATER_TEST_PBC\1_CPFE_3DMODEL_BUILD\4_BASE_ROOT\job\242424\RVE1\05_001_800.csv
05_001_800,L=2.4um,242424,RVE1,5,0.0237165268210428,107.29759840148904,F:\1_job\20251124\CPFE_PARAMATER_TEST_PBC\1_CPFE_3DMODEL_BUILD\4_BASE_ROOT\job\242424\RVE1\05_001_800.csv
05_001_800,L=2.4um,242424,RVE1,6,0.0295588015905227,106.32175156064696,F:\1_job\20251124\CPFE_PARAMATER_TEST_PBC\1_CPFE_3DMODEL_BUILD\4_BASE_ROOT\job\242424\RVE1\05_001_800.csv
05_001_800,L=2.4um,242424,RVE1,7,0.0353671423414218,105.11029782290063,F:\1_job\20251124\CPFE_PARAMATER_TEST_PBC\1_CPFE_3DMODEL_BUILD\4_BASE_ROOT\job\242424\RVE1\05_001_800.csv
05_001_800,L=2.4um,242424,RVE1,8,0.0411419427877547,103.76083813432876,F:\1_job\20251124\CPFE_PARAMATER_TEST_PBC\1_CPFE_3DMODEL_BUILD\4_BASE_ROOT\job\242424\RVE1\05_001_800.csv
05_001_800,L=2.4um,242424,RVE1,9,0.046883586296973,102.3044012971497,F:\1_job\20251124\CPFE_PARAMATER_TEST_PBC\1_CPFE_3DMODEL_BUILD\4_BASE_ROOT\job\242424\RVE1\05_001_800.csv
05_001_800,L=2.4um,242424,RVE1,10,0.0525924514481166,100.7593056463673,F:\1_job\20251124\CPFE_PARAMATER_TEST_PBC\1_CPFE_3DMODEL_BUILD\4_BASE_ROOT\job\242424\RVE1\05_001_800.csv
05_001_800,L=2.4um,242424,RVE1,11,0.0582689068587828,99.13733664085044,F:\1_job\20251124\CPFE_PARAMATER_TEST_PBC\1_CPFE_3DMODEL_BUILD\4_BASE_ROOT\job\242424\RVE1\05_001_800.csv
05_001_800,L=2.4um,242424,RVE1,12,0.063913325408167,97.44872785760457,F:\1_job\20251124\CPFE_PARAMATER_TEST_PBC\1_CPFE_3DMODEL_BUILD\4_BASE_ROOT\job\242424\RVE1\05_001_800.csv
05_001_800,L=2.4um,242424,RVE1,13,0.0695260597573401,95.69881241997771,F:\1_job\20251124\CPFE_PARAMATER_TEST_PBC\1_CPFE_3DMODEL_BUILD\4_BASE_ROOT\job\242424\RVE1\05_001_800.csv
05_001_800,L=2.4um,242424,RVE1,14,0.0751074739796861,93.89761046899352,F:\1_job\20251124\CPFE_PARAMATER_TEST_PBC\1_CPFE_3DMODEL_BUILD\4_BASE_ROOT\job\242424\RVE1\05_001_800.csv
05_001_800,L=2.4um,242424,RVE1,15,0.0806579019727236,92.05451485941909,F:\1_job\20251124\CPFE_PARAMATER_TEST_PBC\1_CPFE_3DMODEL_BUILD\4_BASE_ROOT\job\242424\RVE1\05_001_800.csv
05_001_800,L=2.4um,242424,RVE1,16,0.0861776995220419,90.18111161397704,F:\1_job\20251124\CPFE_PARAMATER_TEST_PBC\1_CPFE_3DMODEL_BUILD\4_BASE_ROOT\job\242424\RVE1\05_001_800.csv
05_001_800,L=2.4um,242424,RVE1,17,0.0916671892871969,88.29486804196584,F:\1_job\20251124\CPFE_PARAMATER_TEST_PBC\1_CPFE_3DMODEL_BUILD\4_BASE_ROOT\job\242424\RVE1\05_001_800.csv
05_001_800,L=2.4um,242424,RVE1,18,0.0971267089999163,86.40302081518156,F:\1_job\20251124\CPFE_PARAMATER_TEST_PBC\1_CPFE_3DMODEL_BUILD\4_BASE_ROOT\job\242424\RVE1\05_001_800.csv
05_001_800,L=2.4um,242424,RVE1,19,0.1025565908534479,84.52184320556555,F:\1_job\20251124\CPFE_PARAMATER_TEST_PBC\1_CPFE_3DMODEL_BUILD\4_BASE_ROOT\job\242424\RVE1\05_001_800.csv
05_001_800,L=2.4um,242424,RVE1,20,0.1079571415585973,82.66037752452479,F:\1_job\20251124\CPFE_PARAMATER_TEST_PBC\1_CPFE_3DMODEL_BUILD\4_BASE_ROOT\job\242424\RVE1\05_001_800.csv
05_001_800,L=2.4um,242424,RVE1,21,0.1133286829121737,80.82636142730234,F:\1_job\20251124\CPFE_PARAMATER_TEST_PBC\1_CPFE_3DMODEL_BUILD\4_BASE_ROOT\job\242424\RVE1\05_001_800.csv
05_001_800,L=2.4um,242424,RVE1,22,0.1186715315172836,79.03050645287747,F:\1_job\20251124\CPFE_PARAMATER_TEST_PBC\1_CPFE_3DMODEL_BUILD\4_BASE_ROOT\job\242424\RVE1\05_001_800.csv
05_001_800,L=2.4um,242424,RVE1,23,0.1239859791491398,77.27373197759253,F:\1_job\20251124\CPFE_PARAMATER_TEST_PBC\1_CPFE_3DMODEL_BUILD\4_BASE_ROOT\job\242424\RVE1\05_001_800.csv
05_001_800,L=2.4um,242424,RVE1,24,0.1292723326662926,75.55706279371854,F:\1_job\20251124\CPFE_PARAMATER_TEST_PBC\1_CPFE_3DMODEL_BUILD\4_BASE_ROOT\job\242424\RVE1\05_001_800.csv
05_001_800,L=2.4um,242424,RVE1,25,0.134530887539002,73.88035691812591,F:\1_job\20251124\CPFE_PARAMATER_TEST_PBC\1_CPFE_3DMODEL_BUILD\4_BASE_ROOT\job\242424\RVE1\05_001_800.csv
05_001_800,L=2.4um,242424,RVE1,26,0.1397619475581712,72.24916146779164,F:\1_job\20251124\CPFE_PARAMATER_TEST_PBC\1_CPFE_3DMODEL_BUILD\4_BASE_ROOT\job\242424\RVE1\05_001_800.csv
05_001_800,L=2.4um,242424,RVE1,27,0.1449657730344857,70.64886361825371,F:\1_job\20251124\CPFE_PARAMATER_TEST_PBC\1_CPFE_3DMODEL_BUILD\4_BASE_ROOT\job\242424\RVE1\05_001_800.csv
05_001_800,L=2.4um,242424,RVE1,28,0.1501426588400785,68.95245942543464,F:\1_job\20251124\CPFE_PARAMATER_TEST_PBC\1_CPFE_3DMODEL_BUILD\4_BASE_ROOT\job\242424\RVE1\05_001_800.csv
05_001_800,L=2.4um,242424,RVE2,1,0.0,0.0,F:\1_job\20251124\CPFE_PARAMATER_TEST_PBC\1_CPFE_3DMODEL_BUILD\4_BASE_ROOT\job\242424\RVE2\05_001_800.csv
05_001_800,L=2.4um,242424,RVE2,2,0.0059820717293904,106.2265594148959,F:\1_job\20251124\CPFE_PARAMATER_TEST_PBC\1_CPFE_3DMODEL_BUILD\4_BASE_ROOT\job\242424\RVE2\05_001_800.csv
05_001_800,L=2.4um,242424,RVE2,3,0.011928570968345,109.10631435247296,F:\1_job\20251124\CPFE_PARAMATER_TEST_PBC\1_CPFE_3DMODEL_BUILD\4_BASE_ROOT\job\242424\RVE2\05_001_800.csv
05_001_800,L=2.4um,242424,RVE2,4,0.0178399173671714,108.80035468049915,F:\1_job\20251124\CPFE_PARAMATER_TEST_PBC\1_CPFE_3DMODEL_BUILD\4_BASE_ROOT\job\242424\RVE2\05_001_800.csv
05_001_800,L=2.4um,242424,RVE2,5,0.0237165268210428,109.11313659630336,F:\1_job\20251124\CPFE_PARAMATER_TEST_PBC\1_CPFE_3DMODEL_BUILD\4_BASE_ROOT\job\242424\RVE2\05_001_800.csv
05_001_800,L=2.4um,242424,RVE2,6,0.0295588015905227,108.16691850755228,F:\1_job\20251124\CPFE_PARAMATER_TEST_PBC\1_CPFE_3DMODEL_BUILD\4_BASE_ROOT\job\242424\RVE2\05_001_800.csv
05_001_800,L=2.4um,242424,RVE2,7,0.0353671423414218,106.97062275037952,F:\1_job\20251124\CPFE_PARAMATER_TEST_PBC\1_CPFE_3DMODEL_BUILD\4_BASE_ROOT\job\242424\RVE2\05_001_800.csv
05_001_800,L=2.4um,242424,RVE2,8,0.0411419427877547,105.62546870884874,F:\1_job\20251124\CPFE_PARAMATER_TEST_PBC\1_CPFE_3DMODEL_BUILD\4_BASE_ROOT\job\242424\RVE2\05_001_800.csv
05_001_800,L=2.4um,242424,RVE2,9,0.046883586296973,104.16828428106412,F:\1_job\20251124\CPFE_PARAMATER_TEST_PBC\1_CPFE_3DMODEL_BUILD\4_BASE_ROOT\job\242424\RVE2\05_001_800.csv
05_001_800,L=2.4um,242424,RVE2,10,0.0525924514481166,102.6201782000872,F:\1_job\20251124\CPFE_PARAMATER_TEST_PBC\1_CPFE_3DMODEL_BUILD\4_BASE_ROOT\job\242424\RVE2\05_001_800.csv
05_001_800,L=2.4um,242424,RVE2,11,0.0582689068587828,100.9962317283898,F:\1_job\20251124\CPFE_PARAMATER_TEST_PBC\1_CPFE_3DMODEL_BUILD\4_BASE_ROOT\job\242424\RVE2\05_001_800.csv
05_001_800,L=2.4um,242424,RVE2,12,0.063913325408167,99.30788469515063,F:\1_job\20251124\CPFE_PARAMATER_TEST_PBC\1_CPFE_3DMODEL_BUILD\4_BASE_ROOT\job\242424\RVE2\05_001_800.csv
05_001_800,L=2.4um,242424,RVE2,13,0.0695260597573401,97.56262136437736,F:\1_job\20251124\CPFE_PARAMATER_TEST_PBC\1_CPFE_3DMODEL_BUILD\4_BASE_ROOT\job\242424\RVE2\05_001_800.csv
05_001_800,L=2.4um,242424,RVE2,14,0.0751074739796861,95.76683463158992,F:\1_job\20251124\CPFE_PARAMATER_TEST_PBC\1_CPFE_3DMODEL_BUILD\4_BASE_ROOT\job\242424\RVE2\05_001_800.csv
05_001_800,L=2.4um,242424,RVE2,15,0.0806579019727236,93.93375040766512,F:\1_job\20251124\CPFE_PARAMATER_TEST_PBC\1_CPFE_3DMODEL_BUILD\4_BASE_ROOT\job\242424\RVE2\05_001_800.csv
05_001_800,L=2.4um,242424,RVE2,16,0.0861776995220419,92.07851625559648,F:\1_job\20251124\CPFE_PARAMATER_TEST_PBC\1_CPFE_3DMODEL_BUILD\4_BASE_ROOT\job\242424\RVE2\05_001_800.csv
05_001_800,L=2.4um,242424,RVE2,17,0.0916671892871969,90.21457269261091,F:\1_job\20251124\CPFE_PARAMATER_TEST_PBC\1_CPFE_3DMODEL_BUILD\4_BASE_ROOT\job\242424\RVE2\05_001_800.csv
05_001_800,L=2.4um,242424,RVE2,18,0.0971267089999163,88.34317015439579,F:\1_job\20251124\CPFE_PARAMATER_TEST_PBC\1_CPFE_3DMODEL_BUILD\4_BASE_ROOT\job\242424\RVE2\05_001_800.csv
05_001_800,L=2.4um,242424,RVE2,19,0.1025565908534479,86.47536398534605,F:\1_job\20251124\CPFE_PARAMATER_TEST_PBC\1_CPFE_3DMODEL_BUILD\4_BASE_ROOT\job\242424\RVE2\05_001_800.csv
05_001_800,L=2.4um,242424,RVE2,20,0.1079571415585973,84.62210622109967,F:\1_job\20251124\CPFE_PARAMATER_TEST_PBC\1_CPFE_3DMODEL_BUILD\4_BASE_ROOT\job\242424\RVE2\05_001_800.csv
05_001_800,L=2.4um,242424,RVE2,21,0.1133286829121737,82.79993673204682,F:\1_job\20251124\CPFE_PARAMATER_TEST_PBC\1_CPFE_3DMODEL_BUILD\4_BASE_ROOT\job\242424\RVE2\05_001_800.csv
05_001_800,L=2.4um,242424,RVE2,22,0.1186715315172836,81.01505717977236,F:\1_job\20251124\CPFE_PARAMATER_TEST_PBC\1_CPFE_3DMODEL_BUILD\4_BASE_ROOT\job\242424\RVE2\05_001_800.csv
05_001_800,L=2.4um,242424,RVE2,23,0.1239859791491398,79.27183135639935,F:\1_job\20251124\CPFE_PARAMATER_TEST_PBC\1_CPFE_3DMODEL_BUILD\4_BASE_ROOT\job\242424\RVE2\05_001_800.csv
05_001_800,L=2.4um,242424,RVE2,24,0.1292723326662926,77.57760045538475,F:\1_job\20251124\CPFE_PARAMATER_TEST_PBC\1_CPFE_3DMODEL_BUILD\4_BASE_ROOT\job\242424\RVE2\05_001_800.csv
05_001_800,L=2.4um,242424,RVE2,25,0.134530887539002,75.93203934391639,F:\1_job\20251124\CPFE_PARAMATER_TEST_PBC\1_CPFE_3DMODEL_BUILD\4_BASE_ROOT\job\242424\RVE2\05_001_800.csv
05_001_800,L=2.4um,242424,RVE2,26,0.1397619475581712,74.33157910796805,F:\1_job\20251124\CPFE_PARAMATER_TEST_PBC\1_CPFE_3DMODEL_BUILD\4_BASE_ROOT\job\242424\RVE2\05_001_800.csv
05_001_800,L=2.4um,242424,RVE2,27,0.1449657730344857,72.78183925548257,F:\1_job\20251124\CPFE_PARAMATER_TEST_PBC\1_CPFE_3DMODEL_BUILD\4_BASE_ROOT\job\242424\RVE2\05_001_800.csv
05_001_800,L=2.4um,242424,RVE2,28,0.1501426588400785,71.28799346034498,F:\1_job\20251124\CPFE_PARAMATER_TEST_PBC\1_CPFE_3DMODEL_BUILD\4_BASE_ROOT\job\242424\RVE2\05_001_800.csv
05_001_800,L=2.4um,242424,RVE3,1,0.0,0.0,F:\1_job\20251124\CPFE_PARAMATER_TEST_PBC\1_CPFE_3DMODEL_BUILD\4_BASE_ROOT\job\242424\RVE3\05_001_800.csv
05_001_800,L=2.4um,242424,RVE3,2,0.0059820717293904,106.14696505001908,F:\1_job\20251124\CPFE_PARAMATER_TEST_PBC\1_CPFE_3DMODEL_BUILD\4_BASE_ROOT\job\242424\RVE3\05_001_800.csv
05_001_800,L=2.4um,242424,RVE3,3,0.011928570968345,108.7510167339942,F:\1_job\20251124\CPFE_PARAMATER_TEST_PBC\1_CPFE_3DMODEL_BUILD\4_BASE_ROOT\job\242424\RVE3\05_001_800.csv
05_001_800,L=2.4um,242424,RVE3,4,0.0178399173671714,108.38247977943422,F:\1_job\20251124\CPFE_PARAMATER_TEST_PBC\1_CPFE_3DMODEL_BUILD\4_BASE_ROOT\job\242424\RVE3\05_001_800.csv
05_001_800,L=2.4um,242424,RVE3,5,0.0237165268210428,108.6045102941164,F:\1_job\20251124\CPFE_PARAMATER_TEST_PBC\1_CPFE_3DMODEL_BUILD\4_BASE_ROOT\job\242424\RVE3\05_001_800.csv
05_001_800,L=2.4um,242424,RVE3,6,0.0295588015905227,107.6704919078784,F:\1_job\20251124\CPFE_PARAMATER_TEST_PBC\1_CPFE_3DMODEL_BUILD\4_BASE_ROOT\job\242424\RVE3\05_001_800.csv
05_001_800,L=2.4um,242424,RVE3,7,0.0353671423414218,106.50831799999278,F:\1_job\20251124\CPFE_PARAMATER_TEST_PBC\1_CPFE_3DMODEL_BUILD\4_BASE_ROOT\job\242424\RVE3\05_001_800.csv
05_001_800,L=2.4um,242424,RVE3,8,0.0411419427877547,105.20964848134577,F:\1_job\20251124\CPFE_PARAMATER_TEST_PBC\1_CPFE_3DMODEL_BUILD\4_BASE_ROOT\job\242424\RVE3\05_001_800.csv
05_001_800,L=2.4um,242424,RVE3,9,0.046883586296973,103.80608520402016,F:\1_job\20251124\CPFE_PARAMATER_TEST_PBC\1_CPFE_3DMODEL_BUILD\4_BASE_ROOT\job\242424\RVE3\05_001_800.csv
05_001_800,L=2.4um,242424,RVE3,10,0.0525924514481166,102.31425201802872,F:\1_job\20251124\CPFE_PARAMATER_TEST_PBC\1_CPFE_3DMODEL_BUILD\4_BASE_ROOT\job\242424\RVE3\05_001_800.csv
05_001_800,L=2.4um,242424,RVE3,11,0.0582689068587828,100.74391052074418,F:\1_job\20251124\CPFE_PARAMATER_TEST_PBC\1_CPFE_3DMODEL_BUILD\4_BASE_ROOT\job\242424\RVE3\05_001_800.csv
05_001_800,L=2.4um,242424,RVE3,12,0.063913325408167,99.10357295349624,F:\1_job\20251124\CPFE_PARAMATER_TEST_PBC\1_CPFE_3DMODEL_BUILD\4_BASE_ROOT\job\242424\RVE3\05_001_800.csv
05_001_800,L=2.4um,242424,RVE3,13,0.0695260597573401,97.3995772477336,F:\1_job\20251124\CPFE_PARAMATER_TEST_PBC\1_CPFE_3DMODEL_BUILD\4_BASE_ROOT\job\242424\RVE3\05_001_800.csv
05_001_800,L=2.4um,242424,RVE3,14,0.0751074739796861,95.63730847543026,F:\1_job\20251124\CPFE_PARAMATER_TEST_PBC\1_CPFE_3DMODEL_BUILD\4_BASE_ROOT\job\242424\RVE3\05_001_800.csv
05_001_800,L=2.4um,242424,RVE3,15,0.0806579019727236,93.82577752095068,F:\1_job\20251124\CPFE_PARAMATER_TEST_PBC\1_CPFE_3DMODEL_BUILD\4_BASE_ROOT\job\242424\RVE3\05_001_800.csv
05_001_800,L=2.4um,242424,RVE3,16,0.0861776995220419,91.97216911822024,F:\1_job\20251124\CPFE_PARAMATER_TEST_PBC\1_CPFE_3DMODEL_BUILD\4_BASE_ROOT\job\242424\RVE3\05_001_800.csv
05_001_800,L=2.4um,242424,RVE3,17,0.0916671892871969,90.08858412078288,F:\1_job\20251124\CPFE_PARAMATER_TEST_PBC\1_CPFE_3DMODEL_BUILD\4_BASE_ROOT\job\242424\RVE3\05_001_800.csv
05_001_800,L=2.4um,242424,RVE3,18,0.0971267089999163,88.18052605095596,F:\1_job\20251124\CPFE_PARAMATER_TEST_PBC\1_CPFE_3DMODEL_BUILD\4_BASE_ROOT\job\242424\RVE3\05_001_800.csv
05_001_800,L=2.4um,242424,RVE3,19,0.1025565908534479,86.255566603142,F:\1_job\20251124\CPFE_PARAMATER_TEST_PBC\1_CPFE_3DMODEL_BUILD\4_BASE_ROOT\job\242424\RVE3\05_001_800.csv
05_001_800,L=2.4um,242424,RVE3,20,0.1079571415585973,84.3295742892422,F:\1_job\20251124\CPFE_PARAMATER_TEST_PBC\1_CPFE_3DMODEL_BUILD\4_BASE_ROOT\job\242424\RVE3\05_001_800.csv
05_001_800,L=2.4um,242424,RVE3,21,0.1133286829121737,82.41869871393493,F:\1_job\20251124\CPFE_PARAMATER_TEST_PBC\1_CPFE_3DMODEL_BUILD\4_BASE_ROOT\job\242424\RVE3\05_001_800.csv
05_001_800,L=2.4um,242424,RVE3,22,0.1186715315172836,80.52872820618657,F:\1_job\20251124\CPFE_PARAMATER_TEST_PBC\1_CPFE_3DMODEL_BUILD\4_BASE_ROOT\job\242424\RVE3\05_001_800.csv
05_001_800,L=2.4um,242424,RVE3,23,0.1239859791491398,78.66115063536095,F:\1_job\20251124\CPFE_PARAMATER_TEST_PBC\1_CPFE_3DMODEL_BUILD\4_BASE_ROOT\job\242424\RVE3\05_001_800.csv
05_001_800,L=2.4um,242424,RVE3,24,0.1292723326662926,76.8295953942116,F:\1_job\20251124\CPFE_PARAMATER_TEST_PBC\1_CPFE_3DMODEL_BUILD\4_BASE_ROOT\job\242424\RVE3\05_001_800.csv
05_001_800,L=2.4um,242424,RVE3,25,0.134530887539002,75.04116939572944,F:\1_job\20251124\CPFE_PARAMATER_TEST_PBC\1_CPFE_3DMODEL_BUILD\4_BASE_ROOT\job\242424\RVE3\05_001_800.csv
05_001_800,L=2.4um,242424,RVE3,26,0.1397619475581712,73.3155543542177,F:\1_job\20251124\CPFE_PARAMATER_TEST_PBC\1_CPFE_3DMODEL_BUILD\4_BASE_ROOT\job\242424\RVE3\05_001_800.csv
05_001_800,L=2.4um,242424,RVE3,27,0.1449657730344857,71.64573646996391,F:\1_job\20251124\CPFE_PARAMATER_TEST_PBC\1_CPFE_3DMODEL_BUILD\4_BASE_ROOT\job\242424\RVE3\05_001_800.csv
05_001_800,L=2.4um,242424,RVE3,28,0.1501426588400785,70.02807137042784,F:\1_job\20251124\CPFE_PARAMATER_TEST_PBC\1_CPFE_3DMODEL_BUILD\4_BASE_ROOT\job\242424\RVE3\05_001_800.csv
06_01_20,L=1.6um,161616,RVE1,1,0.0,0.0,F:\1_job\20251124\CPFE_PARAMATER_TEST_PBC\1_CPFE_3DMODEL_BUILD\4_BASE_ROOT\job\161616\RVE1\06_01_20.csv
06_01_20,L=1.6um,161616,RVE1,2,0.0059820717293904,373.4756447866465,F:\1_job\20251124\CPFE_PARAMATER_TEST_PBC\1_CPFE_3DMODEL_BUILD\4_BASE_ROOT\job\161616\RVE1\06_01_20.csv
06_01_20,L=1.6um,161616,RVE1,3,0.011928570968345,735.1256850523481,F:\1_job\20251124\CPFE_PARAMATER_TEST_PBC\1_CPFE_3DMODEL_BUILD\4_BASE_ROOT\job\161616\RVE1\06_01_20.csv
06_01_20,L=1.6um,161616,RVE1,4,0.0178399173671714,906.3128144995128,F:\1_job\20251124\CPFE_PARAMATER_TEST_PBC\1_CPFE_3DMODEL_BUILD\4_BASE_ROOT\job\161616\RVE1\06_01_20.csv
06_01_20,L=1.6um,161616,RVE1,5,0.0237165268210428,936.606262397843,F:\1_job\20251124\CPFE_PARAMATER_TEST_PBC\1_CPFE_3DMODEL_BUILD\4_BASE_ROOT\job\161616\RVE1\06_01_20.csv
06_01_20,L=1.6um,161616,RVE1,6,0.0295588015905227,951.6949152711196,F:\1_job\20251124\CPFE_PARAMATER_TEST_PBC\1_CPFE_3DMODEL_BUILD\4_BASE_ROOT\job\161616\RVE1\06_01_20.csv
06_01_20,L=1.6um,161616,RVE1,7,0.0353671423414218,963.4380156887206,F:\1_job\20251124\CPFE_PARAMATER_TEST_PBC\1_CPFE_3DMODEL_BUILD\4_BASE_ROOT\job\161616\RVE1\06_01_20.csv
06_01_20,L=1.6um,161616,RVE1,8,0.0411419427877547,972.802264757805,F:\1_job\20251124\CPFE_PARAMATER_TEST_PBC\1_CPFE_3DMODEL_BUILD\4_BASE_ROOT\job\161616\RVE1\06_01_20.csv
06_01_20,L=1.6um,161616,RVE1,9,0.046883586296973,980.1176847545258,F:\1_job\20251124\CPFE_PARAMATER_TEST_PBC\1_CPFE_3DMODEL_BUILD\4_BASE_ROOT\job\161616\RVE1\06_01_20.csv
06_01_20,L=1.6um,161616,RVE1,10,0.0525924514481166,985.7656724440244,F:\1_job\20251124\CPFE_PARAMATER_TEST_PBC\1_CPFE_3DMODEL_BUILD\4_BASE_ROOT\job\161616\RVE1\06_01_20.csv
06_01_20,L=1.6um,161616,RVE1,11,0.0582689068587828,990.1728212226736,F:\1_job\20251124\CPFE_PARAMATER_TEST_PBC\1_CPFE_3DMODEL_BUILD\4_BASE_ROOT\job\161616\RVE1\06_01_20.csv
06_01_20,L=1.6um,161616,RVE1,12,0.063913325408167,993.6862025503528,F:\1_job\20251124\CPFE_PARAMATER_TEST_PBC\1_CPFE_3DMODEL_BUILD\4_BASE_ROOT\job\161616\RVE1\06_01_20.csv
06_01_20,L=1.6um,161616,RVE1,13,0.0695260597573401,996.528449991997,F:\1_job\20251124\CPFE_PARAMATER_TEST_PBC\1_CPFE_3DMODEL_BUILD\4_BASE_ROOT\job\161616\RVE1\06_01_20.csv
06_01_20,L=1.6um,161616,RVE1,14,0.0751074739796861,998.8497845540984,F:\1_job\20251124\CPFE_PARAMATER_TEST_PBC\1_CPFE_3DMODEL_BUILD\4_BASE_ROOT\job\161616\RVE1\06_01_20.csv
06_01_20,L=1.6um,161616,RVE1,15,0.0806579019727236,1000.7572752510936,F:\1_job\20251124\CPFE_PARAMATER_TEST_PBC\1_CPFE_3DMODEL_BUILD\4_BASE_ROOT\job\161616\RVE1\06_01_20.csv
06_01_20,L=1.6um,161616,RVE1,16,0.0861776995220419,1002.3017737372264,F:\1_job\20251124\CPFE_PARAMATER_TEST_PBC\1_CPFE_3DMODEL_BUILD\4_BASE_ROOT\job\161616\RVE1\06_01_20.csv
06_01_20,L=1.6um,161616,RVE1,17,0.0916671892871969,1003.5616229068768,F:\1_job\20251124\CPFE_PARAMATER_TEST_PBC\1_CPFE_3DMODEL_BUILD\4_BASE_ROOT\job\161616\RVE1\06_01_20.csv
06_01_20,L=1.6um,161616,RVE1,18,0.0971267089999163,1004.5760317342882,F:\1_job\20251124\CPFE_PARAMATER_TEST_PBC\1_CPFE_3DMODEL_BUILD\4_BASE_ROOT\job\161616\RVE1\06_01_20.csv
06_01_20,L=1.6um,161616,RVE1,19,0.1025565908534479,1005.4015933661402,F:\1_job\20251124\CPFE_PARAMATER_TEST_PBC\1_CPFE_3DMODEL_BUILD\4_BASE_ROOT\job\161616\RVE1\06_01_20.csv
06_01_20,L=1.6um,161616,RVE1,20,0.1079571415585973,1006.0789127888156,F:\1_job\20251124\CPFE_PARAMATER_TEST_PBC\1_CPFE_3DMODEL_BUILD\4_BASE_ROOT\job\161616\RVE1\06_01_20.csv
06_01_20,L=1.6um,161616,RVE1,21,0.1133286829121737,1006.616961929534,F:\1_job\20251124\CPFE_PARAMATER_TEST_PBC\1_CPFE_3DMODEL_BUILD\4_BASE_ROOT\job\161616\RVE1\06_01_20.csv
06_01_20,L=1.6um,161616,RVE1,22,0.1186715315172836,1007.0542677884332,F:\1_job\20251124\CPFE_PARAMATER_TEST_PBC\1_CPFE_3DMODEL_BUILD\4_BASE_ROOT\job\161616\RVE1\06_01_20.csv
06_01_20,L=1.6um,161616,RVE1,23,0.1239859791491398,1007.4064381909836,F:\1_job\20251124\CPFE_PARAMATER_TEST_PBC\1_CPFE_3DMODEL_BUILD\4_BASE_ROOT\job\161616\RVE1\06_01_20.csv
06_01_20,L=1.6um,161616,RVE1,24,0.1292723326662926,1007.6771035577128,F:\1_job\20251124\CPFE_PARAMATER_TEST_PBC\1_CPFE_3DMODEL_BUILD\4_BASE_ROOT\job\161616\RVE1\06_01_20.csv
06_01_20,L=1.6um,161616,RVE1,25,0.134530887539002,1007.8856580480356,F:\1_job\20251124\CPFE_PARAMATER_TEST_PBC\1_CPFE_3DMODEL_BUILD\4_BASE_ROOT\job\161616\RVE1\06_01_20.csv
06_01_20,L=1.6um,161616,RVE1,26,0.1397619475581712,1008.029373744412,F:\1_job\20251124\CPFE_PARAMATER_TEST_PBC\1_CPFE_3DMODEL_BUILD\4_BASE_ROOT\job\161616\RVE1\06_01_20.csv
06_01_20,L=1.6um,161616,RVE1,27,0.1449657730344857,1008.1130773479812,F:\1_job\20251124\CPFE_PARAMATER_TEST_PBC\1_CPFE_3DMODEL_BUILD\4_BASE_ROOT\job\161616\RVE1\06_01_20.csv
06_01_20,L=1.6um,161616,RVE1,28,0.1501426588400785,1008.1436093414276,F:\1_job\20251124\CPFE_PARAMATER_TEST_PBC\1_CPFE_3DMODEL_BUILD\4_BASE_ROOT\job\161616\RVE1\06_01_20.csv
06_01_20,L=1.6um,161616,RVE2,1,0.0,0.0,F:\1_job\20251124\CPFE_PARAMATER_TEST_PBC\1_CPFE_3DMODEL_BUILD\4_BASE_ROOT\job\161616\RVE2\06_01_20.csv
06_01_20,L=1.6um,161616,RVE2,2,0.0059820717293904,442.918252550676,F:\1_job\20251124\CPFE_PARAMATER_TEST_PBC\1_CPFE_3DMODEL_BUILD\4_BASE_ROOT\job\161616\RVE2\06_01_20.csv
06_01_20,L=1.6um,161616,RVE2,3,0.011928570968345,844.7542692101473,F:\1_job\20251124\CPFE_PARAMATER_TEST_PBC\1_CPFE_3DMODEL_BUILD\4_BASE_ROOT\job\161616\RVE2\06_01_20.csv
06_01_20,L=1.6um,161616,RVE2,4,0.0178399173671714,1044.3511575855905,F:\1_job\20251124\CPFE_PARAMATER_TEST_PBC\1_CPFE_3DMODEL_BUILD\4_BASE_ROOT\job\161616\RVE2\06_01_20.csv
06_01_20,L=1.6um,161616,RVE2,5,0.0237165268210428,1076.886108617828,F:\1_job\20251124\CPFE_PARAMATER_TEST_PBC\1_CPFE_3DMODEL_BUILD\4_BASE_ROOT\job\161616\RVE2\06_01_20.csv
06_01_20,L=1.6um,161616,RVE2,6,0.0295588015905227,1099.4924561972011,F:\1_job\20251124\CPFE_PARAMATER_TEST_PBC\1_CPFE_3DMODEL_BUILD\4_BASE_ROOT\job\161616\RVE2\06_01_20.csv
06_01_20,L=1.6um,161616,RVE2,7,0.0353671423414218,1114.5812261121205,F:\1_job\20251124\CPFE_PARAMATER_TEST_PBC\1_CPFE_3DMODEL_BUILD\4_BASE_ROOT\job\161616\RVE2\06_01_20.csv
06_01_20,L=1.6um,161616,RVE2,8,0.0411419427877547,1125.8135570130269,F:\1_job\20251124\CPFE_PARAMATER_TEST_PBC\1_CPFE_3DMODEL_BUILD\4_BASE_ROOT\job\161616\RVE2\06_01_20.csv
06_01_20,L=1.6um,161616,RVE2,9,0.046883586296973,1134.6961006867336,F:\1_job\20251124\CPFE_PARAMATER_TEST_PBC\1_CPFE_3DMODEL_BUILD\4_BASE_ROOT\job\161616\RVE2\06_01_20.csv
06_01_20,L=1.6um,161616,RVE2,10,0.0525924514481166,1141.8662961399,F:\1_job\20251124\CPFE_PARAMATER_TEST_PBC\1_CPFE_3DMODEL_BUILD\4_BASE_ROOT\job\161616\RVE2\06_01_20.csv
06_01_20,L=1.6um,161616,RVE2,11,0.0582689068587828,1147.7350506566584,F:\1_job\20251124\CPFE_PARAMATER_TEST_PBC\1_CPFE_3DMODEL_BUILD\4_BASE_ROOT\job\161616\RVE2\06_01_20.csv
06_01_20,L=1.6um,161616,RVE2,12,0.063913325408167,1152.6249023385303,F:\1_job\20251124\CPFE_PARAMATER_TEST_PBC\1_CPFE_3DMODEL_BUILD\4_BASE_ROOT\job\161616\RVE2\06_01_20.csv
06_01_20,L=1.6um,161616,RVE2,13,0.0695260597573401,1156.762878888152,F:\1_job\20251124\CPFE_PARAMATER_TEST_PBC\1_CPFE_3DMODEL_BUILD\4_BASE_ROOT\job\161616\RVE2\06_01_20.csv
06_01_20,L=1.6um,161616,RVE2,14,0.0751074739796861,1160.245645824668,F:\1_job\20251124\CPFE_PARAMATER_TEST_PBC\1_CPFE_3DMODEL_BUILD\4_BASE_ROOT\job\161616\RVE2\06_01_20.csv
06_01_20,L=1.6um,161616,RVE2,15,0.0806579019727236,1163.2014710671772,F:\1_job\20251124\CPFE_PARAMATER_TEST_PBC\1_CPFE_3DMODEL_BUILD\4_BASE_ROOT\job\161616\RVE2\06_01_20.csv
06_01_20,L=1.6um,161616,RVE2,16,0.0861776995220419,1165.6911709407857,F:\1_job\20251124\CPFE_PARAMATER_TEST_PBC\1_CPFE_3DMODEL_BUILD\4_BASE_ROOT\job\161616\RVE2\06_01_20.csv
06_01_20,L=1.6um,161616,RVE2,17,0.0916671892871969,1167.797430927582,F:\1_job\20251124\CPFE_PARAMATER_TEST_PBC\1_CPFE_3DMODEL_BUILD\4_BASE_ROOT\job\161616\RVE2\06_01_20.csv
06_01_20,L=1.6um,161616,RVE2,18,0.0971267089999163,1169.553166749381,F:\1_job\20251124\CPFE_PARAMATER_TEST_PBC\1_CPFE_3DMODEL_BUILD\4_BASE_ROOT\job\161616\RVE2\06_01_20.csv
06_01_20,L=1.6um,161616,RVE2,19,0.1025565908534479,1171.0166998906786,F:\1_job\20251124\CPFE_PARAMATER_TEST_PBC\1_CPFE_3DMODEL_BUILD\4_BASE_ROOT\job\161616\RVE2\06_01_20.csv
06_01_20,L=1.6um,161616,RVE2,20,0.1079571415585973,1172.197766128316,F:\1_job\20251124\CPFE_PARAMATER_TEST_PBC\1_CPFE_3DMODEL_BUILD\4_BASE_ROOT\job\161616\RVE2\06_01_20.csv
06_01_20,L=1.6um,161616,RVE2,21,0.1133286829121737,1173.1484766521794,F:\1_job\20251124\CPFE_PARAMATER_TEST_PBC\1_CPFE_3DMODEL_BUILD\4_BASE_ROOT\job\161616\RVE2\06_01_20.csv
06_01_20,L=1.6um,161616,RVE2,22,0.1186715315172836,1173.911400046748,F:\1_job\20251124\CPFE_PARAMATER_TEST_PBC\1_CPFE_3DMODEL_BUILD\4_BASE_ROOT\job\161616\RVE2\06_01_20.csv
06_01_20,L=1.6um,161616,RVE2,23,0.1239859791491398,1174.4860565393935,F:\1_job\20251124\CPFE_PARAMATER_TEST_PBC\1_CPFE_3DMODEL_BUILD\4_BASE_ROOT\job\161616\RVE2\06_01_20.csv
06_01_20,L=1.6um,161616,RVE2,24,0.1292723326662926,1174.8927800726713,F:\1_job\20251124\CPFE_PARAMATER_TEST_PBC\1_CPFE_3DMODEL_BUILD\4_BASE_ROOT\job\161616\RVE2\06_01_20.csv
06_01_20,L=1.6um,161616,RVE2,25,0.134530887539002,1175.1664155224971,F:\1_job\20251124\CPFE_PARAMATER_TEST_PBC\1_CPFE_3DMODEL_BUILD\4_BASE_ROOT\job\161616\RVE2\06_01_20.csv
06_01_20,L=1.6um,161616,RVE2,26,0.1397619475581712,1175.2774716733718,F:\1_job\20251124\CPFE_PARAMATER_TEST_PBC\1_CPFE_3DMODEL_BUILD\4_BASE_ROOT\job\161616\RVE2\06_01_20.csv
06_01_20,L=1.6um,161616,RVE2,27,0.1449657730344857,1175.2724394142788,F:\1_job\20251124\CPFE_PARAMATER_TEST_PBC\1_CPFE_3DMODEL_BUILD\4_BASE_ROOT\job\161616\RVE2\06_01_20.csv
06_01_20,L=1.6um,161616,RVE2,28,0.1501426588400785,1175.183478122399,F:\1_job\20251124\CPFE_PARAMATER_TEST_PBC\1_CPFE_3DMODEL_BUILD\4_BASE_ROOT\job\161616\RVE2\06_01_20.csv
06_01_20,L=1.6um,161616,RVE3,1,0.0,0.0,F:\1_job\20251124\CPFE_PARAMATER_TEST_PBC\1_CPFE_3DMODEL_BUILD\4_BASE_ROOT\job\161616\RVE3\06_01_20.csv
06_01_20,L=1.6um,161616,RVE3,2,0.0059820717293904,432.32183965301664,F:\1_job\20251124\CPFE_PARAMATER_TEST_PBC\1_CPFE_3DMODEL_BUILD\4_BASE_ROOT\job\161616\RVE3\06_01_20.csv
06_01_20,L=1.6um,161616,RVE3,3,0.011928570968345,809.2838152289065,F:\1_job\20251124\CPFE_PARAMATER_TEST_PBC\1_CPFE_3DMODEL_BUILD\4_BASE_ROOT\job\161616\RVE3\06_01_20.csv
06_01_20,L=1.6um,161616,RVE3,4,0.0178399173671714,936.1607581403912,F:\1_job\20251124\CPFE_PARAMATER_TEST_PBC\1_CPFE_3DMODEL_BUILD\4_BASE_ROOT\job\161616\RVE3\06_01_20.csv
06_01_20,L=1.6um,161616,RVE3,5,0.0237165268210428,985.5816042046956,F:\1_job\20251124\CPFE_PARAMATER_TEST_PBC\1_CPFE_3DMODEL_BUILD\4_BASE_ROOT\job\161616\RVE3\06_01_20.csv
06_01_20,L=1.6um,161616,RVE3,6,0.0295588015905227,1019.9422650849732,F:\1_job\20251124\CPFE_PARAMATER_TEST_PBC\1_CPFE_3DMODEL_BUILD\4_BASE_ROOT\job\161616\RVE3\06_01_20.csv
06_01_20,L=1.6um,161616,RVE3,7,0.0353671423414218,1046.8844965533517,F:\1_job\20251124\CPFE_PARAMATER_TEST_PBC\1_CPFE_3DMODEL_BUILD\4_BASE_ROOT\job\161616\RVE3\06_01_20.csv
06_01_20,L=1.6um,161616,RVE3,8,0.0411419427877547,1068.5003820811744,F:\1_job\20251124\CPFE_PARAMATER_TEST_PBC\1_CPFE_3DMODEL_BUILD\4_BASE_ROOT\job\161616\RVE3\06_01_20.csv
06_01_20,L=1.6um,161616,RVE3,9,0.046883586296973,1086.024101689695,F:\1_job\20251124\CPFE_PARAMATER_TEST_PBC\1_CPFE_3DMODEL_BUILD\4_BASE_ROOT\job\161616\RVE3\06_01_20.csv
06_01_20,L=1.6um,161616,RVE3,10,0.0525924514481166,1100.4239039740007,F:\1_job\20251124\CPFE_PARAMATER_TEST_PBC\1_CPFE_3DMODEL_BUILD\4_BASE_ROOT\job\161616\RVE3\06_01_20.csv
06_01_20,L=1.6um,161616,RVE3,11,0.0582689068587828,1112.3805222742646,F:\1_job\20251124\CPFE_PARAMATER_TEST_PBC\1_CPFE_3DMODEL_BUILD\4_BASE_ROOT\job\161616\RVE3\06_01_20.csv
06_01_20,L=1.6um,161616,RVE3,12,0.063913325408167,1122.3749605228122,F:\1_job\20251124\CPFE_PARAMATER_TEST_PBC\1_CPFE_3DMODEL_BUILD\4_BASE_ROOT\job\161616\RVE3\06_01_20.csv
06_01_20,L=1.6um,161616,RVE3,13,0.0695260597573401,1130.7048669548258,F:\1_job\20251124\CPFE_PARAMATER_TEST_PBC\1_CPFE_3DMODEL_BUILD\4_BASE_ROOT\job\161616\RVE3\06_01_20.csv
06_01_20,L=1.6um,161616,RVE3,14,0.0751074739796861,1137.7172329721272,F:\1_job\20251124\CPFE_PARAMATER_TEST_PBC\1_CPFE_3DMODEL_BUILD\4_BASE_ROOT\job\161616\RVE3\06_01_20.csv
06_01_20,L=1.6um,161616,RVE3,15,0.0806579019727236,1143.5819504234591,F:\1_job\20251124\CPFE_PARAMATER_TEST_PBC\1_CPFE_3DMODEL_BUILD\4_BASE_ROOT\job\161616\RVE3\06_01_20.csv
06_01_20,L=1.6um,161616,RVE3,16,0.0861776995220419,1148.5007466805114,F:\1_job\20251124\CPFE_PARAMATER_TEST_PBC\1_CPFE_3DMODEL_BUILD\4_BASE_ROOT\job\161616\RVE3\06_01_20.csv
06_01_20,L=1.6um,161616,RVE3,17,0.0916671892871969,1152.5726536943105,F:\1_job\20251124\CPFE_PARAMATER_TEST_PBC\1_CPFE_3DMODEL_BUILD\4_BASE_ROOT\job\161616\RVE3\06_01_20.csv
06_01_20,L=1.6um,161616,RVE3,18,0.0971267089999163,1155.9448210259404,F:\1_job\20251124\CPFE_PARAMATER_TEST_PBC\1_CPFE_3DMODEL_BUILD\4_BASE_ROOT\job\161616\RVE3\06_01_20.csv
06_01_20,L=1.6um,161616,RVE3,19,0.1025565908534479,1158.69565016928,F:\1_job\20251124\CPFE_PARAMATER_TEST_PBC\1_CPFE_3DMODEL_BUILD\4_BASE_ROOT\job\161616\RVE3\06_01_20.csv
06_01_20,L=1.6um,161616,RVE3,20,0.1079571415585973,1160.929625573285,F:\1_job\20251124\CPFE_PARAMATER_TEST_PBC\1_CPFE_3DMODEL_BUILD\4_BASE_ROOT\job\161616\RVE3\06_01_20.csv
06_01_20,L=1.6um,161616,RVE3,21,0.1133286829121737,1162.6845522692795,F:\1_job\20251124\CPFE_PARAMATER_TEST_PBC\1_CPFE_3DMODEL_BUILD\4_BASE_ROOT\job\161616\RVE3\06_01_20.csv
06_01_20,L=1.6um,161616,RVE3,22,0.1186715315172836,1164.0627014129948,F:\1_job\20251124\CPFE_PARAMATER_TEST_PBC\1_CPFE_3DMODEL_BUILD\4_BASE_ROOT\job\161616\RVE3\06_01_20.csv
06_01_20,L=1.6um,161616,RVE3,23,0.1239859791491398,1165.119394996697,F:\1_job\20251124\CPFE_PARAMATER_TEST_PBC\1_CPFE_3DMODEL_BUILD\4_BASE_ROOT\job\161616\RVE3\06_01_20.csv
06_01_20,L=1.6um,161616,RVE3,24,0.1292723326662926,1165.856863056435,F:\1_job\20251124\CPFE_PARAMATER_TEST_PBC\1_CPFE_3DMODEL_BUILD\4_BASE_ROOT\job\161616\RVE3\06_01_20.csv
06_01_20,L=1.6um,161616,RVE3,25,0.134530887539002,1166.3569720964165,F:\1_job\20251124\CPFE_PARAMATER_TEST_PBC\1_CPFE_3DMODEL_BUILD\4_BASE_ROOT\job\161616\RVE3\06_01_20.csv
06_01_20,L=1.6um,161616,RVE3,26,0.1397619475581712,1166.692030516355,F:\1_job\20251124\CPFE_PARAMATER_TEST_PBC\1_CPFE_3DMODEL_BUILD\4_BASE_ROOT\job\161616\RVE3\06_01_20.csv
06_01_20,L=1.6um,161616,RVE3,27,0.1449657730344857,1166.8028863969223,F:\1_job\20251124\CPFE_PARAMATER_TEST_PBC\1_CPFE_3DMODEL_BUILD\4_BASE_ROOT\job\161616\RVE3\06_01_20.csv
06_01_20,L=1.6um,161616,RVE3,28,0.1501426588400785,1166.7636058350083,F:\1_job\20251124\CPFE_PARAMATER_TEST_PBC\1_CPFE_3DMODEL_BUILD\4_BASE_ROOT\job\161616\RVE3\06_01_20.csv
06_01_20,L=2.0um,202020,RVE1,1,0.0,0.0,F:\1_job\20251124\CPFE_PARAMATER_TEST_PBC\1_CPFE_3DMODEL_BUILD\4_BASE_ROOT\job\202020\RVE1\06_01_20.csv
06_01_20,L=2.0um,202020,RVE1,2,0.0059820717293904,451.28445290425526,F:\1_job\20251124\CPFE_PARAMATER_TEST_PBC\1_CPFE_3DMODEL_BUILD\4_BASE_ROOT\job\202020\RVE1\06_01_20.csv
06_01_20,L=2.0um,202020,RVE1,3,0.011928570968345,836.323186853779,F:\1_job\20251124\CPFE_PARAMATER_TEST_PBC\1_CPFE_3DMODEL_BUILD\4_BASE_ROOT\job\202020\RVE1\06_01_20.csv
06_01_20,L=2.0um,202020,RVE1,4,0.0178399173671714,974.2967696441469,F:\1_job\20251124\CPFE_PARAMATER_TEST_PBC\1_CPFE_3DMODEL_BUILD\4_BASE_ROOT\job\202020\RVE1\06_01_20.csv
06_01_20,L=2.0um,202020,RVE1,5,0.0237165268210428,1023.3678127084876,F:\1_job\20251124\CPFE_PARAMATER_TEST_PBC\1_CPFE_3DMODEL_BUILD\4_BASE_ROOT\job\202020\RVE1\06_01_20.csv
06_01_20,L=2.0um,202020,RVE1,6,0.0295588015905227,1053.6572460181478,F:\1_job\20251124\CPFE_PARAMATER_TEST_PBC\1_CPFE_3DMODEL_BUILD\4_BASE_ROOT\job\202020\RVE1\06_01_20.csv
06_01_20,L=2.0um,202020,RVE1,7,0.0353671423414218,1076.1566331558352,F:\1_job\20251124\CPFE_PARAMATER_TEST_PBC\1_CPFE_3DMODEL_BUILD\4_BASE_ROOT\job\202020\RVE1\06_01_20.csv
06_01_20,L=2.0um,202020,RVE1,8,0.0411419427877547,1094.081301407407,F:\1_job\20251124\CPFE_PARAMATER_TEST_PBC\1_CPFE_3DMODEL_BUILD\4_BASE_ROOT\job\202020\RVE1\06_01_20.csv
06_01_20,L=2.0um,202020,RVE1,9,0.046883586296973,1108.970905714944,F:\1_job\20251124\CPFE_PARAMATER_TEST_PBC\1_CPFE_3DMODEL_BUILD\4_BASE_ROOT\job\202020\RVE1\06_01_20.csv
06_01_20,L=2.0um,202020,RVE1,10,0.0525924514481166,1121.6543984632744,F:\1_job\20251124\CPFE_PARAMATER_TEST_PBC\1_CPFE_3DMODEL_BUILD\4_BASE_ROOT\job\202020\RVE1\06_01_20.csv
06_01_20,L=2.0um,202020,RVE1,11,0.0582689068587828,1132.6090928053122,F:\1_job\20251124\CPFE_PARAMATER_TEST_PBC\1_CPFE_3DMODEL_BUILD\4_BASE_ROOT\job\202020\RVE1\06_01_20.csv
06_01_20,L=2.0um,202020,RVE1,12,0.063913325408167,1142.1513336011994,F:\1_job\20251124\CPFE_PARAMATER_TEST_PBC\1_CPFE_3DMODEL_BUILD\4_BASE_ROOT\job\202020\RVE1\06_01_20.csv
06_01_20,L=2.0um,202020,RVE1,13,0.0695260597573401,1150.549383392201,F:\1_job\20251124\CPFE_PARAMATER_TEST_PBC\1_CPFE_3DMODEL_BUILD\4_BASE_ROOT\job\202020\RVE1\06_01_20.csv
06_01_20,L=2.0um,202020,RVE1,14,0.0751074739796861,1157.982811787324,F:\1_job\20251124\CPFE_PARAMATER_TEST_PBC\1_CPFE_3DMODEL_BUILD\4_BASE_ROOT\job\202020\RVE1\06_01_20.csv
06_01_20,L=2.0um,202020,RVE1,15,0.0806579019727236,1164.6236897012504,F:\1_job\20251124\CPFE_PARAMATER_TEST_PBC\1_CPFE_3DMODEL_BUILD\4_BASE_ROOT\job\202020\RVE1\06_01_20.csv
06_01_20,L=2.0um,202020,RVE1,16,0.0861776995220419,1170.5733839675922,F:\1_job\20251124\CPFE_PARAMATER_TEST_PBC\1_CPFE_3DMODEL_BUILD\4_BASE_ROOT\job\202020\RVE1\06_01_20.csv
06_01_20,L=2.0um,202020,RVE1,17,0.0916671892871969,1175.9132782390589,F:\1_job\20251124\CPFE_PARAMATER_TEST_PBC\1_CPFE_3DMODEL_BUILD\4_BASE_ROOT\job\202020\RVE1\06_01_20.csv
06_01_20,L=2.0um,202020,RVE1,18,0.0971267089999163,1180.689012849034,F:\1_job\20251124\CPFE_PARAMATER_TEST_PBC\1_CPFE_3DMODEL_BUILD\4_BASE_ROOT\job\202020\RVE1\06_01_20.csv
06_01_20,L=2.0um,202020,RVE1,19,0.1025565908534479,1184.9813867851171,F:\1_job\20251124\CPFE_PARAMATER_TEST_PBC\1_CPFE_3DMODEL_BUILD\4_BASE_ROOT\job\202020\RVE1\06_01_20.csv
06_01_20,L=2.0um,202020,RVE1,20,0.1079571415585973,1188.859793764782,F:\1_job\20251124\CPFE_PARAMATER_TEST_PBC\1_CPFE_3DMODEL_BUILD\4_BASE_ROOT\job\202020\RVE1\06_01_20.csv
06_01_20,L=2.0um,202020,RVE1,21,0.1133286829121737,1192.3268135508306,F:\1_job\20251124\CPFE_PARAMATER_TEST_PBC\1_CPFE_3DMODEL_BUILD\4_BASE_ROOT\job\202020\RVE1\06_01_20.csv
06_01_20,L=2.0um,202020,RVE1,22,0.1186715315172836,1195.4426708527117,F:\1_job\20251124\CPFE_PARAMATER_TEST_PBC\1_CPFE_3DMODEL_BUILD\4_BASE_ROOT\job\202020\RVE1\06_01_20.csv
06_01_20,L=2.0um,202020,RVE1,23,0.1239859791491398,1198.2445231686688,F:\1_job\20251124\CPFE_PARAMATER_TEST_PBC\1_CPFE_3DMODEL_BUILD\4_BASE_ROOT\job\202020\RVE1\06_01_20.csv
06_01_20,L=2.0um,202020,RVE1,24,0.1292723326662926,1200.7197439109914,F:\1_job\20251124\CPFE_PARAMATER_TEST_PBC\1_CPFE_3DMODEL_BUILD\4_BASE_ROOT\job\202020\RVE1\06_01_20.csv
06_01_20,L=2.0um,202020,RVE1,25,0.134530887539002,1212.3116799544005,F:\1_job\20251124\CPFE_PARAMATER_TEST_PBC\1_CPFE_3DMODEL_BUILD\4_BASE_ROOT\job\202020\RVE1\06_01_20.csv
06_01_20,L=2.0um,202020,RVE2,1,0.0,0.0,F:\1_job\20251124\CPFE_PARAMATER_TEST_PBC\1_CPFE_3DMODEL_BUILD\4_BASE_ROOT\job\202020\RVE2\06_01_20.csv
06_01_20,L=2.0um,202020,RVE2,2,0.0059820717293904,430.9161457742931,F:\1_job\20251124\CPFE_PARAMATER_TEST_PBC\1_CPFE_3DMODEL_BUILD\4_BASE_ROOT\job\202020\RVE2\06_01_20.csv
06_01_20,L=2.0um,202020,RVE2,3,0.011928570968345,830.7134554078883,F:\1_job\20251124\CPFE_PARAMATER_TEST_PBC\1_CPFE_3DMODEL_BUILD\4_BASE_ROOT\job\202020\RVE2\06_01_20.csv
06_01_20,L=2.0um,202020,RVE2,4,0.0178399173671714,980.373329942256,F:\1_job\20251124\CPFE_PARAMATER_TEST_PBC\1_CPFE_3DMODEL_BUILD\4_BASE_ROOT\job\202020\RVE2\06_01_20.csv
06_01_20,L=2.0um,202020,RVE2,5,0.0237165268210428,1018.6753752075316,F:\1_job\20251124\CPFE_PARAMATER_TEST_PBC\1_CPFE_3DMODEL_BUILD\4_BASE_ROOT\job\202020\RVE2\06_01_20.csv
06_01_20,L=2.0um,202020,RVE2,6,0.0295588015905227,1039.0079100901849,F:\1_job\20251124\CPFE_PARAMATER_TEST_PBC\1_CPFE_3DMODEL_BUILD\4_BASE_ROOT\job\202020\RVE2\06_01_20.csv
06_01_20,L=2.0um,202020,RVE2,7,0.0353671423414218,1053.078885875903,F:\1_job\20251124\CPFE_PARAMATER_TEST_PBC\1_CPFE_3DMODEL_BUILD\4_BASE_ROOT\job\202020\RVE2\06_01_20.csv
06_01_20,L=2.0um,202020,RVE2,8,0.0411419427877547,1063.792007356484,F:\1_job\20251124\CPFE_PARAMATER_TEST_PBC\1_CPFE_3DMODEL_BUILD\4_BASE_ROOT\job\202020\RVE2\06_01_20.csv
06_01_20,L=2.0um,202020,RVE2,9,0.046883586296973,1072.4160209347656,F:\1_job\20251124\CPFE_PARAMATER_TEST_PBC\1_CPFE_3DMODEL_BUILD\4_BASE_ROOT\job\202020\RVE2\06_01_20.csv
06_01_20,L=2.0um,202020,RVE2,10,0.0525924514481166,1079.5257919619753,F:\1_job\20251124\CPFE_PARAMATER_TEST_PBC\1_CPFE_3DMODEL_BUILD\4_BASE_ROOT\job\202020\RVE2\06_01_20.csv
06_01_20,L=2.0um,202020,RVE2,11,0.0582689068587828,1085.5111656188064,F:\1_job\20251124\CPFE_PARAMATER_TEST_PBC\1_CPFE_3DMODEL_BUILD\4_BASE_ROOT\job\202020\RVE2\06_01_20.csv
06_01_20,L=2.0um,202020,RVE2,12,0.063913325408167,1090.5892441409587,F:\1_job\20251124\CPFE_PARAMATER_TEST_PBC\1_CPFE_3DMODEL_BUILD\4_BASE_ROOT\job\202020\RVE2\06_01_20.csv
06_01_20,L=2.0um,202020,RVE2,13,0.0695260597573401,1094.933364021752,F:\1_job\20251124\CPFE_PARAMATER_TEST_PBC\1_CPFE_3DMODEL_BUILD\4_BASE_ROOT\job\202020\RVE2\06_01_20.csv
06_01_20,L=2.0um,202020,RVE2,14,0.0751074739796861,1098.6721517866708,F:\1_job\20251124\CPFE_PARAMATER_TEST_PBC\1_CPFE_3DMODEL_BUILD\4_BASE_ROOT\job\202020\RVE2\06_01_20.csv
06_01_20,L=2.0um,202020,RVE2,15,0.0806579019727236,1101.9087586144267,F:\1_job\20251124\CPFE_PARAMATER_TEST_PBC\1_CPFE_3DMODEL_BUILD\4_BASE_ROOT\job\202020\RVE2\06_01_20.csv
06_01_20,L=2.0um,202020,RVE2,16,0.0861776995220419,1104.7260473257666,F:\1_job\20251124\CPFE_PARAMATER_TEST_PBC\1_CPFE_3DMODEL_BUILD\4_BASE_ROOT\job\202020\RVE2\06_01_20.csv
06_01_20,L=2.0um,202020,RVE2,17,0.0916671892871969,1107.1748660773485,F:\1_job\20251124\CPFE_PARAMATER_TEST_PBC\1_CPFE_3DMODEL_BUILD\4_BASE_ROOT\job\202020\RVE2\06_01_20.csv
06_01_20,L=2.0um,202020,RVE2,18,0.0971267089999163,1109.3150746180763,F:\1_job\20251124\CPFE_PARAMATER_TEST_PBC\1_CPFE_3DMODEL_BUILD\4_BASE_ROOT\job\202020\RVE2\06_01_20.csv
06_01_20,L=2.0um,202020,RVE2,19,0.1025565908534479,1111.1973375262992,F:\1_job\20251124\CPFE_PARAMATER_TEST_PBC\1_CPFE_3DMODEL_BUILD\4_BASE_ROOT\job\202020\RVE2\06_01_20.csv
06_01_20,L=2.0um,202020,RVE2,20,0.1079571415585973,1112.8436403183318,F:\1_job\20251124\CPFE_PARAMATER_TEST_PBC\1_CPFE_3DMODEL_BUILD\4_BASE_ROOT\job\202020\RVE2\06_01_20.csv
06_01_20,L=2.0um,202020,RVE2,21,0.1133286829121737,1114.2807785814875,F:\1_job\20251124\CPFE_PARAMATER_TEST_PBC\1_CPFE_3DMODEL_BUILD\4_BASE_ROOT\job\202020\RVE2\06_01_20.csv
06_01_20,L=2.0um,202020,RVE2,22,0.1186715315172836,1115.5284906551724,F:\1_job\20251124\CPFE_PARAMATER_TEST_PBC\1_CPFE_3DMODEL_BUILD\4_BASE_ROOT\job\202020\RVE2\06_01_20.csv
06_01_20,L=2.0um,202020,RVE2,23,0.1239859791491398,1116.606208767127,F:\1_job\20251124\CPFE_PARAMATER_TEST_PBC\1_CPFE_3DMODEL_BUILD\4_BASE_ROOT\job\202020\RVE2\06_01_20.csv
06_01_20,L=2.0um,202020,RVE2,24,0.1292723326662926,1117.5320414049138,F:\1_job\20251124\CPFE_PARAMATER_TEST_PBC\1_CPFE_3DMODEL_BUILD\4_BASE_ROOT\job\202020\RVE2\06_01_20.csv
06_01_20,L=2.0um,202020,RVE2,25,0.134530887539002,1118.2787766553338,F:\1_job\20251124\CPFE_PARAMATER_TEST_PBC\1_CPFE_3DMODEL_BUILD\4_BASE_ROOT\job\202020\RVE2\06_01_20.csv
06_01_20,L=2.0um,202020,RVE2,26,0.1397619475581712,1118.8275936895225,F:\1_job\20251124\CPFE_PARAMATER_TEST_PBC\1_CPFE_3DMODEL_BUILD\4_BASE_ROOT\job\202020\RVE2\06_01_20.csv
06_01_20,L=2.0um,202020,RVE2,27,0.1449657730344857,1119.3916195718002,F:\1_job\20251124\CPFE_PARAMATER_TEST_PBC\1_CPFE_3DMODEL_BUILD\4_BASE_ROOT\job\202020\RVE2\06_01_20.csv
06_01_20,L=2.0um,202020,RVE2,28,0.1501426588400785,1119.7911164263132,F:\1_job\20251124\CPFE_PARAMATER_TEST_PBC\1_CPFE_3DMODEL_BUILD\4_BASE_ROOT\job\202020\RVE2\06_01_20.csv
06_01_20,L=2.0um,202020,RVE3,1,0.0,0.0,F:\1_job\20251124\CPFE_PARAMATER_TEST_PBC\1_CPFE_3DMODEL_BUILD\4_BASE_ROOT\job\202020\RVE3\06_01_20.csv
06_01_20,L=2.0um,202020,RVE3,2,0.0059820717293904,409.10309517501776,F:\1_job\20251124\CPFE_PARAMATER_TEST_PBC\1_CPFE_3DMODEL_BUILD\4_BASE_ROOT\job\202020\RVE3\06_01_20.csv
06_01_20,L=2.0um,202020,RVE3,3,0.011928570968345,759.856592851757,F:\1_job\20251124\CPFE_PARAMATER_TEST_PBC\1_CPFE_3DMODEL_BUILD\4_BASE_ROOT\job\202020\RVE3\06_01_20.csv
06_01_20,L=2.0um,202020,RVE3,4,0.0178399173671714,943.9975380998266,F:\1_job\20251124\CPFE_PARAMATER_TEST_PBC\1_CPFE_3DMODEL_BUILD\4_BASE_ROOT\job\202020\RVE3\06_01_20.csv
06_01_20,L=2.0um,202020,RVE3,5,0.0237165268210428,1002.2487502041848,F:\1_job\20251124\CPFE_PARAMATER_TEST_PBC\1_CPFE_3DMODEL_BUILD\4_BASE_ROOT\job\202020\RVE3\06_01_20.csv
06_01_20,L=2.0um,202020,RVE3,6,0.0295588015905227,1033.3218499132226,F:\1_job\20251124\CPFE_PARAMATER_TEST_PBC\1_CPFE_3DMODEL_BUILD\4_BASE_ROOT\job\202020\RVE3\06_01_20.csv
06_01_20,L=2.0um,202020,RVE3,7,0.0353671423414218,1055.142792122816,F:\1_job\20251124\CPFE_PARAMATER_TEST_PBC\1_CPFE_3DMODEL_BUILD\4_BASE_ROOT\job\202020\RVE3\06_01_20.csv
06_01_20,L=2.0um,202020,RVE3,8,0.0411419427877547,1072.0001105014376,F:\1_job\20251124\CPFE_PARAMATER_TEST_PBC\1_CPFE_3DMODEL_BUILD\4_BASE_ROOT\job\202020\RVE3\06_01_20.csv
06_01_20,L=2.0um,202020,RVE3,9,0.046883586296973,1085.4947846118475,F:\1_job\20251124\CPFE_PARAMATER_TEST_PBC\1_CPFE_3DMODEL_BUILD\4_BASE_ROOT\job\202020\RVE3\06_01_20.csv
06_01_20,L=2.0um,202020,RVE3,10,0.0525924514481166,1096.6765798265646,F:\1_job\20251124\CPFE_PARAMATER_TEST_PBC\1_CPFE_3DMODEL_BUILD\4_BASE_ROOT\job\202020\RVE3\06_01_20.csv
06_01_20,L=2.0um,202020,RVE3,11,0.0582689068587828,1106.0436192061102,F:\1_job\20251124\CPFE_PARAMATER_TEST_PBC\1_CPFE_3DMODEL_BUILD\4_BASE_ROOT\job\202020\RVE3\06_01_20.csv
06_01_20,L=2.0um,202020,RVE3,12,0.063913325408167,1113.9948538743174,F:\1_job\20251124\CPFE_PARAMATER_TEST_PBC\1_CPFE_3DMODEL_BUILD\4_BASE_ROOT\job\202020\RVE3\06_01_20.csv
06_01_20,L=2.0um,202020,RVE3,13,0.0695260597573401,1120.8604010561648,F:\1_job\20251124\CPFE_PARAMATER_TEST_PBC\1_CPFE_3DMODEL_BUILD\4_BASE_ROOT\job\202020\RVE3\06_01_20.csv
06_01_20,L=2.0um,202020,RVE3,14,0.0751074739796861,1126.7902922095072,F:\1_job\20251124\CPFE_PARAMATER_TEST_PBC\1_CPFE_3DMODEL_BUILD\4_BASE_ROOT\job\202020\RVE3\06_01_20.csv
06_01_20,L=2.0um,202020,RVE3,15,0.0806579019727236,1131.9283601455645,F:\1_job\20251124\CPFE_PARAMATER_TEST_PBC\1_CPFE_3DMODEL_BUILD\4_BASE_ROOT\job\202020\RVE3\06_01_20.csv
06_01_20,L=2.0um,202020,RVE3,16,0.0861776995220419,1136.3874072929284,F:\1_job\20251124\CPFE_PARAMATER_TEST_PBC\1_CPFE_3DMODEL_BUILD\4_BASE_ROOT\job\202020\RVE3\06_01_20.csv
06_01_20,L=2.0um,202020,RVE3,17,0.0916671892871969,1140.2536766494086,F:\1_job\20251124\CPFE_PARAMATER_TEST_PBC\1_CPFE_3DMODEL_BUILD\4_BASE_ROOT\job\202020\RVE3\06_01_20.csv
06_01_20,L=2.0um,202020,RVE3,18,0.0971267089999163,1143.5936374249577,F:\1_job\20251124\CPFE_PARAMATER_TEST_PBC\1_CPFE_3DMODEL_BUILD\4_BASE_ROOT\job\202020\RVE3\06_01_20.csv
06_01_20,L=2.0um,202020,RVE3,19,0.1025565908534479,1146.4635087580427,F:\1_job\20251124\CPFE_PARAMATER_TEST_PBC\1_CPFE_3DMODEL_BUILD\4_BASE_ROOT\job\202020\RVE3\06_01_20.csv
06_01_20,L=2.0um,202020,RVE3,20,0.1079571415585973,1148.8973555302218,F:\1_job\20251124\CPFE_PARAMATER_TEST_PBC\1_CPFE_3DMODEL_BUILD\4_BASE_ROOT\job\202020\RVE3\06_01_20.csv
06_01_20,L=2.0um,202020,RVE3,21,0.1133286829121737,1150.9272823999754,F:\1_job\20251124\CPFE_PARAMATER_TEST_PBC\1_CPFE_3DMODEL_BUILD\4_BASE_ROOT\job\202020\RVE3\06_01_20.csv
06_01_20,L=2.0um,202020,RVE3,22,0.1186715315172836,1152.6229195549422,F:\1_job\20251124\CPFE_PARAMATER_TEST_PBC\1_CPFE_3DMODEL_BUILD\4_BASE_ROOT\job\202020\RVE3\06_01_20.csv
06_01_20,L=2.0um,202020,RVE3,23,0.1239859791491398,1153.9705688509405,F:\1_job\20251124\CPFE_PARAMATER_TEST_PBC\1_CPFE_3DMODEL_BUILD\4_BASE_ROOT\job\202020\RVE3\06_01_20.csv
06_01_20,L=2.0um,202020,RVE3,24,0.1292723326662926,1155.0096374824689,F:\1_job\20251124\CPFE_PARAMATER_TEST_PBC\1_CPFE_3DMODEL_BUILD\4_BASE_ROOT\job\202020\RVE3\06_01_20.csv
06_01_20,L=2.0um,202020,RVE3,25,0.134530887539002,1155.769703698279,F:\1_job\20251124\CPFE_PARAMATER_TEST_PBC\1_CPFE_3DMODEL_BUILD\4_BASE_ROOT\job\202020\RVE3\06_01_20.csv
06_01_20,L=2.0um,202020,RVE3,26,0.1397619475581712,1156.27425831232,F:\1_job\20251124\CPFE_PARAMATER_TEST_PBC\1_CPFE_3DMODEL_BUILD\4_BASE_ROOT\job\202020\RVE3\06_01_20.csv
06_01_20,L=2.0um,202020,RVE3,27,0.1449657730344857,1156.586752243722,F:\1_job\20251124\CPFE_PARAMATER_TEST_PBC\1_CPFE_3DMODEL_BUILD\4_BASE_ROOT\job\202020\RVE3\06_01_20.csv
06_01_20,L=2.0um,202020,RVE3,28,0.1501426588400785,1156.7062479111885,F:\1_job\20251124\CPFE_PARAMATER_TEST_PBC\1_CPFE_3DMODEL_BUILD\4_BASE_ROOT\job\202020\RVE3\06_01_20.csv
06_01_20,L=2.4um,242424,RVE1,1,0.0,0.0,F:\1_job\20251124\CPFE_PARAMATER_TEST_PBC\1_CPFE_3DMODEL_BUILD\4_BASE_ROOT\job\242424\RVE1\06_01_20.csv
06_01_20,L=2.4um,242424,RVE1,2,0.0059820717293904,438.782946644678,F:\1_job\20251124\CPFE_PARAMATER_TEST_PBC\1_CPFE_3DMODEL_BUILD\4_BASE_ROOT\job\242424\RVE1\06_01_20.csv
06_01_20,L=2.4um,242424,RVE1,3,0.011928570968345,825.7760423169208,F:\1_job\20251124\CPFE_PARAMATER_TEST_PBC\1_CPFE_3DMODEL_BUILD\4_BASE_ROOT\job\242424\RVE1\06_01_20.csv
06_01_20,L=2.4um,242424,RVE1,4,0.0178399173671714,982.9687676188648,F:\1_job\20251124\CPFE_PARAMATER_TEST_PBC\1_CPFE_3DMODEL_BUILD\4_BASE_ROOT\job\242424\RVE1\06_01_20.csv
06_01_20,L=2.4um,242424,RVE1,5,0.0237165268210428,1040.0235823878068,F:\1_job\20251124\CPFE_PARAMATER_TEST_PBC\1_CPFE_3DMODEL_BUILD\4_BASE_ROOT\job\242424\RVE1\06_01_20.csv
06_01_20,L=2.4um,242424,RVE1,6,0.0295588015905227,1076.986016172819,F:\1_job\20251124\CPFE_PARAMATER_TEST_PBC\1_CPFE_3DMODEL_BUILD\4_BASE_ROOT\job\242424\RVE1\06_01_20.csv
06_01_20,L=2.4um,242424,RVE1,7,0.0353671423414218,1104.68877810782,F:\1_job\20251124\CPFE_PARAMATER_TEST_PBC\1_CPFE_3DMODEL_BUILD\4_BASE_ROOT\job\242424\RVE1\06_01_20.csv
06_01_20,L=2.4um,242424,RVE1,8,0.0411419427877547,1126.2932887138045,F:\1_job\20251124\CPFE_PARAMATER_TEST_PBC\1_CPFE_3DMODEL_BUILD\4_BASE_ROOT\job\242424\RVE1\06_01_20.csv
06_01_20,L=2.4um,242424,RVE1,9,0.046883586296973,1143.4937375700513,F:\1_job\20251124\CPFE_PARAMATER_TEST_PBC\1_CPFE_3DMODEL_BUILD\4_BASE_ROOT\job\242424\RVE1\06_01_20.csv
06_01_20,L=2.4um,242424,RVE1,10,0.0525924514481166,1157.3608709104026,F:\1_job\20251124\CPFE_PARAMATER_TEST_PBC\1_CPFE_3DMODEL_BUILD\4_BASE_ROOT\job\242424\RVE1\06_01_20.csv
06_01_20,L=2.4um,242424,RVE1,11,0.0582689068587828,1168.6067142536378,F:\1_job\20251124\CPFE_PARAMATER_TEST_PBC\1_CPFE_3DMODEL_BUILD\4_BASE_ROOT\job\242424\RVE1\06_01_20.csv
06_01_20,L=2.4um,242424,RVE1,12,0.063913325408167,1177.7987822360683,F:\1_job\20251124\CPFE_PARAMATER_TEST_PBC\1_CPFE_3DMODEL_BUILD\4_BASE_ROOT\job\242424\RVE1\06_01_20.csv
06_01_20,L=2.4um,242424,RVE1,13,0.0695260597573401,1185.356021420906,F:\1_job\20251124\CPFE_PARAMATER_TEST_PBC\1_CPFE_3DMODEL_BUILD\4_BASE_ROOT\job\242424\RVE1\06_01_20.csv
06_01_20,L=2.4um,242424,RVE1,14,0.0751074739796861,1191.5398866993005,F:\1_job\20251124\CPFE_PARAMATER_TEST_PBC\1_CPFE_3DMODEL_BUILD\4_BASE_ROOT\job\242424\RVE1\06_01_20.csv
06_01_20,L=2.4um,242424,RVE1,15,0.0806579019727236,1196.62284132662,F:\1_job\20251124\CPFE_PARAMATER_TEST_PBC\1_CPFE_3DMODEL_BUILD\4_BASE_ROOT\job\242424\RVE1\06_01_20.csv
06_01_20,L=2.4um,242424,RVE1,16,0.0861776995220419,1200.797069392096,F:\1_job\20251124\CPFE_PARAMATER_TEST_PBC\1_CPFE_3DMODEL_BUILD\4_BASE_ROOT\job\242424\RVE1\06_01_20.csv
06_01_20,L=2.4um,242424,RVE1,17,0.0916671892871969,1204.2138285445328,F:\1_job\20251124\CPFE_PARAMATER_TEST_PBC\1_CPFE_3DMODEL_BUILD\4_BASE_ROOT\job\242424\RVE1\06_01_20.csv
06_01_20,L=2.4um,242424,RVE1,18,0.0971267089999163,1206.9469962246296,F:\1_job\20251124\CPFE_PARAMATER_TEST_PBC\1_CPFE_3DMODEL_BUILD\4_BASE_ROOT\job\242424\RVE1\06_01_20.csv
06_01_20,L=2.4um,242424,RVE1,19,0.1025565908534479,1209.111690611318,F:\1_job\20251124\CPFE_PARAMATER_TEST_PBC\1_CPFE_3DMODEL_BUILD\4_BASE_ROOT\job\242424\RVE1\06_01_20.csv
06_01_20,L=2.4um,242424,RVE1,20,0.1079571415585973,1210.7544299173023,F:\1_job\20251124\CPFE_PARAMATER_TEST_PBC\1_CPFE_3DMODEL_BUILD\4_BASE_ROOT\job\242424\RVE1\06_01_20.csv
06_01_20,L=2.4um,242424,RVE1,21,0.1133286829121737,1211.9509519586952,F:\1_job\20251124\CPFE_PARAMATER_TEST_PBC\1_CPFE_3DMODEL_BUILD\4_BASE_ROOT\job\242424\RVE1\06_01_20.csv
06_01_20,L=2.4um,242424,RVE1,22,0.1186715315172836,1212.7491912063065,F:\1_job\20251124\CPFE_PARAMATER_TEST_PBC\1_CPFE_3DMODEL_BUILD\4_BASE_ROOT\job\242424\RVE1\06_01_20.csv
06_01_20,L=2.4um,242424,RVE1,23,0.1239859791491398,1213.1823807574292,F:\1_job\20251124\CPFE_PARAMATER_TEST_PBC\1_CPFE_3DMODEL_BUILD\4_BASE_ROOT\job\242424\RVE1\06_01_20.csv
06_01_20,L=2.4um,242424,RVE1,24,0.1292723326662926,1213.3043746824037,F:\1_job\20251124\CPFE_PARAMATER_TEST_PBC\1_CPFE_3DMODEL_BUILD\4_BASE_ROOT\job\242424\RVE1\06_01_20.csv
06_01_20,L=2.4um,242424,RVE1,25,0.134530887539002,1213.095987598986,F:\1_job\20251124\CPFE_PARAMATER_TEST_PBC\1_CPFE_3DMODEL_BUILD\4_BASE_ROOT\job\242424\RVE1\06_01_20.csv
06_01_20,L=2.4um,242424,RVE1,26,0.1397619475581712,1212.6108444333065,F:\1_job\20251124\CPFE_PARAMATER_TEST_PBC\1_CPFE_3DMODEL_BUILD\4_BASE_ROOT\job\242424\RVE1\06_01_20.csv
06_01_20,L=2.4um,242424,RVE1,27,0.1449657730344857,1211.8735947619332,F:\1_job\20251124\CPFE_PARAMATER_TEST_PBC\1_CPFE_3DMODEL_BUILD\4_BASE_ROOT\job\242424\RVE1\06_01_20.csv
06_01_20,L=2.4um,242424,RVE1,28,0.1501426588400785,1210.8967918843898,F:\1_job\20251124\CPFE_PARAMATER_TEST_PBC\1_CPFE_3DMODEL_BUILD\4_BASE_ROOT\job\242424\RVE1\06_01_20.csv
06_01_20,L=2.4um,242424,RVE2,1,0.0,0.0,F:\1_job\20251124\CPFE_PARAMATER_TEST_PBC\1_CPFE_3DMODEL_BUILD\4_BASE_ROOT\job\242424\RVE2\06_01_20.csv
06_01_20,L=2.4um,242424,RVE2,2,0.0059820717293904,449.0114621289232,F:\1_job\20251124\CPFE_PARAMATER_TEST_PBC\1_CPFE_3DMODEL_BUILD\4_BASE_ROOT\job\242424\RVE2\06_01_20.csv
06_01_20,L=2.4um,242424,RVE2,3,0.011928570968345,829.4078186324898,F:\1_job\20251124\CPFE_PARAMATER_TEST_PBC\1_CPFE_3DMODEL_BUILD\4_BASE_ROOT\job\242424\RVE2\06_01_20.csv
06_01_20,L=2.4um,242424,RVE2,4,0.0178399173671714,984.3545524734054,F:\1_job\20251124\CPFE_PARAMATER_TEST_PBC\1_CPFE_3DMODEL_BUILD\4_BASE_ROOT\job\242424\RVE2\06_01_20.csv
06_01_20,L=2.4um,242424,RVE2,5,0.0237165268210428,1046.2794417640812,F:\1_job\20251124\CPFE_PARAMATER_TEST_PBC\1_CPFE_3DMODEL_BUILD\4_BASE_ROOT\job\242424\RVE2\06_01_20.csv
06_01_20,L=2.4um,242424,RVE2,6,0.0295588015905227,1087.728862054316,F:\1_job\20251124\CPFE_PARAMATER_TEST_PBC\1_CPFE_3DMODEL_BUILD\4_BASE_ROOT\job\242424\RVE2\06_01_20.csv
06_01_20,L=2.4um,242424,RVE2,7,0.0353671423414218,1119.0025784743204,F:\1_job\20251124\CPFE_PARAMATER_TEST_PBC\1_CPFE_3DMODEL_BUILD\4_BASE_ROOT\job\242424\RVE2\06_01_20.csv
06_01_20,L=2.4um,242424,RVE2,8,0.0411419427877547,1143.1202797505769,F:\1_job\20251124\CPFE_PARAMATER_TEST_PBC\1_CPFE_3DMODEL_BUILD\4_BASE_ROOT\job\242424\RVE2\06_01_20.csv
06_01_20,L=2.4um,242424,RVE2,9,0.046883586296973,1161.8970301980014,F:\1_job\20251124\CPFE_PARAMATER_TEST_PBC\1_CPFE_3DMODEL_BUILD\4_BASE_ROOT\job\242424\RVE2\06_01_20.csv
06_01_20,L=2.4um,242424,RVE2,10,0.0525924514481166,1176.7656187931784,F:\1_job\20251124\CPFE_PARAMATER_TEST_PBC\1_CPFE_3DMODEL_BUILD\4_BASE_ROOT\job\242424\RVE2\06_01_20.csv
06_01_20,L=2.4um,242424,RVE2,11,0.0582689068587828,1188.7078701097344,F:\1_job\20251124\CPFE_PARAMATER_TEST_PBC\1_CPFE_3DMODEL_BUILD\4_BASE_ROOT\job\242424\RVE2\06_01_20.csv
06_01_20,L=2.4um,242424,RVE2,12,0.063913325408167,1198.409671663968,F:\1_job\20251124\CPFE_PARAMATER_TEST_PBC\1_CPFE_3DMODEL_BUILD\4_BASE_ROOT\job\242424\RVE2\06_01_20.csv
06_01_20,L=2.4um,242424,RVE2,13,0.0695260597573401,1206.396436806036,F:\1_job\20251124\CPFE_PARAMATER_TEST_PBC\1_CPFE_3DMODEL_BUILD\4_BASE_ROOT\job\242424\RVE2\06_01_20.csv
06_01_20,L=2.4um,242424,RVE2,14,0.0751074739796861,1212.9899588432295,F:\1_job\20251124\CPFE_PARAMATER_TEST_PBC\1_CPFE_3DMODEL_BUILD\4_BASE_ROOT\job\242424\RVE2\06_01_20.csv
06_01_20,L=2.4um,242424,RVE2,15,0.0806579019727236,1218.4513599240586,F:\1_job\20251124\CPFE_PARAMATER_TEST_PBC\1_CPFE_3DMODEL_BUILD\4_BASE_ROOT\job\242424\RVE2\06_01_20.csv
06_01_20,L=2.4um,242424,RVE2,16,0.0861776995220419,1222.9858812969012,F:\1_job\20251124\CPFE_PARAMATER_TEST_PBC\1_CPFE_3DMODEL_BUILD\4_BASE_ROOT\job\242424\RVE2\06_01_20.csv
06_01_20,L=2.4um,242424,RVE2,17,0.0916671892871969,1226.7627052887697,F:\1_job\20251124\CPFE_PARAMATER_TEST_PBC\1_CPFE_3DMODEL_BUILD\4_BASE_ROOT\job\242424\RVE2\06_01_20.csv
06_01_20,L=2.4um,242424,RVE2,18,0.0971267089999163,1229.87232193184,F:\1_job\20251124\CPFE_PARAMATER_TEST_PBC\1_CPFE_3DMODEL_BUILD\4_BASE_ROOT\job\242424\RVE2\06_01_20.csv
06_01_20,L=2.4um,242424,RVE2,19,0.1025565908534479,1232.4011140123064,F:\1_job\20251124\CPFE_PARAMATER_TEST_PBC\1_CPFE_3DMODEL_BUILD\4_BASE_ROOT\job\242424\RVE2\06_01_20.csv
06_01_20,L=2.4um,242424,RVE2,20,0.1079571415585973,1234.4387940961324,F:\1_job\20251124\CPFE_PARAMATER_TEST_PBC\1_CPFE_3DMODEL_BUILD\4_BASE_ROOT\job\242424\RVE2\06_01_20.csv
06_01_20,L=2.4um,242424,RVE2,21,0.1133286829121737,1236.0502425368322,F:\1_job\20251124\CPFE_PARAMATER_TEST_PBC\1_CPFE_3DMODEL_BUILD\4_BASE_ROOT\job\242424\RVE2\06_01_20.csv
06_01_20,L=2.4um,242424,RVE2,22,0.1186715315172836,1237.3014068266668,F:\1_job\20251124\CPFE_PARAMATER_TEST_PBC\1_CPFE_3DMODEL_BUILD\4_BASE_ROOT\job\242424\RVE2\06_01_20.csv
06_01_20,L=2.4um,242424,RVE2,23,0.1239859791491398,1238.196410067886,F:\1_job\20251124\CPFE_PARAMATER_TEST_PBC\1_CPFE_3DMODEL_BUILD\4_BASE_ROOT\job\242424\RVE2\06_01_20.csv
06_01_20,L=2.4um,242424,RVE2,24,0.1292723326662926,1238.7977144261035,F:\1_job\20251124\CPFE_PARAMATER_TEST_PBC\1_CPFE_3DMODEL_BUILD\4_BASE_ROOT\job\242424\RVE2\06_01_20.csv
06_01_20,L=2.4um,242424,RVE2,25,0.134530887539002,1239.1565840651233,F:\1_job\20251124\CPFE_PARAMATER_TEST_PBC\1_CPFE_3DMODEL_BUILD\4_BASE_ROOT\job\242424\RVE2\06_01_20.csv
06_01_20,L=2.4um,242424,RVE2,26,0.1397619475581712,1239.263060599729,F:\1_job\20251124\CPFE_PARAMATER_TEST_PBC\1_CPFE_3DMODEL_BUILD\4_BASE_ROOT\job\242424\RVE2\06_01_20.csv
06_01_20,L=2.4um,242424,RVE2,27,0.1449657730344857,1239.1745233070044,F:\1_job\20251124\CPFE_PARAMATER_TEST_PBC\1_CPFE_3DMODEL_BUILD\4_BASE_ROOT\job\242424\RVE2\06_01_20.csv
06_01_20,L=2.4um,242424,RVE2,28,0.1501426588400785,1238.90951235713,F:\1_job\20251124\CPFE_PARAMATER_TEST_PBC\1_CPFE_3DMODEL_BUILD\4_BASE_ROOT\job\242424\RVE2\06_01_20.csv
06_01_20,L=2.4um,242424,RVE3,1,0.0,0.0,F:\1_job\20251124\CPFE_PARAMATER_TEST_PBC\1_CPFE_3DMODEL_BUILD\4_BASE_ROOT\job\242424\RVE3\06_01_20.csv
06_01_20,L=2.4um,242424,RVE3,2,0.0059820717293904,442.77154818817,F:\1_job\20251124\CPFE_PARAMATER_TEST_PBC\1_CPFE_3DMODEL_BUILD\4_BASE_ROOT\job\242424\RVE3\06_01_20.csv
06_01_20,L=2.4um,242424,RVE3,3,0.011928570968345,825.6129015607914,F:\1_job\20251124\CPFE_PARAMATER_TEST_PBC\1_CPFE_3DMODEL_BUILD\4_BASE_ROOT\job\242424\RVE3\06_01_20.csv
06_01_20,L=2.4um,242424,RVE3,4,0.0178399173671714,995.2258800419444,F:\1_job\20251124\CPFE_PARAMATER_TEST_PBC\1_CPFE_3DMODEL_BUILD\4_BASE_ROOT\job\242424\RVE3\06_01_20.csv
06_01_20,L=2.4um,242424,RVE3,5,0.0237165268210428,1062.6532120220463,F:\1_job\20251124\CPFE_PARAMATER_TEST_PBC\1_CPFE_3DMODEL_BUILD\4_BASE_ROOT\job\242424\RVE3\06_01_20.csv
06_01_20,L=2.4um,242424,RVE3,6,0.0295588015905227,1106.3929232705998,F:\1_job\20251124\CPFE_PARAMATER_TEST_PBC\1_CPFE_3DMODEL_BUILD\4_BASE_ROOT\job\242424\RVE3\06_01_20.csv
06_01_20,L=2.4um,242424,RVE3,7,0.0353671423414218,1138.11457795745,F:\1_job\20251124\CPFE_PARAMATER_TEST_PBC\1_CPFE_3DMODEL_BUILD\4_BASE_ROOT\job\242424\RVE3\06_01_20.csv
06_01_20,L=2.4um,242424,RVE3,8,0.0411419427877547,1161.247877549564,F:\1_job\20251124\CPFE_PARAMATER_TEST_PBC\1_CPFE_3DMODEL_BUILD\4_BASE_ROOT\job\242424\RVE3\06_01_20.csv
06_01_20,L=2.4um,242424,RVE3,9,0.046883586296973,1178.242564917689,F:\1_job\20251124\CPFE_PARAMATER_TEST_PBC\1_CPFE_3DMODEL_BUILD\4_BASE_ROOT\job\242424\RVE3\06_01_20.csv
06_01_20,L=2.4um,242424,RVE3,10,0.0525924514481166,1191.0547820484328,F:\1_job\20251124\CPFE_PARAMATER_TEST_PBC\1_CPFE_3DMODEL_BUILD\4_BASE_ROOT\job\242424\RVE3\06_01_20.csv
06_01_20,L=2.4um,242424,RVE3,11,0.0582689068587828,1200.8637674467852,F:\1_job\20251124\CPFE_PARAMATER_TEST_PBC\1_CPFE_3DMODEL_BUILD\4_BASE_ROOT\job\242424\RVE3\06_01_20.csv
06_01_20,L=2.4um,242424,RVE3,12,0.063913325408167,1208.4600961657593,F:\1_job\20251124\CPFE_PARAMATER_TEST_PBC\1_CPFE_3DMODEL_BUILD\4_BASE_ROOT\job\242424\RVE3\06_01_20.csv
06_01_20,L=2.4um,242424,RVE3,13,0.0695260597573401,1214.3467496447392,F:\1_job\20251124\CPFE_PARAMATER_TEST_PBC\1_CPFE_3DMODEL_BUILD\4_BASE_ROOT\job\242424\RVE3\06_01_20.csv
06_01_20,L=2.4um,242424,RVE3,14,0.0751074739796861,1218.8561505747157,F:\1_job\20251124\CPFE_PARAMATER_TEST_PBC\1_CPFE_3DMODEL_BUILD\4_BASE_ROOT\job\242424\RVE3\06_01_20.csv
06_01_20,L=2.4um,242424,RVE3,15,0.0806579019727236,1222.2406722121284,F:\1_job\20251124\CPFE_PARAMATER_TEST_PBC\1_CPFE_3DMODEL_BUILD\4_BASE_ROOT\job\242424\RVE3\06_01_20.csv
06_01_20,L=2.4um,242424,RVE3,16,0.0861776995220419,1224.6515533220422,F:\1_job\20251124\CPFE_PARAMATER_TEST_PBC\1_CPFE_3DMODEL_BUILD\4_BASE_ROOT\job\242424\RVE3\06_01_20.csv
06_01_20,L=2.4um,242424,RVE3,17,0.0916671892871969,1226.2495375185583,F:\1_job\20251124\CPFE_PARAMATER_TEST_PBC\1_CPFE_3DMODEL_BUILD\4_BASE_ROOT\job\242424\RVE3\06_01_20.csv
06_01_20,L=2.4um,242424,RVE3,18,0.0971267089999163,1227.17153845421,F:\1_job\20251124\CPFE_PARAMATER_TEST_PBC\1_CPFE_3DMODEL_BUILD\4_BASE_ROOT\job\242424\RVE3\06_01_20.csv
06_01_20,L=2.4um,242424,RVE3,19,0.1025565908534479,1227.4988643457775,F:\1_job\20251124\CPFE_PARAMATER_TEST_PBC\1_CPFE_3DMODEL_BUILD\4_BASE_ROOT\job\242424\RVE3\06_01_20.csv
06_01_20,L=2.4um,242424,RVE3,20,0.1079571415585973,1227.2833792318804,F:\1_job\20251124\CPFE_PARAMATER_TEST_PBC\1_CPFE_3DMODEL_BUILD\4_BASE_ROOT\job\242424\RVE3\06_01_20.csv
06_01_20,L=2.4um,242424,RVE3,21,0.1133286829121737,1226.6259058081,F:\1_job\20251124\CPFE_PARAMATER_TEST_PBC\1_CPFE_3DMODEL_BUILD\4_BASE_ROOT\job\242424\RVE3\06_01_20.csv
06_01_20,L=2.4um,242424,RVE3,22,0.1186715315172836,1225.581864902679,F:\1_job\20251124\CPFE_PARAMATER_TEST_PBC\1_CPFE_3DMODEL_BUILD\4_BASE_ROOT\job\242424\RVE3\06_01_20.csv
06_01_20,L=2.4um,242424,RVE3,23,0.1239859791491398,1224.1802114593015,F:\1_job\20251124\CPFE_PARAMATER_TEST_PBC\1_CPFE_3DMODEL_BUILD\4_BASE_ROOT\job\242424\RVE3\06_01_20.csv
06_01_20,L=2.4um,242424,RVE3,24,0.1292723326662926,1222.4537789684389,F:\1_job\20251124\CPFE_PARAMATER_TEST_PBC\1_CPFE_3DMODEL_BUILD\4_BASE_ROOT\job\242424\RVE3\06_01_20.csv
06_01_20,L=2.4um,242424,RVE3,25,0.134530887539002,1220.4477342948992,F:\1_job\20251124\CPFE_PARAMATER_TEST_PBC\1_CPFE_3DMODEL_BUILD\4_BASE_ROOT\job\242424\RVE3\06_01_20.csv
06_01_20,L=2.4um,242424,RVE3,26,0.1397619475581712,1218.1842407917195,F:\1_job\20251124\CPFE_PARAMATER_TEST_PBC\1_CPFE_3DMODEL_BUILD\4_BASE_ROOT\job\242424\RVE3\06_01_20.csv
06_01_20,L=2.4um,242424,RVE3,27,0.1449657730344857,1215.6781002973378,F:\1_job\20251124\CPFE_PARAMATER_TEST_PBC\1_CPFE_3DMODEL_BUILD\4_BASE_ROOT\job\242424\RVE3\06_01_20.csv
06_01_20,L=2.4um,242424,RVE3,28,0.1501426588400785,1212.969479387501,F:\1_job\20251124\CPFE_PARAMATER_TEST_PBC\1_CPFE_3DMODEL_BUILD\4_BASE_ROOT\job\242424\RVE3\06_01_20.csv
07_01_500,L=1.6um,161616,RVE1,1,0.0,0.0,F:\1_job\20251124\CPFE_PARAMATER_TEST_PBC\1_CPFE_3DMODEL_BUILD\4_BASE_ROOT\job\161616\RVE1\07_01_500.csv
07_01_500,L=1.6um,161616,RVE1,2,0.0059820717293904,371.179029781988,F:\1_job\20251124\CPFE_PARAMATER_TEST_PBC\1_CPFE_3DMODEL_BUILD\4_BASE_ROOT\job\161616\RVE1\07_01_500.csv
07_01_500,L=1.6um,161616,RVE1,3,0.011928570968345,594.5774818079575,F:\1_job\20251124\CPFE_PARAMATER_TEST_PBC\1_CPFE_3DMODEL_BUILD\4_BASE_ROOT\job\161616\RVE1\07_01_500.csv
07_01_500,L=1.6um,161616,RVE1,4,0.0178399173671714,627.9522868383505,F:\1_job\20251124\CPFE_PARAMATER_TEST_PBC\1_CPFE_3DMODEL_BUILD\4_BASE_ROOT\job\161616\RVE1\07_01_500.csv
07_01_500,L=1.6um,161616,RVE1,5,0.0237165268210428,637.9884644854441,F:\1_job\20251124\CPFE_PARAMATER_TEST_PBC\1_CPFE_3DMODEL_BUILD\4_BASE_ROOT\job\161616\RVE1\07_01_500.csv
07_01_500,L=1.6um,161616,RVE1,6,0.0295588015905227,642.6988323319096,F:\1_job\20251124\CPFE_PARAMATER_TEST_PBC\1_CPFE_3DMODEL_BUILD\4_BASE_ROOT\job\161616\RVE1\07_01_500.csv
07_01_500,L=1.6um,161616,RVE1,7,0.0353671423414218,645.3267550351942,F:\1_job\20251124\CPFE_PARAMATER_TEST_PBC\1_CPFE_3DMODEL_BUILD\4_BASE_ROOT\job\161616\RVE1\07_01_500.csv
07_01_500,L=1.6um,161616,RVE1,8,0.0411419427877547,646.7757985653456,F:\1_job\20251124\CPFE_PARAMATER_TEST_PBC\1_CPFE_3DMODEL_BUILD\4_BASE_ROOT\job\161616\RVE1\07_01_500.csv
07_01_500,L=1.6um,161616,RVE1,9,0.046883586296973,647.4620807364375,F:\1_job\20251124\CPFE_PARAMATER_TEST_PBC\1_CPFE_3DMODEL_BUILD\4_BASE_ROOT\job\161616\RVE1\07_01_500.csv
07_01_500,L=1.6um,161616,RVE1,10,0.0525924514481166,647.6240580343864,F:\1_job\20251124\CPFE_PARAMATER_TEST_PBC\1_CPFE_3DMODEL_BUILD\4_BASE_ROOT\job\161616\RVE1\07_01_500.csv
07_01_500,L=1.6um,161616,RVE1,11,0.0582689068587828,647.4065188323189,F:\1_job\20251124\CPFE_PARAMATER_TEST_PBC\1_CPFE_3DMODEL_BUILD\4_BASE_ROOT\job\161616\RVE1\07_01_500.csv
07_01_500,L=1.6um,161616,RVE1,12,0.063913325408167,646.9035275196369,F:\1_job\20251124\CPFE_PARAMATER_TEST_PBC\1_CPFE_3DMODEL_BUILD\4_BASE_ROOT\job\161616\RVE1\07_01_500.csv
07_01_500,L=1.6um,161616,RVE1,13,0.0695260597573401,646.1783523950295,F:\1_job\20251124\CPFE_PARAMATER_TEST_PBC\1_CPFE_3DMODEL_BUILD\4_BASE_ROOT\job\161616\RVE1\07_01_500.csv
07_01_500,L=1.6um,161616,RVE1,14,0.0751074739796861,645.2774041987577,F:\1_job\20251124\CPFE_PARAMATER_TEST_PBC\1_CPFE_3DMODEL_BUILD\4_BASE_ROOT\job\161616\RVE1\07_01_500.csv
07_01_500,L=1.6um,161616,RVE1,15,0.0806579019727236,644.2328637068329,F:\1_job\20251124\CPFE_PARAMATER_TEST_PBC\1_CPFE_3DMODEL_BUILD\4_BASE_ROOT\job\161616\RVE1\07_01_500.csv
07_01_500,L=1.6um,161616,RVE1,16,0.0861776995220419,643.0701527236913,F:\1_job\20251124\CPFE_PARAMATER_TEST_PBC\1_CPFE_3DMODEL_BUILD\4_BASE_ROOT\job\161616\RVE1\07_01_500.csv
07_01_500,L=1.6um,161616,RVE1,17,0.0916671892871969,641.8072991489332,F:\1_job\20251124\CPFE_PARAMATER_TEST_PBC\1_CPFE_3DMODEL_BUILD\4_BASE_ROOT\job\161616\RVE1\07_01_500.csv
07_01_500,L=1.6um,161616,RVE1,18,0.0971267089999163,640.4626975895269,F:\1_job\20251124\CPFE_PARAMATER_TEST_PBC\1_CPFE_3DMODEL_BUILD\4_BASE_ROOT\job\161616\RVE1\07_01_500.csv
07_01_500,L=1.6um,161616,RVE1,19,0.1025565908534479,639.0469049875489,F:\1_job\20251124\CPFE_PARAMATER_TEST_PBC\1_CPFE_3DMODEL_BUILD\4_BASE_ROOT\job\161616\RVE1\07_01_500.csv
07_01_500,L=1.6um,161616,RVE1,20,0.1079571415585973,637.5720322473244,F:\1_job\20251124\CPFE_PARAMATER_TEST_PBC\1_CPFE_3DMODEL_BUILD\4_BASE_ROOT\job\161616\RVE1\07_01_500.csv
07_01_500,L=1.6um,161616,RVE1,21,0.1133286829121737,636.0439285304942,F:\1_job\20251124\CPFE_PARAMATER_TEST_PBC\1_CPFE_3DMODEL_BUILD\4_BASE_ROOT\job\161616\RVE1\07_01_500.csv
07_01_500,L=1.6um,161616,RVE1,22,0.1186715315172836,634.4709863160905,F:\1_job\20251124\CPFE_PARAMATER_TEST_PBC\1_CPFE_3DMODEL_BUILD\4_BASE_ROOT\job\161616\RVE1\07_01_500.csv
07_01_500,L=1.6um,161616,RVE1,23,0.1239859791491398,632.8551519686752,F:\1_job\20251124\CPFE_PARAMATER_TEST_PBC\1_CPFE_3DMODEL_BUILD\4_BASE_ROOT\job\161616\RVE1\07_01_500.csv
07_01_500,L=1.6um,161616,RVE1,24,0.1292723326662926,631.205206145621,F:\1_job\20251124\CPFE_PARAMATER_TEST_PBC\1_CPFE_3DMODEL_BUILD\4_BASE_ROOT\job\161616\RVE1\07_01_500.csv
07_01_500,L=1.6um,161616,RVE1,25,0.134530887539002,629.5347437125188,F:\1_job\20251124\CPFE_PARAMATER_TEST_PBC\1_CPFE_3DMODEL_BUILD\4_BASE_ROOT\job\161616\RVE1\07_01_500.csv
07_01_500,L=1.6um,161616,RVE1,26,0.1397619475581712,627.8374257442092,F:\1_job\20251124\CPFE_PARAMATER_TEST_PBC\1_CPFE_3DMODEL_BUILD\4_BASE_ROOT\job\161616\RVE1\07_01_500.csv
07_01_500,L=1.6um,161616,RVE1,27,0.1449657730344857,626.1219044475502,F:\1_job\20251124\CPFE_PARAMATER_TEST_PBC\1_CPFE_3DMODEL_BUILD\4_BASE_ROOT\job\161616\RVE1\07_01_500.csv
07_01_500,L=1.6um,161616,RVE1,28,0.1501426588400785,624.3892710386945,F:\1_job\20251124\CPFE_PARAMATER_TEST_PBC\1_CPFE_3DMODEL_BUILD\4_BASE_ROOT\job\161616\RVE1\07_01_500.csv
07_01_500,L=1.6um,161616,RVE2,1,0.0,0.0,F:\1_job\20251124\CPFE_PARAMATER_TEST_PBC\1_CPFE_3DMODEL_BUILD\4_BASE_ROOT\job\161616\RVE2\07_01_500.csv
07_01_500,L=1.6um,161616,RVE2,2,0.0059820717293904,433.2090114579676,F:\1_job\20251124\CPFE_PARAMATER_TEST_PBC\1_CPFE_3DMODEL_BUILD\4_BASE_ROOT\job\161616\RVE2\07_01_500.csv
07_01_500,L=1.6um,161616,RVE2,3,0.011928570968345,664.1376069276606,F:\1_job\20251124\CPFE_PARAMATER_TEST_PBC\1_CPFE_3DMODEL_BUILD\4_BASE_ROOT\job\161616\RVE2\07_01_500.csv
07_01_500,L=1.6um,161616,RVE2,4,0.0178399173671714,705.3653449411623,F:\1_job\20251124\CPFE_PARAMATER_TEST_PBC\1_CPFE_3DMODEL_BUILD\4_BASE_ROOT\job\161616\RVE2\07_01_500.csv
07_01_500,L=1.6um,161616,RVE2,5,0.0237165268210428,719.3080445801361,F:\1_job\20251124\CPFE_PARAMATER_TEST_PBC\1_CPFE_3DMODEL_BUILD\4_BASE_ROOT\job\161616\RVE2\07_01_500.csv
07_01_500,L=1.6um,161616,RVE2,6,0.0295588015905227,725.5574191853536,F:\1_job\20251124\CPFE_PARAMATER_TEST_PBC\1_CPFE_3DMODEL_BUILD\4_BASE_ROOT\job\161616\RVE2\07_01_500.csv
07_01_500,L=1.6um,161616,RVE2,7,0.0353671423414218,728.7992328232331,F:\1_job\20251124\CPFE_PARAMATER_TEST_PBC\1_CPFE_3DMODEL_BUILD\4_BASE_ROOT\job\161616\RVE2\07_01_500.csv
07_01_500,L=1.6um,161616,RVE2,8,0.0411419427877547,730.4874368512682,F:\1_job\20251124\CPFE_PARAMATER_TEST_PBC\1_CPFE_3DMODEL_BUILD\4_BASE_ROOT\job\161616\RVE2\07_01_500.csv
07_01_500,L=1.6um,161616,RVE2,9,0.046883586296973,731.2147362759154,F:\1_job\20251124\CPFE_PARAMATER_TEST_PBC\1_CPFE_3DMODEL_BUILD\4_BASE_ROOT\job\161616\RVE2\07_01_500.csv
07_01_500,L=1.6um,161616,RVE2,10,0.0525924514481166,731.2859037104107,F:\1_job\20251124\CPFE_PARAMATER_TEST_PBC\1_CPFE_3DMODEL_BUILD\4_BASE_ROOT\job\161616\RVE2\07_01_500.csv
07_01_500,L=1.6um,161616,RVE2,11,0.0582689068587828,730.8828606895195,F:\1_job\20251124\CPFE_PARAMATER_TEST_PBC\1_CPFE_3DMODEL_BUILD\4_BASE_ROOT\job\161616\RVE2\07_01_500.csv
07_01_500,L=1.6um,161616,RVE2,12,0.063913325408167,730.1182526284764,F:\1_job\20251124\CPFE_PARAMATER_TEST_PBC\1_CPFE_3DMODEL_BUILD\4_BASE_ROOT\job\161616\RVE2\07_01_500.csv
07_01_500,L=1.6um,161616,RVE2,13,0.0695260597573401,729.0718238731965,F:\1_job\20251124\CPFE_PARAMATER_TEST_PBC\1_CPFE_3DMODEL_BUILD\4_BASE_ROOT\job\161616\RVE2\07_01_500.csv
07_01_500,L=1.6um,161616,RVE2,14,0.0751074739796861,727.8090421097864,F:\1_job\20251124\CPFE_PARAMATER_TEST_PBC\1_CPFE_3DMODEL_BUILD\4_BASE_ROOT\job\161616\RVE2\07_01_500.csv
07_01_500,L=1.6um,161616,RVE2,15,0.0806579019727236,726.3751899759967,F:\1_job\20251124\CPFE_PARAMATER_TEST_PBC\1_CPFE_3DMODEL_BUILD\4_BASE_ROOT\job\161616\RVE2\07_01_500.csv
07_01_500,L=1.6um,161616,RVE2,16,0.0861776995220419,724.800324433879,F:\1_job\20251124\CPFE_PARAMATER_TEST_PBC\1_CPFE_3DMODEL_BUILD\4_BASE_ROOT\job\161616\RVE2\07_01_500.csv
07_01_500,L=1.6um,161616,RVE2,17,0.0916671892871969,723.1101547024732,F:\1_job\20251124\CPFE_PARAMATER_TEST_PBC\1_CPFE_3DMODEL_BUILD\4_BASE_ROOT\job\161616\RVE2\07_01_500.csv
07_01_500,L=1.6um,161616,RVE2,18,0.0971267089999163,721.3320481213259,F:\1_job\20251124\CPFE_PARAMATER_TEST_PBC\1_CPFE_3DMODEL_BUILD\4_BASE_ROOT\job\161616\RVE2\07_01_500.csv
07_01_500,L=1.6um,161616,RVE2,19,0.1025565908534479,719.4894301009094,F:\1_job\20251124\CPFE_PARAMATER_TEST_PBC\1_CPFE_3DMODEL_BUILD\4_BASE_ROOT\job\161616\RVE2\07_01_500.csv
07_01_500,L=1.6um,161616,RVE2,20,0.1079571415585973,717.579867282161,F:\1_job\20251124\CPFE_PARAMATER_TEST_PBC\1_CPFE_3DMODEL_BUILD\4_BASE_ROOT\job\161616\RVE2\07_01_500.csv
07_01_500,L=1.6um,161616,RVE2,21,0.1133286829121737,715.6283933667585,F:\1_job\20251124\CPFE_PARAMATER_TEST_PBC\1_CPFE_3DMODEL_BUILD\4_BASE_ROOT\job\161616\RVE2\07_01_500.csv
07_01_500,L=1.6um,161616,RVE2,22,0.1186715315172836,713.6508481233692,F:\1_job\20251124\CPFE_PARAMATER_TEST_PBC\1_CPFE_3DMODEL_BUILD\4_BASE_ROOT\job\161616\RVE2\07_01_500.csv
07_01_500,L=1.6um,161616,RVE2,23,0.1239859791491398,711.6195979390341,F:\1_job\20251124\CPFE_PARAMATER_TEST_PBC\1_CPFE_3DMODEL_BUILD\4_BASE_ROOT\job\161616\RVE2\07_01_500.csv
07_01_500,L=1.6um,161616,RVE2,24,0.1292723326662926,709.5719493529513,F:\1_job\20251124\CPFE_PARAMATER_TEST_PBC\1_CPFE_3DMODEL_BUILD\4_BASE_ROOT\job\161616\RVE2\07_01_500.csv
07_01_500,L=1.6um,161616,RVE2,25,0.134530887539002,707.4787549784035,F:\1_job\20251124\CPFE_PARAMATER_TEST_PBC\1_CPFE_3DMODEL_BUILD\4_BASE_ROOT\job\161616\RVE2\07_01_500.csv
07_01_500,L=1.6um,161616,RVE2,26,0.1397619475581712,705.0545073335819,F:\1_job\20251124\CPFE_PARAMATER_TEST_PBC\1_CPFE_3DMODEL_BUILD\4_BASE_ROOT\job\161616\RVE2\07_01_500.csv
07_01_500,L=1.6um,161616,RVE2,27,0.1449657730344857,695.4712274365073,F:\1_job\20251124\CPFE_PARAMATER_TEST_PBC\1_CPFE_3DMODEL_BUILD\4_BASE_ROOT\job\161616\RVE2\07_01_500.csv
07_01_500,L=1.6um,161616,RVE2,28,0.1501426588400785,691.2918220018937,F:\1_job\20251124\CPFE_PARAMATER_TEST_PBC\1_CPFE_3DMODEL_BUILD\4_BASE_ROOT\job\161616\RVE2\07_01_500.csv
07_01_500,L=1.6um,161616,RVE3,1,0.0,0.0,F:\1_job\20251124\CPFE_PARAMATER_TEST_PBC\1_CPFE_3DMODEL_BUILD\4_BASE_ROOT\job\161616\RVE3\07_01_500.csv
07_01_500,L=1.6um,161616,RVE3,2,0.0059820717293904,419.0763235309425,F:\1_job\20251124\CPFE_PARAMATER_TEST_PBC\1_CPFE_3DMODEL_BUILD\4_BASE_ROOT\job\161616\RVE3\07_01_500.csv
07_01_500,L=1.6um,161616,RVE3,3,0.011928570968345,621.2278996154223,F:\1_job\20251124\CPFE_PARAMATER_TEST_PBC\1_CPFE_3DMODEL_BUILD\4_BASE_ROOT\job\161616\RVE3\07_01_500.csv
07_01_500,L=1.6um,161616,RVE3,4,0.0178399173671714,662.8390744647654,F:\1_job\20251124\CPFE_PARAMATER_TEST_PBC\1_CPFE_3DMODEL_BUILD\4_BASE_ROOT\job\161616\RVE3\07_01_500.csv
07_01_500,L=1.6um,161616,RVE3,5,0.0237165268210428,682.5525514085855,F:\1_job\20251124\CPFE_PARAMATER_TEST_PBC\1_CPFE_3DMODEL_BUILD\4_BASE_ROOT\job\161616\RVE3\07_01_500.csv
07_01_500,L=1.6um,161616,RVE3,6,0.0295588015905227,694.2478974114176,F:\1_job\20251124\CPFE_PARAMATER_TEST_PBC\1_CPFE_3DMODEL_BUILD\4_BASE_ROOT\job\161616\RVE3\07_01_500.csv
07_01_500,L=1.6um,161616,RVE3,7,0.0353671423414218,701.6772169107402,F:\1_job\20251124\CPFE_PARAMATER_TEST_PBC\1_CPFE_3DMODEL_BUILD\4_BASE_ROOT\job\161616\RVE3\07_01_500.csv
07_01_500,L=1.6um,161616,RVE3,8,0.0411419427877547,706.4132426714642,F:\1_job\20251124\CPFE_PARAMATER_TEST_PBC\1_CPFE_3DMODEL_BUILD\4_BASE_ROOT\job\161616\RVE3\07_01_500.csv
07_01_500,L=1.6um,161616,RVE3,9,0.046883586296973,709.3161471329807,F:\1_job\20251124\CPFE_PARAMATER_TEST_PBC\1_CPFE_3DMODEL_BUILD\4_BASE_ROOT\job\161616\RVE3\07_01_500.csv
07_01_500,L=1.6um,161616,RVE3,10,0.0525924514481166,710.904832950255,F:\1_job\20251124\CPFE_PARAMATER_TEST_PBC\1_CPFE_3DMODEL_BUILD\4_BASE_ROOT\job\161616\RVE3\07_01_500.csv
07_01_500,L=1.6um,161616,RVE3,11,0.0582689068587828,711.523657136971,F:\1_job\20251124\CPFE_PARAMATER_TEST_PBC\1_CPFE_3DMODEL_BUILD\4_BASE_ROOT\job\161616\RVE3\07_01_500.csv
07_01_500,L=1.6um,161616,RVE3,12,0.063913325408167,711.405895113697,F:\1_job\20251124\CPFE_PARAMATER_TEST_PBC\1_CPFE_3DMODEL_BUILD\4_BASE_ROOT\job\161616\RVE3\07_01_500.csv
07_01_500,L=1.6um,161616,RVE3,13,0.0695260597573401,710.7220552876399,F:\1_job\20251124\CPFE_PARAMATER_TEST_PBC\1_CPFE_3DMODEL_BUILD\4_BASE_ROOT\job\161616\RVE3\07_01_500.csv
07_01_500,L=1.6um,161616,RVE3,14,0.0751074739796861,709.5894895656496,F:\1_job\20251124\CPFE_PARAMATER_TEST_PBC\1_CPFE_3DMODEL_BUILD\4_BASE_ROOT\job\161616\RVE3\07_01_500.csv
07_01_500,L=1.6um,161616,RVE3,15,0.0806579019727236,708.1060483210413,F:\1_job\20251124\CPFE_PARAMATER_TEST_PBC\1_CPFE_3DMODEL_BUILD\4_BASE_ROOT\job\161616\RVE3\07_01_500.csv
07_01_500,L=1.6um,161616,RVE3,16,0.0861776995220419,706.3474863100954,F:\1_job\20251124\CPFE_PARAMATER_TEST_PBC\1_CPFE_3DMODEL_BUILD\4_BASE_ROOT\job\161616\RVE3\07_01_500.csv
07_01_500,L=1.6um,161616,RVE3,17,0.0916671892871969,704.3753090499339,F:\1_job\20251124\CPFE_PARAMATER_TEST_PBC\1_CPFE_3DMODEL_BUILD\4_BASE_ROOT\job\161616\RVE3\07_01_500.csv
07_01_500,L=1.6um,161616,RVE3,18,0.0971267089999163,702.2368942265729,F:\1_job\20251124\CPFE_PARAMATER_TEST_PBC\1_CPFE_3DMODEL_BUILD\4_BASE_ROOT\job\161616\RVE3\07_01_500.csv
07_01_500,L=1.6um,161616,RVE3,19,0.1025565908534479,699.9570621068071,F:\1_job\20251124\CPFE_PARAMATER_TEST_PBC\1_CPFE_3DMODEL_BUILD\4_BASE_ROOT\job\161616\RVE3\07_01_500.csv
07_01_500,L=1.6um,161616,RVE3,20,0.1079571415585973,697.5737419501655,F:\1_job\20251124\CPFE_PARAMATER_TEST_PBC\1_CPFE_3DMODEL_BUILD\4_BASE_ROOT\job\161616\RVE3\07_01_500.csv
07_01_500,L=1.6um,161616,RVE3,21,0.1133286829121737,695.1068956894635,F:\1_job\20251124\CPFE_PARAMATER_TEST_PBC\1_CPFE_3DMODEL_BUILD\4_BASE_ROOT\job\161616\RVE3\07_01_500.csv
07_01_500,L=1.6um,161616,RVE3,22,0.1186715315172836,692.5815566130141,F:\1_job\20251124\CPFE_PARAMATER_TEST_PBC\1_CPFE_3DMODEL_BUILD\4_BASE_ROOT\job\161616\RVE3\07_01_500.csv
07_01_500,L=1.6um,161616,RVE3,23,0.1239859791491398,690.0169411114057,F:\1_job\20251124\CPFE_PARAMATER_TEST_PBC\1_CPFE_3DMODEL_BUILD\4_BASE_ROOT\job\161616\RVE3\07_01_500.csv
07_01_500,L=1.6um,161616,RVE3,24,0.1292723326662926,687.4210174658585,F:\1_job\20251124\CPFE_PARAMATER_TEST_PBC\1_CPFE_3DMODEL_BUILD\4_BASE_ROOT\job\161616\RVE3\07_01_500.csv
07_01_500,L=1.6um,161616,RVE3,25,0.134530887539002,684.8064085093064,F:\1_job\20251124\CPFE_PARAMATER_TEST_PBC\1_CPFE_3DMODEL_BUILD\4_BASE_ROOT\job\161616\RVE3\07_01_500.csv
07_01_500,L=1.6um,161616,RVE3,26,0.1397619475581712,682.1755116772418,F:\1_job\20251124\CPFE_PARAMATER_TEST_PBC\1_CPFE_3DMODEL_BUILD\4_BASE_ROOT\job\161616\RVE3\07_01_500.csv
07_01_500,L=1.6um,161616,RVE3,27,0.1449657730344857,679.5316967810887,F:\1_job\20251124\CPFE_PARAMATER_TEST_PBC\1_CPFE_3DMODEL_BUILD\4_BASE_ROOT\job\161616\RVE3\07_01_500.csv
07_01_500,L=1.6um,161616,RVE3,28,0.1501426588400785,676.8708652651334,F:\1_job\20251124\CPFE_PARAMATER_TEST_PBC\1_CPFE_3DMODEL_BUILD\4_BASE_ROOT\job\161616\RVE3\07_01_500.csv
07_01_500,L=2.0um,202020,RVE1,1,0.0,0.0,F:\1_job\20251124\CPFE_PARAMATER_TEST_PBC\1_CPFE_3DMODEL_BUILD\4_BASE_ROOT\job\202020\RVE1\07_01_500.csv
07_01_500,L=2.0um,202020,RVE1,2,0.0059820717293904,434.706605674392,F:\1_job\20251124\CPFE_PARAMATER_TEST_PBC\1_CPFE_3DMODEL_BUILD\4_BASE_ROOT\job\202020\RVE1\07_01_500.csv
07_01_500,L=2.0um,202020,RVE1,3,0.011928570968345,638.1815054368719,F:\1_job\20251124\CPFE_PARAMATER_TEST_PBC\1_CPFE_3DMODEL_BUILD\4_BASE_ROOT\job\202020\RVE1\07_01_500.csv
07_01_500,L=2.0um,202020,RVE1,4,0.0178399173671714,676.4520522194871,F:\1_job\20251124\CPFE_PARAMATER_TEST_PBC\1_CPFE_3DMODEL_BUILD\4_BASE_ROOT\job\202020\RVE1\07_01_500.csv
07_01_500,L=2.0um,202020,RVE1,5,0.0237165268210428,693.3415626412523,F:\1_job\20251124\CPFE_PARAMATER_TEST_PBC\1_CPFE_3DMODEL_BUILD\4_BASE_ROOT\job\202020\RVE1\07_01_500.csv
07_01_500,L=2.0um,202020,RVE1,6,0.0295588015905227,703.2569544982192,F:\1_job\20251124\CPFE_PARAMATER_TEST_PBC\1_CPFE_3DMODEL_BUILD\4_BASE_ROOT\job\202020\RVE1\07_01_500.csv
07_01_500,L=2.0um,202020,RVE1,7,0.0353671423414218,709.7941149050375,F:\1_job\20251124\CPFE_PARAMATER_TEST_PBC\1_CPFE_3DMODEL_BUILD\4_BASE_ROOT\job\202020\RVE1\07_01_500.csv
07_01_500,L=2.0um,202020,RVE1,8,0.0411419427877547,714.2670865259151,F:\1_job\20251124\CPFE_PARAMATER_TEST_PBC\1_CPFE_3DMODEL_BUILD\4_BASE_ROOT\job\202020\RVE1\07_01_500.csv
07_01_500,L=2.0um,202020,RVE1,9,0.046883586296973,717.3402009691831,F:\1_job\20251124\CPFE_PARAMATER_TEST_PBC\1_CPFE_3DMODEL_BUILD\4_BASE_ROOT\job\202020\RVE1\07_01_500.csv
07_01_500,L=2.0um,202020,RVE1,10,0.0525924514481166,719.3997110390512,F:\1_job\20251124\CPFE_PARAMATER_TEST_PBC\1_CPFE_3DMODEL_BUILD\4_BASE_ROOT\job\202020\RVE1\07_01_500.csv
07_01_500,L=2.0um,202020,RVE1,11,0.0582689068587828,720.6880728186594,F:\1_job\20251124\CPFE_PARAMATER_TEST_PBC\1_CPFE_3DMODEL_BUILD\4_BASE_ROOT\job\202020\RVE1\07_01_500.csv
07_01_500,L=2.0um,202020,RVE1,12,0.063913325408167,721.3766568624804,F:\1_job\20251124\CPFE_PARAMATER_TEST_PBC\1_CPFE_3DMODEL_BUILD\4_BASE_ROOT\job\202020\RVE1\07_01_500.csv
07_01_500,L=2.0um,202020,RVE1,13,0.0695260597573401,721.5817537730871,F:\1_job\20251124\CPFE_PARAMATER_TEST_PBC\1_CPFE_3DMODEL_BUILD\4_BASE_ROOT\job\202020\RVE1\07_01_500.csv
07_01_500,L=2.0um,202020,RVE1,14,0.0751074739796861,721.4042596218925,F:\1_job\20251124\CPFE_PARAMATER_TEST_PBC\1_CPFE_3DMODEL_BUILD\4_BASE_ROOT\job\202020\RVE1\07_01_500.csv
07_01_500,L=2.0um,202020,RVE1,15,0.0806579019727236,720.9039970495837,F:\1_job\20251124\CPFE_PARAMATER_TEST_PBC\1_CPFE_3DMODEL_BUILD\4_BASE_ROOT\job\202020\RVE1\07_01_500.csv
07_01_500,L=2.0um,202020,RVE1,16,0.0861776995220419,720.1370030951839,F:\1_job\20251124\CPFE_PARAMATER_TEST_PBC\1_CPFE_3DMODEL_BUILD\4_BASE_ROOT\job\202020\RVE1\07_01_500.csv
07_01_500,L=2.0um,202020,RVE1,17,0.0916671892871969,719.1525352155122,F:\1_job\20251124\CPFE_PARAMATER_TEST_PBC\1_CPFE_3DMODEL_BUILD\4_BASE_ROOT\job\202020\RVE1\07_01_500.csv
07_01_500,L=2.0um,202020,RVE1,18,0.0971267089999163,717.9797012719646,F:\1_job\20251124\CPFE_PARAMATER_TEST_PBC\1_CPFE_3DMODEL_BUILD\4_BASE_ROOT\job\202020\RVE1\07_01_500.csv
07_01_500,L=2.0um,202020,RVE1,19,0.1025565908534479,716.6503306693689,F:\1_job\20251124\CPFE_PARAMATER_TEST_PBC\1_CPFE_3DMODEL_BUILD\4_BASE_ROOT\job\202020\RVE1\07_01_500.csv
07_01_500,L=2.0um,202020,RVE1,20,0.1079571415585973,715.1873880997896,F:\1_job\20251124\CPFE_PARAMATER_TEST_PBC\1_CPFE_3DMODEL_BUILD\4_BASE_ROOT\job\202020\RVE1\07_01_500.csv
07_01_500,L=2.0um,202020,RVE1,21,0.1133286829121737,713.604470947289,F:\1_job\20251124\CPFE_PARAMATER_TEST_PBC\1_CPFE_3DMODEL_BUILD\4_BASE_ROOT\job\202020\RVE1\07_01_500.csv
07_01_500,L=2.0um,202020,RVE1,22,0.1186715315172836,711.9208549189998,F:\1_job\20251124\CPFE_PARAMATER_TEST_PBC\1_CPFE_3DMODEL_BUILD\4_BASE_ROOT\job\202020\RVE1\07_01_500.csv
07_01_500,L=2.0um,202020,RVE1,23,0.1239859791491398,710.1444880766849,F:\1_job\20251124\CPFE_PARAMATER_TEST_PBC\1_CPFE_3DMODEL_BUILD\4_BASE_ROOT\job\202020\RVE1\07_01_500.csv
07_01_500,L=2.0um,202020,RVE1,24,0.1292723326662926,708.2978936002528,F:\1_job\20251124\CPFE_PARAMATER_TEST_PBC\1_CPFE_3DMODEL_BUILD\4_BASE_ROOT\job\202020\RVE1\07_01_500.csv
07_01_500,L=2.0um,202020,RVE1,25,0.134530887539002,706.3748897271216,F:\1_job\20251124\CPFE_PARAMATER_TEST_PBC\1_CPFE_3DMODEL_BUILD\4_BASE_ROOT\job\202020\RVE1\07_01_500.csv
07_01_500,L=2.0um,202020,RVE1,26,0.1397619475581712,704.3999212534527,F:\1_job\20251124\CPFE_PARAMATER_TEST_PBC\1_CPFE_3DMODEL_BUILD\4_BASE_ROOT\job\202020\RVE1\07_01_500.csv
07_01_500,L=2.0um,202020,RVE1,27,0.1449657730344857,702.357068850104,F:\1_job\20251124\CPFE_PARAMATER_TEST_PBC\1_CPFE_3DMODEL_BUILD\4_BASE_ROOT\job\202020\RVE1\07_01_500.csv
07_01_500,L=2.0um,202020,RVE1,28,0.1501426588400785,700.2584773381385,F:\1_job\20251124\CPFE_PARAMATER_TEST_PBC\1_CPFE_3DMODEL_BUILD\4_BASE_ROOT\job\202020\RVE1\07_01_500.csv
07_01_500,L=2.0um,202020,RVE2,1,0.0,0.0,F:\1_job\20251124\CPFE_PARAMATER_TEST_PBC\1_CPFE_3DMODEL_BUILD\4_BASE_ROOT\job\202020\RVE2\07_01_500.csv
07_01_500,L=2.0um,202020,RVE2,2,0.0059820717293904,423.4502614355272,F:\1_job\20251124\CPFE_PARAMATER_TEST_PBC\1_CPFE_3DMODEL_BUILD\4_BASE_ROOT\job\202020\RVE2\07_01_500.csv
07_01_500,L=2.0um,202020,RVE2,3,0.011928570968345,643.5294041190638,F:\1_job\20251124\CPFE_PARAMATER_TEST_PBC\1_CPFE_3DMODEL_BUILD\4_BASE_ROOT\job\202020\RVE2\07_01_500.csv
07_01_500,L=2.0um,202020,RVE2,4,0.0178399173671714,676.3886757546916,F:\1_job\20251124\CPFE_PARAMATER_TEST_PBC\1_CPFE_3DMODEL_BUILD\4_BASE_ROOT\job\202020\RVE2\07_01_500.csv
07_01_500,L=2.0um,202020,RVE2,5,0.0237165268210428,686.6158751398821,F:\1_job\20251124\CPFE_PARAMATER_TEST_PBC\1_CPFE_3DMODEL_BUILD\4_BASE_ROOT\job\202020\RVE2\07_01_500.csv
07_01_500,L=2.0um,202020,RVE2,6,0.0295588015905227,691.107744911402,F:\1_job\20251124\CPFE_PARAMATER_TEST_PBC\1_CPFE_3DMODEL_BUILD\4_BASE_ROOT\job\202020\RVE2\07_01_500.csv
07_01_500,L=2.0um,202020,RVE2,7,0.0353671423414218,693.4198263553126,F:\1_job\20251124\CPFE_PARAMATER_TEST_PBC\1_CPFE_3DMODEL_BUILD\4_BASE_ROOT\job\202020\RVE2\07_01_500.csv
07_01_500,L=2.0um,202020,RVE2,8,0.0411419427877547,694.5777130014585,F:\1_job\20251124\CPFE_PARAMATER_TEST_PBC\1_CPFE_3DMODEL_BUILD\4_BASE_ROOT\job\202020\RVE2\07_01_500.csv
07_01_500,L=2.0um,202020,RVE2,9,0.046883586296973,695.0079631673234,F:\1_job\20251124\CPFE_PARAMATER_TEST_PBC\1_CPFE_3DMODEL_BUILD\4_BASE_ROOT\job\202020\RVE2\07_01_500.csv
07_01_500,L=2.0um,202020,RVE2,10,0.0525924514481166,694.9324236530199,F:\1_job\20251124\CPFE_PARAMATER_TEST_PBC\1_CPFE_3DMODEL_BUILD\4_BASE_ROOT\job\202020\RVE2\07_01_500.csv
07_01_500,L=2.0um,202020,RVE2,11,0.0582689068587828,694.4804397951764,F:\1_job\20251124\CPFE_PARAMATER_TEST_PBC\1_CPFE_3DMODEL_BUILD\4_BASE_ROOT\job\202020\RVE2\07_01_500.csv
07_01_500,L=2.0um,202020,RVE2,12,0.063913325408167,693.7439381217508,F:\1_job\20251124\CPFE_PARAMATER_TEST_PBC\1_CPFE_3DMODEL_BUILD\4_BASE_ROOT\job\202020\RVE2\07_01_500.csv
07_01_500,L=2.0um,202020,RVE2,13,0.0695260597573401,692.7832694813515,F:\1_job\20251124\CPFE_PARAMATER_TEST_PBC\1_CPFE_3DMODEL_BUILD\4_BASE_ROOT\job\202020\RVE2\07_01_500.csv
07_01_500,L=2.0um,202020,RVE2,14,0.0751074739796861,691.6493146311827,F:\1_job\20251124\CPFE_PARAMATER_TEST_PBC\1_CPFE_3DMODEL_BUILD\4_BASE_ROOT\job\202020\RVE2\07_01_500.csv
07_01_500,L=2.0um,202020,RVE2,15,0.0806579019727236,690.3707790639046,F:\1_job\20251124\CPFE_PARAMATER_TEST_PBC\1_CPFE_3DMODEL_BUILD\4_BASE_ROOT\job\202020\RVE2\07_01_500.csv
07_01_500,L=2.0um,202020,RVE2,16,0.0861776995220419,688.9766679099394,F:\1_job\20251124\CPFE_PARAMATER_TEST_PBC\1_CPFE_3DMODEL_BUILD\4_BASE_ROOT\job\202020\RVE2\07_01_500.csv
07_01_500,L=2.0um,202020,RVE2,17,0.0916671892871969,687.4902163437491,F:\1_job\20251124\CPFE_PARAMATER_TEST_PBC\1_CPFE_3DMODEL_BUILD\4_BASE_ROOT\job\202020\RVE2\07_01_500.csv
07_01_500,L=2.0um,202020,RVE2,18,0.0971267089999163,685.9259220305685,F:\1_job\20251124\CPFE_PARAMATER_TEST_PBC\1_CPFE_3DMODEL_BUILD\4_BASE_ROOT\job\202020\RVE2\07_01_500.csv
07_01_500,L=2.0um,202020,RVE2,19,0.1025565908534479,684.302465353207,F:\1_job\20251124\CPFE_PARAMATER_TEST_PBC\1_CPFE_3DMODEL_BUILD\4_BASE_ROOT\job\202020\RVE2\07_01_500.csv
07_01_500,L=2.0um,202020,RVE2,20,0.1079571415585973,682.6313092406258,F:\1_job\20251124\CPFE_PARAMATER_TEST_PBC\1_CPFE_3DMODEL_BUILD\4_BASE_ROOT\job\202020\RVE2\07_01_500.csv
07_01_500,L=2.0um,202020,RVE2,21,0.1133286829121737,680.9177522755681,F:\1_job\20251124\CPFE_PARAMATER_TEST_PBC\1_CPFE_3DMODEL_BUILD\4_BASE_ROOT\job\202020\RVE2\07_01_500.csv
07_01_500,L=2.0um,202020,RVE2,22,0.1186715315172836,679.1654846207894,F:\1_job\20251124\CPFE_PARAMATER_TEST_PBC\1_CPFE_3DMODEL_BUILD\4_BASE_ROOT\job\202020\RVE2\07_01_500.csv
07_01_500,L=2.0um,202020,RVE2,23,0.1239859791491398,677.3848198844935,F:\1_job\20251124\CPFE_PARAMATER_TEST_PBC\1_CPFE_3DMODEL_BUILD\4_BASE_ROOT\job\202020\RVE2\07_01_500.csv
07_01_500,L=2.0um,202020,RVE2,24,0.1292723326662926,675.5752538070809,F:\1_job\20251124\CPFE_PARAMATER_TEST_PBC\1_CPFE_3DMODEL_BUILD\4_BASE_ROOT\job\202020\RVE2\07_01_500.csv
07_01_500,L=2.0um,202020,RVE2,25,0.134530887539002,673.7464514273597,F:\1_job\20251124\CPFE_PARAMATER_TEST_PBC\1_CPFE_3DMODEL_BUILD\4_BASE_ROOT\job\202020\RVE2\07_01_500.csv
07_01_500,L=2.0um,202020,RVE2,26,0.1397619475581712,671.8948032871267,F:\1_job\20251124\CPFE_PARAMATER_TEST_PBC\1_CPFE_3DMODEL_BUILD\4_BASE_ROOT\job\202020\RVE2\07_01_500.csv
07_01_500,L=2.0um,202020,RVE2,27,0.1449657730344857,670.0162330666981,F:\1_job\20251124\CPFE_PARAMATER_TEST_PBC\1_CPFE_3DMODEL_BUILD\4_BASE_ROOT\job\202020\RVE2\07_01_500.csv
07_01_500,L=2.0um,202020,RVE2,28,0.1501426588400785,668.1235460505377,F:\1_job\20251124\CPFE_PARAMATER_TEST_PBC\1_CPFE_3DMODEL_BUILD\4_BASE_ROOT\job\202020\RVE2\07_01_500.csv
07_01_500,L=2.0um,202020,RVE3,1,0.0,0.0,F:\1_job\20251124\CPFE_PARAMATER_TEST_PBC\1_CPFE_3DMODEL_BUILD\4_BASE_ROOT\job\202020\RVE3\07_01_500.csv
07_01_500,L=2.0um,202020,RVE3,2,0.0059820717293904,395.754223042978,F:\1_job\20251124\CPFE_PARAMATER_TEST_PBC\1_CPFE_3DMODEL_BUILD\4_BASE_ROOT\job\202020\RVE3\07_01_500.csv
07_01_500,L=2.0um,202020,RVE3,3,0.011928570968345,612.8648281881688,F:\1_job\20251124\CPFE_PARAMATER_TEST_PBC\1_CPFE_3DMODEL_BUILD\4_BASE_ROOT\job\202020\RVE3\07_01_500.csv
07_01_500,L=2.0um,202020,RVE3,4,0.0178399173671714,657.9729662960526,F:\1_job\20251124\CPFE_PARAMATER_TEST_PBC\1_CPFE_3DMODEL_BUILD\4_BASE_ROOT\job\202020\RVE3\07_01_500.csv
07_01_500,L=2.0um,202020,RVE3,5,0.0237165268210428,674.9615001375078,F:\1_job\20251124\CPFE_PARAMATER_TEST_PBC\1_CPFE_3DMODEL_BUILD\4_BASE_ROOT\job\202020\RVE3\07_01_500.csv
07_01_500,L=2.0um,202020,RVE3,6,0.0295588015905227,683.6149726994831,F:\1_job\20251124\CPFE_PARAMATER_TEST_PBC\1_CPFE_3DMODEL_BUILD\4_BASE_ROOT\job\202020\RVE3\07_01_500.csv
07_01_500,L=2.0um,202020,RVE3,7,0.0353671423414218,688.672968452257,F:\1_job\20251124\CPFE_PARAMATER_TEST_PBC\1_CPFE_3DMODEL_BUILD\4_BASE_ROOT\job\202020\RVE3\07_01_500.csv
07_01_500,L=2.0um,202020,RVE3,8,0.0411419427877547,691.6962497461884,F:\1_job\20251124\CPFE_PARAMATER_TEST_PBC\1_CPFE_3DMODEL_BUILD\4_BASE_ROOT\job\202020\RVE3\07_01_500.csv
07_01_500,L=2.0um,202020,RVE3,9,0.046883586296973,693.4117844557504,F:\1_job\20251124\CPFE_PARAMATER_TEST_PBC\1_CPFE_3DMODEL_BUILD\4_BASE_ROOT\job\202020\RVE3\07_01_500.csv
07_01_500,L=2.0um,202020,RVE3,10,0.0525924514481166,694.2258756784481,F:\1_job\20251124\CPFE_PARAMATER_TEST_PBC\1_CPFE_3DMODEL_BUILD\4_BASE_ROOT\job\202020\RVE3\07_01_500.csv
07_01_500,L=2.0um,202020,RVE3,11,0.0582689068587828,694.3954922855182,F:\1_job\20251124\CPFE_PARAMATER_TEST_PBC\1_CPFE_3DMODEL_BUILD\4_BASE_ROOT\job\202020\RVE3\07_01_500.csv
07_01_500,L=2.0um,202020,RVE3,12,0.063913325408167,694.0815525015205,F:\1_job\20251124\CPFE_PARAMATER_TEST_PBC\1_CPFE_3DMODEL_BUILD\4_BASE_ROOT\job\202020\RVE3\07_01_500.csv
07_01_500,L=2.0um,202020,RVE3,13,0.0695260597573401,693.390260690534,F:\1_job\20251124\CPFE_PARAMATER_TEST_PBC\1_CPFE_3DMODEL_BUILD\4_BASE_ROOT\job\202020\RVE3\07_01_500.csv
07_01_500,L=2.0um,202020,RVE3,14,0.0751074739796861,692.4085335043865,F:\1_job\20251124\CPFE_PARAMATER_TEST_PBC\1_CPFE_3DMODEL_BUILD\4_BASE_ROOT\job\202020\RVE3\07_01_500.csv
07_01_500,L=2.0um,202020,RVE3,15,0.0806579019727236,691.1933725689046,F:\1_job\20251124\CPFE_PARAMATER_TEST_PBC\1_CPFE_3DMODEL_BUILD\4_BASE_ROOT\job\202020\RVE3\07_01_500.csv
07_01_500,L=2.0um,202020,RVE3,16,0.0861776995220419,689.7867167407221,F:\1_job\20251124\CPFE_PARAMATER_TEST_PBC\1_CPFE_3DMODEL_BUILD\4_BASE_ROOT\job\202020\RVE3\07_01_500.csv
07_01_500,L=2.0um,202020,RVE3,17,0.0916671892871969,688.2200356802423,F:\1_job\20251124\CPFE_PARAMATER_TEST_PBC\1_CPFE_3DMODEL_BUILD\4_BASE_ROOT\job\202020\RVE3\07_01_500.csv
07_01_500,L=2.0um,202020,RVE3,18,0.0971267089999163,686.517749300052,F:\1_job\20251124\CPFE_PARAMATER_TEST_PBC\1_CPFE_3DMODEL_BUILD\4_BASE_ROOT\job\202020\RVE3\07_01_500.csv
07_01_500,L=2.0um,202020,RVE3,19,0.1025565908534479,684.7061306374308,F:\1_job\20251124\CPFE_PARAMATER_TEST_PBC\1_CPFE_3DMODEL_BUILD\4_BASE_ROOT\job\202020\RVE3\07_01_500.csv
07_01_500,L=2.0um,202020,RVE3,20,0.1079571415585973,682.7943568480564,F:\1_job\20251124\CPFE_PARAMATER_TEST_PBC\1_CPFE_3DMODEL_BUILD\4_BASE_ROOT\job\202020\RVE3\07_01_500.csv
07_01_500,L=2.0um,202020,RVE3,21,0.1133286829121737,680.7942268852389,F:\1_job\20251124\CPFE_PARAMATER_TEST_PBC\1_CPFE_3DMODEL_BUILD\4_BASE_ROOT\job\202020\RVE3\07_01_500.csv
07_01_500,L=2.0um,202020,RVE3,22,0.1186715315172836,678.7231667488995,F:\1_job\20251124\CPFE_PARAMATER_TEST_PBC\1_CPFE_3DMODEL_BUILD\4_BASE_ROOT\job\202020\RVE3\07_01_500.csv
07_01_500,L=2.0um,202020,RVE3,23,0.1239859791491398,676.5859114377328,F:\1_job\20251124\CPFE_PARAMATER_TEST_PBC\1_CPFE_3DMODEL_BUILD\4_BASE_ROOT\job\202020\RVE3\07_01_500.csv
07_01_500,L=2.0um,202020,RVE3,24,0.1292723326662926,674.4009272725625,F:\1_job\20251124\CPFE_PARAMATER_TEST_PBC\1_CPFE_3DMODEL_BUILD\4_BASE_ROOT\job\202020\RVE3\07_01_500.csv
07_01_500,L=2.0um,202020,RVE3,25,0.134530887539002,672.1670974320114,F:\1_job\20251124\CPFE_PARAMATER_TEST_PBC\1_CPFE_3DMODEL_BUILD\4_BASE_ROOT\job\202020\RVE3\07_01_500.csv
07_01_500,L=2.0um,202020,RVE3,26,0.1397619475581712,669.8869358450793,F:\1_job\20251124\CPFE_PARAMATER_TEST_PBC\1_CPFE_3DMODEL_BUILD\4_BASE_ROOT\job\202020\RVE3\07_01_500.csv
07_01_500,L=2.0um,202020,RVE3,27,0.1449657730344857,667.5677765169121,F:\1_job\20251124\CPFE_PARAMATER_TEST_PBC\1_CPFE_3DMODEL_BUILD\4_BASE_ROOT\job\202020\RVE3\07_01_500.csv
07_01_500,L=2.0um,202020,RVE3,28,0.1501426588400785,665.2167020552041,F:\1_job\20251124\CPFE_PARAMATER_TEST_PBC\1_CPFE_3DMODEL_BUILD\4_BASE_ROOT\job\202020\RVE3\07_01_500.csv
07_01_500,L=2.4um,242424,RVE1,1,0.0,0.0,F:\1_job\20251124\CPFE_PARAMATER_TEST_PBC\1_CPFE_3DMODEL_BUILD\4_BASE_ROOT\job\242424\RVE1\07_01_500.csv
07_01_500,L=2.4um,242424,RVE1,2,0.0059820717293904,427.0340011252927,F:\1_job\20251124\CPFE_PARAMATER_TEST_PBC\1_CPFE_3DMODEL_BUILD\4_BASE_ROOT\job\242424\RVE1\07_01_500.csv
07_01_500,L=2.4um,242424,RVE1,3,0.011928570968345,649.392002879072,F:\1_job\20251124\CPFE_PARAMATER_TEST_PBC\1_CPFE_3DMODEL_BUILD\4_BASE_ROOT\job\242424\RVE1\07_01_500.csv
07_01_500,L=2.4um,242424,RVE1,4,0.0178399173671714,697.2359674586133,F:\1_job\20251124\CPFE_PARAMATER_TEST_PBC\1_CPFE_3DMODEL_BUILD\4_BASE_ROOT\job\242424\RVE1\07_01_500.csv
07_01_500,L=2.4um,242424,RVE1,5,0.0237165268210428,718.4573930861839,F:\1_job\20251124\CPFE_PARAMATER_TEST_PBC\1_CPFE_3DMODEL_BUILD\4_BASE_ROOT\job\242424\RVE1\07_01_500.csv
07_01_500,L=2.4um,242424,RVE1,6,0.0295588015905227,730.1927130855103,F:\1_job\20251124\CPFE_PARAMATER_TEST_PBC\1_CPFE_3DMODEL_BUILD\4_BASE_ROOT\job\242424\RVE1\07_01_500.csv
07_01_500,L=2.4um,242424,RVE1,7,0.0353671423414218,737.1685497418378,F:\1_job\20251124\CPFE_PARAMATER_TEST_PBC\1_CPFE_3DMODEL_BUILD\4_BASE_ROOT\job\242424\RVE1\07_01_500.csv
07_01_500,L=2.4um,242424,RVE1,8,0.0411419427877547,741.2895431728788,F:\1_job\20251124\CPFE_PARAMATER_TEST_PBC\1_CPFE_3DMODEL_BUILD\4_BASE_ROOT\job\242424\RVE1\07_01_500.csv
07_01_500,L=2.4um,242424,RVE1,9,0.046883586296973,743.545260124943,F:\1_job\20251124\CPFE_PARAMATER_TEST_PBC\1_CPFE_3DMODEL_BUILD\4_BASE_ROOT\job\242424\RVE1\07_01_500.csv
07_01_500,L=2.4um,242424,RVE1,10,0.0525924514481166,744.5163269047233,F:\1_job\20251124\CPFE_PARAMATER_TEST_PBC\1_CPFE_3DMODEL_BUILD\4_BASE_ROOT\job\242424\RVE1\07_01_500.csv
07_01_500,L=2.4um,242424,RVE1,11,0.0582689068587828,744.5789638565027,F:\1_job\20251124\CPFE_PARAMATER_TEST_PBC\1_CPFE_3DMODEL_BUILD\4_BASE_ROOT\job\242424\RVE1\07_01_500.csv
07_01_500,L=2.4um,242424,RVE1,12,0.063913325408167,743.9663645756232,F:\1_job\20251124\CPFE_PARAMATER_TEST_PBC\1_CPFE_3DMODEL_BUILD\4_BASE_ROOT\job\242424\RVE1\07_01_500.csv
07_01_500,L=2.4um,242424,RVE1,13,0.0695260597573401,742.8387644447728,F:\1_job\20251124\CPFE_PARAMATER_TEST_PBC\1_CPFE_3DMODEL_BUILD\4_BASE_ROOT\job\242424\RVE1\07_01_500.csv
07_01_500,L=2.4um,242424,RVE1,14,0.0751074739796861,741.3102043763637,F:\1_job\20251124\CPFE_PARAMATER_TEST_PBC\1_CPFE_3DMODEL_BUILD\4_BASE_ROOT\job\242424\RVE1\07_01_500.csv
07_01_500,L=2.4um,242424,RVE1,15,0.0806579019727236,739.4658687071665,F:\1_job\20251124\CPFE_PARAMATER_TEST_PBC\1_CPFE_3DMODEL_BUILD\4_BASE_ROOT\job\242424\RVE1\07_01_500.csv
07_01_500,L=2.4um,242424,RVE1,16,0.0861776995220419,737.3617125791429,F:\1_job\20251124\CPFE_PARAMATER_TEST_PBC\1_CPFE_3DMODEL_BUILD\4_BASE_ROOT\job\242424\RVE1\07_01_500.csv
07_01_500,L=2.4um,242424,RVE1,17,0.0916671892871969,735.0398972067751,F:\1_job\20251124\CPFE_PARAMATER_TEST_PBC\1_CPFE_3DMODEL_BUILD\4_BASE_ROOT\job\242424\RVE1\07_01_500.csv
07_01_500,L=2.4um,242424,RVE1,18,0.0971267089999163,732.5502096142137,F:\1_job\20251124\CPFE_PARAMATER_TEST_PBC\1_CPFE_3DMODEL_BUILD\4_BASE_ROOT\job\242424\RVE1\07_01_500.csv
07_01_500,L=2.4um,242424,RVE1,19,0.1025565908534479,729.906473380475,F:\1_job\20251124\CPFE_PARAMATER_TEST_PBC\1_CPFE_3DMODEL_BUILD\4_BASE_ROOT\job\242424\RVE1\07_01_500.csv
07_01_500,L=2.4um,242424,RVE1,20,0.1079571415585973,727.1362095974631,F:\1_job\20251124\CPFE_PARAMATER_TEST_PBC\1_CPFE_3DMODEL_BUILD\4_BASE_ROOT\job\242424\RVE1\07_01_500.csv
07_01_500,L=2.4um,242424,RVE1,21,0.1133286829121737,724.2637786474562,F:\1_job\20251124\CPFE_PARAMATER_TEST_PBC\1_CPFE_3DMODEL_BUILD\4_BASE_ROOT\job\242424\RVE1\07_01_500.csv
07_01_500,L=2.4um,242424,RVE1,22,0.1186715315172836,721.2968206318562,F:\1_job\20251124\CPFE_PARAMATER_TEST_PBC\1_CPFE_3DMODEL_BUILD\4_BASE_ROOT\job\242424\RVE1\07_01_500.csv
07_01_500,L=2.4um,242424,RVE1,23,0.1239859791491398,718.2464128830348,F:\1_job\20251124\CPFE_PARAMATER_TEST_PBC\1_CPFE_3DMODEL_BUILD\4_BASE_ROOT\job\242424\RVE1\07_01_500.csv
07_01_500,L=2.4um,242424,RVE1,24,0.1292723326662926,715.1272660182902,F:\1_job\20251124\CPFE_PARAMATER_TEST_PBC\1_CPFE_3DMODEL_BUILD\4_BASE_ROOT\job\242424\RVE1\07_01_500.csv
07_01_500,L=2.4um,242424,RVE1,25,0.134530887539002,711.9428429349791,F:\1_job\20251124\CPFE_PARAMATER_TEST_PBC\1_CPFE_3DMODEL_BUILD\4_BASE_ROOT\job\242424\RVE1\07_01_500.csv
07_01_500,L=2.4um,242424,RVE1,26,0.1397619475581712,708.7099288656262,F:\1_job\20251124\CPFE_PARAMATER_TEST_PBC\1_CPFE_3DMODEL_BUILD\4_BASE_ROOT\job\242424\RVE1\07_01_500.csv
07_01_500,L=2.4um,242424,RVE1,27,0.1449657730344857,705.4372176985601,F:\1_job\20251124\CPFE_PARAMATER_TEST_PBC\1_CPFE_3DMODEL_BUILD\4_BASE_ROOT\job\242424\RVE1\07_01_500.csv
07_01_500,L=2.4um,242424,RVE1,28,0.1501426588400785,702.1146419721921,F:\1_job\20251124\CPFE_PARAMATER_TEST_PBC\1_CPFE_3DMODEL_BUILD\4_BASE_ROOT\job\242424\RVE1\07_01_500.csv
07_01_500,L=2.4um,242424,RVE2,1,0.0,0.0,F:\1_job\20251124\CPFE_PARAMATER_TEST_PBC\1_CPFE_3DMODEL_BUILD\4_BASE_ROOT\job\242424\RVE2\07_01_500.csv
07_01_500,L=2.4um,242424,RVE2,2,0.0059820717293904,432.565454152245,F:\1_job\20251124\CPFE_PARAMATER_TEST_PBC\1_CPFE_3DMODEL_BUILD\4_BASE_ROOT\job\242424\RVE2\07_01_500.csv
07_01_500,L=2.4um,242424,RVE2,3,0.011928570968345,650.7151444717285,F:\1_job\20251124\CPFE_PARAMATER_TEST_PBC\1_CPFE_3DMODEL_BUILD\4_BASE_ROOT\job\242424\RVE2\07_01_500.csv
07_01_500,L=2.4um,242424,RVE2,4,0.0178399173671714,702.4326247060865,F:\1_job\20251124\CPFE_PARAMATER_TEST_PBC\1_CPFE_3DMODEL_BUILD\4_BASE_ROOT\job\242424\RVE2\07_01_500.csv
07_01_500,L=2.4um,242424,RVE2,5,0.0237165268210428,726.6796876480441,F:\1_job\20251124\CPFE_PARAMATER_TEST_PBC\1_CPFE_3DMODEL_BUILD\4_BASE_ROOT\job\242424\RVE2\07_01_500.csv
07_01_500,L=2.4um,242424,RVE2,6,0.0295588015905227,739.9519647090215,F:\1_job\20251124\CPFE_PARAMATER_TEST_PBC\1_CPFE_3DMODEL_BUILD\4_BASE_ROOT\job\242424\RVE2\07_01_500.csv
07_01_500,L=2.4um,242424,RVE2,7,0.0353671423414218,747.4323281304378,F:\1_job\20251124\CPFE_PARAMATER_TEST_PBC\1_CPFE_3DMODEL_BUILD\4_BASE_ROOT\job\242424\RVE2\07_01_500.csv
07_01_500,L=2.4um,242424,RVE2,8,0.0411419427877547,751.5108887156008,F:\1_job\20251124\CPFE_PARAMATER_TEST_PBC\1_CPFE_3DMODEL_BUILD\4_BASE_ROOT\job\242424\RVE2\07_01_500.csv
07_01_500,L=2.4um,242424,RVE2,9,0.046883586296973,753.4749877538601,F:\1_job\20251124\CPFE_PARAMATER_TEST_PBC\1_CPFE_3DMODEL_BUILD\4_BASE_ROOT\job\242424\RVE2\07_01_500.csv
07_01_500,L=2.4um,242424,RVE2,10,0.0525924514481166,754.0617449856234,F:\1_job\20251124\CPFE_PARAMATER_TEST_PBC\1_CPFE_3DMODEL_BUILD\4_BASE_ROOT\job\242424\RVE2\07_01_500.csv
07_01_500,L=2.4um,242424,RVE2,11,0.0582689068587828,753.704198660767,F:\1_job\20251124\CPFE_PARAMATER_TEST_PBC\1_CPFE_3DMODEL_BUILD\4_BASE_ROOT\job\242424\RVE2\07_01_500.csv
07_01_500,L=2.4um,242424,RVE2,12,0.063913325408167,752.671390846077,F:\1_job\20251124\CPFE_PARAMATER_TEST_PBC\1_CPFE_3DMODEL_BUILD\4_BASE_ROOT\job\242424\RVE2\07_01_500.csv
07_01_500,L=2.4um,242424,RVE2,13,0.0695260597573401,751.1370511413387,F:\1_job\20251124\CPFE_PARAMATER_TEST_PBC\1_CPFE_3DMODEL_BUILD\4_BASE_ROOT\job\242424\RVE2\07_01_500.csv
07_01_500,L=2.4um,242424,RVE2,14,0.0751074739796861,749.2244457550948,F:\1_job\20251124\CPFE_PARAMATER_TEST_PBC\1_CPFE_3DMODEL_BUILD\4_BASE_ROOT\job\242424\RVE2\07_01_500.csv
07_01_500,L=2.4um,242424,RVE2,15,0.0806579019727236,747.0218266347471,F:\1_job\20251124\CPFE_PARAMATER_TEST_PBC\1_CPFE_3DMODEL_BUILD\4_BASE_ROOT\job\242424\RVE2\07_01_500.csv
07_01_500,L=2.4um,242424,RVE2,16,0.0861776995220419,744.5932024201709,F:\1_job\20251124\CPFE_PARAMATER_TEST_PBC\1_CPFE_3DMODEL_BUILD\4_BASE_ROOT\job\242424\RVE2\07_01_500.csv
07_01_500,L=2.4um,242424,RVE2,17,0.0916671892871969,741.9880246760771,F:\1_job\20251124\CPFE_PARAMATER_TEST_PBC\1_CPFE_3DMODEL_BUILD\4_BASE_ROOT\job\242424\RVE2\07_01_500.csv
07_01_500,L=2.4um,242424,RVE2,18,0.0971267089999163,739.2444439561519,F:\1_job\20251124\CPFE_PARAMATER_TEST_PBC\1_CPFE_3DMODEL_BUILD\4_BASE_ROOT\job\242424\RVE2\07_01_500.csv
07_01_500,L=2.4um,242424,RVE2,19,0.1025565908534479,736.3855112115263,F:\1_job\20251124\CPFE_PARAMATER_TEST_PBC\1_CPFE_3DMODEL_BUILD\4_BASE_ROOT\job\242424\RVE2\07_01_500.csv
07_01_500,L=2.4um,242424,RVE2,20,0.1079571415585973,733.4442281762239,F:\1_job\20251124\CPFE_PARAMATER_TEST_PBC\1_CPFE_3DMODEL_BUILD\4_BASE_ROOT\job\242424\RVE2\07_01_500.csv
07_01_500,L=2.4um,242424,RVE2,21,0.1133286829121737,730.4236387491685,F:\1_job\20251124\CPFE_PARAMATER_TEST_PBC\1_CPFE_3DMODEL_BUILD\4_BASE_ROOT\job\242424\RVE2\07_01_500.csv
07_01_500,L=2.4um,242424,RVE2,22,0.1186715315172836,727.3363996809928,F:\1_job\20251124\CPFE_PARAMATER_TEST_PBC\1_CPFE_3DMODEL_BUILD\4_BASE_ROOT\job\242424\RVE2\07_01_500.csv
07_01_500,L=2.4um,242424,RVE2,23,0.1239859791491398,724.2035811758022,F:\1_job\20251124\CPFE_PARAMATER_TEST_PBC\1_CPFE_3DMODEL_BUILD\4_BASE_ROOT\job\242424\RVE2\07_01_500.csv
07_01_500,L=2.4um,242424,RVE2,24,0.1292723326662926,721.0287849280425,F:\1_job\20251124\CPFE_PARAMATER_TEST_PBC\1_CPFE_3DMODEL_BUILD\4_BASE_ROOT\job\242424\RVE2\07_01_500.csv
07_01_500,L=2.4um,242424,RVE2,25,0.134530887539002,717.8175326411023,F:\1_job\20251124\CPFE_PARAMATER_TEST_PBC\1_CPFE_3DMODEL_BUILD\4_BASE_ROOT\job\242424\RVE2\07_01_500.csv
07_01_500,L=2.4um,242424,RVE2,26,0.1397619475581712,714.5710734916806,F:\1_job\20251124\CPFE_PARAMATER_TEST_PBC\1_CPFE_3DMODEL_BUILD\4_BASE_ROOT\job\242424\RVE2\07_01_500.csv
07_01_500,L=2.4um,242424,RVE2,27,0.1449657730344857,711.2911323289361,F:\1_job\20251124\CPFE_PARAMATER_TEST_PBC\1_CPFE_3DMODEL_BUILD\4_BASE_ROOT\job\242424\RVE2\07_01_500.csv
07_01_500,L=2.4um,242424,RVE2,28,0.1501426588400785,707.9917986914097,F:\1_job\20251124\CPFE_PARAMATER_TEST_PBC\1_CPFE_3DMODEL_BUILD\4_BASE_ROOT\job\242424\RVE2\07_01_500.csv
07_01_500,L=2.4um,242424,RVE3,1,0.0,0.0,F:\1_job\20251124\CPFE_PARAMATER_TEST_PBC\1_CPFE_3DMODEL_BUILD\4_BASE_ROOT\job\242424\RVE3\07_01_500.csv
07_01_500,L=2.4um,242424,RVE3,2,0.0059820717293904,429.3116080895221,F:\1_job\20251124\CPFE_PARAMATER_TEST_PBC\1_CPFE_3DMODEL_BUILD\4_BASE_ROOT\job\242424\RVE3\07_01_500.csv
07_01_500,L=2.4um,242424,RVE3,3,0.011928570968345,654.044088077848,F:\1_job\20251124\CPFE_PARAMATER_TEST_PBC\1_CPFE_3DMODEL_BUILD\4_BASE_ROOT\job\242424\RVE3\07_01_500.csv
07_01_500,L=2.4um,242424,RVE3,4,0.0178399173671714,709.1636413545185,F:\1_job\20251124\CPFE_PARAMATER_TEST_PBC\1_CPFE_3DMODEL_BUILD\4_BASE_ROOT\job\242424\RVE3\07_01_500.csv
07_01_500,L=2.4um,242424,RVE3,5,0.0237165268210428,734.3582177422011,F:\1_job\20251124\CPFE_PARAMATER_TEST_PBC\1_CPFE_3DMODEL_BUILD\4_BASE_ROOT\job\242424\RVE3\07_01_500.csv
07_01_500,L=2.4um,242424,RVE3,6,0.0295588015905227,747.2711487602913,F:\1_job\20251124\CPFE_PARAMATER_TEST_PBC\1_CPFE_3DMODEL_BUILD\4_BASE_ROOT\job\242424\RVE3\07_01_500.csv
07_01_500,L=2.4um,242424,RVE3,7,0.0353671423414218,753.9069914666545,F:\1_job\20251124\CPFE_PARAMATER_TEST_PBC\1_CPFE_3DMODEL_BUILD\4_BASE_ROOT\job\242424\RVE3\07_01_500.csv
07_01_500,L=2.4um,242424,RVE3,8,0.0411419427877547,757.0876938273163,F:\1_job\20251124\CPFE_PARAMATER_TEST_PBC\1_CPFE_3DMODEL_BUILD\4_BASE_ROOT\job\242424\RVE3\07_01_500.csv
07_01_500,L=2.4um,242424,RVE3,9,0.046883586296973,758.2505111887401,F:\1_job\20251124\CPFE_PARAMATER_TEST_PBC\1_CPFE_3DMODEL_BUILD\4_BASE_ROOT\job\242424\RVE3\07_01_500.csv
07_01_500,L=2.4um,242424,RVE3,10,0.0525924514481166,758.1516066842642,F:\1_job\20251124\CPFE_PARAMATER_TEST_PBC\1_CPFE_3DMODEL_BUILD\4_BASE_ROOT\job\242424\RVE3\07_01_500.csv
07_01_500,L=2.4um,242424,RVE3,11,0.0582689068587828,757.211704002557,F:\1_job\20251124\CPFE_PARAMATER_TEST_PBC\1_CPFE_3DMODEL_BUILD\4_BASE_ROOT\job\242424\RVE3\07_01_500.csv
07_01_500,L=2.4um,242424,RVE3,12,0.063913325408167,755.678618707391,F:\1_job\20251124\CPFE_PARAMATER_TEST_PBC\1_CPFE_3DMODEL_BUILD\4_BASE_ROOT\job\242424\RVE3\07_01_500.csv
07_01_500,L=2.4um,242424,RVE3,13,0.0695260597573401,753.7059993851409,F:\1_job\20251124\CPFE_PARAMATER_TEST_PBC\1_CPFE_3DMODEL_BUILD\4_BASE_ROOT\job\242424\RVE3\07_01_500.csv
07_01_500,L=2.4um,242424,RVE3,14,0.0751074739796861,751.3975380706221,F:\1_job\20251124\CPFE_PARAMATER_TEST_PBC\1_CPFE_3DMODEL_BUILD\4_BASE_ROOT\job\242424\RVE3\07_01_500.csv
07_01_500,L=2.4um,242424,RVE3,15,0.0806579019727236,748.8257396080324,F:\1_job\20251124\CPFE_PARAMATER_TEST_PBC\1_CPFE_3DMODEL_BUILD\4_BASE_ROOT\job\242424\RVE3\07_01_500.csv
07_01_500,L=2.4um,242424,RVE3,16,0.0861776995220419,746.0457374184261,F:\1_job\20251124\CPFE_PARAMATER_TEST_PBC\1_CPFE_3DMODEL_BUILD\4_BASE_ROOT\job\242424\RVE3\07_01_500.csv
07_01_500,L=2.4um,242424,RVE3,17,0.0916671892871969,743.0917844425425,F:\1_job\20251124\CPFE_PARAMATER_TEST_PBC\1_CPFE_3DMODEL_BUILD\4_BASE_ROOT\job\242424\RVE3\07_01_500.csv
07_01_500,L=2.4um,242424,RVE3,18,0.0971267089999163,740.0015943929383,F:\1_job\20251124\CPFE_PARAMATER_TEST_PBC\1_CPFE_3DMODEL_BUILD\4_BASE_ROOT\job\242424\RVE3\07_01_500.csv
07_01_500,L=2.4um,242424,RVE3,19,0.1025565908534479,736.7976912301104,F:\1_job\20251124\CPFE_PARAMATER_TEST_PBC\1_CPFE_3DMODEL_BUILD\4_BASE_ROOT\job\242424\RVE3\07_01_500.csv
07_01_500,L=2.4um,242424,RVE3,20,0.1079571415585973,733.4985282725268,F:\1_job\20251124\CPFE_PARAMATER_TEST_PBC\1_CPFE_3DMODEL_BUILD\4_BASE_ROOT\job\242424\RVE3\07_01_500.csv
07_01_500,L=2.4um,242424,RVE3,21,0.1133286829121737,730.11491388735,F:\1_job\20251124\CPFE_PARAMATER_TEST_PBC\1_CPFE_3DMODEL_BUILD\4_BASE_ROOT\job\242424\RVE3\07_01_500.csv
07_01_500,L=2.4um,242424,RVE3,22,0.1186715315172836,726.6692683264846,F:\1_job\20251124\CPFE_PARAMATER_TEST_PBC\1_CPFE_3DMODEL_BUILD\4_BASE_ROOT\job\242424\RVE3\07_01_500.csv
07_01_500,L=2.4um,242424,RVE3,23,0.1239859791491398,723.1672042233321,F:\1_job\20251124\CPFE_PARAMATER_TEST_PBC\1_CPFE_3DMODEL_BUILD\4_BASE_ROOT\job\242424\RVE3\07_01_500.csv
07_01_500,L=2.4um,242424,RVE3,24,0.1292723326662926,719.6275660941371,F:\1_job\20251124\CPFE_PARAMATER_TEST_PBC\1_CPFE_3DMODEL_BUILD\4_BASE_ROOT\job\242424\RVE3\07_01_500.csv
07_01_500,L=2.4um,242424,RVE3,25,0.134530887539002,716.0569763943124,F:\1_job\20251124\CPFE_PARAMATER_TEST_PBC\1_CPFE_3DMODEL_BUILD\4_BASE_ROOT\job\242424\RVE3\07_01_500.csv
07_01_500,L=2.4um,242424,RVE3,26,0.1397619475581712,712.465279351218,F:\1_job\20251124\CPFE_PARAMATER_TEST_PBC\1_CPFE_3DMODEL_BUILD\4_BASE_ROOT\job\242424\RVE3\07_01_500.csv
07_01_500,L=2.4um,242424,RVE3,27,0.1449657730344857,708.8561932555874,F:\1_job\20251124\CPFE_PARAMATER_TEST_PBC\1_CPFE_3DMODEL_BUILD\4_BASE_ROOT\job\242424\RVE3\07_01_500.csv
07_01_500,L=2.4um,242424,RVE3,28,0.1501426588400785,705.2373816947011,F:\1_job\20251124\CPFE_PARAMATER_TEST_PBC\1_CPFE_3DMODEL_BUILD\4_BASE_ROOT\job\242424\RVE3\07_01_500.csv
10_01_800,L=1.6um,161616,RVE1,1,0.0,0.0,F:\1_job\20251124\CPFE_PARAMATER_TEST_PBC\1_CPFE_3DMODEL_BUILD\4_BASE_ROOT\job\161616\RVE1\10_01_800.csv
10_01_800,L=1.6um,161616,RVE1,2,0.0059820717293904,134.33785665731696,F:\1_job\20251124\CPFE_PARAMATER_TEST_PBC\1_CPFE_3DMODEL_BUILD\4_BASE_ROOT\job\161616\RVE1\10_01_800.csv
10_01_800,L=1.6um,161616,RVE1,3,0.011928570968345,137.70757324922863,F:\1_job\20251124\CPFE_PARAMATER_TEST_PBC\1_CPFE_3DMODEL_BUILD\4_BASE_ROOT\job\161616\RVE1\10_01_800.csv
10_01_800,L=1.6um,161616,RVE1,4,0.0178399173671714,138.14859415506265,F:\1_job\20251124\CPFE_PARAMATER_TEST_PBC\1_CPFE_3DMODEL_BUILD\4_BASE_ROOT\job\161616\RVE1\10_01_800.csv
10_01_800,L=1.6um,161616,RVE1,5,0.0237165268210428,137.7887268347119,F:\1_job\20251124\CPFE_PARAMATER_TEST_PBC\1_CPFE_3DMODEL_BUILD\4_BASE_ROOT\job\161616\RVE1\10_01_800.csv
10_01_800,L=1.6um,161616,RVE1,6,0.0295588015905227,137.16038158547218,F:\1_job\20251124\CPFE_PARAMATER_TEST_PBC\1_CPFE_3DMODEL_BUILD\4_BASE_ROOT\job\161616\RVE1\10_01_800.csv
10_01_800,L=1.6um,161616,RVE1,7,0.0353671423414218,136.38492373092248,F:\1_job\20251124\CPFE_PARAMATER_TEST_PBC\1_CPFE_3DMODEL_BUILD\4_BASE_ROOT\job\161616\RVE1\10_01_800.csv
10_01_800,L=1.6um,161616,RVE1,8,0.0411419427877547,135.51320602086275,F:\1_job\20251124\CPFE_PARAMATER_TEST_PBC\1_CPFE_3DMODEL_BUILD\4_BASE_ROOT\job\161616\RVE1\10_01_800.csv
10_01_800,L=1.6um,161616,RVE1,9,0.046883586296973,134.5737389861864,F:\1_job\20251124\CPFE_PARAMATER_TEST_PBC\1_CPFE_3DMODEL_BUILD\4_BASE_ROOT\job\161616\RVE1\10_01_800.csv
10_01_800,L=1.6um,161616,RVE1,10,0.0525924514481166,133.5821787702054,F:\1_job\20251124\CPFE_PARAMATER_TEST_PBC\1_CPFE_3DMODEL_BUILD\4_BASE_ROOT\job\161616\RVE1\10_01_800.csv
10_01_800,L=1.6um,161616,RVE1,11,0.0582689068587828,132.5495020858317,F:\1_job\20251124\CPFE_PARAMATER_TEST_PBC\1_CPFE_3DMODEL_BUILD\4_BASE_ROOT\job\161616\RVE1\10_01_800.csv
10_01_800,L=1.6um,161616,RVE1,12,0.063913325408167,131.48169824540335,F:\1_job\20251124\CPFE_PARAMATER_TEST_PBC\1_CPFE_3DMODEL_BUILD\4_BASE_ROOT\job\161616\RVE1\10_01_800.csv
10_01_800,L=1.6um,161616,RVE1,13,0.0695260597573401,130.38253341170991,F:\1_job\20251124\CPFE_PARAMATER_TEST_PBC\1_CPFE_3DMODEL_BUILD\4_BASE_ROOT\job\161616\RVE1\10_01_800.csv
10_01_800,L=1.6um,161616,RVE1,14,0.0751074739796861,129.2571189247026,F:\1_job\20251124\CPFE_PARAMATER_TEST_PBC\1_CPFE_3DMODEL_BUILD\4_BASE_ROOT\job\161616\RVE1\10_01_800.csv
10_01_800,L=1.6um,161616,RVE1,15,0.0806579019727236,128.10664258924652,F:\1_job\20251124\CPFE_PARAMATER_TEST_PBC\1_CPFE_3DMODEL_BUILD\4_BASE_ROOT\job\161616\RVE1\10_01_800.csv
10_01_800,L=1.6um,161616,RVE1,16,0.0861776995220419,126.9312116197967,F:\1_job\20251124\CPFE_PARAMATER_TEST_PBC\1_CPFE_3DMODEL_BUILD\4_BASE_ROOT\job\161616\RVE1\10_01_800.csv
10_01_800,L=1.6um,161616,RVE1,17,0.0916671892871969,125.73345688617732,F:\1_job\20251124\CPFE_PARAMATER_TEST_PBC\1_CPFE_3DMODEL_BUILD\4_BASE_ROOT\job\161616\RVE1\10_01_800.csv
10_01_800,L=1.6um,161616,RVE1,18,0.0971267089999163,124.51752433980978,F:\1_job\20251124\CPFE_PARAMATER_TEST_PBC\1_CPFE_3DMODEL_BUILD\4_BASE_ROOT\job\161616\RVE1\10_01_800.csv
10_01_800,L=1.6um,161616,RVE1,19,0.1025565908534479,123.28355611738785,F:\1_job\20251124\CPFE_PARAMATER_TEST_PBC\1_CPFE_3DMODEL_BUILD\4_BASE_ROOT\job\161616\RVE1\10_01_800.csv
10_01_800,L=1.6um,161616,RVE1,20,0.1079571415585973,122.03681506869484,F:\1_job\20251124\CPFE_PARAMATER_TEST_PBC\1_CPFE_3DMODEL_BUILD\4_BASE_ROOT\job\161616\RVE1\10_01_800.csv
10_01_800,L=1.6um,161616,RVE1,21,0.1133286829121737,120.7781478850428,F:\1_job\20251124\CPFE_PARAMATER_TEST_PBC\1_CPFE_3DMODEL_BUILD\4_BASE_ROOT\job\161616\RVE1\10_01_800.csv
10_01_800,L=1.6um,161616,RVE1,22,0.1186715315172836,119.5100608979852,F:\1_job\20251124\CPFE_PARAMATER_TEST_PBC\1_CPFE_3DMODEL_BUILD\4_BASE_ROOT\job\161616\RVE1\10_01_800.csv
10_01_800,L=1.6um,161616,RVE1,23,0.1239859791491398,118.23671938458725,F:\1_job\20251124\CPFE_PARAMATER_TEST_PBC\1_CPFE_3DMODEL_BUILD\4_BASE_ROOT\job\161616\RVE1\10_01_800.csv
10_01_800,L=1.6um,161616,RVE1,24,0.1292723326662926,116.96013720565668,F:\1_job\20251124\CPFE_PARAMATER_TEST_PBC\1_CPFE_3DMODEL_BUILD\4_BASE_ROOT\job\161616\RVE1\10_01_800.csv
10_01_800,L=1.6um,161616,RVE1,25,0.134530887539002,115.68305519124024,F:\1_job\20251124\CPFE_PARAMATER_TEST_PBC\1_CPFE_3DMODEL_BUILD\4_BASE_ROOT\job\161616\RVE1\10_01_800.csv
10_01_800,L=1.6um,161616,RVE1,26,0.1397619475581712,114.41165193610424,F:\1_job\20251124\CPFE_PARAMATER_TEST_PBC\1_CPFE_3DMODEL_BUILD\4_BASE_ROOT\job\161616\RVE1\10_01_800.csv
10_01_800,L=1.6um,161616,RVE1,27,0.1449657730344857,113.14709077986583,F:\1_job\20251124\CPFE_PARAMATER_TEST_PBC\1_CPFE_3DMODEL_BUILD\4_BASE_ROOT\job\161616\RVE1\10_01_800.csv
10_01_800,L=1.6um,161616,RVE1,28,0.1501426588400785,111.88628728808769,F:\1_job\20251124\CPFE_PARAMATER_TEST_PBC\1_CPFE_3DMODEL_BUILD\4_BASE_ROOT\job\161616\RVE1\10_01_800.csv
10_01_800,L=1.6um,161616,RVE2,1,0.0,0.0,F:\1_job\20251124\CPFE_PARAMATER_TEST_PBC\1_CPFE_3DMODEL_BUILD\4_BASE_ROOT\job\161616\RVE2\10_01_800.csv
10_01_800,L=1.6um,161616,RVE2,2,0.0059820717293904,153.7695905049888,F:\1_job\20251124\CPFE_PARAMATER_TEST_PBC\1_CPFE_3DMODEL_BUILD\4_BASE_ROOT\job\161616\RVE2\10_01_800.csv
10_01_800,L=1.6um,161616,RVE2,3,0.011928570968345,159.18595166655018,F:\1_job\20251124\CPFE_PARAMATER_TEST_PBC\1_CPFE_3DMODEL_BUILD\4_BASE_ROOT\job\161616\RVE2\10_01_800.csv
10_01_800,L=1.6um,161616,RVE2,4,0.0178399173671714,159.01253193434405,F:\1_job\20251124\CPFE_PARAMATER_TEST_PBC\1_CPFE_3DMODEL_BUILD\4_BASE_ROOT\job\161616\RVE2\10_01_800.csv
10_01_800,L=1.6um,161616,RVE2,5,0.0237165268210428,159.14109805488224,F:\1_job\20251124\CPFE_PARAMATER_TEST_PBC\1_CPFE_3DMODEL_BUILD\4_BASE_ROOT\job\161616\RVE2\10_01_800.csv
10_01_800,L=1.6um,161616,RVE2,6,0.0295588015905227,157.82342766381504,F:\1_job\20251124\CPFE_PARAMATER_TEST_PBC\1_CPFE_3DMODEL_BUILD\4_BASE_ROOT\job\161616\RVE2\10_01_800.csv
10_01_800,L=1.6um,161616,RVE2,7,0.0353671423414218,156.18729281903754,F:\1_job\20251124\CPFE_PARAMATER_TEST_PBC\1_CPFE_3DMODEL_BUILD\4_BASE_ROOT\job\161616\RVE2\10_01_800.csv
10_01_800,L=1.6um,161616,RVE2,8,0.0411419427877547,154.38513762309896,F:\1_job\20251124\CPFE_PARAMATER_TEST_PBC\1_CPFE_3DMODEL_BUILD\4_BASE_ROOT\job\161616\RVE2\10_01_800.csv
10_01_800,L=1.6um,161616,RVE2,9,0.046883586296973,152.4776955257927,F:\1_job\20251124\CPFE_PARAMATER_TEST_PBC\1_CPFE_3DMODEL_BUILD\4_BASE_ROOT\job\161616\RVE2\10_01_800.csv
10_01_800,L=1.6um,161616,RVE2,10,0.0525924514481166,150.4927179131143,F:\1_job\20251124\CPFE_PARAMATER_TEST_PBC\1_CPFE_3DMODEL_BUILD\4_BASE_ROOT\job\161616\RVE2\10_01_800.csv
10_01_800,L=1.6um,161616,RVE2,11,0.0582689068587828,148.4485391884428,F:\1_job\20251124\CPFE_PARAMATER_TEST_PBC\1_CPFE_3DMODEL_BUILD\4_BASE_ROOT\job\161616\RVE2\10_01_800.csv
10_01_800,L=1.6um,161616,RVE2,12,0.063913325408167,146.35714531995214,F:\1_job\20251124\CPFE_PARAMATER_TEST_PBC\1_CPFE_3DMODEL_BUILD\4_BASE_ROOT\job\161616\RVE2\10_01_800.csv
10_01_800,L=1.6um,161616,RVE2,13,0.0695260597573401,144.22864371561016,F:\1_job\20251124\CPFE_PARAMATER_TEST_PBC\1_CPFE_3DMODEL_BUILD\4_BASE_ROOT\job\161616\RVE2\10_01_800.csv
10_01_800,L=1.6um,161616,RVE2,14,0.0751074739796861,142.05985063660654,F:\1_job\20251124\CPFE_PARAMATER_TEST_PBC\1_CPFE_3DMODEL_BUILD\4_BASE_ROOT\job\161616\RVE2\10_01_800.csv
10_01_800,L=1.6um,161616,RVE2,15,0.0806579019727236,139.86560067823416,F:\1_job\20251124\CPFE_PARAMATER_TEST_PBC\1_CPFE_3DMODEL_BUILD\4_BASE_ROOT\job\161616\RVE2\10_01_800.csv
10_01_800,L=1.6um,161616,RVE2,16,0.0861776995220419,137.64134541610406,F:\1_job\20251124\CPFE_PARAMATER_TEST_PBC\1_CPFE_3DMODEL_BUILD\4_BASE_ROOT\job\161616\RVE2\10_01_800.csv
10_01_800,L=1.6um,161616,RVE2,17,0.0916671892871969,135.39072607335112,F:\1_job\20251124\CPFE_PARAMATER_TEST_PBC\1_CPFE_3DMODEL_BUILD\4_BASE_ROOT\job\161616\RVE2\10_01_800.csv
10_01_800,L=1.6um,161616,RVE2,18,0.0971267089999163,133.1220304748051,F:\1_job\20251124\CPFE_PARAMATER_TEST_PBC\1_CPFE_3DMODEL_BUILD\4_BASE_ROOT\job\161616\RVE2\10_01_800.csv
10_01_800,L=1.6um,161616,RVE2,19,0.1025565908534479,130.83759081661523,F:\1_job\20251124\CPFE_PARAMATER_TEST_PBC\1_CPFE_3DMODEL_BUILD\4_BASE_ROOT\job\161616\RVE2\10_01_800.csv
10_01_800,L=1.6um,161616,RVE2,20,0.1079571415585973,128.55388348492374,F:\1_job\20251124\CPFE_PARAMATER_TEST_PBC\1_CPFE_3DMODEL_BUILD\4_BASE_ROOT\job\161616\RVE2\10_01_800.csv
10_01_800,L=1.6um,161616,RVE2,21,0.1133286829121737,126.26755088131132,F:\1_job\20251124\CPFE_PARAMATER_TEST_PBC\1_CPFE_3DMODEL_BUILD\4_BASE_ROOT\job\161616\RVE2\10_01_800.csv
10_01_800,L=1.6um,161616,RVE2,22,0.1186715315172836,123.9739857014085,F:\1_job\20251124\CPFE_PARAMATER_TEST_PBC\1_CPFE_3DMODEL_BUILD\4_BASE_ROOT\job\161616\RVE2\10_01_800.csv
10_01_800,L=1.6um,161616,RVE2,23,0.1239859791491398,121.68512706220456,F:\1_job\20251124\CPFE_PARAMATER_TEST_PBC\1_CPFE_3DMODEL_BUILD\4_BASE_ROOT\job\161616\RVE2\10_01_800.csv
10_01_800,L=1.6um,161616,RVE2,24,0.1292723326662926,119.43895376697787,F:\1_job\20251124\CPFE_PARAMATER_TEST_PBC\1_CPFE_3DMODEL_BUILD\4_BASE_ROOT\job\161616\RVE2\10_01_800.csv
10_01_800,L=1.6um,161616,RVE2,25,0.134530887539002,117.25501211526712,F:\1_job\20251124\CPFE_PARAMATER_TEST_PBC\1_CPFE_3DMODEL_BUILD\4_BASE_ROOT\job\161616\RVE2\10_01_800.csv
10_01_800,L=1.6um,161616,RVE2,26,0.1397619475581712,115.13515658746677,F:\1_job\20251124\CPFE_PARAMATER_TEST_PBC\1_CPFE_3DMODEL_BUILD\4_BASE_ROOT\job\161616\RVE2\10_01_800.csv
10_01_800,L=1.6um,161616,RVE2,27,0.1449657730344857,113.06805046091829,F:\1_job\20251124\CPFE_PARAMATER_TEST_PBC\1_CPFE_3DMODEL_BUILD\4_BASE_ROOT\job\161616\RVE2\10_01_800.csv
10_01_800,L=1.6um,161616,RVE2,28,0.1501426588400785,111.04469311323804,F:\1_job\20251124\CPFE_PARAMATER_TEST_PBC\1_CPFE_3DMODEL_BUILD\4_BASE_ROOT\job\161616\RVE2\10_01_800.csv
10_01_800,L=1.6um,161616,RVE3,1,0.0,0.0,F:\1_job\20251124\CPFE_PARAMATER_TEST_PBC\1_CPFE_3DMODEL_BUILD\4_BASE_ROOT\job\161616\RVE3\10_01_800.csv
10_01_800,L=1.6um,161616,RVE3,2,0.0059820717293904,148.24325758987302,F:\1_job\20251124\CPFE_PARAMATER_TEST_PBC\1_CPFE_3DMODEL_BUILD\4_BASE_ROOT\job\161616\RVE3\10_01_800.csv
10_01_800,L=1.6um,161616,RVE3,3,0.011928570968345,155.09415121484977,F:\1_job\20251124\CPFE_PARAMATER_TEST_PBC\1_CPFE_3DMODEL_BUILD\4_BASE_ROOT\job\161616\RVE3\10_01_800.csv
10_01_800,L=1.6um,161616,RVE3,4,0.0178399173671714,157.1084407564225,F:\1_job\20251124\CPFE_PARAMATER_TEST_PBC\1_CPFE_3DMODEL_BUILD\4_BASE_ROOT\job\161616\RVE3\10_01_800.csv
10_01_800,L=1.6um,161616,RVE3,5,0.0237165268210428,156.82037356710475,F:\1_job\20251124\CPFE_PARAMATER_TEST_PBC\1_CPFE_3DMODEL_BUILD\4_BASE_ROOT\job\161616\RVE3\10_01_800.csv
10_01_800,L=1.6um,161616,RVE3,6,0.0295588015905227,155.74976359598932,F:\1_job\20251124\CPFE_PARAMATER_TEST_PBC\1_CPFE_3DMODEL_BUILD\4_BASE_ROOT\job\161616\RVE3\10_01_800.csv
10_01_800,L=1.6um,161616,RVE3,7,0.0353671423414218,154.2543351130934,F:\1_job\20251124\CPFE_PARAMATER_TEST_PBC\1_CPFE_3DMODEL_BUILD\4_BASE_ROOT\job\161616\RVE3\10_01_800.csv
10_01_800,L=1.6um,161616,RVE3,8,0.0411419427877547,152.48745752035137,F:\1_job\20251124\CPFE_PARAMATER_TEST_PBC\1_CPFE_3DMODEL_BUILD\4_BASE_ROOT\job\161616\RVE3\10_01_800.csv
10_01_800,L=1.6um,161616,RVE3,9,0.046883586296973,150.53050011428903,F:\1_job\20251124\CPFE_PARAMATER_TEST_PBC\1_CPFE_3DMODEL_BUILD\4_BASE_ROOT\job\161616\RVE3\10_01_800.csv
10_01_800,L=1.6um,161616,RVE3,10,0.0525924514481166,148.4311400538339,F:\1_job\20251124\CPFE_PARAMATER_TEST_PBC\1_CPFE_3DMODEL_BUILD\4_BASE_ROOT\job\161616\RVE3\10_01_800.csv
10_01_800,L=1.6um,161616,RVE3,11,0.0582689068587828,146.2178735075187,F:\1_job\20251124\CPFE_PARAMATER_TEST_PBC\1_CPFE_3DMODEL_BUILD\4_BASE_ROOT\job\161616\RVE3\10_01_800.csv
10_01_800,L=1.6um,161616,RVE3,12,0.063913325408167,143.91135586440518,F:\1_job\20251124\CPFE_PARAMATER_TEST_PBC\1_CPFE_3DMODEL_BUILD\4_BASE_ROOT\job\161616\RVE3\10_01_800.csv
10_01_800,L=1.6um,161616,RVE3,13,0.0695260597573401,141.52426988691192,F:\1_job\20251124\CPFE_PARAMATER_TEST_PBC\1_CPFE_3DMODEL_BUILD\4_BASE_ROOT\job\161616\RVE3\10_01_800.csv
10_01_800,L=1.6um,161616,RVE3,14,0.0751074739796861,139.06957483191428,F:\1_job\20251124\CPFE_PARAMATER_TEST_PBC\1_CPFE_3DMODEL_BUILD\4_BASE_ROOT\job\161616\RVE3\10_01_800.csv
10_01_800,L=1.6um,161616,RVE3,15,0.0806579019727236,136.55982122459554,F:\1_job\20251124\CPFE_PARAMATER_TEST_PBC\1_CPFE_3DMODEL_BUILD\4_BASE_ROOT\job\161616\RVE3\10_01_800.csv
10_01_800,L=1.6um,161616,RVE3,16,0.0861776995220419,134.0129856691874,F:\1_job\20251124\CPFE_PARAMATER_TEST_PBC\1_CPFE_3DMODEL_BUILD\4_BASE_ROOT\job\161616\RVE3\10_01_800.csv
10_01_800,L=1.6um,161616,RVE3,17,0.0916671892871969,131.45442549462095,F:\1_job\20251124\CPFE_PARAMATER_TEST_PBC\1_CPFE_3DMODEL_BUILD\4_BASE_ROOT\job\161616\RVE3\10_01_800.csv
10_01_800,L=1.6um,161616,RVE3,18,0.0971267089999163,128.88801109834526,F:\1_job\20251124\CPFE_PARAMATER_TEST_PBC\1_CPFE_3DMODEL_BUILD\4_BASE_ROOT\job\161616\RVE3\10_01_800.csv
10_01_800,L=1.6um,161616,RVE3,19,0.1025565908534479,126.05716927928869,F:\1_job\20251124\CPFE_PARAMATER_TEST_PBC\1_CPFE_3DMODEL_BUILD\4_BASE_ROOT\job\161616\RVE3\10_01_800.csv
10_01_800,L=1.6um,161616,RVE3,20,0.1079571415585973,121.49287805611252,F:\1_job\20251124\CPFE_PARAMATER_TEST_PBC\1_CPFE_3DMODEL_BUILD\4_BASE_ROOT\job\161616\RVE3\10_01_800.csv
10_01_800,L=1.6um,161616,RVE3,21,0.1133286829121737,119.55949516274156,F:\1_job\20251124\CPFE_PARAMATER_TEST_PBC\1_CPFE_3DMODEL_BUILD\4_BASE_ROOT\job\161616\RVE3\10_01_800.csv
10_01_800,L=1.6um,161616,RVE3,22,0.1186715315172836,116.60353572791148,F:\1_job\20251124\CPFE_PARAMATER_TEST_PBC\1_CPFE_3DMODEL_BUILD\4_BASE_ROOT\job\161616\RVE3\10_01_800.csv
10_01_800,L=1.6um,161616,RVE3,23,0.1239859791491398,114.0255777413397,F:\1_job\20251124\CPFE_PARAMATER_TEST_PBC\1_CPFE_3DMODEL_BUILD\4_BASE_ROOT\job\161616\RVE3\10_01_800.csv
10_01_800,L=1.6um,161616,RVE3,24,0.1292723326662926,111.46497609132578,F:\1_job\20251124\CPFE_PARAMATER_TEST_PBC\1_CPFE_3DMODEL_BUILD\4_BASE_ROOT\job\161616\RVE3\10_01_800.csv
10_01_800,L=1.6um,161616,RVE3,25,0.134530887539002,108.90537548658318,F:\1_job\20251124\CPFE_PARAMATER_TEST_PBC\1_CPFE_3DMODEL_BUILD\4_BASE_ROOT\job\161616\RVE3\10_01_800.csv
10_01_800,L=1.6um,161616,RVE3,26,0.1397619475581712,106.31733815342103,F:\1_job\20251124\CPFE_PARAMATER_TEST_PBC\1_CPFE_3DMODEL_BUILD\4_BASE_ROOT\job\161616\RVE3\10_01_800.csv
10_01_800,L=1.6um,161616,RVE3,27,0.1449657730344857,103.90988116585744,F:\1_job\20251124\CPFE_PARAMATER_TEST_PBC\1_CPFE_3DMODEL_BUILD\4_BASE_ROOT\job\161616\RVE3\10_01_800.csv
10_01_800,L=1.6um,161616,RVE3,28,0.1501426588400785,101.5450827449027,F:\1_job\20251124\CPFE_PARAMATER_TEST_PBC\1_CPFE_3DMODEL_BUILD\4_BASE_ROOT\job\161616\RVE3\10_01_800.csv
10_01_800,L=2.0um,202020,RVE1,1,0.0,0.0,F:\1_job\20251124\CPFE_PARAMATER_TEST_PBC\1_CPFE_3DMODEL_BUILD\4_BASE_ROOT\job\202020\RVE1\10_01_800.csv
10_01_800,L=2.0um,202020,RVE1,2,0.0059820717293904,151.88761029840165,F:\1_job\20251124\CPFE_PARAMATER_TEST_PBC\1_CPFE_3DMODEL_BUILD\4_BASE_ROOT\job\202020\RVE1\10_01_800.csv
10_01_800,L=2.0um,202020,RVE1,3,0.011928570968345,157.23939192294517,F:\1_job\20251124\CPFE_PARAMATER_TEST_PBC\1_CPFE_3DMODEL_BUILD\4_BASE_ROOT\job\202020\RVE1\10_01_800.csv
10_01_800,L=2.0um,202020,RVE1,4,0.0178399173671714,158.6419317945314,F:\1_job\20251124\CPFE_PARAMATER_TEST_PBC\1_CPFE_3DMODEL_BUILD\4_BASE_ROOT\job\202020\RVE1\10_01_800.csv
10_01_800,L=2.0um,202020,RVE1,5,0.0237165268210428,158.31553128225312,F:\1_job\20251124\CPFE_PARAMATER_TEST_PBC\1_CPFE_3DMODEL_BUILD\4_BASE_ROOT\job\202020\RVE1\10_01_800.csv
10_01_800,L=2.0um,202020,RVE1,6,0.0295588015905227,157.2632056166124,F:\1_job\20251124\CPFE_PARAMATER_TEST_PBC\1_CPFE_3DMODEL_BUILD\4_BASE_ROOT\job\202020\RVE1\10_01_800.csv
10_01_800,L=2.0um,202020,RVE1,7,0.0353671423414218,155.8041497913514,F:\1_job\20251124\CPFE_PARAMATER_TEST_PBC\1_CPFE_3DMODEL_BUILD\4_BASE_ROOT\job\202020\RVE1\10_01_800.csv
10_01_800,L=2.0um,202020,RVE1,8,0.0411419427877547,154.08439844532012,F:\1_job\20251124\CPFE_PARAMATER_TEST_PBC\1_CPFE_3DMODEL_BUILD\4_BASE_ROOT\job\202020\RVE1\10_01_800.csv
10_01_800,L=2.0um,202020,RVE1,9,0.046883586296973,152.17935150101573,F:\1_job\20251124\CPFE_PARAMATER_TEST_PBC\1_CPFE_3DMODEL_BUILD\4_BASE_ROOT\job\202020\RVE1\10_01_800.csv
10_01_800,L=2.0um,202020,RVE1,10,0.0525924514481166,150.13395002862148,F:\1_job\20251124\CPFE_PARAMATER_TEST_PBC\1_CPFE_3DMODEL_BUILD\4_BASE_ROOT\job\202020\RVE1\10_01_800.csv
10_01_800,L=2.0um,202020,RVE1,11,0.0582689068587828,147.9736771809488,F:\1_job\20251124\CPFE_PARAMATER_TEST_PBC\1_CPFE_3DMODEL_BUILD\4_BASE_ROOT\job\202020\RVE1\10_01_800.csv
10_01_800,L=2.0um,202020,RVE1,12,0.063913325408167,145.72349796746926,F:\1_job\20251124\CPFE_PARAMATER_TEST_PBC\1_CPFE_3DMODEL_BUILD\4_BASE_ROOT\job\202020\RVE1\10_01_800.csv
10_01_800,L=2.0um,202020,RVE1,13,0.0695260597573401,143.39727302289975,F:\1_job\20251124\CPFE_PARAMATER_TEST_PBC\1_CPFE_3DMODEL_BUILD\4_BASE_ROOT\job\202020\RVE1\10_01_800.csv
10_01_800,L=2.0um,202020,RVE1,14,0.0751074739796861,141.0144277007521,F:\1_job\20251124\CPFE_PARAMATER_TEST_PBC\1_CPFE_3DMODEL_BUILD\4_BASE_ROOT\job\202020\RVE1\10_01_800.csv
10_01_800,L=2.0um,202020,RVE1,15,0.0806579019727236,138.59171387498435,F:\1_job\20251124\CPFE_PARAMATER_TEST_PBC\1_CPFE_3DMODEL_BUILD\4_BASE_ROOT\job\202020\RVE1\10_01_800.csv
10_01_800,L=2.0um,202020,RVE1,16,0.0861776995220419,136.13760916553815,F:\1_job\20251124\CPFE_PARAMATER_TEST_PBC\1_CPFE_3DMODEL_BUILD\4_BASE_ROOT\job\202020\RVE1\10_01_800.csv
10_01_800,L=2.0um,202020,RVE1,17,0.0916671892871969,133.66348484297873,F:\1_job\20251124\CPFE_PARAMATER_TEST_PBC\1_CPFE_3DMODEL_BUILD\4_BASE_ROOT\job\202020\RVE1\10_01_800.csv
10_01_800,L=2.0um,202020,RVE1,18,0.0971267089999163,131.18843692198607,F:\1_job\20251124\CPFE_PARAMATER_TEST_PBC\1_CPFE_3DMODEL_BUILD\4_BASE_ROOT\job\202020\RVE1\10_01_800.csv
10_01_800,L=2.0um,202020,RVE1,19,0.1025565908534479,128.73115169266566,F:\1_job\20251124\CPFE_PARAMATER_TEST_PBC\1_CPFE_3DMODEL_BUILD\4_BASE_ROOT\job\202020\RVE1\10_01_800.csv
10_01_800,L=2.0um,202020,RVE1,20,0.1079571415585973,126.30422055729504,F:\1_job\20251124\CPFE_PARAMATER_TEST_PBC\1_CPFE_3DMODEL_BUILD\4_BASE_ROOT\job\202020\RVE1\10_01_800.csv
10_01_800,L=2.0um,202020,RVE1,21,0.1133286829121737,123.91153534778424,F:\1_job\20251124\CPFE_PARAMATER_TEST_PBC\1_CPFE_3DMODEL_BUILD\4_BASE_ROOT\job\202020\RVE1\10_01_800.csv
10_01_800,L=2.0um,202020,RVE1,22,0.1186715315172836,121.56741776029912,F:\1_job\20251124\CPFE_PARAMATER_TEST_PBC\1_CPFE_3DMODEL_BUILD\4_BASE_ROOT\job\202020\RVE1\10_01_800.csv
10_01_800,L=2.0um,202020,RVE1,23,0.1239859791491398,119.26455830476948,F:\1_job\20251124\CPFE_PARAMATER_TEST_PBC\1_CPFE_3DMODEL_BUILD\4_BASE_ROOT\job\202020\RVE1\10_01_800.csv
10_01_800,L=2.0um,202020,RVE1,24,0.1292723326662926,117.01650448155794,F:\1_job\20251124\CPFE_PARAMATER_TEST_PBC\1_CPFE_3DMODEL_BUILD\4_BASE_ROOT\job\202020\RVE1\10_01_800.csv
10_01_800,L=2.0um,202020,RVE1,25,0.134530887539002,114.82488847693048,F:\1_job\20251124\CPFE_PARAMATER_TEST_PBC\1_CPFE_3DMODEL_BUILD\4_BASE_ROOT\job\202020\RVE1\10_01_800.csv
10_01_800,L=2.0um,202020,RVE1,26,0.1397619475581712,112.6997812390316,F:\1_job\20251124\CPFE_PARAMATER_TEST_PBC\1_CPFE_3DMODEL_BUILD\4_BASE_ROOT\job\202020\RVE1\10_01_800.csv
10_01_800,L=2.0um,202020,RVE1,27,0.1449657730344857,110.64246142866727,F:\1_job\20251124\CPFE_PARAMATER_TEST_PBC\1_CPFE_3DMODEL_BUILD\4_BASE_ROOT\job\202020\RVE1\10_01_800.csv
10_01_800,L=2.0um,202020,RVE1,28,0.1501426588400785,108.62397671388636,F:\1_job\20251124\CPFE_PARAMATER_TEST_PBC\1_CPFE_3DMODEL_BUILD\4_BASE_ROOT\job\202020\RVE1\10_01_800.csv
10_01_800,L=2.0um,202020,RVE2,1,0.0,0.0,F:\1_job\20251124\CPFE_PARAMATER_TEST_PBC\1_CPFE_3DMODEL_BUILD\4_BASE_ROOT\job\202020\RVE2\10_01_800.csv
10_01_800,L=2.0um,202020,RVE2,2,0.0059820717293904,146.76569245145643,F:\1_job\20251124\CPFE_PARAMATER_TEST_PBC\1_CPFE_3DMODEL_BUILD\4_BASE_ROOT\job\202020\RVE2\10_01_800.csv
10_01_800,L=2.0um,202020,RVE2,3,0.011928570968345,150.6171200106415,F:\1_job\20251124\CPFE_PARAMATER_TEST_PBC\1_CPFE_3DMODEL_BUILD\4_BASE_ROOT\job\202020\RVE2\10_01_800.csv
10_01_800,L=2.0um,202020,RVE2,4,0.0178399173671714,150.21012809001184,F:\1_job\20251124\CPFE_PARAMATER_TEST_PBC\1_CPFE_3DMODEL_BUILD\4_BASE_ROOT\job\202020\RVE2\10_01_800.csv
10_01_800,L=2.0um,202020,RVE2,5,0.0237165268210428,150.19998440559976,F:\1_job\20251124\CPFE_PARAMATER_TEST_PBC\1_CPFE_3DMODEL_BUILD\4_BASE_ROOT\job\202020\RVE2\10_01_800.csv
10_01_800,L=2.0um,202020,RVE2,6,0.0295588015905227,149.03063955141533,F:\1_job\20251124\CPFE_PARAMATER_TEST_PBC\1_CPFE_3DMODEL_BUILD\4_BASE_ROOT\job\202020\RVE2\10_01_800.csv
10_01_800,L=2.0um,202020,RVE2,7,0.0353671423414218,147.6133222279202,F:\1_job\20251124\CPFE_PARAMATER_TEST_PBC\1_CPFE_3DMODEL_BUILD\4_BASE_ROOT\job\202020\RVE2\10_01_800.csv
10_01_800,L=2.0um,202020,RVE2,8,0.0411419427877547,146.06537403561532,F:\1_job\20251124\CPFE_PARAMATER_TEST_PBC\1_CPFE_3DMODEL_BUILD\4_BASE_ROOT\job\202020\RVE2\10_01_800.csv
10_01_800,L=2.0um,202020,RVE2,9,0.046883586296973,144.42975481824294,F:\1_job\20251124\CPFE_PARAMATER_TEST_PBC\1_CPFE_3DMODEL_BUILD\4_BASE_ROOT\job\202020\RVE2\10_01_800.csv
10_01_800,L=2.0um,202020,RVE2,10,0.0525924514481166,142.72926871384942,F:\1_job\20251124\CPFE_PARAMATER_TEST_PBC\1_CPFE_3DMODEL_BUILD\4_BASE_ROOT\job\202020\RVE2\10_01_800.csv
10_01_800,L=2.0um,202020,RVE2,11,0.0582689068587828,140.9786250047403,F:\1_job\20251124\CPFE_PARAMATER_TEST_PBC\1_CPFE_3DMODEL_BUILD\4_BASE_ROOT\job\202020\RVE2\10_01_800.csv
10_01_800,L=2.0um,202020,RVE2,12,0.063913325408167,139.1853017416354,F:\1_job\20251124\CPFE_PARAMATER_TEST_PBC\1_CPFE_3DMODEL_BUILD\4_BASE_ROOT\job\202020\RVE2\10_01_800.csv
10_01_800,L=2.0um,202020,RVE2,13,0.0695260597573401,137.35417074545012,F:\1_job\20251124\CPFE_PARAMATER_TEST_PBC\1_CPFE_3DMODEL_BUILD\4_BASE_ROOT\job\202020\RVE2\10_01_800.csv
10_01_800,L=2.0um,202020,RVE2,14,0.0751074739796861,135.49061528405844,F:\1_job\20251124\CPFE_PARAMATER_TEST_PBC\1_CPFE_3DMODEL_BUILD\4_BASE_ROOT\job\202020\RVE2\10_01_800.csv
10_01_800,L=2.0um,202020,RVE2,15,0.0806579019727236,133.60161872638906,F:\1_job\20251124\CPFE_PARAMATER_TEST_PBC\1_CPFE_3DMODEL_BUILD\4_BASE_ROOT\job\202020\RVE2\10_01_800.csv
10_01_800,L=2.0um,202020,RVE2,16,0.0861776995220419,131.6943905382891,F:\1_job\20251124\CPFE_PARAMATER_TEST_PBC\1_CPFE_3DMODEL_BUILD\4_BASE_ROOT\job\202020\RVE2\10_01_800.csv
10_01_800,L=2.0um,202020,RVE2,17,0.0916671892871969,129.77495590935405,F:\1_job\20251124\CPFE_PARAMATER_TEST_PBC\1_CPFE_3DMODEL_BUILD\4_BASE_ROOT\job\202020\RVE2\10_01_800.csv
10_01_800,L=2.0um,202020,RVE2,18,0.0971267089999163,127.85112705227402,F:\1_job\20251124\CPFE_PARAMATER_TEST_PBC\1_CPFE_3DMODEL_BUILD\4_BASE_ROOT\job\202020\RVE2\10_01_800.csv
10_01_800,L=2.0um,202020,RVE2,19,0.1025565908534479,125.93028843485166,F:\1_job\20251124\CPFE_PARAMATER_TEST_PBC\1_CPFE_3DMODEL_BUILD\4_BASE_ROOT\job\202020\RVE2\10_01_800.csv
10_01_800,L=2.0um,202020,RVE2,20,0.1079571415585973,124.01396431632776,F:\1_job\20251124\CPFE_PARAMATER_TEST_PBC\1_CPFE_3DMODEL_BUILD\4_BASE_ROOT\job\202020\RVE2\10_01_800.csv
10_01_800,L=2.0um,202020,RVE2,21,0.1133286829121737,122.11633271536472,F:\1_job\20251124\CPFE_PARAMATER_TEST_PBC\1_CPFE_3DMODEL_BUILD\4_BASE_ROOT\job\202020\RVE2\10_01_800.csv
10_01_800,L=2.0um,202020,RVE2,22,0.1186715315172836,120.2431702145808,F:\1_job\20251124\CPFE_PARAMATER_TEST_PBC\1_CPFE_3DMODEL_BUILD\4_BASE_ROOT\job\202020\RVE2\10_01_800.csv
10_01_800,L=2.0um,202020,RVE2,23,0.1239859791491398,118.394994859274,F:\1_job\20251124\CPFE_PARAMATER_TEST_PBC\1_CPFE_3DMODEL_BUILD\4_BASE_ROOT\job\202020\RVE2\10_01_800.csv
10_01_800,L=2.0um,202020,RVE2,24,0.1292723326662926,116.5690386320872,F:\1_job\20251124\CPFE_PARAMATER_TEST_PBC\1_CPFE_3DMODEL_BUILD\4_BASE_ROOT\job\202020\RVE2\10_01_800.csv
10_01_800,L=2.0um,202020,RVE2,25,0.134530887539002,114.77246794498797,F:\1_job\20251124\CPFE_PARAMATER_TEST_PBC\1_CPFE_3DMODEL_BUILD\4_BASE_ROOT\job\202020\RVE2\10_01_800.csv
10_01_800,L=2.0um,202020,RVE2,26,0.1397619475581712,113.01477834149432,F:\1_job\20251124\CPFE_PARAMATER_TEST_PBC\1_CPFE_3DMODEL_BUILD\4_BASE_ROOT\job\202020\RVE2\10_01_800.csv
10_01_800,L=2.0um,202020,RVE2,27,0.1449657730344857,111.29829422468276,F:\1_job\20251124\CPFE_PARAMATER_TEST_PBC\1_CPFE_3DMODEL_BUILD\4_BASE_ROOT\job\202020\RVE2\10_01_800.csv
10_01_800,L=2.0um,202020,RVE2,28,0.1501426588400785,109.6156288901966,F:\1_job\20251124\CPFE_PARAMATER_TEST_PBC\1_CPFE_3DMODEL_BUILD\4_BASE_ROOT\job\202020\RVE2\10_01_800.csv
10_01_800,L=2.0um,202020,RVE3,1,0.0,0.0,F:\1_job\20251124\CPFE_PARAMATER_TEST_PBC\1_CPFE_3DMODEL_BUILD\4_BASE_ROOT\job\202020\RVE3\10_01_800.csv
10_01_800,L=2.0um,202020,RVE3,2,0.0059820717293904,142.64380332160408,F:\1_job\20251124\CPFE_PARAMATER_TEST_PBC\1_CPFE_3DMODEL_BUILD\4_BASE_ROOT\job\202020\RVE3\10_01_800.csv
10_01_800,L=2.0um,202020,RVE3,3,0.011928570968345,148.58657264715094,F:\1_job\20251124\CPFE_PARAMATER_TEST_PBC\1_CPFE_3DMODEL_BUILD\4_BASE_ROOT\job\202020\RVE3\10_01_800.csv
10_01_800,L=2.0um,202020,RVE3,4,0.0178399173671714,149.05287073615636,F:\1_job\20251124\CPFE_PARAMATER_TEST_PBC\1_CPFE_3DMODEL_BUILD\4_BASE_ROOT\job\202020\RVE3\10_01_800.csv
10_01_800,L=2.0um,202020,RVE3,5,0.0237165268210428,149.58646878047475,F:\1_job\20251124\CPFE_PARAMATER_TEST_PBC\1_CPFE_3DMODEL_BUILD\4_BASE_ROOT\job\202020\RVE3\10_01_800.csv
10_01_800,L=2.0um,202020,RVE3,6,0.0295588015905227,148.81115789262267,F:\1_job\20251124\CPFE_PARAMATER_TEST_PBC\1_CPFE_3DMODEL_BUILD\4_BASE_ROOT\job\202020\RVE3\10_01_800.csv
10_01_800,L=2.0um,202020,RVE3,7,0.0353671423414218,147.6845061267395,F:\1_job\20251124\CPFE_PARAMATER_TEST_PBC\1_CPFE_3DMODEL_BUILD\4_BASE_ROOT\job\202020\RVE3\10_01_800.csv
10_01_800,L=2.0um,202020,RVE3,8,0.0411419427877547,146.35126578961035,F:\1_job\20251124\CPFE_PARAMATER_TEST_PBC\1_CPFE_3DMODEL_BUILD\4_BASE_ROOT\job\202020\RVE3\10_01_800.csv
10_01_800,L=2.0um,202020,RVE3,9,0.046883586296973,144.8649716152912,F:\1_job\20251124\CPFE_PARAMATER_TEST_PBC\1_CPFE_3DMODEL_BUILD\4_BASE_ROOT\job\202020\RVE3\10_01_800.csv
10_01_800,L=2.0um,202020,RVE3,10,0.0525924514481166,143.26566104854663,F:\1_job\20251124\CPFE_PARAMATER_TEST_PBC\1_CPFE_3DMODEL_BUILD\4_BASE_ROOT\job\202020\RVE3\10_01_800.csv
10_01_800,L=2.0um,202020,RVE3,11,0.0582689068587828,141.57042706697985,F:\1_job\20251124\CPFE_PARAMATER_TEST_PBC\1_CPFE_3DMODEL_BUILD\4_BASE_ROOT\job\202020\RVE3\10_01_800.csv
10_01_800,L=2.0um,202020,RVE3,12,0.063913325408167,139.791758406471,F:\1_job\20251124\CPFE_PARAMATER_TEST_PBC\1_CPFE_3DMODEL_BUILD\4_BASE_ROOT\job\202020\RVE3\10_01_800.csv
10_01_800,L=2.0um,202020,RVE3,13,0.0695260597573401,137.9395865152419,F:\1_job\20251124\CPFE_PARAMATER_TEST_PBC\1_CPFE_3DMODEL_BUILD\4_BASE_ROOT\job\202020\RVE3\10_01_800.csv
10_01_800,L=2.0um,202020,RVE3,14,0.0751074739796861,136.02422002118317,F:\1_job\20251124\CPFE_PARAMATER_TEST_PBC\1_CPFE_3DMODEL_BUILD\4_BASE_ROOT\job\202020\RVE3\10_01_800.csv
10_01_800,L=2.0um,202020,RVE3,15,0.0806579019727236,134.04654237094377,F:\1_job\20251124\CPFE_PARAMATER_TEST_PBC\1_CPFE_3DMODEL_BUILD\4_BASE_ROOT\job\202020\RVE3\10_01_800.csv
10_01_800,L=2.0um,202020,RVE3,16,0.0861776995220419,132.0152898923693,F:\1_job\20251124\CPFE_PARAMATER_TEST_PBC\1_CPFE_3DMODEL_BUILD\4_BASE_ROOT\job\202020\RVE3\10_01_800.csv
10_01_800,L=2.0um,202020,RVE3,17,0.0916671892871969,129.93447428105753,F:\1_job\20251124\CPFE_PARAMATER_TEST_PBC\1_CPFE_3DMODEL_BUILD\4_BASE_ROOT\job\202020\RVE3\10_01_800.csv
10_01_800,L=2.0um,202020,RVE3,18,0.0971267089999163,127.81682407381776,F:\1_job\20251124\CPFE_PARAMATER_TEST_PBC\1_CPFE_3DMODEL_BUILD\4_BASE_ROOT\job\202020\RVE3\10_01_800.csv
10_01_800,L=2.0um,202020,RVE3,19,0.1025565908534479,125.67428660314972,F:\1_job\20251124\CPFE_PARAMATER_TEST_PBC\1_CPFE_3DMODEL_BUILD\4_BASE_ROOT\job\202020\RVE3\10_01_800.csv
10_01_800,L=2.0um,202020,RVE3,20,0.1079571415585973,123.52500847523714,F:\1_job\20251124\CPFE_PARAMATER_TEST_PBC\1_CPFE_3DMODEL_BUILD\4_BASE_ROOT\job\202020\RVE3\10_01_800.csv
10_01_800,L=2.0um,202020,RVE3,21,0.1133286829121737,121.37013886949546,F:\1_job\20251124\CPFE_PARAMATER_TEST_PBC\1_CPFE_3DMODEL_BUILD\4_BASE_ROOT\job\202020\RVE3\10_01_800.csv
10_01_800,L=2.0um,202020,RVE3,22,0.1186715315172836,119.21744943331578,F:\1_job\20251124\CPFE_PARAMATER_TEST_PBC\1_CPFE_3DMODEL_BUILD\4_BASE_ROOT\job\202020\RVE3\10_01_800.csv
10_01_800,L=2.0um,202020,RVE3,23,0.1239859791491398,117.07617064135728,F:\1_job\20251124\CPFE_PARAMATER_TEST_PBC\1_CPFE_3DMODEL_BUILD\4_BASE_ROOT\job\202020\RVE3\10_01_800.csv
10_01_800,L=2.0um,202020,RVE3,24,0.1292723326662926,114.95781254750432,F:\1_job\20251124\CPFE_PARAMATER_TEST_PBC\1_CPFE_3DMODEL_BUILD\4_BASE_ROOT\job\202020\RVE3\10_01_800.csv
10_01_800,L=2.0um,202020,RVE3,25,0.134530887539002,112.86249627564985,F:\1_job\20251124\CPFE_PARAMATER_TEST_PBC\1_CPFE_3DMODEL_BUILD\4_BASE_ROOT\job\202020\RVE3\10_01_800.csv
10_01_800,L=2.0um,202020,RVE3,26,0.1397619475581712,110.7868989964511,F:\1_job\20251124\CPFE_PARAMATER_TEST_PBC\1_CPFE_3DMODEL_BUILD\4_BASE_ROOT\job\202020\RVE3\10_01_800.csv
10_01_800,L=2.0um,202020,RVE3,27,0.1449657730344857,108.7386933264428,F:\1_job\20251124\CPFE_PARAMATER_TEST_PBC\1_CPFE_3DMODEL_BUILD\4_BASE_ROOT\job\202020\RVE3\10_01_800.csv
10_01_800,L=2.0um,202020,RVE3,28,0.1501426588400785,106.7093434123194,F:\1_job\20251124\CPFE_PARAMATER_TEST_PBC\1_CPFE_3DMODEL_BUILD\4_BASE_ROOT\job\202020\RVE3\10_01_800.csv
10_01_800,L=2.4um,242424,RVE1,1,0.0,0.0,F:\1_job\20251124\CPFE_PARAMATER_TEST_PBC\1_CPFE_3DMODEL_BUILD\4_BASE_ROOT\job\242424\RVE1\10_01_800.csv
10_01_800,L=2.4um,242424,RVE1,2,0.0059820717293904,155.5437697738471,F:\1_job\20251124\CPFE_PARAMATER_TEST_PBC\1_CPFE_3DMODEL_BUILD\4_BASE_ROOT\job\242424\RVE1\10_01_800.csv
10_01_800,L=2.4um,242424,RVE1,3,0.011928570968345,162.68143125727343,F:\1_job\20251124\CPFE_PARAMATER_TEST_PBC\1_CPFE_3DMODEL_BUILD\4_BASE_ROOT\job\242424\RVE1\10_01_800.csv
10_01_800,L=2.4um,242424,RVE1,4,0.0178399173671714,162.9171499848966,F:\1_job\20251124\CPFE_PARAMATER_TEST_PBC\1_CPFE_3DMODEL_BUILD\4_BASE_ROOT\job\242424\RVE1\10_01_800.csv
10_01_800,L=2.4um,242424,RVE1,5,0.0237165268210428,163.3662290552728,F:\1_job\20251124\CPFE_PARAMATER_TEST_PBC\1_CPFE_3DMODEL_BUILD\4_BASE_ROOT\job\242424\RVE1\10_01_800.csv
10_01_800,L=2.4um,242424,RVE1,6,0.0295588015905227,162.05470304182194,F:\1_job\20251124\CPFE_PARAMATER_TEST_PBC\1_CPFE_3DMODEL_BUILD\4_BASE_ROOT\job\242424\RVE1\10_01_800.csv
10_01_800,L=2.4um,242424,RVE1,7,0.0353671423414218,160.30128822366146,F:\1_job\20251124\CPFE_PARAMATER_TEST_PBC\1_CPFE_3DMODEL_BUILD\4_BASE_ROOT\job\242424\RVE1\10_01_800.csv
10_01_800,L=2.4um,242424,RVE1,8,0.0411419427877547,158.2959112437427,F:\1_job\20251124\CPFE_PARAMATER_TEST_PBC\1_CPFE_3DMODEL_BUILD\4_BASE_ROOT\job\242424\RVE1\10_01_800.csv
10_01_800,L=2.4um,242424,RVE1,9,0.046883586296973,156.1080705769704,F:\1_job\20251124\CPFE_PARAMATER_TEST_PBC\1_CPFE_3DMODEL_BUILD\4_BASE_ROOT\job\242424\RVE1\10_01_800.csv
10_01_800,L=2.4um,242424,RVE1,10,0.0525924514481166,153.77439572319062,F:\1_job\20251124\CPFE_PARAMATER_TEST_PBC\1_CPFE_3DMODEL_BUILD\4_BASE_ROOT\job\242424\RVE1\10_01_800.csv
10_01_800,L=2.4um,242424,RVE1,11,0.0582689068587828,151.31584978385962,F:\1_job\20251124\CPFE_PARAMATER_TEST_PBC\1_CPFE_3DMODEL_BUILD\4_BASE_ROOT\job\242424\RVE1\10_01_800.csv
10_01_800,L=2.4um,242424,RVE1,12,0.063913325408167,148.75183448392855,F:\1_job\20251124\CPFE_PARAMATER_TEST_PBC\1_CPFE_3DMODEL_BUILD\4_BASE_ROOT\job\242424\RVE1\10_01_800.csv
10_01_800,L=2.4um,242424,RVE1,13,0.0695260597573401,146.09742058792818,F:\1_job\20251124\CPFE_PARAMATER_TEST_PBC\1_CPFE_3DMODEL_BUILD\4_BASE_ROOT\job\242424\RVE1\10_01_800.csv
10_01_800,L=2.4um,242424,RVE1,14,0.0751074739796861,143.3595629642346,F:\1_job\20251124\CPFE_PARAMATER_TEST_PBC\1_CPFE_3DMODEL_BUILD\4_BASE_ROOT\job\242424\RVE1\10_01_800.csv
10_01_800,L=2.4um,242424,RVE1,15,0.0806579019727236,140.553504267188,F:\1_job\20251124\CPFE_PARAMATER_TEST_PBC\1_CPFE_3DMODEL_BUILD\4_BASE_ROOT\job\242424\RVE1\10_01_800.csv
10_01_800,L=2.4um,242424,RVE1,16,0.0861776995220419,137.69167839298134,F:\1_job\20251124\CPFE_PARAMATER_TEST_PBC\1_CPFE_3DMODEL_BUILD\4_BASE_ROOT\job\242424\RVE1\10_01_800.csv
10_01_800,L=2.4um,242424,RVE1,17,0.0916671892871969,134.79728087339203,F:\1_job\20251124\CPFE_PARAMATER_TEST_PBC\1_CPFE_3DMODEL_BUILD\4_BASE_ROOT\job\242424\RVE1\10_01_800.csv
10_01_800,L=2.4um,242424,RVE1,18,0.0971267089999163,131.88685207145497,F:\1_job\20251124\CPFE_PARAMATER_TEST_PBC\1_CPFE_3DMODEL_BUILD\4_BASE_ROOT\job\242424\RVE1\10_01_800.csv
10_01_800,L=2.4um,242424,RVE1,19,0.1025565908534479,128.98727922909794,F:\1_job\20251124\CPFE_PARAMATER_TEST_PBC\1_CPFE_3DMODEL_BUILD\4_BASE_ROOT\job\242424\RVE1\10_01_800.csv
10_01_800,L=2.4um,242424,RVE1,20,0.1079571415585973,126.11477720087689,F:\1_job\20251124\CPFE_PARAMATER_TEST_PBC\1_CPFE_3DMODEL_BUILD\4_BASE_ROOT\job\242424\RVE1\10_01_800.csv
10_01_800,L=2.4um,242424,RVE1,21,0.1133286829121737,123.28275015234998,F:\1_job\20251124\CPFE_PARAMATER_TEST_PBC\1_CPFE_3DMODEL_BUILD\4_BASE_ROOT\job\242424\RVE1\10_01_800.csv
10_01_800,L=2.4um,242424,RVE1,22,0.1186715315172836,120.505333746462,F:\1_job\20251124\CPFE_PARAMATER_TEST_PBC\1_CPFE_3DMODEL_BUILD\4_BASE_ROOT\job\242424\RVE1\10_01_800.csv
10_01_800,L=2.4um,242424,RVE1,23,0.1239859791491398,117.79640568248524,F:\1_job\20251124\CPFE_PARAMATER_TEST_PBC\1_CPFE_3DMODEL_BUILD\4_BASE_ROOT\job\242424\RVE1\10_01_800.csv
10_01_800,L=2.4um,242424,RVE1,24,0.1292723326662926,115.1608942560074,F:\1_job\20251124\CPFE_PARAMATER_TEST_PBC\1_CPFE_3DMODEL_BUILD\4_BASE_ROOT\job\242424\RVE1\10_01_800.csv
10_01_800,L=2.4um,242424,RVE1,25,0.134530887539002,112.5876527972762,F:\1_job\20251124\CPFE_PARAMATER_TEST_PBC\1_CPFE_3DMODEL_BUILD\4_BASE_ROOT\job\242424\RVE1\10_01_800.csv
10_01_800,L=2.4um,242424,RVE1,26,0.1397619475581712,110.07891420621816,F:\1_job\20251124\CPFE_PARAMATER_TEST_PBC\1_CPFE_3DMODEL_BUILD\4_BASE_ROOT\job\242424\RVE1\10_01_800.csv
10_01_800,L=2.4um,242424,RVE1,27,0.1449657730344857,107.60665563238643,F:\1_job\20251124\CPFE_PARAMATER_TEST_PBC\1_CPFE_3DMODEL_BUILD\4_BASE_ROOT\job\242424\RVE1\10_01_800.csv
10_01_800,L=2.4um,242424,RVE1,28,0.1501426588400785,105.10215599346397,F:\1_job\20251124\CPFE_PARAMATER_TEST_PBC\1_CPFE_3DMODEL_BUILD\4_BASE_ROOT\job\242424\RVE1\10_01_800.csv
10_01_800,L=2.4um,242424,RVE2,1,0.0,0.0,F:\1_job\20251124\CPFE_PARAMATER_TEST_PBC\1_CPFE_3DMODEL_BUILD\4_BASE_ROOT\job\242424\RVE2\10_01_800.csv
10_01_800,L=2.4um,242424,RVE2,2,0.0059820717293904,157.73281024055174,F:\1_job\20251124\CPFE_PARAMATER_TEST_PBC\1_CPFE_3DMODEL_BUILD\4_BASE_ROOT\job\242424\RVE2\10_01_800.csv
10_01_800,L=2.4um,242424,RVE2,3,0.011928570968345,165.17193718246142,F:\1_job\20251124\CPFE_PARAMATER_TEST_PBC\1_CPFE_3DMODEL_BUILD\4_BASE_ROOT\job\242424\RVE2\10_01_800.csv
10_01_800,L=2.4um,242424,RVE2,4,0.0178399173671714,165.410430075874,F:\1_job\20251124\CPFE_PARAMATER_TEST_PBC\1_CPFE_3DMODEL_BUILD\4_BASE_ROOT\job\242424\RVE2\10_01_800.csv
10_01_800,L=2.4um,242424,RVE2,5,0.0237165268210428,165.93652347130572,F:\1_job\20251124\CPFE_PARAMATER_TEST_PBC\1_CPFE_3DMODEL_BUILD\4_BASE_ROOT\job\242424\RVE2\10_01_800.csv
10_01_800,L=2.4um,242424,RVE2,6,0.0295588015905227,164.64618795766955,F:\1_job\20251124\CPFE_PARAMATER_TEST_PBC\1_CPFE_3DMODEL_BUILD\4_BASE_ROOT\job\242424\RVE2\10_01_800.csv
10_01_800,L=2.4um,242424,RVE2,7,0.0353671423414218,162.89830013915147,F:\1_job\20251124\CPFE_PARAMATER_TEST_PBC\1_CPFE_3DMODEL_BUILD\4_BASE_ROOT\job\242424\RVE2\10_01_800.csv
10_01_800,L=2.4um,242424,RVE2,8,0.0411419427877547,160.8867642270104,F:\1_job\20251124\CPFE_PARAMATER_TEST_PBC\1_CPFE_3DMODEL_BUILD\4_BASE_ROOT\job\242424\RVE2\10_01_800.csv
10_01_800,L=2.4um,242424,RVE2,9,0.046883586296973,158.6825444888569,F:\1_job\20251124\CPFE_PARAMATER_TEST_PBC\1_CPFE_3DMODEL_BUILD\4_BASE_ROOT\job\242424\RVE2\10_01_800.csv
10_01_800,L=2.4um,242424,RVE2,10,0.0525924514481166,156.3251518278355,F:\1_job\20251124\CPFE_PARAMATER_TEST_PBC\1_CPFE_3DMODEL_BUILD\4_BASE_ROOT\job\242424\RVE2\10_01_800.csv
10_01_800,L=2.4um,242424,RVE2,11,0.0582689068587828,153.8418886216287,F:\1_job\20251124\CPFE_PARAMATER_TEST_PBC\1_CPFE_3DMODEL_BUILD\4_BASE_ROOT\job\242424\RVE2\10_01_800.csv
10_01_800,L=2.4um,242424,RVE2,12,0.063913325408167,151.25647711094564,F:\1_job\20251124\CPFE_PARAMATER_TEST_PBC\1_CPFE_3DMODEL_BUILD\4_BASE_ROOT\job\242424\RVE2\10_01_800.csv
10_01_800,L=2.4um,242424,RVE2,13,0.0695260597573401,148.58187441782178,F:\1_job\20251124\CPFE_PARAMATER_TEST_PBC\1_CPFE_3DMODEL_BUILD\4_BASE_ROOT\job\242424\RVE2\10_01_800.csv
10_01_800,L=2.4um,242424,RVE2,14,0.0751074739796861,145.82375834300265,F:\1_job\20251124\CPFE_PARAMATER_TEST_PBC\1_CPFE_3DMODEL_BUILD\4_BASE_ROOT\job\242424\RVE2\10_01_800.csv
10_01_800,L=2.4um,242424,RVE2,15,0.0806579019727236,142.99938688526757,F:\1_job\20251124\CPFE_PARAMATER_TEST_PBC\1_CPFE_3DMODEL_BUILD\4_BASE_ROOT\job\242424\RVE2\10_01_800.csv
10_01_800,L=2.4um,242424,RVE2,16,0.0861776995220419,140.1315313980952,F:\1_job\20251124\CPFE_PARAMATER_TEST_PBC\1_CPFE_3DMODEL_BUILD\4_BASE_ROOT\job\242424\RVE2\10_01_800.csv
10_01_800,L=2.4um,242424,RVE2,17,0.0916671892871969,137.2440993329644,F:\1_job\20251124\CPFE_PARAMATER_TEST_PBC\1_CPFE_3DMODEL_BUILD\4_BASE_ROOT\job\242424\RVE2\10_01_800.csv
10_01_800,L=2.4um,242424,RVE2,18,0.0971267089999163,134.34999455051445,F:\1_job\20251124\CPFE_PARAMATER_TEST_PBC\1_CPFE_3DMODEL_BUILD\4_BASE_ROOT\job\242424\RVE2\10_01_800.csv
10_01_800,L=2.4um,242424,RVE2,19,0.1025565908534479,131.45917547756014,F:\1_job\20251124\CPFE_PARAMATER_TEST_PBC\1_CPFE_3DMODEL_BUILD\4_BASE_ROOT\job\242424\RVE2\10_01_800.csv
10_01_800,L=2.4um,242424,RVE2,20,0.1079571415585973,128.59130425611394,F:\1_job\20251124\CPFE_PARAMATER_TEST_PBC\1_CPFE_3DMODEL_BUILD\4_BASE_ROOT\job\242424\RVE2\10_01_800.csv
10_01_800,L=2.4um,242424,RVE2,21,0.1133286829121737,125.74792054756033,F:\1_job\20251124\CPFE_PARAMATER_TEST_PBC\1_CPFE_3DMODEL_BUILD\4_BASE_ROOT\job\242424\RVE2\10_01_800.csv
10_01_800,L=2.4um,242424,RVE2,22,0.1186715315172836,122.95106775725102,F:\1_job\20251124\CPFE_PARAMATER_TEST_PBC\1_CPFE_3DMODEL_BUILD\4_BASE_ROOT\job\242424\RVE2\10_01_800.csv
10_01_800,L=2.4um,242424,RVE2,23,0.1239859791491398,120.21724749845824,F:\1_job\20251124\CPFE_PARAMATER_TEST_PBC\1_CPFE_3DMODEL_BUILD\4_BASE_ROOT\job\242424\RVE2\10_01_800.csv
10_01_800,L=2.4um,242424,RVE2,24,0.1292723326662926,117.55772811004188,F:\1_job\20251124\CPFE_PARAMATER_TEST_PBC\1_CPFE_3DMODEL_BUILD\4_BASE_ROOT\job\242424\RVE2\10_01_800.csv
10_01_800,L=2.4um,242424,RVE2,25,0.134530887539002,114.9730408407879,F:\1_job\20251124\CPFE_PARAMATER_TEST_PBC\1_CPFE_3DMODEL_BUILD\4_BASE_ROOT\job\242424\RVE2\10_01_800.csv
10_01_800,L=2.4um,242424,RVE2,26,0.1397619475581712,112.46895318573831,F:\1_job\20251124\CPFE_PARAMATER_TEST_PBC\1_CPFE_3DMODEL_BUILD\4_BASE_ROOT\job\242424\RVE2\10_01_800.csv
10_01_800,L=2.4um,242424,RVE2,27,0.1449657730344857,110.04606574287044,F:\1_job\20251124\CPFE_PARAMATER_TEST_PBC\1_CPFE_3DMODEL_BUILD\4_BASE_ROOT\job\242424\RVE2\10_01_800.csv
10_01_800,L=2.4um,242424,RVE2,28,0.1501426588400785,107.70673410102442,F:\1_job\20251124\CPFE_PARAMATER_TEST_PBC\1_CPFE_3DMODEL_BUILD\4_BASE_ROOT\job\242424\RVE2\10_01_800.csv
10_01_800,L=2.4um,242424,RVE3,1,0.0,0.0,F:\1_job\20251124\CPFE_PARAMATER_TEST_PBC\1_CPFE_3DMODEL_BUILD\4_BASE_ROOT\job\242424\RVE3\10_01_800.csv
10_01_800,L=2.4um,242424,RVE3,2,0.0059820717293904,157.8760267975321,F:\1_job\20251124\CPFE_PARAMATER_TEST_PBC\1_CPFE_3DMODEL_BUILD\4_BASE_ROOT\job\242424\RVE3\10_01_800.csv
10_01_800,L=2.4um,242424,RVE3,3,0.011928570968345,164.91964808150587,F:\1_job\20251124\CPFE_PARAMATER_TEST_PBC\1_CPFE_3DMODEL_BUILD\4_BASE_ROOT\job\242424\RVE3\10_01_800.csv
10_01_800,L=2.4um,242424,RVE3,4,0.0178399173671714,164.98340410460975,F:\1_job\20251124\CPFE_PARAMATER_TEST_PBC\1_CPFE_3DMODEL_BUILD\4_BASE_ROOT\job\242424\RVE3\10_01_800.csv
10_01_800,L=2.4um,242424,RVE3,5,0.0237165268210428,165.3607132860032,F:\1_job\20251124\CPFE_PARAMATER_TEST_PBC\1_CPFE_3DMODEL_BUILD\4_BASE_ROOT\job\242424\RVE3\10_01_800.csv
10_01_800,L=2.4um,242424,RVE3,6,0.0295588015905227,164.07515320869234,F:\1_job\20251124\CPFE_PARAMATER_TEST_PBC\1_CPFE_3DMODEL_BUILD\4_BASE_ROOT\job\242424\RVE3\10_01_800.csv
10_01_800,L=2.4um,242424,RVE3,7,0.0353671423414218,162.38188373152644,F:\1_job\20251124\CPFE_PARAMATER_TEST_PBC\1_CPFE_3DMODEL_BUILD\4_BASE_ROOT\job\242424\RVE3\10_01_800.csv
10_01_800,L=2.4um,242424,RVE3,8,0.0411419427877547,160.4537929793254,F:\1_job\20251124\CPFE_PARAMATER_TEST_PBC\1_CPFE_3DMODEL_BUILD\4_BASE_ROOT\job\242424\RVE3\10_01_800.csv
10_01_800,L=2.4um,242424,RVE3,9,0.046883586296973,158.35407687239763,F:\1_job\20251124\CPFE_PARAMATER_TEST_PBC\1_CPFE_3DMODEL_BUILD\4_BASE_ROOT\job\242424\RVE3\10_01_800.csv
10_01_800,L=2.4um,242424,RVE3,10,0.0525924514481166,156.1176953447785,F:\1_job\20251124\CPFE_PARAMATER_TEST_PBC\1_CPFE_3DMODEL_BUILD\4_BASE_ROOT\job\242424\RVE3\10_01_800.csv
10_01_800,L=2.4um,242424,RVE3,11,0.0582689068587828,153.76420884634766,F:\1_job\20251124\CPFE_PARAMATER_TEST_PBC\1_CPFE_3DMODEL_BUILD\4_BASE_ROOT\job\242424\RVE3\10_01_800.csv
10_01_800,L=2.4um,242424,RVE3,12,0.063913325408167,151.30802334901517,F:\1_job\20251124\CPFE_PARAMATER_TEST_PBC\1_CPFE_3DMODEL_BUILD\4_BASE_ROOT\job\242424\RVE3\10_01_800.csv
10_01_800,L=2.4um,242424,RVE3,13,0.0695260597573401,148.7565713042977,F:\1_job\20251124\CPFE_PARAMATER_TEST_PBC\1_CPFE_3DMODEL_BUILD\4_BASE_ROOT\job\242424\RVE3\10_01_800.csv
10_01_800,L=2.4um,242424,RVE3,14,0.0751074739796861,146.11841202403198,F:\1_job\20251124\CPFE_PARAMATER_TEST_PBC\1_CPFE_3DMODEL_BUILD\4_BASE_ROOT\job\242424\RVE3\10_01_800.csv
10_01_800,L=2.4um,242424,RVE3,15,0.0806579019727236,143.40313656271576,F:\1_job\20251124\CPFE_PARAMATER_TEST_PBC\1_CPFE_3DMODEL_BUILD\4_BASE_ROOT\job\242424\RVE3\10_01_800.csv
10_01_800,L=2.4um,242424,RVE3,16,0.0861776995220419,140.6259989054198,F:\1_job\20251124\CPFE_PARAMATER_TEST_PBC\1_CPFE_3DMODEL_BUILD\4_BASE_ROOT\job\242424\RVE3\10_01_800.csv
10_01_800,L=2.4um,242424,RVE3,17,0.0916671892871969,137.7957566215472,F:\1_job\20251124\CPFE_PARAMATER_TEST_PBC\1_CPFE_3DMODEL_BUILD\4_BASE_ROOT\job\242424\RVE3\10_01_800.csv
10_01_800,L=2.4um,242424,RVE3,18,0.0971267089999163,134.9362879113048,F:\1_job\20251124\CPFE_PARAMATER_TEST_PBC\1_CPFE_3DMODEL_BUILD\4_BASE_ROOT\job\242424\RVE3\10_01_800.csv
10_01_800,L=2.4um,242424,RVE3,19,0.1025565908534479,132.05638057047588,F:\1_job\20251124\CPFE_PARAMATER_TEST_PBC\1_CPFE_3DMODEL_BUILD\4_BASE_ROOT\job\242424\RVE3\10_01_800.csv
10_01_800,L=2.4um,242424,RVE3,20,0.1079571415585973,129.16209467060148,F:\1_job\20251124\CPFE_PARAMATER_TEST_PBC\1_CPFE_3DMODEL_BUILD\4_BASE_ROOT\job\242424\RVE3\10_01_800.csv
10_01_800,L=2.4um,242424,RVE3,21,0.1133286829121737,126.27655846766297,F:\1_job\20251124\CPFE_PARAMATER_TEST_PBC\1_CPFE_3DMODEL_BUILD\4_BASE_ROOT\job\242424\RVE3\10_01_800.csv
10_01_800,L=2.4um,242424,RVE3,22,0.1186715315172836,123.4098050784468,F:\1_job\20251124\CPFE_PARAMATER_TEST_PBC\1_CPFE_3DMODEL_BUILD\4_BASE_ROOT\job\242424\RVE3\10_01_800.csv
10_01_800,L=2.4um,242424,RVE3,23,0.1239859791491398,120.5753813087698,F:\1_job\20251124\CPFE_PARAMATER_TEST_PBC\1_CPFE_3DMODEL_BUILD\4_BASE_ROOT\job\242424\RVE3\10_01_800.csv
10_01_800,L=2.4um,242424,RVE3,24,0.1292723326662926,117.76699648508546,F:\1_job\20251124\CPFE_PARAMATER_TEST_PBC\1_CPFE_3DMODEL_BUILD\4_BASE_ROOT\job\242424\RVE3\10_01_800.csv
10_01_800,L=2.4um,242424,RVE3,25,0.134530887539002,115.00864997993142,F:\1_job\20251124\CPFE_PARAMATER_TEST_PBC\1_CPFE_3DMODEL_BUILD\4_BASE_ROOT\job\242424\RVE3\10_01_800.csv
10_01_800,L=2.4um,242424,RVE3,26,0.1397619475581712,112.31429458480063,F:\1_job\20251124\CPFE_PARAMATER_TEST_PBC\1_CPFE_3DMODEL_BUILD\4_BASE_ROOT\job\242424\RVE3\10_01_800.csv
10_01_800,L=2.4um,242424,RVE3,27,0.1449657730344857,109.70867597255352,F:\1_job\20251124\CPFE_PARAMATER_TEST_PBC\1_CPFE_3DMODEL_BUILD\4_BASE_ROOT\job\242424\RVE3\10_01_800.csv
10_01_800,L=2.4um,242424,RVE3,28,0.1501426588400785,107.19130186664928,F:\1_job\20251124\CPFE_PARAMATER_TEST_PBC\1_CPFE_3DMODEL_BUILD\4_BASE_ROOT\job\242424\RVE3\10_01_800.csv
11_06_20,L=1.6um,161616,RVE1,1,0.0,0.0,F:\1_job\20251124\CPFE_PARAMATER_TEST_PBC\1_CPFE_3DMODEL_BUILD\4_BASE_ROOT\job\161616\RVE1\11_06_20.csv
11_06_20,L=1.6um,161616,RVE1,2,0.0059820717293904,373.4769639566448,F:\1_job\20251124\CPFE_PARAMATER_TEST_PBC\1_CPFE_3DMODEL_BUILD\4_BASE_ROOT\job\161616\RVE1\11_06_20.csv
11_06_20,L=1.6um,161616,RVE1,3,0.011928570968345,736.6697538658312,F:\1_job\20251124\CPFE_PARAMATER_TEST_PBC\1_CPFE_3DMODEL_BUILD\4_BASE_ROOT\job\161616\RVE1\11_06_20.csv
11_06_20,L=1.6um,161616,RVE1,4,0.0178399173671714,943.6362296312832,F:\1_job\20251124\CPFE_PARAMATER_TEST_PBC\1_CPFE_3DMODEL_BUILD\4_BASE_ROOT\job\161616\RVE1\11_06_20.csv
11_06_20,L=1.6um,161616,RVE1,5,0.0237165268210428,979.843872269933,F:\1_job\20251124\CPFE_PARAMATER_TEST_PBC\1_CPFE_3DMODEL_BUILD\4_BASE_ROOT\job\161616\RVE1\11_06_20.csv
11_06_20,L=1.6um,161616,RVE1,6,0.0295588015905227,995.9139275027692,F:\1_job\20251124\CPFE_PARAMATER_TEST_PBC\1_CPFE_3DMODEL_BUILD\4_BASE_ROOT\job\161616\RVE1\11_06_20.csv
11_06_20,L=1.6um,161616,RVE1,7,0.0353671423414218,1008.315683287071,F:\1_job\20251124\CPFE_PARAMATER_TEST_PBC\1_CPFE_3DMODEL_BUILD\4_BASE_ROOT\job\161616\RVE1\11_06_20.csv
11_06_20,L=1.6um,161616,RVE1,8,0.0411419427877547,1018.3549097010836,F:\1_job\20251124\CPFE_PARAMATER_TEST_PBC\1_CPFE_3DMODEL_BUILD\4_BASE_ROOT\job\161616\RVE1\11_06_20.csv
11_06_20,L=1.6um,161616,RVE1,9,0.046883586296973,1026.3098592075778,F:\1_job\20251124\CPFE_PARAMATER_TEST_PBC\1_CPFE_3DMODEL_BUILD\4_BASE_ROOT\job\161616\RVE1\11_06_20.csv
11_06_20,L=1.6um,161616,RVE1,10,0.0525924514481166,1032.530077279884,F:\1_job\20251124\CPFE_PARAMATER_TEST_PBC\1_CPFE_3DMODEL_BUILD\4_BASE_ROOT\job\161616\RVE1\11_06_20.csv
11_06_20,L=1.6um,161616,RVE1,11,0.0582689068587828,1037.3955069768317,F:\1_job\20251124\CPFE_PARAMATER_TEST_PBC\1_CPFE_3DMODEL_BUILD\4_BASE_ROOT\job\161616\RVE1\11_06_20.csv
11_06_20,L=1.6um,161616,RVE1,12,0.063913325408167,1041.2728287064538,F:\1_job\20251124\CPFE_PARAMATER_TEST_PBC\1_CPFE_3DMODEL_BUILD\4_BASE_ROOT\job\161616\RVE1\11_06_20.csv
11_06_20,L=1.6um,161616,RVE1,13,0.0695260597573401,1044.4127577148788,F:\1_job\20251124\CPFE_PARAMATER_TEST_PBC\1_CPFE_3DMODEL_BUILD\4_BASE_ROOT\job\161616\RVE1\11_06_20.csv
11_06_20,L=1.6um,161616,RVE1,14,0.0751074739796861,1046.9850744142047,F:\1_job\20251124\CPFE_PARAMATER_TEST_PBC\1_CPFE_3DMODEL_BUILD\4_BASE_ROOT\job\161616\RVE1\11_06_20.csv
11_06_20,L=1.6um,161616,RVE1,15,0.0806579019727236,1049.1237154967368,F:\1_job\20251124\CPFE_PARAMATER_TEST_PBC\1_CPFE_3DMODEL_BUILD\4_BASE_ROOT\job\161616\RVE1\11_06_20.csv
11_06_20,L=1.6um,161616,RVE1,16,0.0861776995220419,1050.8786873725971,F:\1_job\20251124\CPFE_PARAMATER_TEST_PBC\1_CPFE_3DMODEL_BUILD\4_BASE_ROOT\job\161616\RVE1\11_06_20.csv
11_06_20,L=1.6um,161616,RVE1,17,0.0916671892871969,1052.326103057988,F:\1_job\20251124\CPFE_PARAMATER_TEST_PBC\1_CPFE_3DMODEL_BUILD\4_BASE_ROOT\job\161616\RVE1\11_06_20.csv
11_06_20,L=1.6um,161616,RVE1,18,0.0971267089999163,1053.5171546583088,F:\1_job\20251124\CPFE_PARAMATER_TEST_PBC\1_CPFE_3DMODEL_BUILD\4_BASE_ROOT\job\161616\RVE1\11_06_20.csv
11_06_20,L=1.6um,161616,RVE1,19,0.1025565908534479,1054.4928837257798,F:\1_job\20251124\CPFE_PARAMATER_TEST_PBC\1_CPFE_3DMODEL_BUILD\4_BASE_ROOT\job\161616\RVE1\11_06_20.csv
11_06_20,L=1.6um,161616,RVE1,20,0.1079571415585973,1055.3104123441765,F:\1_job\20251124\CPFE_PARAMATER_TEST_PBC\1_CPFE_3DMODEL_BUILD\4_BASE_ROOT\job\161616\RVE1\11_06_20.csv
11_06_20,L=1.6um,161616,RVE1,21,0.1133286829121737,1055.983712528472,F:\1_job\20251124\CPFE_PARAMATER_TEST_PBC\1_CPFE_3DMODEL_BUILD\4_BASE_ROOT\job\161616\RVE1\11_06_20.csv
11_06_20,L=1.6um,161616,RVE1,22,0.1186715315172836,1056.54105221645,F:\1_job\20251124\CPFE_PARAMATER_TEST_PBC\1_CPFE_3DMODEL_BUILD\4_BASE_ROOT\job\161616\RVE1\11_06_20.csv
11_06_20,L=1.6um,161616,RVE1,23,0.1239859791491398,1057.012526559527,F:\1_job\20251124\CPFE_PARAMATER_TEST_PBC\1_CPFE_3DMODEL_BUILD\4_BASE_ROOT\job\161616\RVE1\11_06_20.csv
11_06_20,L=1.6um,161616,RVE1,24,0.1292723326662926,1057.3941822116496,F:\1_job\20251124\CPFE_PARAMATER_TEST_PBC\1_CPFE_3DMODEL_BUILD\4_BASE_ROOT\job\161616\RVE1\11_06_20.csv
11_06_20,L=1.6um,161616,RVE1,25,0.134530887539002,1057.715738764049,F:\1_job\20251124\CPFE_PARAMATER_TEST_PBC\1_CPFE_3DMODEL_BUILD\4_BASE_ROOT\job\161616\RVE1\11_06_20.csv
11_06_20,L=1.6um,161616,RVE1,26,0.1397619475581712,1057.9665745495015,F:\1_job\20251124\CPFE_PARAMATER_TEST_PBC\1_CPFE_3DMODEL_BUILD\4_BASE_ROOT\job\161616\RVE1\11_06_20.csv
11_06_20,L=1.6um,161616,RVE1,27,0.1449657730344857,1058.162954177246,F:\1_job\20251124\CPFE_PARAMATER_TEST_PBC\1_CPFE_3DMODEL_BUILD\4_BASE_ROOT\job\161616\RVE1\11_06_20.csv
11_06_20,L=1.6um,161616,RVE1,28,0.1501426588400785,1058.2890436223736,F:\1_job\20251124\CPFE_PARAMATER_TEST_PBC\1_CPFE_3DMODEL_BUILD\4_BASE_ROOT\job\161616\RVE1\11_06_20.csv
11_06_20,L=1.6um,161616,RVE2,1,0.0,0.0,F:\1_job\20251124\CPFE_PARAMATER_TEST_PBC\1_CPFE_3DMODEL_BUILD\4_BASE_ROOT\job\161616\RVE2\11_06_20.csv
11_06_20,L=1.6um,161616,RVE2,2,0.0059820717293904,442.9686808219722,F:\1_job\20251124\CPFE_PARAMATER_TEST_PBC\1_CPFE_3DMODEL_BUILD\4_BASE_ROOT\job\161616\RVE2\11_06_20.csv
11_06_20,L=1.6um,161616,RVE2,3,0.011928570968345,850.3633564395004,F:\1_job\20251124\CPFE_PARAMATER_TEST_PBC\1_CPFE_3DMODEL_BUILD\4_BASE_ROOT\job\161616\RVE2\11_06_20.csv
11_06_20,L=1.6um,161616,RVE2,4,0.0178399173671714,1086.8213013482775,F:\1_job\20251124\CPFE_PARAMATER_TEST_PBC\1_CPFE_3DMODEL_BUILD\4_BASE_ROOT\job\161616\RVE2\11_06_20.csv
11_06_20,L=1.6um,161616,RVE2,5,0.0237165268210428,1125.7520754246584,F:\1_job\20251124\CPFE_PARAMATER_TEST_PBC\1_CPFE_3DMODEL_BUILD\4_BASE_ROOT\job\161616\RVE2\11_06_20.csv
11_06_20,L=1.6um,161616,RVE2,6,0.0295588015905227,1151.273094858254,F:\1_job\20251124\CPFE_PARAMATER_TEST_PBC\1_CPFE_3DMODEL_BUILD\4_BASE_ROOT\job\161616\RVE2\11_06_20.csv
11_06_20,L=1.6um,161616,RVE2,7,0.0353671423414218,1167.8667680436731,F:\1_job\20251124\CPFE_PARAMATER_TEST_PBC\1_CPFE_3DMODEL_BUILD\4_BASE_ROOT\job\161616\RVE2\11_06_20.csv
11_06_20,L=1.6um,161616,RVE2,8,0.0411419427877547,1180.013255908592,F:\1_job\20251124\CPFE_PARAMATER_TEST_PBC\1_CPFE_3DMODEL_BUILD\4_BASE_ROOT\job\161616\RVE2\11_06_20.csv
11_06_20,L=1.6um,161616,RVE2,9,0.046883586296973,1189.5816845861482,F:\1_job\20251124\CPFE_PARAMATER_TEST_PBC\1_CPFE_3DMODEL_BUILD\4_BASE_ROOT\job\161616\RVE2\11_06_20.csv
11_06_20,L=1.6um,161616,RVE2,10,0.0525924514481166,1197.312377851921,F:\1_job\20251124\CPFE_PARAMATER_TEST_PBC\1_CPFE_3DMODEL_BUILD\4_BASE_ROOT\job\161616\RVE2\11_06_20.csv
11_06_20,L=1.6um,161616,RVE2,11,0.0582689068587828,1203.615418341849,F:\1_job\20251124\CPFE_PARAMATER_TEST_PBC\1_CPFE_3DMODEL_BUILD\4_BASE_ROOT\job\161616\RVE2\11_06_20.csv
11_06_20,L=1.6um,161616,RVE2,12,0.063913325408167,1208.8702445742997,F:\1_job\20251124\CPFE_PARAMATER_TEST_PBC\1_CPFE_3DMODEL_BUILD\4_BASE_ROOT\job\161616\RVE2\11_06_20.csv
11_06_20,L=1.6um,161616,RVE2,13,0.0695260597573401,1213.3208373275331,F:\1_job\20251124\CPFE_PARAMATER_TEST_PBC\1_CPFE_3DMODEL_BUILD\4_BASE_ROOT\job\161616\RVE2\11_06_20.csv
11_06_20,L=1.6um,161616,RVE2,14,0.0751074739796861,1217.081993489474,F:\1_job\20251124\CPFE_PARAMATER_TEST_PBC\1_CPFE_3DMODEL_BUILD\4_BASE_ROOT\job\161616\RVE2\11_06_20.csv
11_06_20,L=1.6um,161616,RVE2,15,0.0806579019727236,1220.2603460914893,F:\1_job\20251124\CPFE_PARAMATER_TEST_PBC\1_CPFE_3DMODEL_BUILD\4_BASE_ROOT\job\161616\RVE2\11_06_20.csv
11_06_20,L=1.6um,161616,RVE2,16,0.0861776995220419,1222.9443780969405,F:\1_job\20251124\CPFE_PARAMATER_TEST_PBC\1_CPFE_3DMODEL_BUILD\4_BASE_ROOT\job\161616\RVE2\11_06_20.csv
11_06_20,L=1.6um,161616,RVE2,17,0.0916671892871969,1225.2338332921745,F:\1_job\20251124\CPFE_PARAMATER_TEST_PBC\1_CPFE_3DMODEL_BUILD\4_BASE_ROOT\job\161616\RVE2\11_06_20.csv
11_06_20,L=1.6um,161616,RVE2,18,0.0971267089999163,1227.1945717552055,F:\1_job\20251124\CPFE_PARAMATER_TEST_PBC\1_CPFE_3DMODEL_BUILD\4_BASE_ROOT\job\161616\RVE2\11_06_20.csv
11_06_20,L=1.6um,161616,RVE2,19,0.1025565908534479,1228.7892701699575,F:\1_job\20251124\CPFE_PARAMATER_TEST_PBC\1_CPFE_3DMODEL_BUILD\4_BASE_ROOT\job\161616\RVE2\11_06_20.csv
11_06_20,L=1.6um,161616,RVE2,20,0.1079571415585973,1230.1181147756718,F:\1_job\20251124\CPFE_PARAMATER_TEST_PBC\1_CPFE_3DMODEL_BUILD\4_BASE_ROOT\job\161616\RVE2\11_06_20.csv
11_06_20,L=1.6um,161616,RVE2,21,0.1133286829121737,1231.1698311885211,F:\1_job\20251124\CPFE_PARAMATER_TEST_PBC\1_CPFE_3DMODEL_BUILD\4_BASE_ROOT\job\161616\RVE2\11_06_20.csv
11_06_20,L=1.6um,161616,RVE2,22,0.1186715315172836,1232.0412994147514,F:\1_job\20251124\CPFE_PARAMATER_TEST_PBC\1_CPFE_3DMODEL_BUILD\4_BASE_ROOT\job\161616\RVE2\11_06_20.csv
11_06_20,L=1.6um,161616,RVE2,23,0.1239859791491398,1232.7203203995402,F:\1_job\20251124\CPFE_PARAMATER_TEST_PBC\1_CPFE_3DMODEL_BUILD\4_BASE_ROOT\job\161616\RVE2\11_06_20.csv
11_06_20,L=1.6um,161616,RVE2,24,0.1292723326662926,1233.2159364907243,F:\1_job\20251124\CPFE_PARAMATER_TEST_PBC\1_CPFE_3DMODEL_BUILD\4_BASE_ROOT\job\161616\RVE2\11_06_20.csv
11_06_20,L=1.6um,161616,RVE2,25,0.134530887539002,1233.5262336648257,F:\1_job\20251124\CPFE_PARAMATER_TEST_PBC\1_CPFE_3DMODEL_BUILD\4_BASE_ROOT\job\161616\RVE2\11_06_20.csv
11_06_20,L=1.6um,161616,RVE2,26,0.1397619475581712,1233.7329392004683,F:\1_job\20251124\CPFE_PARAMATER_TEST_PBC\1_CPFE_3DMODEL_BUILD\4_BASE_ROOT\job\161616\RVE2\11_06_20.csv
11_06_20,L=1.6um,161616,RVE2,27,0.1449657730344857,1233.8242536565892,F:\1_job\20251124\CPFE_PARAMATER_TEST_PBC\1_CPFE_3DMODEL_BUILD\4_BASE_ROOT\job\161616\RVE2\11_06_20.csv
11_06_20,L=1.6um,161616,RVE2,28,0.1501426588400785,1233.7901332672984,F:\1_job\20251124\CPFE_PARAMATER_TEST_PBC\1_CPFE_3DMODEL_BUILD\4_BASE_ROOT\job\161616\RVE2\11_06_20.csv
11_06_20,L=1.6um,161616,RVE3,1,0.0,0.0,F:\1_job\20251124\CPFE_PARAMATER_TEST_PBC\1_CPFE_3DMODEL_BUILD\4_BASE_ROOT\job\161616\RVE3\11_06_20.csv
11_06_20,L=1.6um,161616,RVE3,2,0.0059820717293904,432.3345216736816,F:\1_job\20251124\CPFE_PARAMATER_TEST_PBC\1_CPFE_3DMODEL_BUILD\4_BASE_ROOT\job\161616\RVE3\11_06_20.csv
11_06_20,L=1.6um,161616,RVE3,3,0.011928570968345,817.1751058943927,F:\1_job\20251124\CPFE_PARAMATER_TEST_PBC\1_CPFE_3DMODEL_BUILD\4_BASE_ROOT\job\161616\RVE3\11_06_20.csv
11_06_20,L=1.6um,161616,RVE3,4,0.0178399173671714,972.9648949846688,F:\1_job\20251124\CPFE_PARAMATER_TEST_PBC\1_CPFE_3DMODEL_BUILD\4_BASE_ROOT\job\161616\RVE3\11_06_20.csv
11_06_20,L=1.6um,161616,RVE3,5,0.0237165268210428,1026.8323976701308,F:\1_job\20251124\CPFE_PARAMATER_TEST_PBC\1_CPFE_3DMODEL_BUILD\4_BASE_ROOT\job\161616\RVE3\11_06_20.csv
11_06_20,L=1.6um,161616,RVE3,6,0.0295588015905227,1063.2270019285131,F:\1_job\20251124\CPFE_PARAMATER_TEST_PBC\1_CPFE_3DMODEL_BUILD\4_BASE_ROOT\job\161616\RVE3\11_06_20.csv
11_06_20,L=1.6um,161616,RVE3,7,0.0353671423414218,1091.7938421130043,F:\1_job\20251124\CPFE_PARAMATER_TEST_PBC\1_CPFE_3DMODEL_BUILD\4_BASE_ROOT\job\161616\RVE3\11_06_20.csv
11_06_20,L=1.6um,161616,RVE3,8,0.0411419427877547,1114.857201924071,F:\1_job\20251124\CPFE_PARAMATER_TEST_PBC\1_CPFE_3DMODEL_BUILD\4_BASE_ROOT\job\161616\RVE3\11_06_20.csv
11_06_20,L=1.6um,161616,RVE3,9,0.046883586296973,1133.629062150237,F:\1_job\20251124\CPFE_PARAMATER_TEST_PBC\1_CPFE_3DMODEL_BUILD\4_BASE_ROOT\job\161616\RVE3\11_06_20.csv
11_06_20,L=1.6um,161616,RVE3,10,0.0525924514481166,1149.128543473541,F:\1_job\20251124\CPFE_PARAMATER_TEST_PBC\1_CPFE_3DMODEL_BUILD\4_BASE_ROOT\job\161616\RVE3\11_06_20.csv
11_06_20,L=1.6um,161616,RVE3,11,0.0582689068587828,1162.0035776695509,F:\1_job\20251124\CPFE_PARAMATER_TEST_PBC\1_CPFE_3DMODEL_BUILD\4_BASE_ROOT\job\161616\RVE3\11_06_20.csv
11_06_20,L=1.6um,161616,RVE3,12,0.063913325408167,1172.79851945632,F:\1_job\20251124\CPFE_PARAMATER_TEST_PBC\1_CPFE_3DMODEL_BUILD\4_BASE_ROOT\job\161616\RVE3\11_06_20.csv
11_06_20,L=1.6um,161616,RVE3,13,0.0695260597573401,1181.8388065500258,F:\1_job\20251124\CPFE_PARAMATER_TEST_PBC\1_CPFE_3DMODEL_BUILD\4_BASE_ROOT\job\161616\RVE3\11_06_20.csv
11_06_20,L=1.6um,161616,RVE3,14,0.0751074739796861,1189.4339657897365,F:\1_job\20251124\CPFE_PARAMATER_TEST_PBC\1_CPFE_3DMODEL_BUILD\4_BASE_ROOT\job\161616\RVE3\11_06_20.csv
11_06_20,L=1.6um,161616,RVE3,15,0.0806579019727236,1195.8113791370515,F:\1_job\20251124\CPFE_PARAMATER_TEST_PBC\1_CPFE_3DMODEL_BUILD\4_BASE_ROOT\job\161616\RVE3\11_06_20.csv
11_06_20,L=1.6um,161616,RVE3,16,0.0861776995220419,1201.1792222332929,F:\1_job\20251124\CPFE_PARAMATER_TEST_PBC\1_CPFE_3DMODEL_BUILD\4_BASE_ROOT\job\161616\RVE3\11_06_20.csv
11_06_20,L=1.6um,161616,RVE3,17,0.0916671892871969,1205.6440572381357,F:\1_job\20251124\CPFE_PARAMATER_TEST_PBC\1_CPFE_3DMODEL_BUILD\4_BASE_ROOT\job\161616\RVE3\11_06_20.csv
11_06_20,L=1.6um,161616,RVE3,18,0.0971267089999163,1209.324758820742,F:\1_job\20251124\CPFE_PARAMATER_TEST_PBC\1_CPFE_3DMODEL_BUILD\4_BASE_ROOT\job\161616\RVE3\11_06_20.csv
11_06_20,L=1.6um,161616,RVE3,19,0.1025565908534479,1212.3664872304855,F:\1_job\20251124\CPFE_PARAMATER_TEST_PBC\1_CPFE_3DMODEL_BUILD\4_BASE_ROOT\job\161616\RVE3\11_06_20.csv
11_06_20,L=1.6um,161616,RVE3,20,0.1079571415585973,1214.8540478402697,F:\1_job\20251124\CPFE_PARAMATER_TEST_PBC\1_CPFE_3DMODEL_BUILD\4_BASE_ROOT\job\161616\RVE3\11_06_20.csv
11_06_20,L=1.6um,161616,RVE3,21,0.1133286829121737,1216.834122604689,F:\1_job\20251124\CPFE_PARAMATER_TEST_PBC\1_CPFE_3DMODEL_BUILD\4_BASE_ROOT\job\161616\RVE3\11_06_20.csv
11_06_20,L=1.6um,161616,RVE3,22,0.1186715315172836,1218.3481290810398,F:\1_job\20251124\CPFE_PARAMATER_TEST_PBC\1_CPFE_3DMODEL_BUILD\4_BASE_ROOT\job\161616\RVE3\11_06_20.csv
11_06_20,L=1.6um,161616,RVE3,23,0.1239859791491398,1219.5503713531436,F:\1_job\20251124\CPFE_PARAMATER_TEST_PBC\1_CPFE_3DMODEL_BUILD\4_BASE_ROOT\job\161616\RVE3\11_06_20.csv
11_06_20,L=1.6um,161616,RVE3,24,0.1292723326662926,1220.3987635255107,F:\1_job\20251124\CPFE_PARAMATER_TEST_PBC\1_CPFE_3DMODEL_BUILD\4_BASE_ROOT\job\161616\RVE3\11_06_20.csv
11_06_20,L=1.6um,161616,RVE3,25,0.134530887539002,1220.9986506104542,F:\1_job\20251124\CPFE_PARAMATER_TEST_PBC\1_CPFE_3DMODEL_BUILD\4_BASE_ROOT\job\161616\RVE3\11_06_20.csv
11_06_20,L=1.6um,161616,RVE3,26,0.1397619475581712,1221.368182075377,F:\1_job\20251124\CPFE_PARAMATER_TEST_PBC\1_CPFE_3DMODEL_BUILD\4_BASE_ROOT\job\161616\RVE3\11_06_20.csv
11_06_20,L=1.6um,161616,RVE3,27,0.1449657730344857,1221.5431261695446,F:\1_job\20251124\CPFE_PARAMATER_TEST_PBC\1_CPFE_3DMODEL_BUILD\4_BASE_ROOT\job\161616\RVE3\11_06_20.csv
11_06_20,L=1.6um,161616,RVE3,28,0.1501426588400785,1221.5423662906844,F:\1_job\20251124\CPFE_PARAMATER_TEST_PBC\1_CPFE_3DMODEL_BUILD\4_BASE_ROOT\job\161616\RVE3\11_06_20.csv
11_06_20,L=2.0um,202020,RVE1,1,0.0,0.0,F:\1_job\20251124\CPFE_PARAMATER_TEST_PBC\1_CPFE_3DMODEL_BUILD\4_BASE_ROOT\job\202020\RVE1\11_06_20.csv
11_06_20,L=2.0um,202020,RVE1,2,0.0059820717293904,451.2989436269123,F:\1_job\20251124\CPFE_PARAMATER_TEST_PBC\1_CPFE_3DMODEL_BUILD\4_BASE_ROOT\job\202020\RVE1\11_06_20.csv
11_06_20,L=2.0um,202020,RVE1,3,0.011928570968345,845.0106731827993,F:\1_job\20251124\CPFE_PARAMATER_TEST_PBC\1_CPFE_3DMODEL_BUILD\4_BASE_ROOT\job\202020\RVE1\11_06_20.csv
11_06_20,L=2.0um,202020,RVE1,4,0.0178399173671714,1013.355871298987,F:\1_job\20251124\CPFE_PARAMATER_TEST_PBC\1_CPFE_3DMODEL_BUILD\4_BASE_ROOT\job\202020\RVE1\11_06_20.csv
11_06_20,L=2.0um,202020,RVE1,5,0.0237165268210428,1067.8212502175438,F:\1_job\20251124\CPFE_PARAMATER_TEST_PBC\1_CPFE_3DMODEL_BUILD\4_BASE_ROOT\job\202020\RVE1\11_06_20.csv
11_06_20,L=2.0um,202020,RVE1,6,0.0295588015905227,1100.5370195471985,F:\1_job\20251124\CPFE_PARAMATER_TEST_PBC\1_CPFE_3DMODEL_BUILD\4_BASE_ROOT\job\202020\RVE1\11_06_20.csv
11_06_20,L=2.0um,202020,RVE1,7,0.0353671423414218,1124.679423122314,F:\1_job\20251124\CPFE_PARAMATER_TEST_PBC\1_CPFE_3DMODEL_BUILD\4_BASE_ROOT\job\202020\RVE1\11_06_20.csv
11_06_20,L=2.0um,202020,RVE1,8,0.0411419427877547,1143.787576038599,F:\1_job\20251124\CPFE_PARAMATER_TEST_PBC\1_CPFE_3DMODEL_BUILD\4_BASE_ROOT\job\202020\RVE1\11_06_20.csv
11_06_20,L=2.0um,202020,RVE1,9,0.046883586296973,1159.6288871804245,F:\1_job\20251124\CPFE_PARAMATER_TEST_PBC\1_CPFE_3DMODEL_BUILD\4_BASE_ROOT\job\202020\RVE1\11_06_20.csv
11_06_20,L=2.0um,202020,RVE1,10,0.0525924514481166,1173.1003289515652,F:\1_job\20251124\CPFE_PARAMATER_TEST_PBC\1_CPFE_3DMODEL_BUILD\4_BASE_ROOT\job\202020\RVE1\11_06_20.csv
11_06_20,L=2.0um,202020,RVE1,11,0.0582689068587828,1184.748360317471,F:\1_job\20251124\CPFE_PARAMATER_TEST_PBC\1_CPFE_3DMODEL_BUILD\4_BASE_ROOT\job\202020\RVE1\11_06_20.csv
11_06_20,L=2.0um,202020,RVE1,12,0.063913325408167,1194.9252303120102,F:\1_job\20251124\CPFE_PARAMATER_TEST_PBC\1_CPFE_3DMODEL_BUILD\4_BASE_ROOT\job\202020\RVE1\11_06_20.csv
11_06_20,L=2.0um,202020,RVE1,13,0.0695260597573401,1203.8603148786897,F:\1_job\20251124\CPFE_PARAMATER_TEST_PBC\1_CPFE_3DMODEL_BUILD\4_BASE_ROOT\job\202020\RVE1\11_06_20.csv
11_06_20,L=2.0um,202020,RVE1,14,0.0751074739796861,1211.785039162566,F:\1_job\20251124\CPFE_PARAMATER_TEST_PBC\1_CPFE_3DMODEL_BUILD\4_BASE_ROOT\job\202020\RVE1\11_06_20.csv
11_06_20,L=2.0um,202020,RVE1,15,0.0806579019727236,1218.8449938438223,F:\1_job\20251124\CPFE_PARAMATER_TEST_PBC\1_CPFE_3DMODEL_BUILD\4_BASE_ROOT\job\202020\RVE1\11_06_20.csv
11_06_20,L=2.0um,202020,RVE1,16,0.0861776995220419,1225.1848856116158,F:\1_job\20251124\CPFE_PARAMATER_TEST_PBC\1_CPFE_3DMODEL_BUILD\4_BASE_ROOT\job\202020\RVE1\11_06_20.csv
11_06_20,L=2.0um,202020,RVE1,17,0.0916671892871969,1230.8684735934005,F:\1_job\20251124\CPFE_PARAMATER_TEST_PBC\1_CPFE_3DMODEL_BUILD\4_BASE_ROOT\job\202020\RVE1\11_06_20.csv
11_06_20,L=2.0um,202020,RVE1,18,0.0971267089999163,1236.000480526738,F:\1_job\20251124\CPFE_PARAMATER_TEST_PBC\1_CPFE_3DMODEL_BUILD\4_BASE_ROOT\job\202020\RVE1\11_06_20.csv
11_06_20,L=2.0um,202020,RVE1,19,0.1025565908534479,1240.6184870234438,F:\1_job\20251124\CPFE_PARAMATER_TEST_PBC\1_CPFE_3DMODEL_BUILD\4_BASE_ROOT\job\202020\RVE1\11_06_20.csv
11_06_20,L=2.0um,202020,RVE1,20,0.1079571415585973,1244.7496306818348,F:\1_job\20251124\CPFE_PARAMATER_TEST_PBC\1_CPFE_3DMODEL_BUILD\4_BASE_ROOT\job\202020\RVE1\11_06_20.csv
11_06_20,L=2.0um,202020,RVE1,21,0.1133286829121737,1248.4970282600625,F:\1_job\20251124\CPFE_PARAMATER_TEST_PBC\1_CPFE_3DMODEL_BUILD\4_BASE_ROOT\job\202020\RVE1\11_06_20.csv
11_06_20,L=2.0um,202020,RVE1,22,0.1186715315172836,1251.862253473786,F:\1_job\20251124\CPFE_PARAMATER_TEST_PBC\1_CPFE_3DMODEL_BUILD\4_BASE_ROOT\job\202020\RVE1\11_06_20.csv
11_06_20,L=2.0um,202020,RVE1,23,0.1239859791491398,1254.890400086002,F:\1_job\20251124\CPFE_PARAMATER_TEST_PBC\1_CPFE_3DMODEL_BUILD\4_BASE_ROOT\job\202020\RVE1\11_06_20.csv
11_06_20,L=2.0um,202020,RVE1,24,0.1292723326662926,1257.5945999393862,F:\1_job\20251124\CPFE_PARAMATER_TEST_PBC\1_CPFE_3DMODEL_BUILD\4_BASE_ROOT\job\202020\RVE1\11_06_20.csv
11_06_20,L=2.0um,202020,RVE1,25,0.134530887539002,1260.0088828209482,F:\1_job\20251124\CPFE_PARAMATER_TEST_PBC\1_CPFE_3DMODEL_BUILD\4_BASE_ROOT\job\202020\RVE1\11_06_20.csv
11_06_20,L=2.0um,202020,RVE1,26,0.1397619475581712,1262.1613651843763,F:\1_job\20251124\CPFE_PARAMATER_TEST_PBC\1_CPFE_3DMODEL_BUILD\4_BASE_ROOT\job\202020\RVE1\11_06_20.csv
11_06_20,L=2.0um,202020,RVE1,27,0.1449657730344857,1264.0580630898294,F:\1_job\20251124\CPFE_PARAMATER_TEST_PBC\1_CPFE_3DMODEL_BUILD\4_BASE_ROOT\job\202020\RVE1\11_06_20.csv
11_06_20,L=2.0um,202020,RVE1,28,0.1501426588400785,1265.7293518377628,F:\1_job\20251124\CPFE_PARAMATER_TEST_PBC\1_CPFE_3DMODEL_BUILD\4_BASE_ROOT\job\202020\RVE1\11_06_20.csv
11_06_20,L=2.0um,202020,RVE2,1,0.0,0.0,F:\1_job\20251124\CPFE_PARAMATER_TEST_PBC\1_CPFE_3DMODEL_BUILD\4_BASE_ROOT\job\202020\RVE2\11_06_20.csv
11_06_20,L=2.0um,202020,RVE2,2,0.0059820717293904,430.92775063269215,F:\1_job\20251124\CPFE_PARAMATER_TEST_PBC\1_CPFE_3DMODEL_BUILD\4_BASE_ROOT\job\202020\RVE2\11_06_20.csv
11_06_20,L=2.0um,202020,RVE2,3,0.011928570968345,834.992095545048,F:\1_job\20251124\CPFE_PARAMATER_TEST_PBC\1_CPFE_3DMODEL_BUILD\4_BASE_ROOT\job\202020\RVE2\11_06_20.csv
11_06_20,L=2.0um,202020,RVE2,4,0.0178399173671714,1020.7277968304852,F:\1_job\20251124\CPFE_PARAMATER_TEST_PBC\1_CPFE_3DMODEL_BUILD\4_BASE_ROOT\job\202020\RVE2\11_06_20.csv
11_06_20,L=2.0um,202020,RVE2,5,0.0237165268210428,1064.8010002169283,F:\1_job\20251124\CPFE_PARAMATER_TEST_PBC\1_CPFE_3DMODEL_BUILD\4_BASE_ROOT\job\202020\RVE2\11_06_20.csv
11_06_20,L=2.0um,202020,RVE2,6,0.0295588015905227,1087.1995757082252,F:\1_job\20251124\CPFE_PARAMATER_TEST_PBC\1_CPFE_3DMODEL_BUILD\4_BASE_ROOT\job\202020\RVE2\11_06_20.csv
11_06_20,L=2.0um,202020,RVE2,7,0.0353671423414218,1102.4919251086285,F:\1_job\20251124\CPFE_PARAMATER_TEST_PBC\1_CPFE_3DMODEL_BUILD\4_BASE_ROOT\job\202020\RVE2\11_06_20.csv
11_06_20,L=2.0um,202020,RVE2,8,0.0411419427877547,1114.045802617261,F:\1_job\20251124\CPFE_PARAMATER_TEST_PBC\1_CPFE_3DMODEL_BUILD\4_BASE_ROOT\job\202020\RVE2\11_06_20.csv
11_06_20,L=2.0um,202020,RVE2,9,0.046883586296973,1123.3014613847115,F:\1_job\20251124\CPFE_PARAMATER_TEST_PBC\1_CPFE_3DMODEL_BUILD\4_BASE_ROOT\job\202020\RVE2\11_06_20.csv
11_06_20,L=2.0um,202020,RVE2,10,0.0525924514481166,1130.9342817763882,F:\1_job\20251124\CPFE_PARAMATER_TEST_PBC\1_CPFE_3DMODEL_BUILD\4_BASE_ROOT\job\202020\RVE2\11_06_20.csv
11_06_20,L=2.0um,202020,RVE2,11,0.0582689068587828,1137.3445444594772,F:\1_job\20251124\CPFE_PARAMATER_TEST_PBC\1_CPFE_3DMODEL_BUILD\4_BASE_ROOT\job\202020\RVE2\11_06_20.csv
11_06_20,L=2.0um,202020,RVE2,12,0.063913325408167,1142.784140974034,F:\1_job\20251124\CPFE_PARAMATER_TEST_PBC\1_CPFE_3DMODEL_BUILD\4_BASE_ROOT\job\202020\RVE2\11_06_20.csv
11_06_20,L=2.0um,202020,RVE2,13,0.0695260597573401,1147.4387251980695,F:\1_job\20251124\CPFE_PARAMATER_TEST_PBC\1_CPFE_3DMODEL_BUILD\4_BASE_ROOT\job\202020\RVE2\11_06_20.csv
11_06_20,L=2.0um,202020,RVE2,14,0.0751074739796861,1151.461517099854,F:\1_job\20251124\CPFE_PARAMATER_TEST_PBC\1_CPFE_3DMODEL_BUILD\4_BASE_ROOT\job\202020\RVE2\11_06_20.csv
11_06_20,L=2.0um,202020,RVE2,15,0.0806579019727236,1154.9308083637206,F:\1_job\20251124\CPFE_PARAMATER_TEST_PBC\1_CPFE_3DMODEL_BUILD\4_BASE_ROOT\job\202020\RVE2\11_06_20.csv
11_06_20,L=2.0um,202020,RVE2,16,0.0861776995220419,1157.966799453574,F:\1_job\20251124\CPFE_PARAMATER_TEST_PBC\1_CPFE_3DMODEL_BUILD\4_BASE_ROOT\job\202020\RVE2\11_06_20.csv
11_06_20,L=2.0um,202020,RVE2,17,0.0916671892871969,1160.6040633836528,F:\1_job\20251124\CPFE_PARAMATER_TEST_PBC\1_CPFE_3DMODEL_BUILD\4_BASE_ROOT\job\202020\RVE2\11_06_20.csv
11_06_20,L=2.0um,202020,RVE2,18,0.0971267089999163,1162.9094428114477,F:\1_job\20251124\CPFE_PARAMATER_TEST_PBC\1_CPFE_3DMODEL_BUILD\4_BASE_ROOT\job\202020\RVE2\11_06_20.csv
11_06_20,L=2.0um,202020,RVE2,19,0.1025565908534479,1164.9443320469563,F:\1_job\20251124\CPFE_PARAMATER_TEST_PBC\1_CPFE_3DMODEL_BUILD\4_BASE_ROOT\job\202020\RVE2\11_06_20.csv
11_06_20,L=2.0um,202020,RVE2,20,0.1079571415585973,1166.7251631483632,F:\1_job\20251124\CPFE_PARAMATER_TEST_PBC\1_CPFE_3DMODEL_BUILD\4_BASE_ROOT\job\202020\RVE2\11_06_20.csv
11_06_20,L=2.0um,202020,RVE2,21,0.1133286829121737,1168.2789425146711,F:\1_job\20251124\CPFE_PARAMATER_TEST_PBC\1_CPFE_3DMODEL_BUILD\4_BASE_ROOT\job\202020\RVE2\11_06_20.csv
11_06_20,L=2.0um,202020,RVE2,22,0.1186715315172836,1169.6408866265865,F:\1_job\20251124\CPFE_PARAMATER_TEST_PBC\1_CPFE_3DMODEL_BUILD\4_BASE_ROOT\job\202020\RVE2\11_06_20.csv
11_06_20,L=2.0um,202020,RVE2,23,0.1239859791491398,1170.8236472094322,F:\1_job\20251124\CPFE_PARAMATER_TEST_PBC\1_CPFE_3DMODEL_BUILD\4_BASE_ROOT\job\202020\RVE2\11_06_20.csv
11_06_20,L=2.0um,202020,RVE2,24,0.1292723326662926,1171.8471614791706,F:\1_job\20251124\CPFE_PARAMATER_TEST_PBC\1_CPFE_3DMODEL_BUILD\4_BASE_ROOT\job\202020\RVE2\11_06_20.csv
11_06_20,L=2.0um,202020,RVE2,25,0.134530887539002,1172.7085004814944,F:\1_job\20251124\CPFE_PARAMATER_TEST_PBC\1_CPFE_3DMODEL_BUILD\4_BASE_ROOT\job\202020\RVE2\11_06_20.csv
11_06_20,L=2.0um,202020,RVE2,26,0.1397619475581712,1173.4251495144945,F:\1_job\20251124\CPFE_PARAMATER_TEST_PBC\1_CPFE_3DMODEL_BUILD\4_BASE_ROOT\job\202020\RVE2\11_06_20.csv
11_06_20,L=2.0um,202020,RVE2,27,0.1449657730344857,1173.9983672824355,F:\1_job\20251124\CPFE_PARAMATER_TEST_PBC\1_CPFE_3DMODEL_BUILD\4_BASE_ROOT\job\202020\RVE2\11_06_20.csv
11_06_20,L=2.0um,202020,RVE2,28,0.1501426588400785,1174.435258660651,F:\1_job\20251124\CPFE_PARAMATER_TEST_PBC\1_CPFE_3DMODEL_BUILD\4_BASE_ROOT\job\202020\RVE2\11_06_20.csv
11_06_20,L=2.0um,202020,RVE3,1,0.0,0.0,F:\1_job\20251124\CPFE_PARAMATER_TEST_PBC\1_CPFE_3DMODEL_BUILD\4_BASE_ROOT\job\202020\RVE3\11_06_20.csv
11_06_20,L=2.0um,202020,RVE3,2,0.0059820717293904,409.1167876799012,F:\1_job\20251124\CPFE_PARAMATER_TEST_PBC\1_CPFE_3DMODEL_BUILD\4_BASE_ROOT\job\202020\RVE3\11_06_20.csv
11_06_20,L=2.0um,202020,RVE3,3,0.011928570968345,768.0196724424419,F:\1_job\20251124\CPFE_PARAMATER_TEST_PBC\1_CPFE_3DMODEL_BUILD\4_BASE_ROOT\job\202020\RVE3\11_06_20.csv
11_06_20,L=2.0um,202020,RVE3,4,0.0178399173671714,978.023119372756,F:\1_job\20251124\CPFE_PARAMATER_TEST_PBC\1_CPFE_3DMODEL_BUILD\4_BASE_ROOT\job\202020\RVE3\11_06_20.csv
11_06_20,L=2.0um,202020,RVE3,5,0.0237165268210428,1044.8375002128614,F:\1_job\20251124\CPFE_PARAMATER_TEST_PBC\1_CPFE_3DMODEL_BUILD\4_BASE_ROOT\job\202020\RVE3\11_06_20.csv
11_06_20,L=2.0um,202020,RVE3,6,0.0295588015905227,1079.0084856256672,F:\1_job\20251124\CPFE_PARAMATER_TEST_PBC\1_CPFE_3DMODEL_BUILD\4_BASE_ROOT\job\202020\RVE3\11_06_20.csv
11_06_20,L=2.0um,202020,RVE3,7,0.0353671423414218,1102.5984085069067,F:\1_job\20251124\CPFE_PARAMATER_TEST_PBC\1_CPFE_3DMODEL_BUILD\4_BASE_ROOT\job\202020\RVE3\11_06_20.csv
11_06_20,L=2.0um,202020,RVE3,8,0.0411419427877547,1120.7536776136158,F:\1_job\20251124\CPFE_PARAMATER_TEST_PBC\1_CPFE_3DMODEL_BUILD\4_BASE_ROOT\job\202020\RVE3\11_06_20.csv
11_06_20,L=2.0um,202020,RVE3,9,0.046883586296973,1135.259049280097,F:\1_job\20251124\CPFE_PARAMATER_TEST_PBC\1_CPFE_3DMODEL_BUILD\4_BASE_ROOT\job\202020\RVE3\11_06_20.csv
11_06_20,L=2.0um,202020,RVE3,10,0.0525924514481166,1147.2541697375295,F:\1_job\20251124\CPFE_PARAMATER_TEST_PBC\1_CPFE_3DMODEL_BUILD\4_BASE_ROOT\job\202020\RVE3\11_06_20.csv
11_06_20,L=2.0um,202020,RVE3,11,0.0582689068587828,1157.3484213872937,F:\1_job\20251124\CPFE_PARAMATER_TEST_PBC\1_CPFE_3DMODEL_BUILD\4_BASE_ROOT\job\202020\RVE3\11_06_20.csv
11_06_20,L=2.0um,202020,RVE3,12,0.063913325408167,1165.891825048313,F:\1_job\20251124\CPFE_PARAMATER_TEST_PBC\1_CPFE_3DMODEL_BUILD\4_BASE_ROOT\job\202020\RVE3\11_06_20.csv
11_06_20,L=2.0um,202020,RVE3,13,0.0695260597573401,1173.255709498426,F:\1_job\20251124\CPFE_PARAMATER_TEST_PBC\1_CPFE_3DMODEL_BUILD\4_BASE_ROOT\job\202020\RVE3\11_06_20.csv
11_06_20,L=2.0um,202020,RVE3,14,0.0751074739796861,1179.6646658235986,F:\1_job\20251124\CPFE_PARAMATER_TEST_PBC\1_CPFE_3DMODEL_BUILD\4_BASE_ROOT\job\202020\RVE3\11_06_20.csv
11_06_20,L=2.0um,202020,RVE3,15,0.0806579019727236,1185.2264382148824,F:\1_job\20251124\CPFE_PARAMATER_TEST_PBC\1_CPFE_3DMODEL_BUILD\4_BASE_ROOT\job\202020\RVE3\11_06_20.csv
11_06_20,L=2.0um,202020,RVE3,16,0.0861776995220419,1190.0515456525936,F:\1_job\20251124\CPFE_PARAMATER_TEST_PBC\1_CPFE_3DMODEL_BUILD\4_BASE_ROOT\job\202020\RVE3\11_06_20.csv
11_06_20,L=2.0um,202020,RVE3,17,0.0916671892871969,1194.2484003233312,F:\1_job\20251124\CPFE_PARAMATER_TEST_PBC\1_CPFE_3DMODEL_BUILD\4_BASE_ROOT\job\202020\RVE3\11_06_20.csv
11_06_20,L=2.0um,202020,RVE3,18,0.0971267089999163,1197.887853639579,F:\1_job\20251124\CPFE_PARAMATER_TEST_PBC\1_CPFE_3DMODEL_BUILD\4_BASE_ROOT\job\202020\RVE3\11_06_20.csv
11_06_20,L=2.0um,202020,RVE3,19,0.1025565908534479,1201.020065536606,F:\1_job\20251124\CPFE_PARAMATER_TEST_PBC\1_CPFE_3DMODEL_BUILD\4_BASE_ROOT\job\202020\RVE3\11_06_20.csv
11_06_20,L=2.0um,202020,RVE3,20,0.1079571415585973,1203.7006616854978,F:\1_job\20251124\CPFE_PARAMATER_TEST_PBC\1_CPFE_3DMODEL_BUILD\4_BASE_ROOT\job\202020\RVE3\11_06_20.csv
11_06_20,L=2.0um,202020,RVE3,21,0.1133286829121737,1205.9475557057112,F:\1_job\20251124\CPFE_PARAMATER_TEST_PBC\1_CPFE_3DMODEL_BUILD\4_BASE_ROOT\job\202020\RVE3\11_06_20.csv
11_06_20,L=2.0um,202020,RVE3,22,0.1186715315172836,1207.8149257577916,F:\1_job\20251124\CPFE_PARAMATER_TEST_PBC\1_CPFE_3DMODEL_BUILD\4_BASE_ROOT\job\202020\RVE3\11_06_20.csv
11_06_20,L=2.0um,202020,RVE3,23,0.1239859791491398,1209.3399748218144,F:\1_job\20251124\CPFE_PARAMATER_TEST_PBC\1_CPFE_3DMODEL_BUILD\4_BASE_ROOT\job\202020\RVE3\11_06_20.csv
11_06_20,L=2.0um,202020,RVE3,24,0.1292723326662926,1210.5035988617385,F:\1_job\20251124\CPFE_PARAMATER_TEST_PBC\1_CPFE_3DMODEL_BUILD\4_BASE_ROOT\job\202020\RVE3\11_06_20.csv
11_06_20,L=2.0um,202020,RVE3,25,0.134530887539002,1211.3806438266329,F:\1_job\20251124\CPFE_PARAMATER_TEST_PBC\1_CPFE_3DMODEL_BUILD\4_BASE_ROOT\job\202020\RVE3\11_06_20.csv
11_06_20,L=2.0um,202020,RVE3,26,0.1397619475581712,1211.9825075024237,F:\1_job\20251124\CPFE_PARAMATER_TEST_PBC\1_CPFE_3DMODEL_BUILD\4_BASE_ROOT\job\202020\RVE3\11_06_20.csv
11_06_20,L=2.0um,202020,RVE3,27,0.1449657730344857,1212.3559911685315,F:\1_job\20251124\CPFE_PARAMATER_TEST_PBC\1_CPFE_3DMODEL_BUILD\4_BASE_ROOT\job\202020\RVE3\11_06_20.csv
11_06_20,L=2.0um,202020,RVE3,28,0.1501426588400785,1212.5356528413247,F:\1_job\20251124\CPFE_PARAMATER_TEST_PBC\1_CPFE_3DMODEL_BUILD\4_BASE_ROOT\job\202020\RVE3\11_06_20.csv
11_06_20,L=2.4um,242424,RVE1,1,0.0,0.0,F:\1_job\20251124\CPFE_PARAMATER_TEST_PBC\1_CPFE_3DMODEL_BUILD\4_BASE_ROOT\job\242424\RVE1\11_06_20.csv
11_06_20,L=2.4um,242424,RVE1,2,0.0059820717293904,438.79538326419,F:\1_job\20251124\CPFE_PARAMATER_TEST_PBC\1_CPFE_3DMODEL_BUILD\4_BASE_ROOT\job\242424\RVE1\11_06_20.csv
11_06_20,L=2.4um,242424,RVE1,3,0.011928570968345,833.203808057975,F:\1_job\20251124\CPFE_PARAMATER_TEST_PBC\1_CPFE_3DMODEL_BUILD\4_BASE_ROOT\job\242424\RVE1\11_06_20.csv
11_06_20,L=2.4um,242424,RVE1,4,0.0178399173671714,1020.5423786731196,F:\1_job\20251124\CPFE_PARAMATER_TEST_PBC\1_CPFE_3DMODEL_BUILD\4_BASE_ROOT\job\242424\RVE1\11_06_20.csv
11_06_20,L=2.4um,242424,RVE1,5,0.0237165268210428,1083.480830660549,F:\1_job\20251124\CPFE_PARAMATER_TEST_PBC\1_CPFE_3DMODEL_BUILD\4_BASE_ROOT\job\242424\RVE1\11_06_20.csv
11_06_20,L=2.4um,242424,RVE1,6,0.0295588015905227,1123.1140984181793,F:\1_job\20251124\CPFE_PARAMATER_TEST_PBC\1_CPFE_3DMODEL_BUILD\4_BASE_ROOT\job\242424\RVE1\11_06_20.csv
11_06_20,L=2.4um,242424,RVE1,7,0.0353671423414218,1152.8409259646642,F:\1_job\20251124\CPFE_PARAMATER_TEST_PBC\1_CPFE_3DMODEL_BUILD\4_BASE_ROOT\job\242424\RVE1\11_06_20.csv
11_06_20,L=2.4um,242424,RVE1,8,0.0411419427877547,1176.115677371038,F:\1_job\20251124\CPFE_PARAMATER_TEST_PBC\1_CPFE_3DMODEL_BUILD\4_BASE_ROOT\job\242424\RVE1\11_06_20.csv
11_06_20,L=2.4um,242424,RVE1,9,0.046883586296973,1194.716103358311,F:\1_job\20251124\CPFE_PARAMATER_TEST_PBC\1_CPFE_3DMODEL_BUILD\4_BASE_ROOT\job\242424\RVE1\11_06_20.csv
11_06_20,L=2.4um,242424,RVE1,10,0.0525924514481166,1209.769162408228,F:\1_job\20251124\CPFE_PARAMATER_TEST_PBC\1_CPFE_3DMODEL_BUILD\4_BASE_ROOT\job\242424\RVE1\11_06_20.csv
11_06_20,L=2.4um,242424,RVE1,11,0.0582689068587828,1222.0224689987915,F:\1_job\20251124\CPFE_PARAMATER_TEST_PBC\1_CPFE_3DMODEL_BUILD\4_BASE_ROOT\job\242424\RVE1\11_06_20.csv
11_06_20,L=2.4um,242424,RVE1,12,0.063913325408167,1232.055923189862,F:\1_job\20251124\CPFE_PARAMATER_TEST_PBC\1_CPFE_3DMODEL_BUILD\4_BASE_ROOT\job\242424\RVE1\11_06_20.csv
11_06_20,L=2.4um,242424,RVE1,13,0.0695260597573401,1240.3127179489325,F:\1_job\20251124\CPFE_PARAMATER_TEST_PBC\1_CPFE_3DMODEL_BUILD\4_BASE_ROOT\job\242424\RVE1\11_06_20.csv
11_06_20,L=2.4um,242424,RVE1,14,0.0751074739796861,1247.1173928123185,F:\1_job\20251124\CPFE_PARAMATER_TEST_PBC\1_CPFE_3DMODEL_BUILD\4_BASE_ROOT\job\242424\RVE1\11_06_20.csv
11_06_20,L=2.4um,242424,RVE1,15,0.0806579019727236,1252.7090893126394,F:\1_job\20251124\CPFE_PARAMATER_TEST_PBC\1_CPFE_3DMODEL_BUILD\4_BASE_ROOT\job\242424\RVE1\11_06_20.csv
11_06_20,L=2.4um,242424,RVE1,16,0.0861776995220419,1257.324581739382,F:\1_job\20251124\CPFE_PARAMATER_TEST_PBC\1_CPFE_3DMODEL_BUILD\4_BASE_ROOT\job\242424\RVE1\11_06_20.csv
11_06_20,L=2.4um,242424,RVE1,17,0.0916671892871969,1261.0964783274248,F:\1_job\20251124\CPFE_PARAMATER_TEST_PBC\1_CPFE_3DMODEL_BUILD\4_BASE_ROOT\job\242424\RVE1\11_06_20.csv
11_06_20,L=2.4um,242424,RVE1,18,0.0971267089999163,1264.1672820357396,F:\1_job\20251124\CPFE_PARAMATER_TEST_PBC\1_CPFE_3DMODEL_BUILD\4_BASE_ROOT\job\242424\RVE1\11_06_20.csv
11_06_20,L=2.4um,242424,RVE1,19,0.1025565908534479,1266.6085333176352,F:\1_job\20251124\CPFE_PARAMATER_TEST_PBC\1_CPFE_3DMODEL_BUILD\4_BASE_ROOT\job\242424\RVE1\11_06_20.csv
11_06_20,L=2.4um,242424,RVE1,20,0.1079571415585973,1268.4758257661572,F:\1_job\20251124\CPFE_PARAMATER_TEST_PBC\1_CPFE_3DMODEL_BUILD\4_BASE_ROOT\job\242424\RVE1\11_06_20.csv
11_06_20,L=2.4um,242424,RVE1,21,0.1133286829121737,1269.8820408679926,F:\1_job\20251124\CPFE_PARAMATER_TEST_PBC\1_CPFE_3DMODEL_BUILD\4_BASE_ROOT\job\242424\RVE1\11_06_20.csv
11_06_20,L=2.4um,242424,RVE1,22,0.1186715315172836,1270.8565946775411,F:\1_job\20251124\CPFE_PARAMATER_TEST_PBC\1_CPFE_3DMODEL_BUILD\4_BASE_ROOT\job\242424\RVE1\11_06_20.csv
11_06_20,L=2.4um,242424,RVE1,23,0.1239859791491398,1271.4374011447924,F:\1_job\20251124\CPFE_PARAMATER_TEST_PBC\1_CPFE_3DMODEL_BUILD\4_BASE_ROOT\job\242424\RVE1\11_06_20.csv
11_06_20,L=2.4um,242424,RVE1,24,0.1292723326662926,1271.6505481094866,F:\1_job\20251124\CPFE_PARAMATER_TEST_PBC\1_CPFE_3DMODEL_BUILD\4_BASE_ROOT\job\242424\RVE1\11_06_20.csv
11_06_20,L=2.4um,242424,RVE1,25,0.134530887539002,1271.55930458815,F:\1_job\20251124\CPFE_PARAMATER_TEST_PBC\1_CPFE_3DMODEL_BUILD\4_BASE_ROOT\job\242424\RVE1\11_06_20.csv
11_06_20,L=2.4um,242424,RVE1,26,0.1397619475581712,1271.1408080534086,F:\1_job\20251124\CPFE_PARAMATER_TEST_PBC\1_CPFE_3DMODEL_BUILD\4_BASE_ROOT\job\242424\RVE1\11_06_20.csv
11_06_20,L=2.4um,242424,RVE1,27,0.1449657730344857,1270.4614937445942,F:\1_job\20251124\CPFE_PARAMATER_TEST_PBC\1_CPFE_3DMODEL_BUILD\4_BASE_ROOT\job\242424\RVE1\11_06_20.csv
11_06_20,L=2.4um,242424,RVE1,28,0.1501426588400785,1269.5405501877608,F:\1_job\20251124\CPFE_PARAMATER_TEST_PBC\1_CPFE_3DMODEL_BUILD\4_BASE_ROOT\job\242424\RVE1\11_06_20.csv
11_06_20,L=2.4um,242424,RVE2,1,0.0,0.0,F:\1_job\20251124\CPFE_PARAMATER_TEST_PBC\1_CPFE_3DMODEL_BUILD\4_BASE_ROOT\job\242424\RVE2\11_06_20.csv
11_06_20,L=2.4um,242424,RVE2,2,0.0059820717293904,449.0381120278775,F:\1_job\20251124\CPFE_PARAMATER_TEST_PBC\1_CPFE_3DMODEL_BUILD\4_BASE_ROOT\job\242424\RVE2\11_06_20.csv
11_06_20,L=2.4um,242424,RVE2,3,0.011928570968345,838.3842777127335,F:\1_job\20251124\CPFE_PARAMATER_TEST_PBC\1_CPFE_3DMODEL_BUILD\4_BASE_ROOT\job\242424\RVE2\11_06_20.csv
11_06_20,L=2.4um,242424,RVE2,4,0.0178399173671714,1021.3979408119088,F:\1_job\20251124\CPFE_PARAMATER_TEST_PBC\1_CPFE_3DMODEL_BUILD\4_BASE_ROOT\job\242424\RVE2\11_06_20.csv
11_06_20,L=2.4um,242424,RVE2,5,0.0237165268210428,1089.1185621431791,F:\1_job\20251124\CPFE_PARAMATER_TEST_PBC\1_CPFE_3DMODEL_BUILD\4_BASE_ROOT\job\242424\RVE2\11_06_20.csv
11_06_20,L=2.4um,242424,RVE2,6,0.0295588015905227,1133.3701677361369,F:\1_job\20251124\CPFE_PARAMATER_TEST_PBC\1_CPFE_3DMODEL_BUILD\4_BASE_ROOT\job\242424\RVE2\11_06_20.csv
11_06_20,L=2.4um,242424,RVE2,7,0.0353671423414218,1166.930192685306,F:\1_job\20251124\CPFE_PARAMATER_TEST_PBC\1_CPFE_3DMODEL_BUILD\4_BASE_ROOT\job\242424\RVE2\11_06_20.csv
11_06_20,L=2.4um,242424,RVE2,8,0.0411419427877547,1193.0111252694812,F:\1_job\20251124\CPFE_PARAMATER_TEST_PBC\1_CPFE_3DMODEL_BUILD\4_BASE_ROOT\job\242424\RVE2\11_06_20.csv
11_06_20,L=2.4um,242424,RVE2,9,0.046883586296973,1213.4696479259628,F:\1_job\20251124\CPFE_PARAMATER_TEST_PBC\1_CPFE_3DMODEL_BUILD\4_BASE_ROOT\job\242424\RVE2\11_06_20.csv
11_06_20,L=2.4um,242424,RVE2,10,0.0525924514481166,1229.7061306376672,F:\1_job\20251124\CPFE_PARAMATER_TEST_PBC\1_CPFE_3DMODEL_BUILD\4_BASE_ROOT\job\242424\RVE2\11_06_20.csv
11_06_20,L=2.4um,242424,RVE2,11,0.0582689068587828,1242.762959638693,F:\1_job\20251124\CPFE_PARAMATER_TEST_PBC\1_CPFE_3DMODEL_BUILD\4_BASE_ROOT\job\242424\RVE2\11_06_20.csv
11_06_20,L=2.4um,242424,RVE2,12,0.063913325408167,1253.3963669704538,F:\1_job\20251124\CPFE_PARAMATER_TEST_PBC\1_CPFE_3DMODEL_BUILD\4_BASE_ROOT\job\242424\RVE2\11_06_20.csv
11_06_20,L=2.4um,242424,RVE2,13,0.0695260597573401,1262.1429090388826,F:\1_job\20251124\CPFE_PARAMATER_TEST_PBC\1_CPFE_3DMODEL_BUILD\4_BASE_ROOT\job\242424\RVE2\11_06_20.csv
11_06_20,L=2.4um,242424,RVE2,14,0.0751074739796861,1269.373845476612,F:\1_job\20251124\CPFE_PARAMATER_TEST_PBC\1_CPFE_3DMODEL_BUILD\4_BASE_ROOT\job\242424\RVE2\11_06_20.csv
11_06_20,L=2.4um,242424,RVE2,15,0.0806579019727236,1275.388832455268,F:\1_job\20251124\CPFE_PARAMATER_TEST_PBC\1_CPFE_3DMODEL_BUILD\4_BASE_ROOT\job\242424\RVE2\11_06_20.csv
11_06_20,L=2.4um,242424,RVE2,16,0.0861776995220419,1280.381187825185,F:\1_job\20251124\CPFE_PARAMATER_TEST_PBC\1_CPFE_3DMODEL_BUILD\4_BASE_ROOT\job\242424\RVE2\11_06_20.csv
11_06_20,L=2.4um,242424,RVE2,17,0.0916671892871969,1284.5428566999494,F:\1_job\20251124\CPFE_PARAMATER_TEST_PBC\1_CPFE_3DMODEL_BUILD\4_BASE_ROOT\job\242424\RVE2\11_06_20.csv
11_06_20,L=2.4um,242424,RVE2,18,0.0971267089999163,1287.982177765689,F:\1_job\20251124\CPFE_PARAMATER_TEST_PBC\1_CPFE_3DMODEL_BUILD\4_BASE_ROOT\job\242424\RVE2\11_06_20.csv
11_06_20,L=2.4um,242424,RVE2,19,0.1025565908534479,1290.817965062421,F:\1_job\20251124\CPFE_PARAMATER_TEST_PBC\1_CPFE_3DMODEL_BUILD\4_BASE_ROOT\job\242424\RVE2\11_06_20.csv
11_06_20,L=2.4um,242424,RVE2,20,0.1079571415585973,1293.10383118378,F:\1_job\20251124\CPFE_PARAMATER_TEST_PBC\1_CPFE_3DMODEL_BUILD\4_BASE_ROOT\job\242424\RVE2\11_06_20.csv
11_06_20,L=2.4um,242424,RVE2,21,0.1133286829121737,1294.9280771397537,F:\1_job\20251124\CPFE_PARAMATER_TEST_PBC\1_CPFE_3DMODEL_BUILD\4_BASE_ROOT\job\242424\RVE2\11_06_20.csv
11_06_20,L=2.4um,242424,RVE2,22,0.1186715315172836,1296.3529121277168,F:\1_job\20251124\CPFE_PARAMATER_TEST_PBC\1_CPFE_3DMODEL_BUILD\4_BASE_ROOT\job\242424\RVE2\11_06_20.csv
11_06_20,L=2.4um,242424,RVE2,23,0.1239859791491398,1297.411598516076,F:\1_job\20251124\CPFE_PARAMATER_TEST_PBC\1_CPFE_3DMODEL_BUILD\4_BASE_ROOT\job\242424\RVE2\11_06_20.csv
11_06_20,L=2.4um,242424,RVE2,24,0.1292723326662926,1298.1277959029946,F:\1_job\20251124\CPFE_PARAMATER_TEST_PBC\1_CPFE_3DMODEL_BUILD\4_BASE_ROOT\job\242424\RVE2\11_06_20.csv
11_06_20,L=2.4um,242424,RVE2,25,0.134530887539002,1298.562851262575,F:\1_job\20251124\CPFE_PARAMATER_TEST_PBC\1_CPFE_3DMODEL_BUILD\4_BASE_ROOT\job\242424\RVE2\11_06_20.csv
11_06_20,L=2.4um,242424,RVE2,26,0.1397619475581712,1298.7730905949925,F:\1_job\20251124\CPFE_PARAMATER_TEST_PBC\1_CPFE_3DMODEL_BUILD\4_BASE_ROOT\job\242424\RVE2\11_06_20.csv
11_06_20,L=2.4um,242424,RVE2,27,0.1449657730344857,1298.7341276937566,F:\1_job\20251124\CPFE_PARAMATER_TEST_PBC\1_CPFE_3DMODEL_BUILD\4_BASE_ROOT\job\242424\RVE2\11_06_20.csv
11_06_20,L=2.4um,242424,RVE2,28,0.1501426588400785,1298.503505533214,F:\1_job\20251124\CPFE_PARAMATER_TEST_PBC\1_CPFE_3DMODEL_BUILD\4_BASE_ROOT\job\242424\RVE2\11_06_20.csv
11_06_20,L=2.4um,242424,RVE3,1,0.0,0.0,F:\1_job\20251124\CPFE_PARAMATER_TEST_PBC\1_CPFE_3DMODEL_BUILD\4_BASE_ROOT\job\242424\RVE3\11_06_20.csv
11_06_20,L=2.4um,242424,RVE3,2,0.0059820717293904,442.7800050894382,F:\1_job\20251124\CPFE_PARAMATER_TEST_PBC\1_CPFE_3DMODEL_BUILD\4_BASE_ROOT\job\242424\RVE3\11_06_20.csv
11_06_20,L=2.4um,242424,RVE3,3,0.011928570968345,834.2076026928622,F:\1_job\20251124\CPFE_PARAMATER_TEST_PBC\1_CPFE_3DMODEL_BUILD\4_BASE_ROOT\job\242424\RVE3\11_06_20.csv
11_06_20,L=2.4um,242424,RVE3,4,0.0178399173671714,1031.5353129977057,F:\1_job\20251124\CPFE_PARAMATER_TEST_PBC\1_CPFE_3DMODEL_BUILD\4_BASE_ROOT\job\242424\RVE3\11_06_20.csv
11_06_20,L=2.4um,242424,RVE3,5,0.0237165268210428,1105.5704574011602,F:\1_job\20251124\CPFE_PARAMATER_TEST_PBC\1_CPFE_3DMODEL_BUILD\4_BASE_ROOT\job\242424\RVE3\11_06_20.csv
11_06_20,L=2.4um,242424,RVE3,6,0.0295588015905227,1152.566699937769,F:\1_job\20251124\CPFE_PARAMATER_TEST_PBC\1_CPFE_3DMODEL_BUILD\4_BASE_ROOT\job\242424\RVE3\11_06_20.csv
11_06_20,L=2.4um,242424,RVE3,7,0.0353671423414218,1186.9941182217897,F:\1_job\20251124\CPFE_PARAMATER_TEST_PBC\1_CPFE_3DMODEL_BUILD\4_BASE_ROOT\job\242424\RVE3\11_06_20.csv
11_06_20,L=2.4um,242424,RVE3,8,0.0411419427877547,1212.477459566538,F:\1_job\20251124\CPFE_PARAMATER_TEST_PBC\1_CPFE_3DMODEL_BUILD\4_BASE_ROOT\job\242424\RVE3\11_06_20.csv
11_06_20,L=2.4um,242424,RVE3,9,0.046883586296973,1231.3124338036537,F:\1_job\20251124\CPFE_PARAMATER_TEST_PBC\1_CPFE_3DMODEL_BUILD\4_BASE_ROOT\job\242424\RVE3\11_06_20.csv
11_06_20,L=2.4um,242424,RVE3,10,0.0525924514481166,1245.5102008841384,F:\1_job\20251124\CPFE_PARAMATER_TEST_PBC\1_CPFE_3DMODEL_BUILD\4_BASE_ROOT\job\242424\RVE3\11_06_20.csv
11_06_20,L=2.4um,242424,RVE3,11,0.0582689068587828,1256.3888477394912,F:\1_job\20251124\CPFE_PARAMATER_TEST_PBC\1_CPFE_3DMODEL_BUILD\4_BASE_ROOT\job\242424\RVE3\11_06_20.csv
11_06_20,L=2.4um,242424,RVE3,12,0.063913325408167,1264.8362430991572,F:\1_job\20251124\CPFE_PARAMATER_TEST_PBC\1_CPFE_3DMODEL_BUILD\4_BASE_ROOT\job\242424\RVE3\11_06_20.csv
11_06_20,L=2.4um,242424,RVE3,13,0.0695260597573401,1271.3859125748031,F:\1_job\20251124\CPFE_PARAMATER_TEST_PBC\1_CPFE_3DMODEL_BUILD\4_BASE_ROOT\job\242424\RVE3\11_06_20.csv
11_06_20,L=2.4um,242424,RVE3,14,0.0751074739796861,1276.440279287753,F:\1_job\20251124\CPFE_PARAMATER_TEST_PBC\1_CPFE_3DMODEL_BUILD\4_BASE_ROOT\job\242424\RVE3\11_06_20.csv
11_06_20,L=2.4um,242424,RVE3,15,0.0806579019727236,1280.2638465786831,F:\1_job\20251124\CPFE_PARAMATER_TEST_PBC\1_CPFE_3DMODEL_BUILD\4_BASE_ROOT\job\242424\RVE3\11_06_20.csv
11_06_20,L=2.4um,242424,RVE3,16,0.0861776995220419,1283.047402670901,F:\1_job\20251124\CPFE_PARAMATER_TEST_PBC\1_CPFE_3DMODEL_BUILD\4_BASE_ROOT\job\242424\RVE3\11_06_20.csv
11_06_20,L=2.4um,242424,RVE3,17,0.0916671892871969,1284.9446884331114,F:\1_job\20251124\CPFE_PARAMATER_TEST_PBC\1_CPFE_3DMODEL_BUILD\4_BASE_ROOT\job\242424\RVE3\11_06_20.csv
11_06_20,L=2.4um,242424,RVE3,18,0.0971267089999163,1286.0889902813983,F:\1_job\20251124\CPFE_PARAMATER_TEST_PBC\1_CPFE_3DMODEL_BUILD\4_BASE_ROOT\job\242424\RVE3\11_06_20.csv
11_06_20,L=2.4um,242424,RVE3,19,0.1025565908534479,1286.5907325778653,F:\1_job\20251124\CPFE_PARAMATER_TEST_PBC\1_CPFE_3DMODEL_BUILD\4_BASE_ROOT\job\242424\RVE3\11_06_20.csv
11_06_20,L=2.4um,242424,RVE3,20,0.1079571415585973,1286.5363525796415,F:\1_job\20251124\CPFE_PARAMATER_TEST_PBC\1_CPFE_3DMODEL_BUILD\4_BASE_ROOT\job\242424\RVE3\11_06_20.csv
11_06_20,L=2.4um,242424,RVE3,21,0.1133286829121737,1285.9673024216297,F:\1_job\20251124\CPFE_PARAMATER_TEST_PBC\1_CPFE_3DMODEL_BUILD\4_BASE_ROOT\job\242424\RVE3\11_06_20.csv
11_06_20,L=2.4um,242424,RVE3,22,0.1186715315172836,1284.968805153289,F:\1_job\20251124\CPFE_PARAMATER_TEST_PBC\1_CPFE_3DMODEL_BUILD\4_BASE_ROOT\job\242424\RVE3\11_06_20.csv
11_06_20,L=2.4um,242424,RVE3,23,0.1239859791491398,1283.6219474311292,F:\1_job\20251124\CPFE_PARAMATER_TEST_PBC\1_CPFE_3DMODEL_BUILD\4_BASE_ROOT\job\242424\RVE3\11_06_20.csv
11_06_20,L=2.4um,242424,RVE3,24,0.1292723326662926,1281.9159432074705,F:\1_job\20251124\CPFE_PARAMATER_TEST_PBC\1_CPFE_3DMODEL_BUILD\4_BASE_ROOT\job\242424\RVE3\11_06_20.csv
11_06_20,L=2.4um,242424,RVE3,25,0.134530887539002,1288.1267975132428,F:\1_job\20251124\CPFE_PARAMATER_TEST_PBC\1_CPFE_3DMODEL_BUILD\4_BASE_ROOT\job\242424\RVE3\11_06_20.csv
12_06_500,L=1.6um,161616,RVE1,1,0.0,0.0,F:\1_job\20251124\CPFE_PARAMATER_TEST_PBC\1_CPFE_3DMODEL_BUILD\4_BASE_ROOT\job\161616\RVE1\12_06_500.csv
12_06_500,L=1.6um,161616,RVE1,2,0.0059820717293904,373.3132969334544,F:\1_job\20251124\CPFE_PARAMATER_TEST_PBC\1_CPFE_3DMODEL_BUILD\4_BASE_ROOT\job\161616\RVE1\12_06_500.csv
12_06_500,L=1.6um,161616,RVE1,3,0.011928570968345,668.0585814210915,F:\1_job\20251124\CPFE_PARAMATER_TEST_PBC\1_CPFE_3DMODEL_BUILD\4_BASE_ROOT\job\161616\RVE1\12_06_500.csv
12_06_500,L=1.6um,161616,RVE1,4,0.0178399173671714,735.2008496887316,F:\1_job\20251124\CPFE_PARAMATER_TEST_PBC\1_CPFE_3DMODEL_BUILD\4_BASE_ROOT\job\161616\RVE1\12_06_500.csv
12_06_500,L=1.6um,161616,RVE1,5,0.0237165268210428,753.2150880440751,F:\1_job\20251124\CPFE_PARAMATER_TEST_PBC\1_CPFE_3DMODEL_BUILD\4_BASE_ROOT\job\161616\RVE1\12_06_500.csv
12_06_500,L=1.6um,161616,RVE1,6,0.0295588015905227,760.439878207101,F:\1_job\20251124\CPFE_PARAMATER_TEST_PBC\1_CPFE_3DMODEL_BUILD\4_BASE_ROOT\job\161616\RVE1\12_06_500.csv
12_06_500,L=1.6um,161616,RVE1,7,0.0353671423414218,764.386983204874,F:\1_job\20251124\CPFE_PARAMATER_TEST_PBC\1_CPFE_3DMODEL_BUILD\4_BASE_ROOT\job\161616\RVE1\12_06_500.csv
12_06_500,L=1.6um,161616,RVE1,8,0.0411419427877547,766.7079761630214,F:\1_job\20251124\CPFE_PARAMATER_TEST_PBC\1_CPFE_3DMODEL_BUILD\4_BASE_ROOT\job\161616\RVE1\12_06_500.csv
12_06_500,L=1.6um,161616,RVE1,9,0.046883586296973,767.9913981634207,F:\1_job\20251124\CPFE_PARAMATER_TEST_PBC\1_CPFE_3DMODEL_BUILD\4_BASE_ROOT\job\161616\RVE1\12_06_500.csv
12_06_500,L=1.6um,161616,RVE1,10,0.0525924514481166,768.556200810417,F:\1_job\20251124\CPFE_PARAMATER_TEST_PBC\1_CPFE_3DMODEL_BUILD\4_BASE_ROOT\job\161616\RVE1\12_06_500.csv
12_06_500,L=1.6um,161616,RVE1,11,0.0582689068587828,768.6033882907215,F:\1_job\20251124\CPFE_PARAMATER_TEST_PBC\1_CPFE_3DMODEL_BUILD\4_BASE_ROOT\job\161616\RVE1\12_06_500.csv
12_06_500,L=1.6um,161616,RVE1,12,0.063913325408167,768.2640031382925,F:\1_job\20251124\CPFE_PARAMATER_TEST_PBC\1_CPFE_3DMODEL_BUILD\4_BASE_ROOT\job\161616\RVE1\12_06_500.csv
12_06_500,L=1.6um,161616,RVE1,13,0.0695260597573401,767.6266504981744,F:\1_job\20251124\CPFE_PARAMATER_TEST_PBC\1_CPFE_3DMODEL_BUILD\4_BASE_ROOT\job\161616\RVE1\12_06_500.csv
12_06_500,L=1.6um,161616,RVE1,14,0.0751074739796861,766.7525678398835,F:\1_job\20251124\CPFE_PARAMATER_TEST_PBC\1_CPFE_3DMODEL_BUILD\4_BASE_ROOT\job\161616\RVE1\12_06_500.csv
12_06_500,L=1.6um,161616,RVE1,15,0.0806579019727236,765.6850453960491,F:\1_job\20251124\CPFE_PARAMATER_TEST_PBC\1_CPFE_3DMODEL_BUILD\4_BASE_ROOT\job\161616\RVE1\12_06_500.csv
12_06_500,L=1.6um,161616,RVE1,16,0.0861776995220419,764.4600392627935,F:\1_job\20251124\CPFE_PARAMATER_TEST_PBC\1_CPFE_3DMODEL_BUILD\4_BASE_ROOT\job\161616\RVE1\12_06_500.csv
12_06_500,L=1.6um,161616,RVE1,17,0.0916671892871969,763.1017829029352,F:\1_job\20251124\CPFE_PARAMATER_TEST_PBC\1_CPFE_3DMODEL_BUILD\4_BASE_ROOT\job\161616\RVE1\12_06_500.csv
12_06_500,L=1.6um,161616,RVE1,18,0.0971267089999163,761.6318734814911,F:\1_job\20251124\CPFE_PARAMATER_TEST_PBC\1_CPFE_3DMODEL_BUILD\4_BASE_ROOT\job\161616\RVE1\12_06_500.csv
12_06_500,L=1.6um,161616,RVE1,19,0.1025565908534479,760.0674512530046,F:\1_job\20251124\CPFE_PARAMATER_TEST_PBC\1_CPFE_3DMODEL_BUILD\4_BASE_ROOT\job\161616\RVE1\12_06_500.csv
12_06_500,L=1.6um,161616,RVE1,20,0.1079571415585973,758.4189918447022,F:\1_job\20251124\CPFE_PARAMATER_TEST_PBC\1_CPFE_3DMODEL_BUILD\4_BASE_ROOT\job\161616\RVE1\12_06_500.csv
12_06_500,L=1.6um,161616,RVE1,21,0.1133286829121737,756.7034321783028,F:\1_job\20251124\CPFE_PARAMATER_TEST_PBC\1_CPFE_3DMODEL_BUILD\4_BASE_ROOT\job\161616\RVE1\12_06_500.csv
12_06_500,L=1.6um,161616,RVE1,22,0.1186715315172836,754.9291532513722,F:\1_job\20251124\CPFE_PARAMATER_TEST_PBC\1_CPFE_3DMODEL_BUILD\4_BASE_ROOT\job\161616\RVE1\12_06_500.csv
12_06_500,L=1.6um,161616,RVE1,23,0.1239859791491398,753.0998432646161,F:\1_job\20251124\CPFE_PARAMATER_TEST_PBC\1_CPFE_3DMODEL_BUILD\4_BASE_ROOT\job\161616\RVE1\12_06_500.csv
12_06_500,L=1.6um,161616,RVE1,24,0.1292723326662926,751.2209784813413,F:\1_job\20251124\CPFE_PARAMATER_TEST_PBC\1_CPFE_3DMODEL_BUILD\4_BASE_ROOT\job\161616\RVE1\12_06_500.csv
12_06_500,L=1.6um,161616,RVE1,25,0.134530887539002,749.3114397454725,F:\1_job\20251124\CPFE_PARAMATER_TEST_PBC\1_CPFE_3DMODEL_BUILD\4_BASE_ROOT\job\161616\RVE1\12_06_500.csv
12_06_500,L=1.6um,161616,RVE1,26,0.1397619475581712,747.3648735873847,F:\1_job\20251124\CPFE_PARAMATER_TEST_PBC\1_CPFE_3DMODEL_BUILD\4_BASE_ROOT\job\161616\RVE1\12_06_500.csv
12_06_500,L=1.6um,161616,RVE1,27,0.1449657730344857,745.3931514513137,F:\1_job\20251124\CPFE_PARAMATER_TEST_PBC\1_CPFE_3DMODEL_BUILD\4_BASE_ROOT\job\161616\RVE1\12_06_500.csv
12_06_500,L=1.6um,161616,RVE1,28,0.1501426588400785,743.4022486876302,F:\1_job\20251124\CPFE_PARAMATER_TEST_PBC\1_CPFE_3DMODEL_BUILD\4_BASE_ROOT\job\161616\RVE1\12_06_500.csv
12_06_500,L=1.6um,161616,RVE2,1,0.0,0.0,F:\1_job\20251124\CPFE_PARAMATER_TEST_PBC\1_CPFE_3DMODEL_BUILD\4_BASE_ROOT\job\161616\RVE2\12_06_500.csv
12_06_500,L=1.6um,161616,RVE2,2,0.0059820717293904,439.7490965355924,F:\1_job\20251124\CPFE_PARAMATER_TEST_PBC\1_CPFE_3DMODEL_BUILD\4_BASE_ROOT\job\161616\RVE2\12_06_500.csv
12_06_500,L=1.6um,161616,RVE2,3,0.011928570968345,748.0668371494767,F:\1_job\20251124\CPFE_PARAMATER_TEST_PBC\1_CPFE_3DMODEL_BUILD\4_BASE_ROOT\job\161616\RVE2\12_06_500.csv
12_06_500,L=1.6um,161616,RVE2,4,0.0178399173671714,828.6571676384171,F:\1_job\20251124\CPFE_PARAMATER_TEST_PBC\1_CPFE_3DMODEL_BUILD\4_BASE_ROOT\job\161616\RVE2\12_06_500.csv
12_06_500,L=1.6um,161616,RVE2,5,0.0237165268210428,848.7868043721394,F:\1_job\20251124\CPFE_PARAMATER_TEST_PBC\1_CPFE_3DMODEL_BUILD\4_BASE_ROOT\job\161616\RVE2\12_06_500.csv
12_06_500,L=1.6um,161616,RVE2,6,0.0295588015905227,857.9532909768313,F:\1_job\20251124\CPFE_PARAMATER_TEST_PBC\1_CPFE_3DMODEL_BUILD\4_BASE_ROOT\job\161616\RVE2\12_06_500.csv
12_06_500,L=1.6um,161616,RVE2,7,0.0353671423414218,862.7749642340748,F:\1_job\20251124\CPFE_PARAMATER_TEST_PBC\1_CPFE_3DMODEL_BUILD\4_BASE_ROOT\job\161616\RVE2\12_06_500.csv
12_06_500,L=1.6um,161616,RVE2,8,0.0411419427877547,865.401874787215,F:\1_job\20251124\CPFE_PARAMATER_TEST_PBC\1_CPFE_3DMODEL_BUILD\4_BASE_ROOT\job\161616\RVE2\12_06_500.csv
12_06_500,L=1.6um,161616,RVE2,9,0.046883586296973,866.72119699652,F:\1_job\20251124\CPFE_PARAMATER_TEST_PBC\1_CPFE_3DMODEL_BUILD\4_BASE_ROOT\job\161616\RVE2\12_06_500.csv
12_06_500,L=1.6um,161616,RVE2,10,0.0525924514481166,867.1701165040993,F:\1_job\20251124\CPFE_PARAMATER_TEST_PBC\1_CPFE_3DMODEL_BUILD\4_BASE_ROOT\job\161616\RVE2\12_06_500.csv
12_06_500,L=1.6um,161616,RVE2,11,0.0582689068587828,866.9989574907255,F:\1_job\20251124\CPFE_PARAMATER_TEST_PBC\1_CPFE_3DMODEL_BUILD\4_BASE_ROOT\job\161616\RVE2\12_06_500.csv
12_06_500,L=1.6um,161616,RVE2,12,0.063913325408167,866.3667638971591,F:\1_job\20251124\CPFE_PARAMATER_TEST_PBC\1_CPFE_3DMODEL_BUILD\4_BASE_ROOT\job\161616\RVE2\12_06_500.csv
12_06_500,L=1.6um,161616,RVE2,13,0.0695260597573401,865.3802007450224,F:\1_job\20251124\CPFE_PARAMATER_TEST_PBC\1_CPFE_3DMODEL_BUILD\4_BASE_ROOT\job\161616\RVE2\12_06_500.csv
12_06_500,L=1.6um,161616,RVE2,14,0.0751074739796861,864.1051816727345,F:\1_job\20251124\CPFE_PARAMATER_TEST_PBC\1_CPFE_3DMODEL_BUILD\4_BASE_ROOT\job\161616\RVE2\12_06_500.csv
12_06_500,L=1.6um,161616,RVE2,15,0.0806579019727236,862.6138277578583,F:\1_job\20251124\CPFE_PARAMATER_TEST_PBC\1_CPFE_3DMODEL_BUILD\4_BASE_ROOT\job\161616\RVE2\12_06_500.csv
12_06_500,L=1.6um,161616,RVE2,16,0.0861776995220419,860.9327958459137,F:\1_job\20251124\CPFE_PARAMATER_TEST_PBC\1_CPFE_3DMODEL_BUILD\4_BASE_ROOT\job\161616\RVE2\12_06_500.csv
12_06_500,L=1.6um,161616,RVE2,17,0.0916671892871969,859.1118976458345,F:\1_job\20251124\CPFE_PARAMATER_TEST_PBC\1_CPFE_3DMODEL_BUILD\4_BASE_ROOT\job\161616\RVE2\12_06_500.csv
12_06_500,L=1.6um,161616,RVE2,18,0.0971267089999163,857.1688607400318,F:\1_job\20251124\CPFE_PARAMATER_TEST_PBC\1_CPFE_3DMODEL_BUILD\4_BASE_ROOT\job\161616\RVE2\12_06_500.csv
12_06_500,L=1.6um,161616,RVE2,19,0.1025565908534479,855.1290216608955,F:\1_job\20251124\CPFE_PARAMATER_TEST_PBC\1_CPFE_3DMODEL_BUILD\4_BASE_ROOT\job\161616\RVE2\12_06_500.csv
12_06_500,L=1.6um,161616,RVE2,20,0.1079571415585973,853.0164733389452,F:\1_job\20251124\CPFE_PARAMATER_TEST_PBC\1_CPFE_3DMODEL_BUILD\4_BASE_ROOT\job\161616\RVE2\12_06_500.csv
12_06_500,L=1.6um,161616,RVE2,21,0.1133286829121737,850.8249453195971,F:\1_job\20251124\CPFE_PARAMATER_TEST_PBC\1_CPFE_3DMODEL_BUILD\4_BASE_ROOT\job\161616\RVE2\12_06_500.csv
12_06_500,L=1.6um,161616,RVE2,22,0.1186715315172836,848.583670474488,F:\1_job\20251124\CPFE_PARAMATER_TEST_PBC\1_CPFE_3DMODEL_BUILD\4_BASE_ROOT\job\161616\RVE2\12_06_500.csv
12_06_500,L=1.6um,161616,RVE2,23,0.1239859791491398,846.2946912663388,F:\1_job\20251124\CPFE_PARAMATER_TEST_PBC\1_CPFE_3DMODEL_BUILD\4_BASE_ROOT\job\161616\RVE2\12_06_500.csv
12_06_500,L=1.6um,161616,RVE2,24,0.1292723326662926,843.9649187914116,F:\1_job\20251124\CPFE_PARAMATER_TEST_PBC\1_CPFE_3DMODEL_BUILD\4_BASE_ROOT\job\161616\RVE2\12_06_500.csv
12_06_500,L=1.6um,161616,RVE2,25,0.134530887539002,841.6135332280205,F:\1_job\20251124\CPFE_PARAMATER_TEST_PBC\1_CPFE_3DMODEL_BUILD\4_BASE_ROOT\job\161616\RVE2\12_06_500.csv
12_06_500,L=1.6um,161616,RVE2,26,0.1397619475581712,839.226530371679,F:\1_job\20251124\CPFE_PARAMATER_TEST_PBC\1_CPFE_3DMODEL_BUILD\4_BASE_ROOT\job\161616\RVE2\12_06_500.csv
12_06_500,L=1.6um,161616,RVE2,27,0.1449657730344857,836.8084437304537,F:\1_job\20251124\CPFE_PARAMATER_TEST_PBC\1_CPFE_3DMODEL_BUILD\4_BASE_ROOT\job\161616\RVE2\12_06_500.csv
12_06_500,L=1.6um,161616,RVE2,28,0.1501426588400785,834.3654463138784,F:\1_job\20251124\CPFE_PARAMATER_TEST_PBC\1_CPFE_3DMODEL_BUILD\4_BASE_ROOT\job\161616\RVE2\12_06_500.csv
12_06_500,L=1.6um,161616,RVE3,1,0.0,0.0,F:\1_job\20251124\CPFE_PARAMATER_TEST_PBC\1_CPFE_3DMODEL_BUILD\4_BASE_ROOT\job\161616\RVE3\12_06_500.csv
12_06_500,L=1.6um,161616,RVE3,2,0.0059820717293904,427.7226733787075,F:\1_job\20251124\CPFE_PARAMATER_TEST_PBC\1_CPFE_3DMODEL_BUILD\4_BASE_ROOT\job\161616\RVE3\12_06_500.csv
12_06_500,L=1.6um,161616,RVE3,3,0.011928570968345,704.1208942662239,F:\1_job\20251124\CPFE_PARAMATER_TEST_PBC\1_CPFE_3DMODEL_BUILD\4_BASE_ROOT\job\161616\RVE3\12_06_500.csv
12_06_500,L=1.6um,161616,RVE3,4,0.0178399173671714,771.0127875896728,F:\1_job\20251124\CPFE_PARAMATER_TEST_PBC\1_CPFE_3DMODEL_BUILD\4_BASE_ROOT\job\161616\RVE3\12_06_500.csv
12_06_500,L=1.6um,161616,RVE3,5,0.0237165268210428,799.194275065161,F:\1_job\20251124\CPFE_PARAMATER_TEST_PBC\1_CPFE_3DMODEL_BUILD\4_BASE_ROOT\job\161616\RVE3\12_06_500.csv
12_06_500,L=1.6um,161616,RVE3,6,0.0295588015905227,815.2976459917456,F:\1_job\20251124\CPFE_PARAMATER_TEST_PBC\1_CPFE_3DMODEL_BUILD\4_BASE_ROOT\job\161616\RVE3\12_06_500.csv
12_06_500,L=1.6um,161616,RVE3,7,0.0353671423414218,825.6979174183518,F:\1_job\20251124\CPFE_PARAMATER_TEST_PBC\1_CPFE_3DMODEL_BUILD\4_BASE_ROOT\job\161616\RVE3\12_06_500.csv
12_06_500,L=1.6um,161616,RVE3,8,0.0411419427877547,832.6069044118556,F:\1_job\20251124\CPFE_PARAMATER_TEST_PBC\1_CPFE_3DMODEL_BUILD\4_BASE_ROOT\job\161616\RVE3\12_06_500.csv
12_06_500,L=1.6um,161616,RVE3,9,0.046883586296973,837.1353329176636,F:\1_job\20251124\CPFE_PARAMATER_TEST_PBC\1_CPFE_3DMODEL_BUILD\4_BASE_ROOT\job\161616\RVE3\12_06_500.csv
12_06_500,L=1.6um,161616,RVE3,10,0.0525924514481166,839.9484683708849,F:\1_job\20251124\CPFE_PARAMATER_TEST_PBC\1_CPFE_3DMODEL_BUILD\4_BASE_ROOT\job\161616\RVE3\12_06_500.csv
12_06_500,L=1.6um,161616,RVE3,11,0.0582689068587828,841.4841629349177,F:\1_job\20251124\CPFE_PARAMATER_TEST_PBC\1_CPFE_3DMODEL_BUILD\4_BASE_ROOT\job\161616\RVE3\12_06_500.csv
12_06_500,L=1.6um,161616,RVE3,12,0.063913325408167,842.0387421405655,F:\1_job\20251124\CPFE_PARAMATER_TEST_PBC\1_CPFE_3DMODEL_BUILD\4_BASE_ROOT\job\161616\RVE3\12_06_500.csv
12_06_500,L=1.6um,161616,RVE3,13,0.0695260597573401,841.8263439634526,F:\1_job\20251124\CPFE_PARAMATER_TEST_PBC\1_CPFE_3DMODEL_BUILD\4_BASE_ROOT\job\161616\RVE3\12_06_500.csv
12_06_500,L=1.6um,161616,RVE3,14,0.0751074739796861,841.0071588196865,F:\1_job\20251124\CPFE_PARAMATER_TEST_PBC\1_CPFE_3DMODEL_BUILD\4_BASE_ROOT\job\161616\RVE3\12_06_500.csv
12_06_500,L=1.6um,161616,RVE3,15,0.0806579019727236,839.7001577187782,F:\1_job\20251124\CPFE_PARAMATER_TEST_PBC\1_CPFE_3DMODEL_BUILD\4_BASE_ROOT\job\161616\RVE3\12_06_500.csv
12_06_500,L=1.6um,161616,RVE3,16,0.0861776995220419,838.0050185995528,F:\1_job\20251124\CPFE_PARAMATER_TEST_PBC\1_CPFE_3DMODEL_BUILD\4_BASE_ROOT\job\161616\RVE3\12_06_500.csv
12_06_500,L=1.6um,161616,RVE3,17,0.0916671892871969,835.9966360735172,F:\1_job\20251124\CPFE_PARAMATER_TEST_PBC\1_CPFE_3DMODEL_BUILD\4_BASE_ROOT\job\161616\RVE3\12_06_500.csv
12_06_500,L=1.6um,161616,RVE3,18,0.0971267089999163,833.7353889816939,F:\1_job\20251124\CPFE_PARAMATER_TEST_PBC\1_CPFE_3DMODEL_BUILD\4_BASE_ROOT\job\161616\RVE3\12_06_500.csv
12_06_500,L=1.6um,161616,RVE3,19,0.1025565908534479,831.2825955904715,F:\1_job\20251124\CPFE_PARAMATER_TEST_PBC\1_CPFE_3DMODEL_BUILD\4_BASE_ROOT\job\161616\RVE3\12_06_500.csv
12_06_500,L=1.6um,161616,RVE3,20,0.1079571415585973,828.6784397807048,F:\1_job\20251124\CPFE_PARAMATER_TEST_PBC\1_CPFE_3DMODEL_BUILD\4_BASE_ROOT\job\161616\RVE3\12_06_500.csv
12_06_500,L=1.6um,161616,RVE3,21,0.1133286829121737,825.9443358668528,F:\1_job\20251124\CPFE_PARAMATER_TEST_PBC\1_CPFE_3DMODEL_BUILD\4_BASE_ROOT\job\161616\RVE3\12_06_500.csv
12_06_500,L=1.6um,161616,RVE3,22,0.1186715315172836,823.1048675092438,F:\1_job\20251124\CPFE_PARAMATER_TEST_PBC\1_CPFE_3DMODEL_BUILD\4_BASE_ROOT\job\161616\RVE3\12_06_500.csv
12_06_500,L=1.6um,161616,RVE3,23,0.1239859791491398,820.2036990705288,F:\1_job\20251124\CPFE_PARAMATER_TEST_PBC\1_CPFE_3DMODEL_BUILD\4_BASE_ROOT\job\161616\RVE3\12_06_500.csv
12_06_500,L=1.6um,161616,RVE3,24,0.1292723326662926,817.2430530993875,F:\1_job\20251124\CPFE_PARAMATER_TEST_PBC\1_CPFE_3DMODEL_BUILD\4_BASE_ROOT\job\161616\RVE3\12_06_500.csv
12_06_500,L=1.6um,161616,RVE3,25,0.134530887539002,814.243871568312,F:\1_job\20251124\CPFE_PARAMATER_TEST_PBC\1_CPFE_3DMODEL_BUILD\4_BASE_ROOT\job\161616\RVE3\12_06_500.csv
12_06_500,L=1.6um,161616,RVE3,26,0.1397619475581712,811.2237018669362,F:\1_job\20251124\CPFE_PARAMATER_TEST_PBC\1_CPFE_3DMODEL_BUILD\4_BASE_ROOT\job\161616\RVE3\12_06_500.csv
12_06_500,L=1.6um,161616,RVE3,27,0.1449657730344857,808.1862879844098,F:\1_job\20251124\CPFE_PARAMATER_TEST_PBC\1_CPFE_3DMODEL_BUILD\4_BASE_ROOT\job\161616\RVE3\12_06_500.csv
12_06_500,L=1.6um,161616,RVE3,28,0.1501426588400785,805.1251458849329,F:\1_job\20251124\CPFE_PARAMATER_TEST_PBC\1_CPFE_3DMODEL_BUILD\4_BASE_ROOT\job\161616\RVE3\12_06_500.csv
12_06_500,L=2.0um,202020,RVE1,1,0.0,0.0,F:\1_job\20251124\CPFE_PARAMATER_TEST_PBC\1_CPFE_3DMODEL_BUILD\4_BASE_ROOT\job\202020\RVE1\12_06_500.csv
12_06_500,L=2.0um,202020,RVE1,2,0.0059820717293904,445.055928917116,F:\1_job\20251124\CPFE_PARAMATER_TEST_PBC\1_CPFE_3DMODEL_BUILD\4_BASE_ROOT\job\202020\RVE1\12_06_500.csv
12_06_500,L=2.0um,202020,RVE1,3,0.011928570968345,724.9411104262831,F:\1_job\20251124\CPFE_PARAMATER_TEST_PBC\1_CPFE_3DMODEL_BUILD\4_BASE_ROOT\job\202020\RVE1\12_06_500.csv
12_06_500,L=2.0um,202020,RVE1,4,0.0178399173671714,789.2640857029551,F:\1_job\20251124\CPFE_PARAMATER_TEST_PBC\1_CPFE_3DMODEL_BUILD\4_BASE_ROOT\job\202020\RVE1\12_06_500.csv
12_06_500,L=2.0um,202020,RVE1,5,0.0237165268210428,814.27743766589,F:\1_job\20251124\CPFE_PARAMATER_TEST_PBC\1_CPFE_3DMODEL_BUILD\4_BASE_ROOT\job\202020\RVE1\12_06_500.csv
12_06_500,L=2.0um,202020,RVE1,6,0.0295588015905227,827.8857599590754,F:\1_job\20251124\CPFE_PARAMATER_TEST_PBC\1_CPFE_3DMODEL_BUILD\4_BASE_ROOT\job\202020\RVE1\12_06_500.csv
12_06_500,L=2.0um,202020,RVE1,7,0.0353671423414218,836.7009530941077,F:\1_job\20251124\CPFE_PARAMATER_TEST_PBC\1_CPFE_3DMODEL_BUILD\4_BASE_ROOT\job\202020\RVE1\12_06_500.csv
12_06_500,L=2.0um,202020,RVE1,8,0.0411419427877547,842.7940722959147,F:\1_job\20251124\CPFE_PARAMATER_TEST_PBC\1_CPFE_3DMODEL_BUILD\4_BASE_ROOT\job\202020\RVE1\12_06_500.csv
12_06_500,L=2.0um,202020,RVE1,9,0.046883586296973,847.0758079544275,F:\1_job\20251124\CPFE_PARAMATER_TEST_PBC\1_CPFE_3DMODEL_BUILD\4_BASE_ROOT\job\202020\RVE1\12_06_500.csv
12_06_500,L=2.0um,202020,RVE1,10,0.0525924514481166,850.0640603337907,F:\1_job\20251124\CPFE_PARAMATER_TEST_PBC\1_CPFE_3DMODEL_BUILD\4_BASE_ROOT\job\202020\RVE1\12_06_500.csv
12_06_500,L=2.0um,202020,RVE1,11,0.0582689068587828,852.078838033284,F:\1_job\20251124\CPFE_PARAMATER_TEST_PBC\1_CPFE_3DMODEL_BUILD\4_BASE_ROOT\job\202020\RVE1\12_06_500.csv
12_06_500,L=2.0um,202020,RVE1,12,0.063913325408167,853.3324792059066,F:\1_job\20251124\CPFE_PARAMATER_TEST_PBC\1_CPFE_3DMODEL_BUILD\4_BASE_ROOT\job\202020\RVE1\12_06_500.csv
12_06_500,L=2.0um,202020,RVE1,13,0.0695260597573401,853.9810815152849,F:\1_job\20251124\CPFE_PARAMATER_TEST_PBC\1_CPFE_3DMODEL_BUILD\4_BASE_ROOT\job\202020\RVE1\12_06_500.csv
12_06_500,L=2.0um,202020,RVE1,14,0.0751074739796861,854.1349836969966,F:\1_job\20251124\CPFE_PARAMATER_TEST_PBC\1_CPFE_3DMODEL_BUILD\4_BASE_ROOT\job\202020\RVE1\12_06_500.csv
12_06_500,L=2.0um,202020,RVE1,15,0.0806579019727236,853.877464439959,F:\1_job\20251124\CPFE_PARAMATER_TEST_PBC\1_CPFE_3DMODEL_BUILD\4_BASE_ROOT\job\202020\RVE1\12_06_500.csv
12_06_500,L=2.0um,202020,RVE1,16,0.0861776995220419,853.2874490886898,F:\1_job\20251124\CPFE_PARAMATER_TEST_PBC\1_CPFE_3DMODEL_BUILD\4_BASE_ROOT\job\202020\RVE1\12_06_500.csv
12_06_500,L=2.0um,202020,RVE1,17,0.0916671892871969,852.4016251607145,F:\1_job\20251124\CPFE_PARAMATER_TEST_PBC\1_CPFE_3DMODEL_BUILD\4_BASE_ROOT\job\202020\RVE1\12_06_500.csv
12_06_500,L=2.0um,202020,RVE1,18,0.0971267089999163,851.2723989172373,F:\1_job\20251124\CPFE_PARAMATER_TEST_PBC\1_CPFE_3DMODEL_BUILD\4_BASE_ROOT\job\202020\RVE1\12_06_500.csv
12_06_500,L=2.0um,202020,RVE1,19,0.1025565908534479,849.9355490239395,F:\1_job\20251124\CPFE_PARAMATER_TEST_PBC\1_CPFE_3DMODEL_BUILD\4_BASE_ROOT\job\202020\RVE1\12_06_500.csv
12_06_500,L=2.0um,202020,RVE1,20,0.1079571415585973,848.4184972377775,F:\1_job\20251124\CPFE_PARAMATER_TEST_PBC\1_CPFE_3DMODEL_BUILD\4_BASE_ROOT\job\202020\RVE1\12_06_500.csv
12_06_500,L=2.0um,202020,RVE1,21,0.1133286829121737,846.7519901596733,F:\1_job\20251124\CPFE_PARAMATER_TEST_PBC\1_CPFE_3DMODEL_BUILD\4_BASE_ROOT\job\202020\RVE1\12_06_500.csv
12_06_500,L=2.0um,202020,RVE1,22,0.1186715315172836,844.9432128244271,F:\1_job\20251124\CPFE_PARAMATER_TEST_PBC\1_CPFE_3DMODEL_BUILD\4_BASE_ROOT\job\202020\RVE1\12_06_500.csv
12_06_500,L=2.0um,202020,RVE1,23,0.1239859791491398,843.0157516646051,F:\1_job\20251124\CPFE_PARAMATER_TEST_PBC\1_CPFE_3DMODEL_BUILD\4_BASE_ROOT\job\202020\RVE1\12_06_500.csv
12_06_500,L=2.0um,202020,RVE1,24,0.1292723326662926,840.9841506434612,F:\1_job\20251124\CPFE_PARAMATER_TEST_PBC\1_CPFE_3DMODEL_BUILD\4_BASE_ROOT\job\202020\RVE1\12_06_500.csv
12_06_500,L=2.0um,202020,RVE1,25,0.134530887539002,838.8625037553174,F:\1_job\20251124\CPFE_PARAMATER_TEST_PBC\1_CPFE_3DMODEL_BUILD\4_BASE_ROOT\job\202020\RVE1\12_06_500.csv
12_06_500,L=2.0um,202020,RVE1,26,0.1397619475581712,836.6600293608334,F:\1_job\20251124\CPFE_PARAMATER_TEST_PBC\1_CPFE_3DMODEL_BUILD\4_BASE_ROOT\job\202020\RVE1\12_06_500.csv
12_06_500,L=2.0um,202020,RVE1,27,0.1449657730344857,834.3691082801652,F:\1_job\20251124\CPFE_PARAMATER_TEST_PBC\1_CPFE_3DMODEL_BUILD\4_BASE_ROOT\job\202020\RVE1\12_06_500.csv
12_06_500,L=2.0um,202020,RVE1,28,0.1501426588400785,832.0088799800942,F:\1_job\20251124\CPFE_PARAMATER_TEST_PBC\1_CPFE_3DMODEL_BUILD\4_BASE_ROOT\job\202020\RVE1\12_06_500.csv
12_06_500,L=2.0um,202020,RVE2,1,0.0,0.0,F:\1_job\20251124\CPFE_PARAMATER_TEST_PBC\1_CPFE_3DMODEL_BUILD\4_BASE_ROOT\job\202020\RVE2\12_06_500.csv
12_06_500,L=2.0um,202020,RVE2,2,0.0059820717293904,428.76626900416215,F:\1_job\20251124\CPFE_PARAMATER_TEST_PBC\1_CPFE_3DMODEL_BUILD\4_BASE_ROOT\job\202020\RVE2\12_06_500.csv
12_06_500,L=2.0um,202020,RVE2,3,0.011928570968345,729.9864715107875,F:\1_job\20251124\CPFE_PARAMATER_TEST_PBC\1_CPFE_3DMODEL_BUILD\4_BASE_ROOT\job\202020\RVE2\12_06_500.csv
12_06_500,L=2.0um,202020,RVE2,4,0.0178399173671714,793.0037941962022,F:\1_job\20251124\CPFE_PARAMATER_TEST_PBC\1_CPFE_3DMODEL_BUILD\4_BASE_ROOT\job\202020\RVE2\12_06_500.csv
12_06_500,L=2.0um,202020,RVE2,5,0.0237165268210428,811.2225001652677,F:\1_job\20251124\CPFE_PARAMATER_TEST_PBC\1_CPFE_3DMODEL_BUILD\4_BASE_ROOT\job\202020\RVE2\12_06_500.csv
12_06_500,L=2.0um,202020,RVE2,6,0.0295588015905227,818.4115705121183,F:\1_job\20251124\CPFE_PARAMATER_TEST_PBC\1_CPFE_3DMODEL_BUILD\4_BASE_ROOT\job\202020\RVE2\12_06_500.csv
12_06_500,L=2.0um,202020,RVE2,7,0.0353671423414218,821.9882228915066,F:\1_job\20251124\CPFE_PARAMATER_TEST_PBC\1_CPFE_3DMODEL_BUILD\4_BASE_ROOT\job\202020\RVE2\12_06_500.csv
12_06_500,L=2.0um,202020,RVE2,8,0.0411419427877547,823.87398783354,F:\1_job\20251124\CPFE_PARAMATER_TEST_PBC\1_CPFE_3DMODEL_BUILD\4_BASE_ROOT\job\202020\RVE2\12_06_500.csv
12_06_500,L=2.0um,202020,RVE2,9,0.046883586296973,824.7572586291357,F:\1_job\20251124\CPFE_PARAMATER_TEST_PBC\1_CPFE_3DMODEL_BUILD\4_BASE_ROOT\job\202020\RVE2\12_06_500.csv
12_06_500,L=2.0um,202020,RVE2,10,0.0525924514481166,824.9664572730937,F:\1_job\20251124\CPFE_PARAMATER_TEST_PBC\1_CPFE_3DMODEL_BUILD\4_BASE_ROOT\job\202020\RVE2\12_06_500.csv
12_06_500,L=2.0um,202020,RVE2,11,0.0582689068587828,824.6872450503614,F:\1_job\20251124\CPFE_PARAMATER_TEST_PBC\1_CPFE_3DMODEL_BUILD\4_BASE_ROOT\job\202020\RVE2\12_06_500.csv
12_06_500,L=2.0um,202020,RVE2,12,0.063913325408167,824.042463590733,F:\1_job\20251124\CPFE_PARAMATER_TEST_PBC\1_CPFE_3DMODEL_BUILD\4_BASE_ROOT\job\202020\RVE2\12_06_500.csv
12_06_500,L=2.0um,202020,RVE2,13,0.0695260597573401,823.1112896123504,F:\1_job\20251124\CPFE_PARAMATER_TEST_PBC\1_CPFE_3DMODEL_BUILD\4_BASE_ROOT\job\202020\RVE2\12_06_500.csv
12_06_500,L=2.0um,202020,RVE2,14,0.0751074739796861,821.9504593569568,F:\1_job\20251124\CPFE_PARAMATER_TEST_PBC\1_CPFE_3DMODEL_BUILD\4_BASE_ROOT\job\202020\RVE2\12_06_500.csv
12_06_500,L=2.0um,202020,RVE2,15,0.0806579019727236,820.6089725313564,F:\1_job\20251124\CPFE_PARAMATER_TEST_PBC\1_CPFE_3DMODEL_BUILD\4_BASE_ROOT\job\202020\RVE2\12_06_500.csv
12_06_500,L=2.0um,202020,RVE2,16,0.0861776995220419,819.1189693623254,F:\1_job\20251124\CPFE_PARAMATER_TEST_PBC\1_CPFE_3DMODEL_BUILD\4_BASE_ROOT\job\202020\RVE2\12_06_500.csv
12_06_500,L=2.0um,202020,RVE2,17,0.0916671892871969,817.505557751333,F:\1_job\20251124\CPFE_PARAMATER_TEST_PBC\1_CPFE_3DMODEL_BUILD\4_BASE_ROOT\job\202020\RVE2\12_06_500.csv
12_06_500,L=2.0um,202020,RVE2,18,0.0971267089999163,815.7914830850932,F:\1_job\20251124\CPFE_PARAMATER_TEST_PBC\1_CPFE_3DMODEL_BUILD\4_BASE_ROOT\job\202020\RVE2\12_06_500.csv
12_06_500,L=2.0um,202020,RVE2,19,0.1025565908534479,813.9921614818899,F:\1_job\20251124\CPFE_PARAMATER_TEST_PBC\1_CPFE_3DMODEL_BUILD\4_BASE_ROOT\job\202020\RVE2\12_06_500.csv
12_06_500,L=2.0um,202020,RVE2,20,0.1079571415585973,812.121638471187,F:\1_job\20251124\CPFE_PARAMATER_TEST_PBC\1_CPFE_3DMODEL_BUILD\4_BASE_ROOT\job\202020\RVE2\12_06_500.csv
12_06_500,L=2.0um,202020,RVE2,21,0.1133286829121737,810.1957890753441,F:\1_job\20251124\CPFE_PARAMATER_TEST_PBC\1_CPFE_3DMODEL_BUILD\4_BASE_ROOT\job\202020\RVE2\12_06_500.csv
12_06_500,L=2.0um,202020,RVE2,22,0.1186715315172836,808.2234758198628,F:\1_job\20251124\CPFE_PARAMATER_TEST_PBC\1_CPFE_3DMODEL_BUILD\4_BASE_ROOT\job\202020\RVE2\12_06_500.csv
12_06_500,L=2.0um,202020,RVE2,23,0.1239859791491398,806.2117951448909,F:\1_job\20251124\CPFE_PARAMATER_TEST_PBC\1_CPFE_3DMODEL_BUILD\4_BASE_ROOT\job\202020\RVE2\12_06_500.csv
12_06_500,L=2.0um,202020,RVE2,24,0.1292723326662926,804.1563342270182,F:\1_job\20251124\CPFE_PARAMATER_TEST_PBC\1_CPFE_3DMODEL_BUILD\4_BASE_ROOT\job\202020\RVE2\12_06_500.csv
12_06_500,L=2.0um,202020,RVE2,25,0.134530887539002,802.0719834468582,F:\1_job\20251124\CPFE_PARAMATER_TEST_PBC\1_CPFE_3DMODEL_BUILD\4_BASE_ROOT\job\202020\RVE2\12_06_500.csv
12_06_500,L=2.0um,202020,RVE2,26,0.1397619475581712,799.9545054889477,F:\1_job\20251124\CPFE_PARAMATER_TEST_PBC\1_CPFE_3DMODEL_BUILD\4_BASE_ROOT\job\202020\RVE2\12_06_500.csv
12_06_500,L=2.0um,202020,RVE2,27,0.1449657730344857,797.8091970455589,F:\1_job\20251124\CPFE_PARAMATER_TEST_PBC\1_CPFE_3DMODEL_BUILD\4_BASE_ROOT\job\202020\RVE2\12_06_500.csv
12_06_500,L=2.0um,202020,RVE2,28,0.1501426588400785,795.6407764495452,F:\1_job\20251124\CPFE_PARAMATER_TEST_PBC\1_CPFE_3DMODEL_BUILD\4_BASE_ROOT\job\202020\RVE2\12_06_500.csv
12_06_500,L=2.0um,202020,RVE3,1,0.0,0.0,F:\1_job\20251124\CPFE_PARAMATER_TEST_PBC\1_CPFE_3DMODEL_BUILD\4_BASE_ROOT\job\202020\RVE3\12_06_500.csv
12_06_500,L=2.0um,202020,RVE3,2,0.0059820717293904,404.2181252040614,F:\1_job\20251124\CPFE_PARAMATER_TEST_PBC\1_CPFE_3DMODEL_BUILD\4_BASE_ROOT\job\202020\RVE3\12_06_500.csv
12_06_500,L=2.0um,202020,RVE3,3,0.011928570968345,684.8103443088655,F:\1_job\20251124\CPFE_PARAMATER_TEST_PBC\1_CPFE_3DMODEL_BUILD\4_BASE_ROOT\job\202020\RVE3\12_06_500.csv
12_06_500,L=2.0um,202020,RVE3,4,0.0178399173671714,764.8316507850286,F:\1_job\20251124\CPFE_PARAMATER_TEST_PBC\1_CPFE_3DMODEL_BUILD\4_BASE_ROOT\job\202020\RVE3\12_06_500.csv
12_06_500,L=2.0um,202020,RVE3,5,0.0237165268210428,792.7060626614954,F:\1_job\20251124\CPFE_PARAMATER_TEST_PBC\1_CPFE_3DMODEL_BUILD\4_BASE_ROOT\job\202020\RVE3\12_06_500.csv
12_06_500,L=2.0um,202020,RVE3,6,0.0295588015905227,805.6832373905218,F:\1_job\20251124\CPFE_PARAMATER_TEST_PBC\1_CPFE_3DMODEL_BUILD\4_BASE_ROOT\job\202020\RVE3\12_06_500.csv
12_06_500,L=2.0um,202020,RVE3,7,0.0353671423414218,813.118105228994,F:\1_job\20251124\CPFE_PARAMATER_TEST_PBC\1_CPFE_3DMODEL_BUILD\4_BASE_ROOT\job\202020\RVE3\12_06_500.csv
12_06_500,L=2.0um,202020,RVE3,8,0.0411419427877547,817.7034576855261,F:\1_job\20251124\CPFE_PARAMATER_TEST_PBC\1_CPFE_3DMODEL_BUILD\4_BASE_ROOT\job\202020\RVE3\12_06_500.csv
12_06_500,L=2.0um,202020,RVE3,9,0.046883586296973,820.5032127290046,F:\1_job\20251124\CPFE_PARAMATER_TEST_PBC\1_CPFE_3DMODEL_BUILD\4_BASE_ROOT\job\202020\RVE3\12_06_500.csv
12_06_500,L=2.0um,202020,RVE3,10,0.0525924514481166,822.0786362243341,F:\1_job\20251124\CPFE_PARAMATER_TEST_PBC\1_CPFE_3DMODEL_BUILD\4_BASE_ROOT\job\202020\RVE3\12_06_500.csv
12_06_500,L=2.0um,202020,RVE3,11,0.0582689068587828,822.7713002285667,F:\1_job\20251124\CPFE_PARAMATER_TEST_PBC\1_CPFE_3DMODEL_BUILD\4_BASE_ROOT\job\202020\RVE3\12_06_500.csv
12_06_500,L=2.0um,202020,RVE3,12,0.063913325408167,822.8061924729836,F:\1_job\20251124\CPFE_PARAMATER_TEST_PBC\1_CPFE_3DMODEL_BUILD\4_BASE_ROOT\job\202020\RVE3\12_06_500.csv
12_06_500,L=2.0um,202020,RVE3,13,0.0695260597573401,822.338041567711,F:\1_job\20251124\CPFE_PARAMATER_TEST_PBC\1_CPFE_3DMODEL_BUILD\4_BASE_ROOT\job\202020\RVE3\12_06_500.csv
12_06_500,L=2.0um,202020,RVE3,14,0.0751074739796861,821.4689649714724,F:\1_job\20251124\CPFE_PARAMATER_TEST_PBC\1_CPFE_3DMODEL_BUILD\4_BASE_ROOT\job\202020\RVE3\12_06_500.csv
12_06_500,L=2.0um,202020,RVE3,15,0.0806579019727236,820.2808746313085,F:\1_job\20251124\CPFE_PARAMATER_TEST_PBC\1_CPFE_3DMODEL_BUILD\4_BASE_ROOT\job\202020\RVE3\12_06_500.csv
12_06_500,L=2.0um,202020,RVE3,16,0.0861776995220419,818.8352926035823,F:\1_job\20251124\CPFE_PARAMATER_TEST_PBC\1_CPFE_3DMODEL_BUILD\4_BASE_ROOT\job\202020\RVE3\12_06_500.csv
12_06_500,L=2.0um,202020,RVE3,17,0.0916671892871969,817.1758346065507,F:\1_job\20251124\CPFE_PARAMATER_TEST_PBC\1_CPFE_3DMODEL_BUILD\4_BASE_ROOT\job\202020\RVE3\12_06_500.csv
12_06_500,L=2.0um,202020,RVE3,18,0.0971267089999163,815.3377421190816,F:\1_job\20251124\CPFE_PARAMATER_TEST_PBC\1_CPFE_3DMODEL_BUILD\4_BASE_ROOT\job\202020\RVE3\12_06_500.csv
12_06_500,L=2.0um,202020,RVE3,19,0.1025565908534479,813.3504493220643,F:\1_job\20251124\CPFE_PARAMATER_TEST_PBC\1_CPFE_3DMODEL_BUILD\4_BASE_ROOT\job\202020\RVE3\12_06_500.csv
12_06_500,L=2.0um,202020,RVE3,20,0.1079571415585973,811.2300441107877,F:\1_job\20251124\CPFE_PARAMATER_TEST_PBC\1_CPFE_3DMODEL_BUILD\4_BASE_ROOT\job\202020\RVE3\12_06_500.csv
12_06_500,L=2.0um,202020,RVE3,21,0.1133286829121737,808.9878105626121,F:\1_job\20251124\CPFE_PARAMATER_TEST_PBC\1_CPFE_3DMODEL_BUILD\4_BASE_ROOT\job\202020\RVE3\12_06_500.csv
12_06_500,L=2.0um,202020,RVE3,22,0.1186715315172836,806.6520652945737,F:\1_job\20251124\CPFE_PARAMATER_TEST_PBC\1_CPFE_3DMODEL_BUILD\4_BASE_ROOT\job\202020\RVE3\12_06_500.csv
12_06_500,L=2.0um,202020,RVE3,23,0.1239859791491398,804.2284460250504,F:\1_job\20251124\CPFE_PARAMATER_TEST_PBC\1_CPFE_3DMODEL_BUILD\4_BASE_ROOT\job\202020\RVE3\12_06_500.csv
12_06_500,L=2.0um,202020,RVE3,24,0.1292723326662926,801.7262763730723,F:\1_job\20251124\CPFE_PARAMATER_TEST_PBC\1_CPFE_3DMODEL_BUILD\4_BASE_ROOT\job\202020\RVE3\12_06_500.csv
12_06_500,L=2.0um,202020,RVE3,25,0.134530887539002,799.1619194977828,F:\1_job\20251124\CPFE_PARAMATER_TEST_PBC\1_CPFE_3DMODEL_BUILD\4_BASE_ROOT\job\202020\RVE3\12_06_500.csv
12_06_500,L=2.0um,202020,RVE3,26,0.1397619475581712,796.5530070582316,F:\1_job\20251124\CPFE_PARAMATER_TEST_PBC\1_CPFE_3DMODEL_BUILD\4_BASE_ROOT\job\202020\RVE3\12_06_500.csv
12_06_500,L=2.0um,202020,RVE3,27,0.1449657730344857,793.8779221322693,F:\1_job\20251124\CPFE_PARAMATER_TEST_PBC\1_CPFE_3DMODEL_BUILD\4_BASE_ROOT\job\202020\RVE3\12_06_500.csv
12_06_500,L=2.0um,202020,RVE3,28,0.1501426588400785,791.1541968578604,F:\1_job\20251124\CPFE_PARAMATER_TEST_PBC\1_CPFE_3DMODEL_BUILD\4_BASE_ROOT\job\202020\RVE3\12_06_500.csv
12_06_500,L=2.4um,242424,RVE1,1,0.0,0.0,F:\1_job\20251124\CPFE_PARAMATER_TEST_PBC\1_CPFE_3DMODEL_BUILD\4_BASE_ROOT\job\242424\RVE1\12_06_500.csv
12_06_500,L=2.4um,242424,RVE1,2,0.0059820717293904,434.8379088026766,F:\1_job\20251124\CPFE_PARAMATER_TEST_PBC\1_CPFE_3DMODEL_BUILD\4_BASE_ROOT\job\242424\RVE1\12_06_500.csv
12_06_500,L=2.4um,242424,RVE1,3,0.011928570968345,731.1798542917627,F:\1_job\20251124\CPFE_PARAMATER_TEST_PBC\1_CPFE_3DMODEL_BUILD\4_BASE_ROOT\job\242424\RVE1\12_06_500.csv
12_06_500,L=2.4um,242424,RVE1,4,0.0178399173671714,809.4762705540164,F:\1_job\20251124\CPFE_PARAMATER_TEST_PBC\1_CPFE_3DMODEL_BUILD\4_BASE_ROOT\job\242424\RVE1\12_06_500.csv
12_06_500,L=2.4um,242424,RVE1,5,0.0237165268210428,841.1623265602562,F:\1_job\20251124\CPFE_PARAMATER_TEST_PBC\1_CPFE_3DMODEL_BUILD\4_BASE_ROOT\job\242424\RVE1\12_06_500.csv
12_06_500,L=2.4um,242424,RVE1,6,0.0295588015905227,858.072918227319,F:\1_job\20251124\CPFE_PARAMATER_TEST_PBC\1_CPFE_3DMODEL_BUILD\4_BASE_ROOT\job\242424\RVE1\12_06_500.csv
12_06_500,L=2.4um,242424,RVE1,7,0.0353671423414218,868.3321330891997,F:\1_job\20251124\CPFE_PARAMATER_TEST_PBC\1_CPFE_3DMODEL_BUILD\4_BASE_ROOT\job\242424\RVE1\12_06_500.csv
12_06_500,L=2.4um,242424,RVE1,8,0.0411419427877547,874.7351535706038,F:\1_job\20251124\CPFE_PARAMATER_TEST_PBC\1_CPFE_3DMODEL_BUILD\4_BASE_ROOT\job\242424\RVE1\12_06_500.csv
12_06_500,L=2.4um,242424,RVE1,9,0.046883586296973,878.614579162007,F:\1_job\20251124\CPFE_PARAMATER_TEST_PBC\1_CPFE_3DMODEL_BUILD\4_BASE_ROOT\job\242424\RVE1\12_06_500.csv
12_06_500,L=2.4um,242424,RVE1,10,0.0525924514481166,880.7377076727316,F:\1_job\20251124\CPFE_PARAMATER_TEST_PBC\1_CPFE_3DMODEL_BUILD\4_BASE_ROOT\job\242424\RVE1\12_06_500.csv
12_06_500,L=2.4um,242424,RVE1,11,0.0582689068587828,881.5921221281598,F:\1_job\20251124\CPFE_PARAMATER_TEST_PBC\1_CPFE_3DMODEL_BUILD\4_BASE_ROOT\job\242424\RVE1\12_06_500.csv
12_06_500,L=2.4um,242424,RVE1,12,0.063913325408167,881.5070146499683,F:\1_job\20251124\CPFE_PARAMATER_TEST_PBC\1_CPFE_3DMODEL_BUILD\4_BASE_ROOT\job\242424\RVE1\12_06_500.csv
12_06_500,L=2.4um,242424,RVE1,13,0.0695260597573401,880.7070671331809,F:\1_job\20251124\CPFE_PARAMATER_TEST_PBC\1_CPFE_3DMODEL_BUILD\4_BASE_ROOT\job\242424\RVE1\12_06_500.csv
12_06_500,L=2.4um,242424,RVE1,14,0.0751074739796861,879.3477149245053,F:\1_job\20251124\CPFE_PARAMATER_TEST_PBC\1_CPFE_3DMODEL_BUILD\4_BASE_ROOT\job\242424\RVE1\12_06_500.csv
12_06_500,L=2.4um,242424,RVE1,15,0.0806579019727236,877.5426683088261,F:\1_job\20251124\CPFE_PARAMATER_TEST_PBC\1_CPFE_3DMODEL_BUILD\4_BASE_ROOT\job\242424\RVE1\12_06_500.csv
12_06_500,L=2.4um,242424,RVE1,16,0.0861776995220419,875.3762535276633,F:\1_job\20251124\CPFE_PARAMATER_TEST_PBC\1_CPFE_3DMODEL_BUILD\4_BASE_ROOT\job\242424\RVE1\12_06_500.csv
12_06_500,L=2.4um,242424,RVE1,17,0.0916671892871969,872.9221463668404,F:\1_job\20251124\CPFE_PARAMATER_TEST_PBC\1_CPFE_3DMODEL_BUILD\4_BASE_ROOT\job\242424\RVE1\12_06_500.csv
12_06_500,L=2.4um,242424,RVE1,18,0.0971267089999163,870.2245410409652,F:\1_job\20251124\CPFE_PARAMATER_TEST_PBC\1_CPFE_3DMODEL_BUILD\4_BASE_ROOT\job\242424\RVE1\12_06_500.csv
12_06_500,L=2.4um,242424,RVE1,19,0.1025565908534479,867.3171631878047,F:\1_job\20251124\CPFE_PARAMATER_TEST_PBC\1_CPFE_3DMODEL_BUILD\4_BASE_ROOT\job\242424\RVE1\12_06_500.csv
12_06_500,L=2.4um,242424,RVE1,20,0.1079571415585973,864.2346666586542,F:\1_job\20251124\CPFE_PARAMATER_TEST_PBC\1_CPFE_3DMODEL_BUILD\4_BASE_ROOT\job\242424\RVE1\12_06_500.csv
12_06_500,L=2.4um,242424,RVE1,21,0.1133286829121737,860.9999346423344,F:\1_job\20251124\CPFE_PARAMATER_TEST_PBC\1_CPFE_3DMODEL_BUILD\4_BASE_ROOT\job\242424\RVE1\12_06_500.csv
12_06_500,L=2.4um,242424,RVE1,22,0.1186715315172836,857.6382018089542,F:\1_job\20251124\CPFE_PARAMATER_TEST_PBC\1_CPFE_3DMODEL_BUILD\4_BASE_ROOT\job\242424\RVE1\12_06_500.csv
12_06_500,L=2.4um,242424,RVE1,23,0.1239859791491398,854.1672501994968,F:\1_job\20251124\CPFE_PARAMATER_TEST_PBC\1_CPFE_3DMODEL_BUILD\4_BASE_ROOT\job\242424\RVE1\12_06_500.csv
12_06_500,L=2.4um,242424,RVE1,24,0.1292723326662926,850.5923276422228,F:\1_job\20251124\CPFE_PARAMATER_TEST_PBC\1_CPFE_3DMODEL_BUILD\4_BASE_ROOT\job\242424\RVE1\12_06_500.csv
12_06_500,L=2.4um,242424,RVE1,25,0.134530887539002,846.9308363622422,F:\1_job\20251124\CPFE_PARAMATER_TEST_PBC\1_CPFE_3DMODEL_BUILD\4_BASE_ROOT\job\242424\RVE1\12_06_500.csv
12_06_500,L=2.4um,242424,RVE1,26,0.1397619475581712,843.203647886593,F:\1_job\20251124\CPFE_PARAMATER_TEST_PBC\1_CPFE_3DMODEL_BUILD\4_BASE_ROOT\job\242424\RVE1\12_06_500.csv
12_06_500,L=2.4um,242424,RVE1,27,0.1449657730344857,839.4019030171237,F:\1_job\20251124\CPFE_PARAMATER_TEST_PBC\1_CPFE_3DMODEL_BUILD\4_BASE_ROOT\job\242424\RVE1\12_06_500.csv
12_06_500,L=2.4um,242424,RVE1,28,0.1501426588400785,835.5453980660362,F:\1_job\20251124\CPFE_PARAMATER_TEST_PBC\1_CPFE_3DMODEL_BUILD\4_BASE_ROOT\job\242424\RVE1\12_06_500.csv
12_06_500,L=2.4um,242424,RVE2,1,0.0,0.0,F:\1_job\20251124\CPFE_PARAMATER_TEST_PBC\1_CPFE_3DMODEL_BUILD\4_BASE_ROOT\job\242424\RVE2\12_06_500.csv
12_06_500,L=2.4um,242424,RVE2,2,0.0059820717293904,442.6645932603668,F:\1_job\20251124\CPFE_PARAMATER_TEST_PBC\1_CPFE_3DMODEL_BUILD\4_BASE_ROOT\job\242424\RVE2\12_06_500.csv
12_06_500,L=2.4um,242424,RVE2,3,0.011928570968345,732.3033950995318,F:\1_job\20251124\CPFE_PARAMATER_TEST_PBC\1_CPFE_3DMODEL_BUILD\4_BASE_ROOT\job\242424\RVE2\12_06_500.csv
12_06_500,L=2.4um,242424,RVE2,4,0.0178399173671714,813.3891890657136,F:\1_job\20251124\CPFE_PARAMATER_TEST_PBC\1_CPFE_3DMODEL_BUILD\4_BASE_ROOT\job\242424\RVE2\12_06_500.csv
12_06_500,L=2.4um,242424,RVE2,5,0.0237165268210428,848.8205296868164,F:\1_job\20251124\CPFE_PARAMATER_TEST_PBC\1_CPFE_3DMODEL_BUILD\4_BASE_ROOT\job\242424\RVE2\12_06_500.csv
12_06_500,L=2.4um,242424,RVE2,6,0.0295588015905227,868.2696139016522,F:\1_job\20251124\CPFE_PARAMATER_TEST_PBC\1_CPFE_3DMODEL_BUILD\4_BASE_ROOT\job\242424\RVE2\12_06_500.csv
12_06_500,L=2.4um,242424,RVE2,7,0.0353671423414218,879.800913589622,F:\1_job\20251124\CPFE_PARAMATER_TEST_PBC\1_CPFE_3DMODEL_BUILD\4_BASE_ROOT\job\242424\RVE2\12_06_500.csv
12_06_500,L=2.4um,242424,RVE2,8,0.0411419427877547,886.6017456888115,F:\1_job\20251124\CPFE_PARAMATER_TEST_PBC\1_CPFE_3DMODEL_BUILD\4_BASE_ROOT\job\242424\RVE2\12_06_500.csv
12_06_500,L=2.4um,242424,RVE2,9,0.046883586296973,890.3761148112208,F:\1_job\20251124\CPFE_PARAMATER_TEST_PBC\1_CPFE_3DMODEL_BUILD\4_BASE_ROOT\job\242424\RVE2\12_06_500.csv
12_06_500,L=2.4um,242424,RVE2,10,0.0525924514481166,892.1400148450479,F:\1_job\20251124\CPFE_PARAMATER_TEST_PBC\1_CPFE_3DMODEL_BUILD\4_BASE_ROOT\job\242424\RVE2\12_06_500.csv
12_06_500,L=2.4um,242424,RVE2,11,0.0582689068587828,892.5230396422705,F:\1_job\20251124\CPFE_PARAMATER_TEST_PBC\1_CPFE_3DMODEL_BUILD\4_BASE_ROOT\job\242424\RVE2\12_06_500.csv
12_06_500,L=2.4um,242424,RVE2,12,0.063913325408167,891.9224422429547,F:\1_job\20251124\CPFE_PARAMATER_TEST_PBC\1_CPFE_3DMODEL_BUILD\4_BASE_ROOT\job\242424\RVE2\12_06_500.csv
12_06_500,L=2.4um,242424,RVE2,13,0.0695260597573401,890.5994451699005,F:\1_job\20251124\CPFE_PARAMATER_TEST_PBC\1_CPFE_3DMODEL_BUILD\4_BASE_ROOT\job\242424\RVE2\12_06_500.csv
12_06_500,L=2.4um,242424,RVE2,14,0.0751074739796861,888.7243919924496,F:\1_job\20251124\CPFE_PARAMATER_TEST_PBC\1_CPFE_3DMODEL_BUILD\4_BASE_ROOT\job\242424\RVE2\12_06_500.csv
12_06_500,L=2.4um,242424,RVE2,15,0.0806579019727236,886.4273819316331,F:\1_job\20251124\CPFE_PARAMATER_TEST_PBC\1_CPFE_3DMODEL_BUILD\4_BASE_ROOT\job\242424\RVE2\12_06_500.csv
12_06_500,L=2.4um,242424,RVE2,16,0.0861776995220419,883.8047141356483,F:\1_job\20251124\CPFE_PARAMATER_TEST_PBC\1_CPFE_3DMODEL_BUILD\4_BASE_ROOT\job\242424\RVE2\12_06_500.csv
12_06_500,L=2.4um,242424,RVE2,17,0.0916671892871969,880.9187527052131,F:\1_job\20251124\CPFE_PARAMATER_TEST_PBC\1_CPFE_3DMODEL_BUILD\4_BASE_ROOT\job\242424\RVE2\12_06_500.csv
12_06_500,L=2.4um,242424,RVE2,18,0.0971267089999163,877.8324783107834,F:\1_job\20251124\CPFE_PARAMATER_TEST_PBC\1_CPFE_3DMODEL_BUILD\4_BASE_ROOT\job\242424\RVE2\12_06_500.csv
12_06_500,L=2.4um,242424,RVE2,19,0.1025565908534479,874.5829122544787,F:\1_job\20251124\CPFE_PARAMATER_TEST_PBC\1_CPFE_3DMODEL_BUILD\4_BASE_ROOT\job\242424\RVE2\12_06_500.csv
12_06_500,L=2.4um,242424,RVE2,20,0.1079571415585973,871.2012116227223,F:\1_job\20251124\CPFE_PARAMATER_TEST_PBC\1_CPFE_3DMODEL_BUILD\4_BASE_ROOT\job\242424\RVE2\12_06_500.csv
12_06_500,L=2.4um,242424,RVE2,21,0.1133286829121737,867.7133157930683,F:\1_job\20251124\CPFE_PARAMATER_TEST_PBC\1_CPFE_3DMODEL_BUILD\4_BASE_ROOT\job\242424\RVE2\12_06_500.csv
12_06_500,L=2.4um,242424,RVE2,22,0.1186715315172836,864.133644670263,F:\1_job\20251124\CPFE_PARAMATER_TEST_PBC\1_CPFE_3DMODEL_BUILD\4_BASE_ROOT\job\242424\RVE2\12_06_500.csv
12_06_500,L=2.4um,242424,RVE2,23,0.1239859791491398,860.4681181945572,F:\1_job\20251124\CPFE_PARAMATER_TEST_PBC\1_CPFE_3DMODEL_BUILD\4_BASE_ROOT\job\242424\RVE2\12_06_500.csv
12_06_500,L=2.4um,242424,RVE2,24,0.1292723326662926,856.7498121725805,F:\1_job\20251124\CPFE_PARAMATER_TEST_PBC\1_CPFE_3DMODEL_BUILD\4_BASE_ROOT\job\242424\RVE2\12_06_500.csv
12_06_500,L=2.4um,242424,RVE2,25,0.134530887539002,852.9739446691599,F:\1_job\20251124\CPFE_PARAMATER_TEST_PBC\1_CPFE_3DMODEL_BUILD\4_BASE_ROOT\job\242424\RVE2\12_06_500.csv
12_06_500,L=2.4um,242424,RVE2,26,0.1397619475581712,849.1630916102888,F:\1_job\20251124\CPFE_PARAMATER_TEST_PBC\1_CPFE_3DMODEL_BUILD\4_BASE_ROOT\job\242424\RVE2\12_06_500.csv
12_06_500,L=2.4um,242424,RVE2,27,0.1449657730344857,845.3034270474983,F:\1_job\20251124\CPFE_PARAMATER_TEST_PBC\1_CPFE_3DMODEL_BUILD\4_BASE_ROOT\job\242424\RVE2\12_06_500.csv
12_06_500,L=2.4um,242424,RVE2,28,0.1501426588400785,841.4206667926768,F:\1_job\20251124\CPFE_PARAMATER_TEST_PBC\1_CPFE_3DMODEL_BUILD\4_BASE_ROOT\job\242424\RVE2\12_06_500.csv
12_06_500,L=2.4um,242424,RVE3,1,0.0,0.0,F:\1_job\20251124\CPFE_PARAMATER_TEST_PBC\1_CPFE_3DMODEL_BUILD\4_BASE_ROOT\job\242424\RVE3\12_06_500.csv
12_06_500,L=2.4um,242424,RVE3,2,0.0059820717293904,438.2111464127148,F:\1_job\20251124\CPFE_PARAMATER_TEST_PBC\1_CPFE_3DMODEL_BUILD\4_BASE_ROOT\job\242424\RVE3\12_06_500.csv
12_06_500,L=2.4um,242424,RVE3,3,0.011928570968345,733.5141540153105,F:\1_job\20251124\CPFE_PARAMATER_TEST_PBC\1_CPFE_3DMODEL_BUILD\4_BASE_ROOT\job\242424\RVE3\12_06_500.csv
12_06_500,L=2.4um,242424,RVE3,4,0.0178399173671714,819.9163292189395,F:\1_job\20251124\CPFE_PARAMATER_TEST_PBC\1_CPFE_3DMODEL_BUILD\4_BASE_ROOT\job\242424\RVE3\12_06_500.csv
12_06_500,L=2.4um,242424,RVE3,5,0.0237165268210428,857.6179110543494,F:\1_job\20251124\CPFE_PARAMATER_TEST_PBC\1_CPFE_3DMODEL_BUILD\4_BASE_ROOT\job\242424\RVE3\12_06_500.csv
12_06_500,L=2.4um,242424,RVE3,6,0.0295588015905227,877.5596973216204,F:\1_job\20251124\CPFE_PARAMATER_TEST_PBC\1_CPFE_3DMODEL_BUILD\4_BASE_ROOT\job\242424\RVE3\12_06_500.csv
12_06_500,L=2.4um,242424,RVE3,7,0.0353671423414218,888.6086630067853,F:\1_job\20251124\CPFE_PARAMATER_TEST_PBC\1_CPFE_3DMODEL_BUILD\4_BASE_ROOT\job\242424\RVE3\12_06_500.csv
12_06_500,L=2.4um,242424,RVE3,8,0.0411419427877547,894.5370000993757,F:\1_job\20251124\CPFE_PARAMATER_TEST_PBC\1_CPFE_3DMODEL_BUILD\4_BASE_ROOT\job\242424\RVE3\12_06_500.csv
12_06_500,L=2.4um,242424,RVE3,9,0.046883586296973,897.3794508374102,F:\1_job\20251124\CPFE_PARAMATER_TEST_PBC\1_CPFE_3DMODEL_BUILD\4_BASE_ROOT\job\242424\RVE3\12_06_500.csv
12_06_500,L=2.4um,242424,RVE3,10,0.0525924514481166,898.2845985199799,F:\1_job\20251124\CPFE_PARAMATER_TEST_PBC\1_CPFE_3DMODEL_BUILD\4_BASE_ROOT\job\242424\RVE3\12_06_500.csv
12_06_500,L=2.4um,242424,RVE3,11,0.0582689068587828,897.9112585504744,F:\1_job\20251124\CPFE_PARAMATER_TEST_PBC\1_CPFE_3DMODEL_BUILD\4_BASE_ROOT\job\242424\RVE3\12_06_500.csv
12_06_500,L=2.4um,242424,RVE3,12,0.063913325408167,896.6509153395582,F:\1_job\20251124\CPFE_PARAMATER_TEST_PBC\1_CPFE_3DMODEL_BUILD\4_BASE_ROOT\job\242424\RVE3\12_06_500.csv
12_06_500,L=2.4um,242424,RVE3,13,0.0695260597573401,894.7527914668475,F:\1_job\20251124\CPFE_PARAMATER_TEST_PBC\1_CPFE_3DMODEL_BUILD\4_BASE_ROOT\job\242424\RVE3\12_06_500.csv
12_06_500,L=2.4um,242424,RVE3,14,0.0751074739796861,892.3708859802791,F:\1_job\20251124\CPFE_PARAMATER_TEST_PBC\1_CPFE_3DMODEL_BUILD\4_BASE_ROOT\job\242424\RVE3\12_06_500.csv
12_06_500,L=2.4um,242424,RVE3,15,0.0806579019727236,889.6117397480402,F:\1_job\20251124\CPFE_PARAMATER_TEST_PBC\1_CPFE_3DMODEL_BUILD\4_BASE_ROOT\job\242424\RVE3\12_06_500.csv
12_06_500,L=2.4um,242424,RVE3,16,0.0861776995220419,886.553088377205,F:\1_job\20251124\CPFE_PARAMATER_TEST_PBC\1_CPFE_3DMODEL_BUILD\4_BASE_ROOT\job\242424\RVE3\12_06_500.csv
12_06_500,L=2.4um,242424,RVE3,17,0.0916671892871969,883.2542544837926,F:\1_job\20251124\CPFE_PARAMATER_TEST_PBC\1_CPFE_3DMODEL_BUILD\4_BASE_ROOT\job\242424\RVE3\12_06_500.csv
12_06_500,L=2.4um,242424,RVE3,18,0.0971267089999163,879.7611645200556,F:\1_job\20251124\CPFE_PARAMATER_TEST_PBC\1_CPFE_3DMODEL_BUILD\4_BASE_ROOT\job\242424\RVE3\12_06_500.csv
12_06_500,L=2.4um,242424,RVE3,19,0.1025565908534479,876.1059275984987,F:\1_job\20251124\CPFE_PARAMATER_TEST_PBC\1_CPFE_3DMODEL_BUILD\4_BASE_ROOT\job\242424\RVE3\12_06_500.csv
12_06_500,L=2.4um,242424,RVE3,20,0.1079571415585973,872.3162522959318,F:\1_job\20251124\CPFE_PARAMATER_TEST_PBC\1_CPFE_3DMODEL_BUILD\4_BASE_ROOT\job\242424\RVE3\12_06_500.csv
12_06_500,L=2.4um,242424,RVE3,21,0.1133286829121737,868.4159773763103,F:\1_job\20251124\CPFE_PARAMATER_TEST_PBC\1_CPFE_3DMODEL_BUILD\4_BASE_ROOT\job\242424\RVE3\12_06_500.csv
12_06_500,L=2.4um,242424,RVE3,22,0.1186715315172836,864.4197626483442,F:\1_job\20251124\CPFE_PARAMATER_TEST_PBC\1_CPFE_3DMODEL_BUILD\4_BASE_ROOT\job\242424\RVE3\12_06_500.csv
12_06_500,L=2.4um,242424,RVE3,23,0.1239859791491398,860.3493666687533,F:\1_job\20251124\CPFE_PARAMATER_TEST_PBC\1_CPFE_3DMODEL_BUILD\4_BASE_ROOT\job\242424\RVE3\12_06_500.csv
12_06_500,L=2.4um,242424,RVE3,24,0.1292723326662926,856.2168988249065,F:\1_job\20251124\CPFE_PARAMATER_TEST_PBC\1_CPFE_3DMODEL_BUILD\4_BASE_ROOT\job\242424\RVE3\12_06_500.csv
12_06_500,L=2.4um,242424,RVE3,25,0.134530887539002,852.0351160293178,F:\1_job\20251124\CPFE_PARAMATER_TEST_PBC\1_CPFE_3DMODEL_BUILD\4_BASE_ROOT\job\242424\RVE3\12_06_500.csv
12_06_500,L=2.4um,242424,RVE3,26,0.1397619475581712,847.8124132653433,F:\1_job\20251124\CPFE_PARAMATER_TEST_PBC\1_CPFE_3DMODEL_BUILD\4_BASE_ROOT\job\242424\RVE3\12_06_500.csv
12_06_500,L=2.4um,242424,RVE3,27,0.1449657730344857,843.5622949422274,F:\1_job\20251124\CPFE_PARAMATER_TEST_PBC\1_CPFE_3DMODEL_BUILD\4_BASE_ROOT\job\242424\RVE3\12_06_500.csv
12_06_500,L=2.4um,242424,RVE3,28,0.1501426588400785,839.2984810493924,F:\1_job\20251124\CPFE_PARAMATER_TEST_PBC\1_CPFE_3DMODEL_BUILD\4_BASE_ROOT\job\242424\RVE3\12_06_500.csv
15_06_800,L=1.6um,161616,RVE1,1,0.0,0.0,F:\1_job\20251124\CPFE_PARAMATER_TEST_PBC\1_CPFE_3DMODEL_BUILD\4_BASE_ROOT\job\161616\RVE1\15_06_800.csv
15_06_800,L=1.6um,161616,RVE1,2,0.0059820717293904,183.14278433676327,F:\1_job\20251124\CPFE_PARAMATER_TEST_PBC\1_CPFE_3DMODEL_BUILD\4_BASE_ROOT\job\161616\RVE1\15_06_800.csv
15_06_800,L=1.6um,161616,RVE1,3,0.011928570968345,191.16870899978747,F:\1_job\20251124\CPFE_PARAMATER_TEST_PBC\1_CPFE_3DMODEL_BUILD\4_BASE_ROOT\job\161616\RVE1\15_06_800.csv
15_06_800,L=1.6um,161616,RVE1,4,0.0178399173671714,192.1826916066289,F:\1_job\20251124\CPFE_PARAMATER_TEST_PBC\1_CPFE_3DMODEL_BUILD\4_BASE_ROOT\job\161616\RVE1\15_06_800.csv
15_06_800,L=1.6um,161616,RVE1,5,0.0237165268210428,191.9611511621545,F:\1_job\20251124\CPFE_PARAMATER_TEST_PBC\1_CPFE_3DMODEL_BUILD\4_BASE_ROOT\job\161616\RVE1\15_06_800.csv
15_06_800,L=1.6um,161616,RVE1,6,0.0295588015905227,191.2832010037149,F:\1_job\20251124\CPFE_PARAMATER_TEST_PBC\1_CPFE_3DMODEL_BUILD\4_BASE_ROOT\job\161616\RVE1\15_06_800.csv
15_06_800,L=1.6um,161616,RVE1,7,0.0353671423414218,190.3518660201329,F:\1_job\20251124\CPFE_PARAMATER_TEST_PBC\1_CPFE_3DMODEL_BUILD\4_BASE_ROOT\job\161616\RVE1\15_06_800.csv
15_06_800,L=1.6um,161616,RVE1,8,0.0411419427877547,189.25693874207312,F:\1_job\20251124\CPFE_PARAMATER_TEST_PBC\1_CPFE_3DMODEL_BUILD\4_BASE_ROOT\job\161616\RVE1\15_06_800.csv
15_06_800,L=1.6um,161616,RVE1,9,0.046883586296973,188.0457716736812,F:\1_job\20251124\CPFE_PARAMATER_TEST_PBC\1_CPFE_3DMODEL_BUILD\4_BASE_ROOT\job\161616\RVE1\15_06_800.csv
15_06_800,L=1.6um,161616,RVE1,10,0.0525924514481166,186.74749214432984,F:\1_job\20251124\CPFE_PARAMATER_TEST_PBC\1_CPFE_3DMODEL_BUILD\4_BASE_ROOT\job\161616\RVE1\15_06_800.csv
15_06_800,L=1.6um,161616,RVE1,11,0.0582689068587828,185.3802687564517,F:\1_job\20251124\CPFE_PARAMATER_TEST_PBC\1_CPFE_3DMODEL_BUILD\4_BASE_ROOT\job\161616\RVE1\15_06_800.csv
15_06_800,L=1.6um,161616,RVE1,12,0.063913325408167,183.9551458635691,F:\1_job\20251124\CPFE_PARAMATER_TEST_PBC\1_CPFE_3DMODEL_BUILD\4_BASE_ROOT\job\161616\RVE1\15_06_800.csv
15_06_800,L=1.6um,161616,RVE1,13,0.0695260597573401,182.48066634823837,F:\1_job\20251124\CPFE_PARAMATER_TEST_PBC\1_CPFE_3DMODEL_BUILD\4_BASE_ROOT\job\161616\RVE1\15_06_800.csv
15_06_800,L=1.6um,161616,RVE1,14,0.0751074739796861,180.96249488189557,F:\1_job\20251124\CPFE_PARAMATER_TEST_PBC\1_CPFE_3DMODEL_BUILD\4_BASE_ROOT\job\161616\RVE1\15_06_800.csv
15_06_800,L=1.6um,161616,RVE1,15,0.0806579019727236,179.4042774948752,F:\1_job\20251124\CPFE_PARAMATER_TEST_PBC\1_CPFE_3DMODEL_BUILD\4_BASE_ROOT\job\161616\RVE1\15_06_800.csv
15_06_800,L=1.6um,161616,RVE1,16,0.0861776995220419,177.80994667337558,F:\1_job\20251124\CPFE_PARAMATER_TEST_PBC\1_CPFE_3DMODEL_BUILD\4_BASE_ROOT\job\161616\RVE1\15_06_800.csv
15_06_800,L=1.6um,161616,RVE1,17,0.0916671892871969,176.17973186078495,F:\1_job\20251124\CPFE_PARAMATER_TEST_PBC\1_CPFE_3DMODEL_BUILD\4_BASE_ROOT\job\161616\RVE1\15_06_800.csv
15_06_800,L=1.6um,161616,RVE1,18,0.0971267089999163,174.51914521648249,F:\1_job\20251124\CPFE_PARAMATER_TEST_PBC\1_CPFE_3DMODEL_BUILD\4_BASE_ROOT\job\161616\RVE1\15_06_800.csv
15_06_800,L=1.6um,161616,RVE1,19,0.1025565908534479,172.83075054474284,F:\1_job\20251124\CPFE_PARAMATER_TEST_PBC\1_CPFE_3DMODEL_BUILD\4_BASE_ROOT\job\161616\RVE1\15_06_800.csv
15_06_800,L=1.6um,161616,RVE1,20,0.1079571415585973,171.11816028676074,F:\1_job\20251124\CPFE_PARAMATER_TEST_PBC\1_CPFE_3DMODEL_BUILD\4_BASE_ROOT\job\161616\RVE1\15_06_800.csv
15_06_800,L=1.6um,161616,RVE1,21,0.1133286829121737,169.38243110146857,F:\1_job\20251124\CPFE_PARAMATER_TEST_PBC\1_CPFE_3DMODEL_BUILD\4_BASE_ROOT\job\161616\RVE1\15_06_800.csv
15_06_800,L=1.6um,161616,RVE1,22,0.1186715315172836,167.62980851898467,F:\1_job\20251124\CPFE_PARAMATER_TEST_PBC\1_CPFE_3DMODEL_BUILD\4_BASE_ROOT\job\161616\RVE1\15_06_800.csv
15_06_800,L=1.6um,161616,RVE1,23,0.1239859791491398,165.86190916548648,F:\1_job\20251124\CPFE_PARAMATER_TEST_PBC\1_CPFE_3DMODEL_BUILD\4_BASE_ROOT\job\161616\RVE1\15_06_800.csv
15_06_800,L=1.6um,161616,RVE1,24,0.1292723326662926,164.09366116742507,F:\1_job\20251124\CPFE_PARAMATER_TEST_PBC\1_CPFE_3DMODEL_BUILD\4_BASE_ROOT\job\161616\RVE1\15_06_800.csv
15_06_800,L=1.6um,161616,RVE1,25,0.134530887539002,162.32267542144018,F:\1_job\20251124\CPFE_PARAMATER_TEST_PBC\1_CPFE_3DMODEL_BUILD\4_BASE_ROOT\job\161616\RVE1\15_06_800.csv
15_06_800,L=1.6um,161616,RVE1,26,0.1397619475581712,160.55188634759386,F:\1_job\20251124\CPFE_PARAMATER_TEST_PBC\1_CPFE_3DMODEL_BUILD\4_BASE_ROOT\job\161616\RVE1\15_06_800.csv
15_06_800,L=1.6um,161616,RVE1,27,0.1449657730344857,158.79045906171484,F:\1_job\20251124\CPFE_PARAMATER_TEST_PBC\1_CPFE_3DMODEL_BUILD\4_BASE_ROOT\job\161616\RVE1\15_06_800.csv
15_06_800,L=1.6um,161616,RVE1,28,0.1501426588400785,157.0378074098322,F:\1_job\20251124\CPFE_PARAMATER_TEST_PBC\1_CPFE_3DMODEL_BUILD\4_BASE_ROOT\job\161616\RVE1\15_06_800.csv
15_06_800,L=1.6um,161616,RVE2,1,0.0,0.0,F:\1_job\20251124\CPFE_PARAMATER_TEST_PBC\1_CPFE_3DMODEL_BUILD\4_BASE_ROOT\job\161616\RVE2\15_06_800.csv
15_06_800,L=1.6um,161616,RVE2,2,0.0059820717293904,208.21338529474136,F:\1_job\20251124\CPFE_PARAMATER_TEST_PBC\1_CPFE_3DMODEL_BUILD\4_BASE_ROOT\job\161616\RVE2\15_06_800.csv
15_06_800,L=1.6um,161616,RVE2,3,0.011928570968345,219.99596645715403,F:\1_job\20251124\CPFE_PARAMATER_TEST_PBC\1_CPFE_3DMODEL_BUILD\4_BASE_ROOT\job\161616\RVE2\15_06_800.csv
15_06_800,L=1.6um,161616,RVE2,4,0.0178399173671714,220.8022945332721,F:\1_job\20251124\CPFE_PARAMATER_TEST_PBC\1_CPFE_3DMODEL_BUILD\4_BASE_ROOT\job\161616\RVE2\15_06_800.csv
15_06_800,L=1.6um,161616,RVE2,5,0.0237165268210428,221.29162602164556,F:\1_job\20251124\CPFE_PARAMATER_TEST_PBC\1_CPFE_3DMODEL_BUILD\4_BASE_ROOT\job\161616\RVE2\15_06_800.csv
15_06_800,L=1.6um,161616,RVE2,6,0.0295588015905227,219.82736155980663,F:\1_job\20251124\CPFE_PARAMATER_TEST_PBC\1_CPFE_3DMODEL_BUILD\4_BASE_ROOT\job\161616\RVE2\15_06_800.csv
15_06_800,L=1.6um,161616,RVE2,7,0.0353671423414218,217.80254849993665,F:\1_job\20251124\CPFE_PARAMATER_TEST_PBC\1_CPFE_3DMODEL_BUILD\4_BASE_ROOT\job\161616\RVE2\15_06_800.csv
15_06_800,L=1.6um,161616,RVE2,8,0.0411419427877547,215.4807232341435,F:\1_job\20251124\CPFE_PARAMATER_TEST_PBC\1_CPFE_3DMODEL_BUILD\4_BASE_ROOT\job\161616\RVE2\15_06_800.csv
15_06_800,L=1.6um,161616,RVE2,9,0.046883586296973,212.96407612696112,F:\1_job\20251124\CPFE_PARAMATER_TEST_PBC\1_CPFE_3DMODEL_BUILD\4_BASE_ROOT\job\161616\RVE2\15_06_800.csv
15_06_800,L=1.6um,161616,RVE2,10,0.0525924514481166,210.3102487140346,F:\1_job\20251124\CPFE_PARAMATER_TEST_PBC\1_CPFE_3DMODEL_BUILD\4_BASE_ROOT\job\161616\RVE2\15_06_800.csv
15_06_800,L=1.6um,161616,RVE2,11,0.0582689068587828,207.5466323253232,F:\1_job\20251124\CPFE_PARAMATER_TEST_PBC\1_CPFE_3DMODEL_BUILD\4_BASE_ROOT\job\161616\RVE2\15_06_800.csv
15_06_800,L=1.6um,161616,RVE2,12,0.063913325408167,204.6881087331718,F:\1_job\20251124\CPFE_PARAMATER_TEST_PBC\1_CPFE_3DMODEL_BUILD\4_BASE_ROOT\job\161616\RVE2\15_06_800.csv
15_06_800,L=1.6um,161616,RVE2,13,0.0695260597573401,201.7451087363873,F:\1_job\20251124\CPFE_PARAMATER_TEST_PBC\1_CPFE_3DMODEL_BUILD\4_BASE_ROOT\job\161616\RVE2\15_06_800.csv
15_06_800,L=1.6um,161616,RVE2,14,0.0751074739796861,198.7206729636928,F:\1_job\20251124\CPFE_PARAMATER_TEST_PBC\1_CPFE_3DMODEL_BUILD\4_BASE_ROOT\job\161616\RVE2\15_06_800.csv
15_06_800,L=1.6um,161616,RVE2,15,0.0806579019727236,195.6128635747052,F:\1_job\20251124\CPFE_PARAMATER_TEST_PBC\1_CPFE_3DMODEL_BUILD\4_BASE_ROOT\job\161616\RVE2\15_06_800.csv
15_06_800,L=1.6um,161616,RVE2,16,0.0861776995220419,192.43474263505567,F:\1_job\20251124\CPFE_PARAMATER_TEST_PBC\1_CPFE_3DMODEL_BUILD\4_BASE_ROOT\job\161616\RVE2\15_06_800.csv
15_06_800,L=1.6um,161616,RVE2,17,0.0916671892871969,189.17227974035944,F:\1_job\20251124\CPFE_PARAMATER_TEST_PBC\1_CPFE_3DMODEL_BUILD\4_BASE_ROOT\job\161616\RVE2\15_06_800.csv
15_06_800,L=1.6um,161616,RVE2,18,0.0971267089999163,185.8166180911205,F:\1_job\20251124\CPFE_PARAMATER_TEST_PBC\1_CPFE_3DMODEL_BUILD\4_BASE_ROOT\job\161616\RVE2\15_06_800.csv
15_06_800,L=1.6um,161616,RVE2,19,0.1025565908534479,182.3816873274092,F:\1_job\20251124\CPFE_PARAMATER_TEST_PBC\1_CPFE_3DMODEL_BUILD\4_BASE_ROOT\job\161616\RVE2\15_06_800.csv
15_06_800,L=1.6um,161616,RVE2,20,0.1079571415585973,178.8287278509455,F:\1_job\20251124\CPFE_PARAMATER_TEST_PBC\1_CPFE_3DMODEL_BUILD\4_BASE_ROOT\job\161616\RVE2\15_06_800.csv
15_06_800,L=1.6um,161616,RVE2,21,0.1133286829121737,175.25796609868917,F:\1_job\20251124\CPFE_PARAMATER_TEST_PBC\1_CPFE_3DMODEL_BUILD\4_BASE_ROOT\job\161616\RVE2\15_06_800.csv
15_06_800,L=1.6um,161616,RVE2,22,0.1186715315172836,170.20072598095393,F:\1_job\20251124\CPFE_PARAMATER_TEST_PBC\1_CPFE_3DMODEL_BUILD\4_BASE_ROOT\job\161616\RVE2\15_06_800.csv
15_06_800,L=1.6um,161616,RVE2,23,0.1239859791491398,167.34672494089642,F:\1_job\20251124\CPFE_PARAMATER_TEST_PBC\1_CPFE_3DMODEL_BUILD\4_BASE_ROOT\job\161616\RVE2\15_06_800.csv
15_06_800,L=1.6um,161616,RVE2,24,0.1292723326662926,163.93237818151252,F:\1_job\20251124\CPFE_PARAMATER_TEST_PBC\1_CPFE_3DMODEL_BUILD\4_BASE_ROOT\job\161616\RVE2\15_06_800.csv
15_06_800,L=1.6um,161616,RVE2,25,0.134530887539002,160.5371801498956,F:\1_job\20251124\CPFE_PARAMATER_TEST_PBC\1_CPFE_3DMODEL_BUILD\4_BASE_ROOT\job\161616\RVE2\15_06_800.csv
15_06_800,L=1.6um,161616,RVE2,26,0.1397619475581712,157.21215165678393,F:\1_job\20251124\CPFE_PARAMATER_TEST_PBC\1_CPFE_3DMODEL_BUILD\4_BASE_ROOT\job\161616\RVE2\15_06_800.csv
15_06_800,L=1.6um,161616,RVE2,27,0.1449657730344857,153.94942254968936,F:\1_job\20251124\CPFE_PARAMATER_TEST_PBC\1_CPFE_3DMODEL_BUILD\4_BASE_ROOT\job\161616\RVE2\15_06_800.csv
15_06_800,L=1.6um,161616,RVE2,28,0.1501426588400785,150.64676848275394,F:\1_job\20251124\CPFE_PARAMATER_TEST_PBC\1_CPFE_3DMODEL_BUILD\4_BASE_ROOT\job\161616\RVE2\15_06_800.csv
15_06_800,L=1.6um,161616,RVE3,1,0.0,0.0,F:\1_job\20251124\CPFE_PARAMATER_TEST_PBC\1_CPFE_3DMODEL_BUILD\4_BASE_ROOT\job\161616\RVE3\15_06_800.csv
15_06_800,L=1.6um,161616,RVE3,2,0.0059820717293904,199.65402571401927,F:\1_job\20251124\CPFE_PARAMATER_TEST_PBC\1_CPFE_3DMODEL_BUILD\4_BASE_ROOT\job\161616\RVE3\15_06_800.csv
15_06_800,L=1.6um,161616,RVE3,3,0.011928570968345,213.13747312835264,F:\1_job\20251124\CPFE_PARAMATER_TEST_PBC\1_CPFE_3DMODEL_BUILD\4_BASE_ROOT\job\161616\RVE3\15_06_800.csv
15_06_800,L=1.6um,161616,RVE3,4,0.0178399173671714,216.8028414387344,F:\1_job\20251124\CPFE_PARAMATER_TEST_PBC\1_CPFE_3DMODEL_BUILD\4_BASE_ROOT\job\161616\RVE3\15_06_800.csv
15_06_800,L=1.6um,161616,RVE3,5,0.0237165268210428,217.08801273953915,F:\1_job\20251124\CPFE_PARAMATER_TEST_PBC\1_CPFE_3DMODEL_BUILD\4_BASE_ROOT\job\161616\RVE3\15_06_800.csv
15_06_800,L=1.6um,161616,RVE3,6,0.0295588015905227,216.04657904149695,F:\1_job\20251124\CPFE_PARAMATER_TEST_PBC\1_CPFE_3DMODEL_BUILD\4_BASE_ROOT\job\161616\RVE3\15_06_800.csv
15_06_800,L=1.6um,161616,RVE3,7,0.0353671423414218,214.2793633116682,F:\1_job\20251124\CPFE_PARAMATER_TEST_PBC\1_CPFE_3DMODEL_BUILD\4_BASE_ROOT\job\161616\RVE3\15_06_800.csv
15_06_800,L=1.6um,161616,RVE3,8,0.0411419427877547,212.0531823674854,F:\1_job\20251124\CPFE_PARAMATER_TEST_PBC\1_CPFE_3DMODEL_BUILD\4_BASE_ROOT\job\161616\RVE3\15_06_800.csv
15_06_800,L=1.6um,161616,RVE3,9,0.046883586296973,209.51145812269505,F:\1_job\20251124\CPFE_PARAMATER_TEST_PBC\1_CPFE_3DMODEL_BUILD\4_BASE_ROOT\job\161616\RVE3\15_06_800.csv
15_06_800,L=1.6um,161616,RVE3,10,0.0525924514481166,206.73805329855887,F:\1_job\20251124\CPFE_PARAMATER_TEST_PBC\1_CPFE_3DMODEL_BUILD\4_BASE_ROOT\job\161616\RVE3\15_06_800.csv
15_06_800,L=1.6um,161616,RVE3,11,0.0582689068587828,203.7855351373174,F:\1_job\20251124\CPFE_PARAMATER_TEST_PBC\1_CPFE_3DMODEL_BUILD\4_BASE_ROOT\job\161616\RVE3\15_06_800.csv
15_06_800,L=1.6um,161616,RVE3,12,0.063913325408167,200.6840998453168,F:\1_job\20251124\CPFE_PARAMATER_TEST_PBC\1_CPFE_3DMODEL_BUILD\4_BASE_ROOT\job\161616\RVE3\15_06_800.csv
15_06_800,L=1.6um,161616,RVE3,13,0.0695260597573401,197.4567965520544,F:\1_job\20251124\CPFE_PARAMATER_TEST_PBC\1_CPFE_3DMODEL_BUILD\4_BASE_ROOT\job\161616\RVE3\15_06_800.csv
15_06_800,L=1.6um,161616,RVE3,14,0.0751074739796861,194.1199718631508,F:\1_job\20251124\CPFE_PARAMATER_TEST_PBC\1_CPFE_3DMODEL_BUILD\4_BASE_ROOT\job\161616\RVE3\15_06_800.csv
15_06_800,L=1.6um,161616,RVE3,15,0.0806579019727236,190.6946249996165,F:\1_job\20251124\CPFE_PARAMATER_TEST_PBC\1_CPFE_3DMODEL_BUILD\4_BASE_ROOT\job\161616\RVE3\15_06_800.csv
15_06_800,L=1.6um,161616,RVE3,16,0.0861776995220419,187.19766767647616,F:\1_job\20251124\CPFE_PARAMATER_TEST_PBC\1_CPFE_3DMODEL_BUILD\4_BASE_ROOT\job\161616\RVE3\15_06_800.csv
15_06_800,L=1.6um,161616,RVE3,17,0.0916671892871969,183.6526316610532,F:\1_job\20251124\CPFE_PARAMATER_TEST_PBC\1_CPFE_3DMODEL_BUILD\4_BASE_ROOT\job\161616\RVE3\15_06_800.csv
15_06_800,L=1.6um,161616,RVE3,18,0.0971267089999163,180.09231184544916,F:\1_job\20251124\CPFE_PARAMATER_TEST_PBC\1_CPFE_3DMODEL_BUILD\4_BASE_ROOT\job\161616\RVE3\15_06_800.csv
15_06_800,L=1.6um,161616,RVE3,19,0.1025565908534479,176.52625974941415,F:\1_job\20251124\CPFE_PARAMATER_TEST_PBC\1_CPFE_3DMODEL_BUILD\4_BASE_ROOT\job\161616\RVE3\15_06_800.csv
15_06_800,L=1.6um,161616,RVE3,20,0.1079571415585973,172.96561224193962,F:\1_job\20251124\CPFE_PARAMATER_TEST_PBC\1_CPFE_3DMODEL_BUILD\4_BASE_ROOT\job\161616\RVE3\15_06_800.csv
15_06_800,L=1.6um,161616,RVE3,21,0.1133286829121737,169.41355664689573,F:\1_job\20251124\CPFE_PARAMATER_TEST_PBC\1_CPFE_3DMODEL_BUILD\4_BASE_ROOT\job\161616\RVE3\15_06_800.csv
15_06_800,L=1.6um,161616,RVE3,22,0.1186715315172836,165.8655274217351,F:\1_job\20251124\CPFE_PARAMATER_TEST_PBC\1_CPFE_3DMODEL_BUILD\4_BASE_ROOT\job\161616\RVE3\15_06_800.csv
15_06_800,L=1.6um,161616,RVE3,23,0.1239859791491398,162.33595033163573,F:\1_job\20251124\CPFE_PARAMATER_TEST_PBC\1_CPFE_3DMODEL_BUILD\4_BASE_ROOT\job\161616\RVE3\15_06_800.csv
15_06_800,L=1.6um,161616,RVE3,24,0.1292723326662926,158.84257813717915,F:\1_job\20251124\CPFE_PARAMATER_TEST_PBC\1_CPFE_3DMODEL_BUILD\4_BASE_ROOT\job\161616\RVE3\15_06_800.csv
15_06_800,L=1.6um,161616,RVE3,25,0.134530887539002,155.41377698609082,F:\1_job\20251124\CPFE_PARAMATER_TEST_PBC\1_CPFE_3DMODEL_BUILD\4_BASE_ROOT\job\161616\RVE3\15_06_800.csv
15_06_800,L=1.6um,161616,RVE3,26,0.1397619475581712,152.0608321263004,F:\1_job\20251124\CPFE_PARAMATER_TEST_PBC\1_CPFE_3DMODEL_BUILD\4_BASE_ROOT\job\161616\RVE3\15_06_800.csv
15_06_800,L=1.6um,161616,RVE3,27,0.1449657730344857,148.77966719567272,F:\1_job\20251124\CPFE_PARAMATER_TEST_PBC\1_CPFE_3DMODEL_BUILD\4_BASE_ROOT\job\161616\RVE3\15_06_800.csv
15_06_800,L=1.6um,161616,RVE3,28,0.1501426588400785,145.56356009853832,F:\1_job\20251124\CPFE_PARAMATER_TEST_PBC\1_CPFE_3DMODEL_BUILD\4_BASE_ROOT\job\161616\RVE3\15_06_800.csv
15_06_800,L=2.0um,202020,RVE1,1,0.0,0.0,F:\1_job\20251124\CPFE_PARAMATER_TEST_PBC\1_CPFE_3DMODEL_BUILD\4_BASE_ROOT\job\202020\RVE1\15_06_800.csv
15_06_800,L=2.0um,202020,RVE1,2,0.0059820717293904,206.37449277803307,F:\1_job\20251124\CPFE_PARAMATER_TEST_PBC\1_CPFE_3DMODEL_BUILD\4_BASE_ROOT\job\202020\RVE1\15_06_800.csv
15_06_800,L=2.0um,202020,RVE1,3,0.011928570968345,216.02141872343748,F:\1_job\20251124\CPFE_PARAMATER_TEST_PBC\1_CPFE_3DMODEL_BUILD\4_BASE_ROOT\job\202020\RVE1\15_06_800.csv
15_06_800,L=2.0um,202020,RVE1,4,0.0178399173671714,218.8700930340885,F:\1_job\20251124\CPFE_PARAMATER_TEST_PBC\1_CPFE_3DMODEL_BUILD\4_BASE_ROOT\job\202020\RVE1\15_06_800.csv
15_06_800,L=2.0um,202020,RVE1,5,0.0237165268210428,219.0688437946302,F:\1_job\20251124\CPFE_PARAMATER_TEST_PBC\1_CPFE_3DMODEL_BUILD\4_BASE_ROOT\job\202020\RVE1\15_06_800.csv
15_06_800,L=2.0um,202020,RVE1,6,0.0295588015905227,218.0310995589848,F:\1_job\20251124\CPFE_PARAMATER_TEST_PBC\1_CPFE_3DMODEL_BUILD\4_BASE_ROOT\job\202020\RVE1\15_06_800.csv
15_06_800,L=2.0um,202020,RVE1,7,0.0353671423414218,216.28384293818635,F:\1_job\20251124\CPFE_PARAMATER_TEST_PBC\1_CPFE_3DMODEL_BUILD\4_BASE_ROOT\job\202020\RVE1\15_06_800.csv
15_06_800,L=2.0um,202020,RVE1,8,0.0411419427877547,214.08347580529352,F:\1_job\20251124\CPFE_PARAMATER_TEST_PBC\1_CPFE_3DMODEL_BUILD\4_BASE_ROOT\job\202020\RVE1\15_06_800.csv
15_06_800,L=2.0um,202020,RVE1,9,0.046883586296973,211.56950960571496,F:\1_job\20251124\CPFE_PARAMATER_TEST_PBC\1_CPFE_3DMODEL_BUILD\4_BASE_ROOT\job\202020\RVE1\15_06_800.csv
15_06_800,L=2.0um,202020,RVE1,10,0.0525924514481166,208.8203889799036,F:\1_job\20251124\CPFE_PARAMATER_TEST_PBC\1_CPFE_3DMODEL_BUILD\4_BASE_ROOT\job\202020\RVE1\15_06_800.csv
15_06_800,L=2.0um,202020,RVE1,11,0.0582689068587828,205.8850406330704,F:\1_job\20251124\CPFE_PARAMATER_TEST_PBC\1_CPFE_3DMODEL_BUILD\4_BASE_ROOT\job\202020\RVE1\15_06_800.csv
15_06_800,L=2.0um,202020,RVE1,12,0.063913325408167,202.80149004426767,F:\1_job\20251124\CPFE_PARAMATER_TEST_PBC\1_CPFE_3DMODEL_BUILD\4_BASE_ROOT\job\202020\RVE1\15_06_800.csv
15_06_800,L=2.0um,202020,RVE1,13,0.0695260597573401,199.5955021084624,F:\1_job\20251124\CPFE_PARAMATER_TEST_PBC\1_CPFE_3DMODEL_BUILD\4_BASE_ROOT\job\202020\RVE1\15_06_800.csv
15_06_800,L=2.0um,202020,RVE1,14,0.0751074739796861,196.29286830451645,F:\1_job\20251124\CPFE_PARAMATER_TEST_PBC\1_CPFE_3DMODEL_BUILD\4_BASE_ROOT\job\202020\RVE1\15_06_800.csv
15_06_800,L=2.0um,202020,RVE1,15,0.0806579019727236,192.9175789610507,F:\1_job\20251124\CPFE_PARAMATER_TEST_PBC\1_CPFE_3DMODEL_BUILD\4_BASE_ROOT\job\202020\RVE1\15_06_800.csv
15_06_800,L=2.0um,202020,RVE1,16,0.0861776995220419,189.4979875296999,F:\1_job\20251124\CPFE_PARAMATER_TEST_PBC\1_CPFE_3DMODEL_BUILD\4_BASE_ROOT\job\202020\RVE1\15_06_800.csv
15_06_800,L=2.0um,202020,RVE1,17,0.0916671892871969,186.03847450687908,F:\1_job\20251124\CPFE_PARAMATER_TEST_PBC\1_CPFE_3DMODEL_BUILD\4_BASE_ROOT\job\202020\RVE1\15_06_800.csv
15_06_800,L=2.0um,202020,RVE1,18,0.0971267089999163,182.55910612933803,F:\1_job\20251124\CPFE_PARAMATER_TEST_PBC\1_CPFE_3DMODEL_BUILD\4_BASE_ROOT\job\202020\RVE1\15_06_800.csv
15_06_800,L=2.0um,202020,RVE1,19,0.1025565908534479,179.07855617787197,F:\1_job\20251124\CPFE_PARAMATER_TEST_PBC\1_CPFE_3DMODEL_BUILD\4_BASE_ROOT\job\202020\RVE1\15_06_800.csv
15_06_800,L=2.0um,202020,RVE1,20,0.1079571415585973,175.6433070772689,F:\1_job\20251124\CPFE_PARAMATER_TEST_PBC\1_CPFE_3DMODEL_BUILD\4_BASE_ROOT\job\202020\RVE1\15_06_800.csv
15_06_800,L=2.0um,202020,RVE1,21,0.1133286829121737,172.25605427497612,F:\1_job\20251124\CPFE_PARAMATER_TEST_PBC\1_CPFE_3DMODEL_BUILD\4_BASE_ROOT\job\202020\RVE1\15_06_800.csv
15_06_800,L=2.0um,202020,RVE1,22,0.1186715315172836,168.921116240301,F:\1_job\20251124\CPFE_PARAMATER_TEST_PBC\1_CPFE_3DMODEL_BUILD\4_BASE_ROOT\job\202020\RVE1\15_06_800.csv
15_06_800,L=2.0um,202020,RVE1,23,0.1239859791491398,165.65837849640275,F:\1_job\20251124\CPFE_PARAMATER_TEST_PBC\1_CPFE_3DMODEL_BUILD\4_BASE_ROOT\job\202020\RVE1\15_06_800.csv
15_06_800,L=2.0um,202020,RVE1,24,0.1292723326662926,162.4522604623055,F:\1_job\20251124\CPFE_PARAMATER_TEST_PBC\1_CPFE_3DMODEL_BUILD\4_BASE_ROOT\job\202020\RVE1\15_06_800.csv
15_06_800,L=2.0um,202020,RVE1,25,0.134530887539002,159.32369701266452,F:\1_job\20251124\CPFE_PARAMATER_TEST_PBC\1_CPFE_3DMODEL_BUILD\4_BASE_ROOT\job\202020\RVE1\15_06_800.csv
15_06_800,L=2.0um,202020,RVE1,26,0.1397619475581712,156.27165760927437,F:\1_job\20251124\CPFE_PARAMATER_TEST_PBC\1_CPFE_3DMODEL_BUILD\4_BASE_ROOT\job\202020\RVE1\15_06_800.csv
15_06_800,L=2.0um,202020,RVE1,27,0.1449657730344857,153.22856243835304,F:\1_job\20251124\CPFE_PARAMATER_TEST_PBC\1_CPFE_3DMODEL_BUILD\4_BASE_ROOT\job\202020\RVE1\15_06_800.csv
15_06_800,L=2.0um,202020,RVE1,28,0.1501426588400785,149.74881384318903,F:\1_job\20251124\CPFE_PARAMATER_TEST_PBC\1_CPFE_3DMODEL_BUILD\4_BASE_ROOT\job\202020\RVE1\15_06_800.csv
15_06_800,L=2.0um,202020,RVE2,1,0.0,0.0,F:\1_job\20251124\CPFE_PARAMATER_TEST_PBC\1_CPFE_3DMODEL_BUILD\4_BASE_ROOT\job\202020\RVE2\15_06_800.csv
15_06_800,L=2.0um,202020,RVE2,2,0.0059820717293904,199.92496992003268,F:\1_job\20251124\CPFE_PARAMATER_TEST_PBC\1_CPFE_3DMODEL_BUILD\4_BASE_ROOT\job\202020\RVE2\15_06_800.csv
15_06_800,L=2.0um,202020,RVE2,3,0.011928570968345,208.8271944795319,F:\1_job\20251124\CPFE_PARAMATER_TEST_PBC\1_CPFE_3DMODEL_BUILD\4_BASE_ROOT\job\202020\RVE2\15_06_800.csv
15_06_800,L=2.0um,202020,RVE2,4,0.0178399173671714,208.9757686702818,F:\1_job\20251124\CPFE_PARAMATER_TEST_PBC\1_CPFE_3DMODEL_BUILD\4_BASE_ROOT\job\202020\RVE2\15_06_800.csv
15_06_800,L=2.0um,202020,RVE2,5,0.0237165268210428,209.1642344176124,F:\1_job\20251124\CPFE_PARAMATER_TEST_PBC\1_CPFE_3DMODEL_BUILD\4_BASE_ROOT\job\202020\RVE2\15_06_800.csv
15_06_800,L=2.0um,202020,RVE2,6,0.0295588015905227,207.8184521657311,F:\1_job\20251124\CPFE_PARAMATER_TEST_PBC\1_CPFE_3DMODEL_BUILD\4_BASE_ROOT\job\202020\RVE2\15_06_800.csv
15_06_800,L=2.0um,202020,RVE2,7,0.0353671423414218,206.051714718629,F:\1_job\20251124\CPFE_PARAMATER_TEST_PBC\1_CPFE_3DMODEL_BUILD\4_BASE_ROOT\job\202020\RVE2\15_06_800.csv
15_06_800,L=2.0um,202020,RVE2,8,0.0411419427877547,204.05521158955167,F:\1_job\20251124\CPFE_PARAMATER_TEST_PBC\1_CPFE_3DMODEL_BUILD\4_BASE_ROOT\job\202020\RVE2\15_06_800.csv
15_06_800,L=2.0um,202020,RVE2,9,0.046883586296973,201.90426179913263,F:\1_job\20251124\CPFE_PARAMATER_TEST_PBC\1_CPFE_3DMODEL_BUILD\4_BASE_ROOT\job\202020\RVE2\15_06_800.csv
15_06_800,L=2.0um,202020,RVE2,10,0.0525924514481166,199.64184316082105,F:\1_job\20251124\CPFE_PARAMATER_TEST_PBC\1_CPFE_3DMODEL_BUILD\4_BASE_ROOT\job\202020\RVE2\15_06_800.csv
15_06_800,L=2.0um,202020,RVE2,11,0.0582689068587828,197.2916263373021,F:\1_job\20251124\CPFE_PARAMATER_TEST_PBC\1_CPFE_3DMODEL_BUILD\4_BASE_ROOT\job\202020\RVE2\15_06_800.csv
15_06_800,L=2.0um,202020,RVE2,12,0.063913325408167,194.8693088335499,F:\1_job\20251124\CPFE_PARAMATER_TEST_PBC\1_CPFE_3DMODEL_BUILD\4_BASE_ROOT\job\202020\RVE2\15_06_800.csv
15_06_800,L=2.0um,202020,RVE2,13,0.0695260597573401,192.38573943399524,F:\1_job\20251124\CPFE_PARAMATER_TEST_PBC\1_CPFE_3DMODEL_BUILD\4_BASE_ROOT\job\202020\RVE2\15_06_800.csv
15_06_800,L=2.0um,202020,RVE2,14,0.0751074739796861,189.84947596091288,F:\1_job\20251124\CPFE_PARAMATER_TEST_PBC\1_CPFE_3DMODEL_BUILD\4_BASE_ROOT\job\202020\RVE2\15_06_800.csv
15_06_800,L=2.0um,202020,RVE2,15,0.0806579019727236,187.2673348263287,F:\1_job\20251124\CPFE_PARAMATER_TEST_PBC\1_CPFE_3DMODEL_BUILD\4_BASE_ROOT\job\202020\RVE2\15_06_800.csv
15_06_800,L=2.0um,202020,RVE2,16,0.0861776995220419,184.6487715103717,F:\1_job\20251124\CPFE_PARAMATER_TEST_PBC\1_CPFE_3DMODEL_BUILD\4_BASE_ROOT\job\202020\RVE2\15_06_800.csv
15_06_800,L=2.0um,202020,RVE2,17,0.0916671892871969,182.00585475283216,F:\1_job\20251124\CPFE_PARAMATER_TEST_PBC\1_CPFE_3DMODEL_BUILD\4_BASE_ROOT\job\202020\RVE2\15_06_800.csv
15_06_800,L=2.0um,202020,RVE2,18,0.0971267089999163,179.3477588143396,F:\1_job\20251124\CPFE_PARAMATER_TEST_PBC\1_CPFE_3DMODEL_BUILD\4_BASE_ROOT\job\202020\RVE2\15_06_800.csv
15_06_800,L=2.0um,202020,RVE2,19,0.1025565908534479,176.68155263177243,F:\1_job\20251124\CPFE_PARAMATER_TEST_PBC\1_CPFE_3DMODEL_BUILD\4_BASE_ROOT\job\202020\RVE2\15_06_800.csv
15_06_800,L=2.0um,202020,RVE2,20,0.1079571415585973,174.0169445893889,F:\1_job\20251124\CPFE_PARAMATER_TEST_PBC\1_CPFE_3DMODEL_BUILD\4_BASE_ROOT\job\202020\RVE2\15_06_800.csv
15_06_800,L=2.0um,202020,RVE2,21,0.1133286829121737,171.36307576148965,F:\1_job\20251124\CPFE_PARAMATER_TEST_PBC\1_CPFE_3DMODEL_BUILD\4_BASE_ROOT\job\202020\RVE2\15_06_800.csv
15_06_800,L=2.0um,202020,RVE2,22,0.1186715315172836,168.73292840426893,F:\1_job\20251124\CPFE_PARAMATER_TEST_PBC\1_CPFE_3DMODEL_BUILD\4_BASE_ROOT\job\202020\RVE2\15_06_800.csv
15_06_800,L=2.0um,202020,RVE2,23,0.1239859791491398,166.1363900927804,F:\1_job\20251124\CPFE_PARAMATER_TEST_PBC\1_CPFE_3DMODEL_BUILD\4_BASE_ROOT\job\202020\RVE2\15_06_800.csv
15_06_800,L=2.0um,202020,RVE2,24,0.1292723326662926,163.56824227043876,F:\1_job\20251124\CPFE_PARAMATER_TEST_PBC\1_CPFE_3DMODEL_BUILD\4_BASE_ROOT\job\202020\RVE2\15_06_800.csv
15_06_800,L=2.0um,202020,RVE2,25,0.134530887539002,161.029328106938,F:\1_job\20251124\CPFE_PARAMATER_TEST_PBC\1_CPFE_3DMODEL_BUILD\4_BASE_ROOT\job\202020\RVE2\15_06_800.csv
15_06_800,L=2.0um,202020,RVE2,26,0.1397619475581712,158.53275457533937,F:\1_job\20251124\CPFE_PARAMATER_TEST_PBC\1_CPFE_3DMODEL_BUILD\4_BASE_ROOT\job\202020\RVE2\15_06_800.csv
15_06_800,L=2.0um,202020,RVE2,27,0.1449657730344857,156.08236688965826,F:\1_job\20251124\CPFE_PARAMATER_TEST_PBC\1_CPFE_3DMODEL_BUILD\4_BASE_ROOT\job\202020\RVE2\15_06_800.csv
15_06_800,L=2.0um,202020,RVE2,28,0.1501426588400785,153.6830285359656,F:\1_job\20251124\CPFE_PARAMATER_TEST_PBC\1_CPFE_3DMODEL_BUILD\4_BASE_ROOT\job\202020\RVE2\15_06_800.csv
15_06_800,L=2.0um,202020,RVE3,1,0.0,0.0,F:\1_job\20251124\CPFE_PARAMATER_TEST_PBC\1_CPFE_3DMODEL_BUILD\4_BASE_ROOT\job\202020\RVE3\15_06_800.csv
15_06_800,L=2.0um,202020,RVE3,2,0.0059820717293904,192.66198639914836,F:\1_job\20251124\CPFE_PARAMATER_TEST_PBC\1_CPFE_3DMODEL_BUILD\4_BASE_ROOT\job\202020\RVE3\15_06_800.csv
15_06_800,L=2.0um,202020,RVE3,3,0.011928570968345,204.8784704190663,F:\1_job\20251124\CPFE_PARAMATER_TEST_PBC\1_CPFE_3DMODEL_BUILD\4_BASE_ROOT\job\202020\RVE3\15_06_800.csv
15_06_800,L=2.0um,202020,RVE3,4,0.0178399173671714,206.44832146761576,F:\1_job\20251124\CPFE_PARAMATER_TEST_PBC\1_CPFE_3DMODEL_BUILD\4_BASE_ROOT\job\202020\RVE3\15_06_800.csv
15_06_800,L=2.0um,202020,RVE3,5,0.0237165268210428,207.41762504225653,F:\1_job\20251124\CPFE_PARAMATER_TEST_PBC\1_CPFE_3DMODEL_BUILD\4_BASE_ROOT\job\202020\RVE3\15_06_800.csv
15_06_800,L=2.0um,202020,RVE3,6,0.0295588015905227,206.62180955786755,F:\1_job\20251124\CPFE_PARAMATER_TEST_PBC\1_CPFE_3DMODEL_BUILD\4_BASE_ROOT\job\202020\RVE3\15_06_800.csv
15_06_800,L=2.0um,202020,RVE3,7,0.0353671423414218,205.2475405865312,F:\1_job\20251124\CPFE_PARAMATER_TEST_PBC\1_CPFE_3DMODEL_BUILD\4_BASE_ROOT\job\202020\RVE3\15_06_800.csv
15_06_800,L=2.0um,202020,RVE3,8,0.0411419427877547,203.52867850878312,F:\1_job\20251124\CPFE_PARAMATER_TEST_PBC\1_CPFE_3DMODEL_BUILD\4_BASE_ROOT\job\202020\RVE3\15_06_800.csv
15_06_800,L=2.0um,202020,RVE3,9,0.046883586296973,201.5710849191172,F:\1_job\20251124\CPFE_PARAMATER_TEST_PBC\1_CPFE_3DMODEL_BUILD\4_BASE_ROOT\job\202020\RVE3\15_06_800.csv
15_06_800,L=2.0um,202020,RVE3,10,0.0525924514481166,199.42506358899976,F:\1_job\20251124\CPFE_PARAMATER_TEST_PBC\1_CPFE_3DMODEL_BUILD\4_BASE_ROOT\job\202020\RVE3\15_06_800.csv
15_06_800,L=2.0um,202020,RVE3,11,0.0582689068587828,197.12886419151192,F:\1_job\20251124\CPFE_PARAMATER_TEST_PBC\1_CPFE_3DMODEL_BUILD\4_BASE_ROOT\job\202020\RVE3\15_06_800.csv
15_06_800,L=2.0um,202020,RVE3,12,0.063913325408167,194.70814660215865,F:\1_job\20251124\CPFE_PARAMATER_TEST_PBC\1_CPFE_3DMODEL_BUILD\4_BASE_ROOT\job\202020\RVE3\15_06_800.csv
15_06_800,L=2.0um,202020,RVE3,13,0.0695260597573401,192.17598821389856,F:\1_job\20251124\CPFE_PARAMATER_TEST_PBC\1_CPFE_3DMODEL_BUILD\4_BASE_ROOT\job\202020\RVE3\15_06_800.csv
15_06_800,L=2.0um,202020,RVE3,14,0.0751074739796861,189.5478675620251,F:\1_job\20251124\CPFE_PARAMATER_TEST_PBC\1_CPFE_3DMODEL_BUILD\4_BASE_ROOT\job\202020\RVE3\15_06_800.csv
15_06_800,L=2.0um,202020,RVE3,15,0.0806579019727236,186.82881236584933,F:\1_job\20251124\CPFE_PARAMATER_TEST_PBC\1_CPFE_3DMODEL_BUILD\4_BASE_ROOT\job\202020\RVE3\15_06_800.csv
15_06_800,L=2.0um,202020,RVE3,16,0.0861776995220419,184.03162154496795,F:\1_job\20251124\CPFE_PARAMATER_TEST_PBC\1_CPFE_3DMODEL_BUILD\4_BASE_ROOT\job\202020\RVE3\15_06_800.csv
15_06_800,L=2.0um,202020,RVE3,17,0.0916671892871969,181.1557757726928,F:\1_job\20251124\CPFE_PARAMATER_TEST_PBC\1_CPFE_3DMODEL_BUILD\4_BASE_ROOT\job\202020\RVE3\15_06_800.csv
15_06_800,L=2.0um,202020,RVE3,18,0.0971267089999163,178.22473983434975,F:\1_job\20251124\CPFE_PARAMATER_TEST_PBC\1_CPFE_3DMODEL_BUILD\4_BASE_ROOT\job\202020\RVE3\15_06_800.csv
15_06_800,L=2.0um,202020,RVE3,19,0.1025565908534479,175.24290754756862,F:\1_job\20251124\CPFE_PARAMATER_TEST_PBC\1_CPFE_3DMODEL_BUILD\4_BASE_ROOT\job\202020\RVE3\15_06_800.csv
15_06_800,L=2.0um,202020,RVE3,20,0.1079571415585973,172.23392585150054,F:\1_job\20251124\CPFE_PARAMATER_TEST_PBC\1_CPFE_3DMODEL_BUILD\4_BASE_ROOT\job\202020\RVE3\15_06_800.csv
15_06_800,L=2.0um,202020,RVE3,21,0.1133286829121737,169.21474568850954,F:\1_job\20251124\CPFE_PARAMATER_TEST_PBC\1_CPFE_3DMODEL_BUILD\4_BASE_ROOT\job\202020\RVE3\15_06_800.csv
15_06_800,L=2.0um,202020,RVE3,22,0.1186715315172836,166.1894460083338,F:\1_job\20251124\CPFE_PARAMATER_TEST_PBC\1_CPFE_3DMODEL_BUILD\4_BASE_ROOT\job\202020\RVE3\15_06_800.csv
15_06_800,L=2.0um,202020,RVE3,23,0.1239859791491398,163.16687648381685,F:\1_job\20251124\CPFE_PARAMATER_TEST_PBC\1_CPFE_3DMODEL_BUILD\4_BASE_ROOT\job\202020\RVE3\15_06_800.csv
15_06_800,L=2.0um,202020,RVE3,24,0.1292723326662926,160.16617169361552,F:\1_job\20251124\CPFE_PARAMATER_TEST_PBC\1_CPFE_3DMODEL_BUILD\4_BASE_ROOT\job\202020\RVE3\15_06_800.csv
15_06_800,L=2.0um,202020,RVE3,25,0.134530887539002,157.20207068138734,F:\1_job\20251124\CPFE_PARAMATER_TEST_PBC\1_CPFE_3DMODEL_BUILD\4_BASE_ROOT\job\202020\RVE3\15_06_800.csv
15_06_800,L=2.0um,202020,RVE3,26,0.1397619475581712,154.2771263489367,F:\1_job\20251124\CPFE_PARAMATER_TEST_PBC\1_CPFE_3DMODEL_BUILD\4_BASE_ROOT\job\202020\RVE3\15_06_800.csv
15_06_800,L=2.0um,202020,RVE3,27,0.1449657730344857,151.3901209659491,F:\1_job\20251124\CPFE_PARAMATER_TEST_PBC\1_CPFE_3DMODEL_BUILD\4_BASE_ROOT\job\202020\RVE3\15_06_800.csv
15_06_800,L=2.0um,202020,RVE3,28,0.1501426588400785,148.55324073784004,F:\1_job\20251124\CPFE_PARAMATER_TEST_PBC\1_CPFE_3DMODEL_BUILD\4_BASE_ROOT\job\202020\RVE3\15_06_800.csv
15_06_800,L=2.4um,242424,RVE1,1,0.0,0.0,F:\1_job\20251124\CPFE_PARAMATER_TEST_PBC\1_CPFE_3DMODEL_BUILD\4_BASE_ROOT\job\242424\RVE1\15_06_800.csv
15_06_800,L=2.4um,242424,RVE1,2,0.0059820717293904,209.26326805775776,F:\1_job\20251124\CPFE_PARAMATER_TEST_PBC\1_CPFE_3DMODEL_BUILD\4_BASE_ROOT\job\242424\RVE1\15_06_800.csv
15_06_800,L=2.4um,242424,RVE1,3,0.011928570968345,223.48115647818045,F:\1_job\20251124\CPFE_PARAMATER_TEST_PBC\1_CPFE_3DMODEL_BUILD\4_BASE_ROOT\job\242424\RVE1\15_06_800.csv
15_06_800,L=2.4um,242424,RVE1,4,0.0178399173671714,226.7621172132621,F:\1_job\20251124\CPFE_PARAMATER_TEST_PBC\1_CPFE_3DMODEL_BUILD\4_BASE_ROOT\job\242424\RVE1\15_06_800.csv
15_06_800,L=2.4um,242424,RVE1,5,0.0237165268210428,226.5430049651344,F:\1_job\20251124\CPFE_PARAMATER_TEST_PBC\1_CPFE_3DMODEL_BUILD\4_BASE_ROOT\job\242424\RVE1\15_06_800.csv
15_06_800,L=2.4um,242424,RVE1,6,0.0295588015905227,225.05104845018693,F:\1_job\20251124\CPFE_PARAMATER_TEST_PBC\1_CPFE_3DMODEL_BUILD\4_BASE_ROOT\job\242424\RVE1\15_06_800.csv
15_06_800,L=2.4um,242424,RVE1,7,0.0353671423414218,222.8819549899936,F:\1_job\20251124\CPFE_PARAMATER_TEST_PBC\1_CPFE_3DMODEL_BUILD\4_BASE_ROOT\job\242424\RVE1\15_06_800.csv
15_06_800,L=2.4um,242424,RVE1,8,0.0411419427877547,220.28220090551525,F:\1_job\20251124\CPFE_PARAMATER_TEST_PBC\1_CPFE_3DMODEL_BUILD\4_BASE_ROOT\job\242424\RVE1\15_06_800.csv
15_06_800,L=2.4um,242424,RVE1,9,0.046883586296973,217.3768220989848,F:\1_job\20251124\CPFE_PARAMATER_TEST_PBC\1_CPFE_3DMODEL_BUILD\4_BASE_ROOT\job\242424\RVE1\15_06_800.csv
15_06_800,L=2.4um,242424,RVE1,10,0.0525924514481166,214.2346233813136,F:\1_job\20251124\CPFE_PARAMATER_TEST_PBC\1_CPFE_3DMODEL_BUILD\4_BASE_ROOT\job\242424\RVE1\15_06_800.csv
15_06_800,L=2.4um,242424,RVE1,11,0.0582689068587828,210.8972857597404,F:\1_job\20251124\CPFE_PARAMATER_TEST_PBC\1_CPFE_3DMODEL_BUILD\4_BASE_ROOT\job\242424\RVE1\15_06_800.csv
15_06_800,L=2.4um,242424,RVE1,12,0.063913325408167,207.3946698164106,F:\1_job\20251124\CPFE_PARAMATER_TEST_PBC\1_CPFE_3DMODEL_BUILD\4_BASE_ROOT\job\242424\RVE1\15_06_800.csv
15_06_800,L=2.4um,242424,RVE1,13,0.0695260597573401,203.75349875985196,F:\1_job\20251124\CPFE_PARAMATER_TEST_PBC\1_CPFE_3DMODEL_BUILD\4_BASE_ROOT\job\242424\RVE1\15_06_800.csv
15_06_800,L=2.4um,242424,RVE1,14,0.0751074739796861,199.98967970575112,F:\1_job\20251124\CPFE_PARAMATER_TEST_PBC\1_CPFE_3DMODEL_BUILD\4_BASE_ROOT\job\242424\RVE1\15_06_800.csv
15_06_800,L=2.4um,242424,RVE1,15,0.0806579019727236,196.11649535141257,F:\1_job\20251124\CPFE_PARAMATER_TEST_PBC\1_CPFE_3DMODEL_BUILD\4_BASE_ROOT\job\242424\RVE1\15_06_800.csv
15_06_800,L=2.4um,242424,RVE1,16,0.0861776995220419,192.1566973032569,F:\1_job\20251124\CPFE_PARAMATER_TEST_PBC\1_CPFE_3DMODEL_BUILD\4_BASE_ROOT\job\242424\RVE1\15_06_800.csv
15_06_800,L=2.4um,242424,RVE1,17,0.0916671892871969,188.1340753080352,F:\1_job\20251124\CPFE_PARAMATER_TEST_PBC\1_CPFE_3DMODEL_BUILD\4_BASE_ROOT\job\242424\RVE1\15_06_800.csv
15_06_800,L=2.4um,242424,RVE1,18,0.0971267089999163,184.0775290588049,F:\1_job\20251124\CPFE_PARAMATER_TEST_PBC\1_CPFE_3DMODEL_BUILD\4_BASE_ROOT\job\242424\RVE1\15_06_800.csv
15_06_800,L=2.4um,242424,RVE1,19,0.1025565908534479,180.01050443597916,F:\1_job\20251124\CPFE_PARAMATER_TEST_PBC\1_CPFE_3DMODEL_BUILD\4_BASE_ROOT\job\242424\RVE1\15_06_800.csv
15_06_800,L=2.4um,242424,RVE1,20,0.1079571415585973,175.9723091572855,F:\1_job\20251124\CPFE_PARAMATER_TEST_PBC\1_CPFE_3DMODEL_BUILD\4_BASE_ROOT\job\242424\RVE1\15_06_800.csv
15_06_800,L=2.4um,242424,RVE1,21,0.1133286829121737,171.9833652474897,F:\1_job\20251124\CPFE_PARAMATER_TEST_PBC\1_CPFE_3DMODEL_BUILD\4_BASE_ROOT\job\242424\RVE1\15_06_800.csv
15_06_800,L=2.4um,242424,RVE1,22,0.1186715315172836,168.05730450818487,F:\1_job\20251124\CPFE_PARAMATER_TEST_PBC\1_CPFE_3DMODEL_BUILD\4_BASE_ROOT\job\242424\RVE1\15_06_800.csv
15_06_800,L=2.4um,242424,RVE1,23,0.1239859791491398,164.2202555360552,F:\1_job\20251124\CPFE_PARAMATER_TEST_PBC\1_CPFE_3DMODEL_BUILD\4_BASE_ROOT\job\242424\RVE1\15_06_800.csv
15_06_800,L=2.4um,242424,RVE1,24,0.1292723326662926,160.4836309644,F:\1_job\20251124\CPFE_PARAMATER_TEST_PBC\1_CPFE_3DMODEL_BUILD\4_BASE_ROOT\job\242424\RVE1\15_06_800.csv
15_06_800,L=2.4um,242424,RVE1,25,0.134530887539002,156.84075136323162,F:\1_job\20251124\CPFE_PARAMATER_TEST_PBC\1_CPFE_3DMODEL_BUILD\4_BASE_ROOT\job\242424\RVE1\15_06_800.csv
15_06_800,L=2.4um,242424,RVE1,26,0.1397619475581712,153.31153772484114,F:\1_job\20251124\CPFE_PARAMATER_TEST_PBC\1_CPFE_3DMODEL_BUILD\4_BASE_ROOT\job\242424\RVE1\15_06_800.csv
15_06_800,L=2.4um,242424,RVE1,27,0.1449657730344857,149.85820155013053,F:\1_job\20251124\CPFE_PARAMATER_TEST_PBC\1_CPFE_3DMODEL_BUILD\4_BASE_ROOT\job\242424\RVE1\15_06_800.csv
15_06_800,L=2.4um,242424,RVE1,28,0.1501426588400785,146.47943209548467,F:\1_job\20251124\CPFE_PARAMATER_TEST_PBC\1_CPFE_3DMODEL_BUILD\4_BASE_ROOT\job\242424\RVE1\15_06_800.csv
15_06_800,L=2.4um,242424,RVE2,1,0.0,0.0,F:\1_job\20251124\CPFE_PARAMATER_TEST_PBC\1_CPFE_3DMODEL_BUILD\4_BASE_ROOT\job\242424\RVE2\15_06_800.csv
15_06_800,L=2.4um,242424,RVE2,2,0.0059820717293904,211.78049314678483,F:\1_job\20251124\CPFE_PARAMATER_TEST_PBC\1_CPFE_3DMODEL_BUILD\4_BASE_ROOT\job\242424\RVE2\15_06_800.csv
15_06_800,L=2.4um,242424,RVE2,3,0.011928570968345,227.3106748320727,F:\1_job\20251124\CPFE_PARAMATER_TEST_PBC\1_CPFE_3DMODEL_BUILD\4_BASE_ROOT\job\242424\RVE2\15_06_800.csv
15_06_800,L=2.4um,242424,RVE2,4,0.0178399173671714,228.9577627911762,F:\1_job\20251124\CPFE_PARAMATER_TEST_PBC\1_CPFE_3DMODEL_BUILD\4_BASE_ROOT\job\242424\RVE2\15_06_800.csv
15_06_800,L=2.4um,242424,RVE2,5,0.0237165268210428,229.95402927138483,F:\1_job\20251124\CPFE_PARAMATER_TEST_PBC\1_CPFE_3DMODEL_BUILD\4_BASE_ROOT\job\242424\RVE2\15_06_800.csv
15_06_800,L=2.4um,242424,RVE2,6,0.0295588015905227,228.49837606177323,F:\1_job\20251124\CPFE_PARAMATER_TEST_PBC\1_CPFE_3DMODEL_BUILD\4_BASE_ROOT\job\242424\RVE2\15_06_800.csv
15_06_800,L=2.4um,242424,RVE2,7,0.0353671423414218,226.28549132229563,F:\1_job\20251124\CPFE_PARAMATER_TEST_PBC\1_CPFE_3DMODEL_BUILD\4_BASE_ROOT\job\242424\RVE2\15_06_800.csv
15_06_800,L=2.4um,242424,RVE2,8,0.0411419427877547,223.63805931795304,F:\1_job\20251124\CPFE_PARAMATER_TEST_PBC\1_CPFE_3DMODEL_BUILD\4_BASE_ROOT\job\242424\RVE2\15_06_800.csv
15_06_800,L=2.4um,242424,RVE2,9,0.046883586296973,220.6824682195952,F:\1_job\20251124\CPFE_PARAMATER_TEST_PBC\1_CPFE_3DMODEL_BUILD\4_BASE_ROOT\job\242424\RVE2\15_06_800.csv
15_06_800,L=2.4um,242424,RVE2,10,0.0525924514481166,217.4875670956812,F:\1_job\20251124\CPFE_PARAMATER_TEST_PBC\1_CPFE_3DMODEL_BUILD\4_BASE_ROOT\job\242424\RVE2\15_06_800.csv
15_06_800,L=2.4um,242424,RVE2,11,0.0582689068587828,214.09489569244425,F:\1_job\20251124\CPFE_PARAMATER_TEST_PBC\1_CPFE_3DMODEL_BUILD\4_BASE_ROOT\job\242424\RVE2\15_06_800.csv
15_06_800,L=2.4um,242424,RVE2,12,0.063913325408167,210.54106122476983,F:\1_job\20251124\CPFE_PARAMATER_TEST_PBC\1_CPFE_3DMODEL_BUILD\4_BASE_ROOT\job\242424\RVE2\15_06_800.csv
15_06_800,L=2.4um,242424,RVE2,13,0.0695260597573401,206.85642973820327,F:\1_job\20251124\CPFE_PARAMATER_TEST_PBC\1_CPFE_3DMODEL_BUILD\4_BASE_ROOT\job\242424\RVE2\15_06_800.csv
15_06_800,L=2.4um,242424,RVE2,14,0.0751074739796861,203.0520256742601,F:\1_job\20251124\CPFE_PARAMATER_TEST_PBC\1_CPFE_3DMODEL_BUILD\4_BASE_ROOT\job\242424\RVE2\15_06_800.csv
15_06_800,L=2.4um,242424,RVE2,15,0.0806579019727236,199.14006162960771,F:\1_job\20251124\CPFE_PARAMATER_TEST_PBC\1_CPFE_3DMODEL_BUILD\4_BASE_ROOT\job\242424\RVE2\15_06_800.csv
15_06_800,L=2.4um,242424,RVE2,16,0.0861776995220419,195.1460634559031,F:\1_job\20251124\CPFE_PARAMATER_TEST_PBC\1_CPFE_3DMODEL_BUILD\4_BASE_ROOT\job\242424\RVE2\15_06_800.csv
15_06_800,L=2.4um,242424,RVE2,17,0.0916671892871969,191.1078817621675,F:\1_job\20251124\CPFE_PARAMATER_TEST_PBC\1_CPFE_3DMODEL_BUILD\4_BASE_ROOT\job\242424\RVE2\15_06_800.csv
15_06_800,L=2.4um,242424,RVE2,18,0.0971267089999163,187.05891594476253,F:\1_job\20251124\CPFE_PARAMATER_TEST_PBC\1_CPFE_3DMODEL_BUILD\4_BASE_ROOT\job\242424\RVE2\15_06_800.csv
15_06_800,L=2.4um,242424,RVE2,19,0.1025565908534479,183.00694985212905,F:\1_job\20251124\CPFE_PARAMATER_TEST_PBC\1_CPFE_3DMODEL_BUILD\4_BASE_ROOT\job\242424\RVE2\15_06_800.csv
15_06_800,L=2.4um,242424,RVE2,20,0.1079571415585973,178.9728026309229,F:\1_job\20251124\CPFE_PARAMATER_TEST_PBC\1_CPFE_3DMODEL_BUILD\4_BASE_ROOT\job\242424\RVE2\15_06_800.csv
15_06_800,L=2.4um,242424,RVE2,21,0.1133286829121737,174.97339559966792,F:\1_job\20251124\CPFE_PARAMATER_TEST_PBC\1_CPFE_3DMODEL_BUILD\4_BASE_ROOT\job\242424\RVE2\15_06_800.csv
15_06_800,L=2.4um,242424,RVE2,22,0.1186715315172836,171.02467486468112,F:\1_job\20251124\CPFE_PARAMATER_TEST_PBC\1_CPFE_3DMODEL_BUILD\4_BASE_ROOT\job\242424\RVE2\15_06_800.csv
15_06_800,L=2.4um,242424,RVE2,23,0.1239859791491398,167.1397937848864,F:\1_job\20251124\CPFE_PARAMATER_TEST_PBC\1_CPFE_3DMODEL_BUILD\4_BASE_ROOT\job\242424\RVE2\15_06_800.csv
15_06_800,L=2.4um,242424,RVE2,24,0.1292723326662926,163.34816079496642,F:\1_job\20251124\CPFE_PARAMATER_TEST_PBC\1_CPFE_3DMODEL_BUILD\4_BASE_ROOT\job\242424\RVE2\15_06_800.csv
15_06_800,L=2.4um,242424,RVE2,25,0.134530887539002,159.67474384676763,F:\1_job\20251124\CPFE_PARAMATER_TEST_PBC\1_CPFE_3DMODEL_BUILD\4_BASE_ROOT\job\242424\RVE2\15_06_800.csv
15_06_800,L=2.4um,242424,RVE2,26,0.1397619475581712,156.11525545855687,F:\1_job\20251124\CPFE_PARAMATER_TEST_PBC\1_CPFE_3DMODEL_BUILD\4_BASE_ROOT\job\242424\RVE2\15_06_800.csv
15_06_800,L=2.4um,242424,RVE2,27,0.1449657730344857,152.6742710196525,F:\1_job\20251124\CPFE_PARAMATER_TEST_PBC\1_CPFE_3DMODEL_BUILD\4_BASE_ROOT\job\242424\RVE2\15_06_800.csv
15_06_800,L=2.4um,242424,RVE2,28,0.1501426588400785,149.35018637392733,F:\1_job\20251124\CPFE_PARAMATER_TEST_PBC\1_CPFE_3DMODEL_BUILD\4_BASE_ROOT\job\242424\RVE2\15_06_800.csv
15_06_800,L=2.4um,242424,RVE3,1,0.0,0.0,F:\1_job\20251124\CPFE_PARAMATER_TEST_PBC\1_CPFE_3DMODEL_BUILD\4_BASE_ROOT\job\242424\RVE3\15_06_800.csv
15_06_800,L=2.4um,242424,RVE3,2,0.0059820717293904,212.0833781317,F:\1_job\20251124\CPFE_PARAMATER_TEST_PBC\1_CPFE_3DMODEL_BUILD\4_BASE_ROOT\job\242424\RVE3\15_06_800.csv
15_06_800,L=2.4um,242424,RVE3,3,0.011928570968345,227.32088006561236,F:\1_job\20251124\CPFE_PARAMATER_TEST_PBC\1_CPFE_3DMODEL_BUILD\4_BASE_ROOT\job\242424\RVE3\15_06_800.csv
15_06_800,L=2.4um,242424,RVE3,4,0.0178399173671714,228.65090529380595,F:\1_job\20251124\CPFE_PARAMATER_TEST_PBC\1_CPFE_3DMODEL_BUILD\4_BASE_ROOT\job\242424\RVE3\15_06_800.csv
15_06_800,L=2.4um,242424,RVE3,5,0.0237165268210428,229.40395331641167,F:\1_job\20251124\CPFE_PARAMATER_TEST_PBC\1_CPFE_3DMODEL_BUILD\4_BASE_ROOT\job\242424\RVE3\15_06_800.csv
15_06_800,L=2.4um,242424,RVE3,6,0.0295588015905227,227.91120637961745,F:\1_job\20251124\CPFE_PARAMATER_TEST_PBC\1_CPFE_3DMODEL_BUILD\4_BASE_ROOT\job\242424\RVE3\15_06_800.csv
15_06_800,L=2.4um,242424,RVE3,7,0.0353671423414218,225.7475400302853,F:\1_job\20251124\CPFE_PARAMATER_TEST_PBC\1_CPFE_3DMODEL_BUILD\4_BASE_ROOT\job\242424\RVE3\15_06_800.csv
15_06_800,L=2.4um,242424,RVE3,8,0.0411419427877547,223.20424156068825,F:\1_job\20251124\CPFE_PARAMATER_TEST_PBC\1_CPFE_3DMODEL_BUILD\4_BASE_ROOT\job\242424\RVE3\15_06_800.csv
15_06_800,L=2.4um,242424,RVE3,9,0.046883586296973,220.3922018292796,F:\1_job\20251124\CPFE_PARAMATER_TEST_PBC\1_CPFE_3DMODEL_BUILD\4_BASE_ROOT\job\242424\RVE3\15_06_800.csv
15_06_800,L=2.4um,242424,RVE3,10,0.0525924514481166,217.3713207307919,F:\1_job\20251124\CPFE_PARAMATER_TEST_PBC\1_CPFE_3DMODEL_BUILD\4_BASE_ROOT\job\242424\RVE3\15_06_800.csv
15_06_800,L=2.4um,242424,RVE3,11,0.0582689068587828,214.17775162337423,F:\1_job\20251124\CPFE_PARAMATER_TEST_PBC\1_CPFE_3DMODEL_BUILD\4_BASE_ROOT\job\242424\RVE3\15_06_800.csv
15_06_800,L=2.4um,242424,RVE3,12,0.063913325408167,210.8353717944343,F:\1_job\20251124\CPFE_PARAMATER_TEST_PBC\1_CPFE_3DMODEL_BUILD\4_BASE_ROOT\job\242424\RVE3\15_06_800.csv
15_06_800,L=2.4um,242424,RVE3,13,0.0695260597573401,207.36112435751232,F:\1_job\20251124\CPFE_PARAMATER_TEST_PBC\1_CPFE_3DMODEL_BUILD\4_BASE_ROOT\job\242424\RVE3\15_06_800.csv
15_06_800,L=2.4um,242424,RVE3,14,0.0751074739796861,203.76456707891768,F:\1_job\20251124\CPFE_PARAMATER_TEST_PBC\1_CPFE_3DMODEL_BUILD\4_BASE_ROOT\job\242424\RVE3\15_06_800.csv
15_06_800,L=2.4um,242424,RVE3,15,0.0806579019727236,200.05899895854049,F:\1_job\20251124\CPFE_PARAMATER_TEST_PBC\1_CPFE_3DMODEL_BUILD\4_BASE_ROOT\job\242424\RVE3\15_06_800.csv
15_06_800,L=2.4um,242424,RVE3,16,0.0861776995220419,196.25871881663195,F:\1_job\20251124\CPFE_PARAMATER_TEST_PBC\1_CPFE_3DMODEL_BUILD\4_BASE_ROOT\job\242424\RVE3\15_06_800.csv
15_06_800,L=2.4um,242424,RVE3,17,0.0916671892871969,192.3863686507548,F:\1_job\20251124\CPFE_PARAMATER_TEST_PBC\1_CPFE_3DMODEL_BUILD\4_BASE_ROOT\job\242424\RVE3\15_06_800.csv
15_06_800,L=2.4um,242424,RVE3,18,0.0971267089999163,188.45983108821184,F:\1_job\20251124\CPFE_PARAMATER_TEST_PBC\1_CPFE_3DMODEL_BUILD\4_BASE_ROOT\job\242424\RVE3\15_06_800.csv
15_06_800,L=2.4um,242424,RVE3,19,0.1025565908534479,184.50298094597684,F:\1_job\20251124\CPFE_PARAMATER_TEST_PBC\1_CPFE_3DMODEL_BUILD\4_BASE_ROOT\job\242424\RVE3\15_06_800.csv
15_06_800,L=2.4um,242424,RVE3,20,0.1079571415585973,180.5303694150525,F:\1_job\20251124\CPFE_PARAMATER_TEST_PBC\1_CPFE_3DMODEL_BUILD\4_BASE_ROOT\job\242424\RVE3\15_06_800.csv
15_06_800,L=2.4um,242424,RVE3,21,0.1133286829121737,176.54750075269072,F:\1_job\20251124\CPFE_PARAMATER_TEST_PBC\1_CPFE_3DMODEL_BUILD\4_BASE_ROOT\job\242424\RVE3\15_06_800.csv
15_06_800,L=2.4um,242424,RVE3,22,0.1186715315172836,172.5854376967409,F:\1_job\20251124\CPFE_PARAMATER_TEST_PBC\1_CPFE_3DMODEL_BUILD\4_BASE_ROOT\job\242424\RVE3\15_06_800.csv
15_06_800,L=2.4um,242424,RVE3,23,0.1239859791491398,168.64819805650728,F:\1_job\20251124\CPFE_PARAMATER_TEST_PBC\1_CPFE_3DMODEL_BUILD\4_BASE_ROOT\job\242424\RVE3\15_06_800.csv
15_06_800,L=2.4um,242424,RVE3,24,0.1292723326662926,164.7450485522981,F:\1_job\20251124\CPFE_PARAMATER_TEST_PBC\1_CPFE_3DMODEL_BUILD\4_BASE_ROOT\job\242424\RVE3\15_06_800.csv
15_06_800,L=2.4um,242424,RVE3,25,0.134530887539002,160.89862743365987,F:\1_job\20251124\CPFE_PARAMATER_TEST_PBC\1_CPFE_3DMODEL_BUILD\4_BASE_ROOT\job\242424\RVE3\15_06_800.csv
15_06_800,L=2.4um,242424,RVE3,26,0.1397619475581712,157.11738835635958,F:\1_job\20251124\CPFE_PARAMATER_TEST_PBC\1_CPFE_3DMODEL_BUILD\4_BASE_ROOT\job\242424\RVE3\15_06_800.csv
15_06_800,L=2.4um,242424,RVE3,27,0.1449657730344857,153.42417010886925,F:\1_job\20251124\CPFE_PARAMATER_TEST_PBC\1_CPFE_3DMODEL_BUILD\4_BASE_ROOT\job\242424\RVE3\15_06_800.csv
15_06_800,L=2.4um,242424,RVE3,28,0.1501426588400785,149.83723715467076,F:\1_job\20251124\CPFE_PARAMATER_TEST_PBC\1_CPFE_3DMODEL_BUILD\4_BASE_ROOT\job\242424\RVE3\15_06_800.csv
