epoch,elapsed_seconds,epoch_seconds,learning_rate,train_total_loss,train_data_loss,train_regularization_loss,train_metric_pct,val_total_loss,val_data_loss,val_regularization_loss,val_metric_pct,lcs_line_pct,val_minus_lcs_pct_point,is_below_lcs,just_crossed_lcs,first_below_lcs_epoch,first_below_lcs_elapsed_seconds,best_epoch,best_val_metric_pct,epochs_without_improvement,train_sigma11_pct,train_sigma22_pct,train_sigma33_pct,train_sigma12_pct,train_sigma13_pct,train_sigma23_pct,val_sigma11_pct,val_sigma22_pct,val_sigma33_pct,val_sigma12_pct,val_sigma13_pct,val_sigma23_pct
1,8.139477200000329,8.139473899998848,0.001,0.3014793225296101,0.3014793225296101,0,39.05607716087923,0.20304299150168595,0.20304299150168595,0,32.430057919832365,8.074017482362319,24.356040437470046,FALSE,FALSE,,,1,32.430057919832365,0,51.0811531378495,65.76861200591044,30.522561400217548,53.57206370276244,30.959043051753998,40.77031583614582,45.26945124029189,58.02703012166499,25.457407321601327,39.75277574643379,20.960568516256963,27.991536723699685
2,16.870446700000684,8.712031199998819,0.001,0.1738607231139914,0.1738607231139914,0,30.023357707133673,0.14620691316639853,0.14620691316639853,0,27.64315535634087,8.074017482362319,19.56913787397855,FALSE,FALSE,,,2,27.64315535634087,0,41.33894415557786,53.0631513916705,23.868262431773747,37.553096972781006,19.717825179331346,25.875181294054023,37.35190427929623,48.32445523582177,22.443762230180837,34.48131917245927,18.603871817118016,23.67171073894121
3,25.830752900001244,8.941495299999588,0.001,0.13978653595840904,0.13978653595840904,0,26.935311668392963,0.12143717936012655,0.12143717936012655,0,24.930204211635946,8.074017482362319,16.856186729273627,FALSE,FALSE,,,3,24.930204211635946,0,36.88952818108581,47.48612685123032,21.524245995839696,33.77640557437626,17.946014325331706,22.904910339599642,34.156631268244325,42.2085366318031,19.996949702136522,33.03053822619139,17.550420923260493,22.627485105813985
4,35.13503750000018,9.286197499999616,0.001,0.1113600783641314,0.1113600783641314,0,23.789616452880555,0.10110459894869968,0.10110459894869968,0,22.7035635260549,8.074017482362319,14.629546043692581,FALSE,FALSE,,,4,22.7035635260549,0,32.39551114266684,41.72570178709712,18.842804388794008,31.48480868463246,16.370509712596856,21.016424862181797,31.05870485886846,39.614126696294214,18.006871738287387,29.671847682742758,15.68603328779015,20.293156302675882
5,44.74231240000154,9.591085899999598,0.001,0.09775609288439562,0.09775609288439562,0,22.316519772478948,0.09923658385166989,0.09923658385166989,0,23.009464704632432,8.074017482362319,14.935447222270113,FALSE,FALSE,,,4,22.7035635260549,1,30.200684056493166,39.14181217087525,17.721649533568907,29.429811217802353,15.455731011781829,19.837507183919122,30.370512620483858,38.942266453218565,19.43627726561521,28.62222785776388,14.951637943610383,19.988891393764654
6,53.50096090000079,8.742180999999619,0.001,0.08343415084209597,0.08343415084209597,0,20.52427172170087,0.06960718535508534,0.06960718535508534,0,18.236510712733313,8.074017482362319,10.162493230370995,FALSE,FALSE,,,6,18.236510712733313,0,27.598576080807984,35.71144330655479,16.260395271776687,27.7806970454935,14.571374952704883,18.789343677082805,24.074481158110867,31.562496965118886,13.972997842643839,27.548023700853413,14.012141951001153,18.697107330745006
7,61.672694000000774,8.153651999999056,0.001,0.07043684450134005,0.07043684450134005,0,18.741779084088083,0.06008587076267129,0.06008587076267129,0,17.071293803193306,8.074017482362319,8.997276320830988,FALSE,FALSE,,,7,17.071293803193306,0,25.126580709825717,32.43265059686242,14.705245703288577,26.059964220114846,13.746204487676273,17.69716402816078,22.16079564074136,29.087693207601024,13.3428301983359,25.385780329583362,13.38122304652886,17.495524533396058
8,70.9929333,9.303232500000377,0.001,0.06089741463607335,0.06089741463607335,0,17.40111778215088,0.05527538341756801,0.05527538341756801,0,16.313418995526405,8.074017482362319,8.239401513164086,FALSE,FALSE,,,8,16.313418995526405,0,23.284228272426628,30.007497501726167,13.609737061490119,24.352196637062274,12.985211675494357,16.62428468438862,21.999513290638266,28.193292643909544,12.387384558600974,24.12078828168686,12.608331618525447,16.334259180624784
9,81.27542300000096,10.259185700000671,0.001,0.05665378261599897,0.05665378261599897,0,16.785380573770265,0.05463257201118804,0.05463257201118804,0,16.706729154951763,8.074017482362319,8.632711672589444,FALSE,FALSE,,,8,16.313418995526405,1,22.41821315742798,28.782893258788313,13.105907449116557,23.6075598358675,12.71354782740484,16.25951479653772,21.653788876559943,27.405175245214576,13.695617961428837,23.10477028997741,12.586915968936808,16.643821301185614
10,89.78295520000029,8.49414859999888,0.001,0.04983393582370024,0.04983393582370024,0,15.702286949697806,0.04666163524318952,0.04666163524318952,0,15.037446881877841,8.074017482362319,6.9634293995155225,FALSE,FALSE,,,10,15.037446881877841,0,20.959532319097924,26.97374561328735,12.189453549224513,22.298763193147824,12.023958176832826,15.29517550927354,20.21066904118632,26.276047194875996,11.309128592175767,21.777453961304587,11.720613753403555,15.303123472247684
11,98.64127480000025,8.84076400000049,0.001,0.04509472960686512,0.04509472960686512,0,14.924669665174145,0.04895737276399309,0.04895737276399309,0,15.699038081756239,8.074017482362319,7.62502059939392,FALSE,FALSE,,,10,15.037446881877841,1,19.908845656059054,25.613517841844775,11.551477453513646,21.307267245284496,11.501660601656805,14.663845028770478,19.98698619309516,28.164165163054733,12.50019334328989,21.71098827711198,11.607523943606697,14.645139547202387
12,110.71254170000066,12.057593800000177,0.001,0.041233007811074904,0.041233007811074904,0,14.175920187873658,0.041434106163499414,0.041434106163499414,0,14.166729026037961,8.074017482362319,6.092711543675643,FALSE,FALSE,,,12,14.166729026037961,0,18.78350524731689,24.145476605345973,10.9702808296148,21.115974139302104,11.125504267259146,13.999473072521326,18.23902083974069,25.366412063106402,10.892061936830638,21.023168154727912,10.91568972859051,13.968943582435065
13,119.63638020000144,8.905764299999646,0.001,0.03494350947609501,0.03494350947609501,0,13.095702154851788,0.02989172523961024,0.02989172523961024,0,11.83975680965681,8.074017482362319,3.765739327294492,FALSE,FALSE,,,13,11.83975680965681,0,17.38079253316743,22.40733214993349,10.098348049440784,18.991120568336793,10.3308115140864,12.964366302072081,15.423429064436784,19.535556918306263,8.937020415396992,18.91466440116538,10.192296590475658,12.949696879760971
14,129.11388780000016,9.457372699998814,0.001,0.03294364389220766,0.03294364389220766,0,12.693860658367944,0.03099761322487313,0.03099761322487313,0,12.333318094442314,8.074017482362319,4.259300612079995,FALSE,FALSE,,,13,11.83975680965681,1,16.74680673560021,21.719689640407342,9.79345968844047,18.649726732507414,10.058218090937359,12.639959978381865,16.509016148272348,20.91186299639739,9.514097974873907,17.901088006364045,9.728846926319095,12.357254680061411
15,138.31911020000007,9.189600399999108,0.001,0.03026871167538,0.03026871167538,0,12.169558231300401,0.026936744988543922,0.026936744988543922,0,11.239407091244356,8.074017482362319,3.1653896088820375,FALSE,FALSE,,,15,11.239407091244356,0,16.110551261683106,20.77966614022526,9.359150125796155,17.825306978537643,9.674241570747817,12.194677524544268,14.921989876455521,19.293063662757202,8.276785467010919,17.5708528200892,9.432802769848902,11.973807478109585
16,147.63029710000046,9.292910800000755,0.001,0.02995510639181433,0.02995510639181433,0,12.097928989815145,0.029283620691117125,0.029283620691117125,0,12.105474271205455,8.074017482362319,4.031456788843137,FALSE,FALSE,,,15,11.239407091244356,1,15.783271679428395,20.46927724324268,9.437027366599745,18.13743953288948,9.623745880054363,12.134763981046605,15.877919208828695,21.010118533696204,9.54508095102667,16.992968338508422,9.162601700013209,11.645070518179637
17,156.4722905000017,8.828610799999296,0.001,0.027464784453463034,0.027464784453463034,0,11.546915563618212,0.026278769464127896,0.026278769464127896,0,11.408465815894473,8.074017482362319,3.334448333532155,FALSE,FALSE,,,15,11.239407091244356,2,15.26181962,19.484914064842712,8.841181517049685,17.34940839167504,9.388586294998696,11.792759582155673,15.24026883385628,19.143365281047565,8.952792925723486,16.535265462355653,8.815403846279025,11.282609651295278
18,166.1756690000002,9.689156300000832,0.001,0.02356927828784165,0.02356927828784165,0,10.730434587473226,0.022328537419732793,0.022328537419732793,0,10.379667225072485,8.074017482362319,2.305649742710166,FALSE,FALSE,,,18,10.379667225072485,0,14.206452956804917,18.304362473823275,8.221399838875326,15.738137688155662,8.607411594161064,10.827609262364426,13.585818749639875,17.395559111363706,8.001039979702334,15.780961654794625,8.474497079219164,10.862570913058105
19,175.14672060000157,8.946565600001122,0.001,0.02221257703579777,0.02221257703579777,0,10.405403279318572,0.021588418564939652,0.021588418564939652,0,10.178247682437352,8.074017482362319,2.1042302000750333,FALSE,FALSE,,,19,10.178247682437352,0,13.737631440744122,17.788303047229405,7.964311873214918,15.326275791281288,8.339182184728447,10.558355608257576,13.511316085855896,17.46873574202103,7.6896222853913025,15.368727251878733,8.200375925937843,10.539888509058224
20,183.97584430000097,8.809349400000428,0.001,0.02222355854753764,0.02222355854753764,0,10.361356832404136,0.019668438284088794,0.019668438284088794,0,9.646138427044818,8.074017482362319,1.5721209446824993,FALSE,FALSE,,,20,9.646138427044818,0,13.737872511578985,17.702335246478572,7.862235309705488,15.604372016610956,8.429260769804925,10.462386046293368,12.474197965553447,16.743509299103117,7.276604101525233,15.004954523763054,7.872528775766077,10.20364645795739
21,193.06202760000087,9.066489000000729,0.001,0.019603366698719964,0.019603366698719964,0,9.762193264804193,0.021461116139568602,0.021461116139568602,0,10.235192180288111,8.074017482362319,2.1611746979257926,FALSE,FALSE,,,20,9.646138427044818,1,12.948643614784341,16.733603636182714,7.440382318197211,14.41217375935094,7.796868105642258,9.883553113803902,13.531091385570967,17.752128216164255,7.9340548536222775,15.120332847296284,7.710977642259646,10.20395247008747
22,202.2638577000016,9.187712999999349,0.001,0.022488740787918602,0.022488740787918602,0,10.46468168266175,0.019653663614100113,0.019653663614100113,0,9.910268858363084,8.074017482362319,1.8362513760007655,FALSE,FALSE,,,20,9.646138427044818,2,13.73540329847491,17.57238478161206,8.132534612859597,15.887763151053463,8.305611435016608,10.665904346386586,13.629974295298123,16.10544377714195,7.765629249377726,14.123738554097297,7.701009724383394,9.78963923958931
23,211.3013219000004,9.023953699999765,0.001,0.01759325042217809,0.01759325042217809,0,9.251216040916656,0.01708988926406013,0.01708988926406013,0,9.052022813843307,8.074017482362319,0.978005331480988,FALSE,FALSE,,,23,9.052022813843307,0,12.341646672372052,15.855987689504452,7.043296942283492,13.617232157185871,7.330033475533829,9.341530278606813,12.317384869462305,15.364210904982139,6.769169470837047,13.611887433710063,7.2523800071451925,9.385768499455684
24,220.56315760000143,9.24175650000143,0.001,0.0171501621510983,0.0171501621510983,0,9.10767295125013,0.02022176056892411,0.02022176056892411,0,9.631788445048754,8.074017482362319,1.5577709626864351,FALSE,FALSE,,,23,9.052022813843307,1,12.148239560401919,15.658683825419345,6.90754763004615,13.570045693701264,7.179830790143468,9.25961217242016,12.467795323545177,17.154641602455147,7.260174210109023,16.219847174413005,7.588249878853912,9.390719119752088
25,229.81302100000175,9.23412830000052,0.001,0.017169086930700517,0.017169086930700517,0,9.111034267724982,0.015744736122590273,0.015744736122590273,0,8.687101981069329,8.074017482362319,0.6130844987070105,FALSE,FALSE,,,25,8.687101981069329,0,12.038253340013426,15.324445688383454,6.993930990405419,13.831418150122365,7.212967944113266,9.54882552587479,11.793788918351876,15.251455743919024,6.4471616273996615,12.89159815849435,6.740620716997138,8.826245131864075
26,239.0223246000005,9.188268199999584,0.001,0.014906086613431,0.014906086613431,0,8.501051334151931,0.015443485510403898,0.015443485510403898,0,8.63144294876339,8.074017482362319,0.5574254664010709,FALSE,FALSE,,,26,8.63144294876339,0,11.341048460014964,14.654221533688228,6.4532585867779755,12.5685087932138,6.690745944469126,8.585672756974315,11.444289860136976,14.873539209409294,6.59464735497062,12.982192825123237,6.72479678431241,8.829509301158382
27,248.46634910000103,9.424319300000207,0.001,0.015656292079797168,0.015656292079797168,0,8.590915045266144,0.016199891282141086,0.016199891282141086,0,8.943133064067881,8.074017482362319,0.8691155817055627,FALSE,FALSE,,,26,8.63144294876339,1,11.430949317968444,14.576884783320734,6.462220156119128,13.628505669508492,6.785587330494974,9.126939389443459,11.64484879759873,16.230716359530312,6.922773582934876,12.640859957837161,6.4501490998808535,8.661762866070113
28,257.44207690000076,8.961979100000462,0.001,0.013744983615757786,0.013744983615757786,0,8.172817832238593,0.013626509274735821,0.013626509274735821,0,8.122022141492756,8.074017482362319,0.04800465913043794,FALSE,FALSE,,,28,8.122022141492756,0,10.936154994500976,14.126967649743424,6.210739080137315,12.0175397699531,6.344943797605451,8.219582978464896,10.649174916022089,13.701904733612814,6.247128509149207,12.237396502362309,6.542710116445916,8.546707672985757
29,266.4479497000011,8.982532400001219,0.001,0.014205023527277597,0.014205023527277597,0,8.30636255623179,0.013675308848792624,0.013675308848792624,0,8.121213741986137,8.074017482362319,0.047196259623818904,FALSE,FALSE,,,29,8.121213741986137,0,11.155430088102202,14.347218045298128,6.2812565948466155,12.244893283321742,6.470924602611595,8.398491893322605,10.971582138824898,14.060678260892889,6.144886545665725,12.114215627912179,6.195596761126216,8.241437500404926
30,275.8389122000008,9.375050599999668,0.001,0.012367888168024557,0.012367888168024557,0,7.7317913533479,0.012477049285788024,0.012477049285788024,0,7.73072885065817,8.074017482362319,-0.343288632,TRUE,TRUE,30,275.8389122000008,30,7.73072885065817,0,10.286896026045516,13.35063801166197,5.868068986434275,11.515106022821605,6.054874020672725,7.860812640319025,10.589374790114793,13.120942721899755,5.80034720046608,11.68148063662735,5.982307416080953,8.036078308753677
31,284.80223990000013,8.943263699999079,0.001,0.012893138894738915,0.012893138894738915,0,7.9068779963086655,0.01257076892140791,0.01257076892140791,0,7.3945553258311385,8.074017482362319,-0.679462157,TRUE,FALSE,30,275.8389122000008,31,7.3945553258311385,0,10.64151170299388,13.734818367157823,5.9557365670631075,11.65171637780026,6.1497096162682325,7.941815226570964,9.30807709160917,12.19844672497231,5.42977207708784,13.784705380232745,6.6157472144756255,8.47339609165739
32,293.5405146000012,8.714327099998627,0.001,0.012649344122041368,0.012649344122041368,0,7.8473577284607074,0.011653518295989502,0.011653518295989502,0,7.444611563284617,8.074017482362319,-0.629405919,TRUE,FALSE,30,275.8389122000008,31,7.3945553258311385,1,10.465748082677981,13.574483359217545,5.908910583830567,11.503246187004097,6.308425989947011,7.939135277621931,10.124100538669262,12.929421876335423,5.519750735362653,11.322501847954587,5.807152839047454,7.666062369626434
33,302.4967794000004,8.942692900000111,0.001,0.010862932922480853,0.010862932922480853,0,7.167253540622928,0.009676140140388376,0.009676140140388376,0,6.63427717116002,8.074017482362319,-1.439740311,TRUE,FALSE,30,275.8389122000008,33,6.63427717116002,0,9.491262397022988,12.161665847528903,5.386994559596687,11.251809120908636,5.794997718010951,7.584609212999868,8.6555130757204,10.886418307106165,4.894879598370969,11.235391211856447,5.765775601265178,7.580679806731283
34,311.72758440000143,9.210159599999315,0.001,0.01149921394635168,0.01149921394635168,0,7.350464018231592,0.011958520963487512,0.011958520963487512,0,7.542351478076906,8.074017482362319,-0.531666004,TRUE,FALSE,30,275.8389122000008,33,6.63427717116002,1,9.854790238353283,12.584147981798397,5.47104366290079,11.686376783620117,5.861882005770647,7.653781191268971,10.523648224092955,13.365100827947272,5.500271648694236,11.317142687892252,5.611113144344661,7.5430832871222515
35,324.08329220000087,12.341078400000697,0.001,0.011098262314912934,0.011098262314912934,0,7.333794691815218,0.010329398555547974,0.010329398555547974,0,6.987746300344816,8.074017482362319,-1.086271182,TRUE,FALSE,30,275.8389122000008,33,6.63427717116002,2,9.637807788149493,12.34037895789488,5.643627554900664,11.147745943279324,5.884990874641749,7.604422783449616,9.370258531589778,12.564674268685467,5.091901590763697,10.555808631293177,5.3822541836145525,7.3368691596554125
36,333.69207950000055,9.589662899999894,0.001,0.010049403138591158,0.010049403138591158,0,6.991962911670573,0.012388043227854152,0.012388043227854152,0,7.9112812695175005,8.074017482362319,-0.162736213,TRUE,FALSE,30,275.8389122000008,33,6.63427717116002,3,9.394270880978697,12.198837916442125,5.295649523140931,10.230235879969372,5.337292674666773,6.979191276366459,11.329173389985474,13.477858703658896,6.120007736972272,10.734339876636792,5.41926489043198,7.173372329807272
37,342.64480690000164,8.937434499999654,0.001,0.009905929772514208,0.009905929772514208,0,6.75872888325121,0.00862142476636662,0.00862142476636662,0,6.301520075250523,8.074017482362319,-1.772497407,TRUE,FALSE,30,275.8389122000008,37,6.301520075250523,0,8.980631963888301,11.502765030024655,5.020352119636561,11.189640343082182,5.4058212098548974,7.221718233736314,8.374800571272031,10.166992781251585,4.716394098022733,10.529131285232465,5.300660597177067,7.110652427475881
38,351.9790322000008,9.314561600000161,0.001,0.008475706353585726,0.008475706353585726,0,6.280695600617577,0.007940258853013762,0.007940258853013762,0,5.965625353887141,8.074017482362319,-2.108392128,TRUE,FALSE,30,275.8389122000008,38,5.965625353887141,0,8.249146076014297,10.553668062559945,4.668685564713123,10.175906196858866,5.235365329030247,6.8969588891374265,7.7053639961505755,9.91986457761294,4.331670677073555,10.316251356418437,5.231642374193464,6.9690288419617135
39,361.26079630000095,9.258808799999315,0.001,0.009725030945196526,0.009725030945196526,0,6.827763892748064,0.00962583440276233,0.00962583440276233,0,6.806699695970132,8.074017482362319,-1.267317786,TRUE,FALSE,30,275.8389122000008,38,5.965625353887141,1,9.171160811518005,11.687925765200463,5.147120720707114,10.477638317234835,5.408867830042711,6.907882126284835,9.536605334695155,11.692124617221692,5.027653719181453,10.07580069859314,5.120644290825109,6.994737597754957
40,370.48538890000054,9.207862399998703,0.001,0.00889726294822104,0.00889726294822104,0,6.585305635748541,0.008772370436665919,0.008772370436665919,0,6.454243141005535,8.074017482362319,-1.619774341,TRUE,FALSE,30,275.8389122000008,38,5.965625353887141,2,8.842126932276601,11.55995364208351,4.987623879829836,9.590630739972562,4.9831504108393165,6.5355860758038276,8.58106827323094,11.29722010642394,4.851653172691325,9.962276369715921,4.9743738566708275,6.660001737119484
41,379.4976748000008,8.998813999998674,0.001,0.008335490750997881,0.008335490750997881,0,6.312692191871276,0.007200502220220387,0.007200502220220387,0,5.646320134951443,8.074017482362319,-2.427697347,TRUE,FALSE,30,275.8389122000008,41,5.646320134951443,0,8.41437875893849,10.88621857670112,4.74205396785343,9.640302217253037,4.973228992505209,6.544994245359055,7.244046437506206,9.242141606624843,4.018773141817135,9.975070965356608,5.262984156446941,6.738843343638249
42,390.15359460000036,10.634603500000594,0.001,0.007322411473848195,0.007322411473848195,0,5.784985626246246,0.0072526319271259436,0.0072526319271259436,0,5.687782968012061,8.074017482362319,-2.386234514,TRUE,FALSE,30,275.8389122000008,41,5.646320134951443,1,7.543166706278188,9.590438662131156,4.265284092537437,9.743245283278727,4.956427622696355,6.5280246582138695,7.367573441980155,9.371517997798161,4.1044487064532404,9.954667461157527,5.070240972842091,6.684112086118049
43,398.44667310000114,8.276994300000297,0.001,0.008752692956047392,0.008752692956047392,0,6.491719343364902,0.008085247532233004,0.008085247532233004,0,6.072113354482948,8.074017482362319,-2.001904128,TRUE,FALSE,30,275.8389122000008,41,5.646320134951443,2,8.6310214969968,11.227448258830428,4.931600945868682,9.875695365559721,4.994377629516268,6.621340217602024,7.605251181671053,9.749227732598216,4.668121214325238,10.671432133529072,5.323987806923412,6.817637197318384
44,407.88251090000085,9.419904399999723,0.001,0.008300577630248806,0.008300577630248806,0,6.355338530990785,0.009110195417209059,0.009110195417209059,0,6.690231342821527,8.074017482362319,-1.38378614,TRUE,FALSE,30,275.8389122000008,41,5.646320134951443,3,8.584884569006464,11.135069526367957,4.783850996189769,9.287912969904259,4.813109694922868,6.363862430003269,9.24837668368622,12.201046305151067,4.979019408641394,9.313186737511531,4.742592813221281,6.276273572069849
45,417.1545846000008,9.256486500000392,0.001,0.007969780274435068,0.007969780274435068,0,6.239844821533961,0.0092307181225152,0.0092307181225152,0,6.725990850199085,8.074017482362319,-1.348026632,TRUE,FALSE,30,275.8389122000008,41,5.646320134951443,4,8.41431517647927,11.093828897029937,4.691186840988182,8.967801081916539,4.6800800320299185,6.129305472962214,9.379843772789195,11.83585623561083,5.036418559846072,9.626999225854307,4.95036268424268,6.40254408005241
46,426.52782930000103,9.356473499999993,0.001,0.006903513639037184,0.006903513639037184,0,5.642574500863574,0.006502140259932704,0.006502140259932704,0,5.388172526888649,8.074017482362319,-2.685844955,TRUE,FALSE,30,275.8389122000008,46,5.388172526888649,0,7.442404641518582,9.469556815731224,4.173277338111642,9.332426584870657,4.683784931768789,6.2157761226642325,7.03285949521058,8.994760399249351,3.8575312633106624,9.357964894184406,4.777692199096815,6.246973181496516
47,436.3625722000015,9.814162500000748,0.001,0.007840751085926285,0.007840751085926285,0,6.118420218717768,0.008718883658138768,0.008718883658138768,0,6.558807442778483,8.074017482362319,-1.51521004,TRUE,FALSE,30,275.8389122000008,46,5.388172526888649,1,8.16977243922859,10.688241677803152,4.603839418422544,9.413026027520862,4.66702861901363,6.225365603133843,9.30593535860198,10.671058052301202,4.980431071699662,9.435233263762424,4.754057119771079,7.056774507366953
48,445.462803800001,9.085980500000005,0.001,0.007447704712320215,0.007447704712320215,0,5.988480326058507,0.008255641282490234,0.008255641282490234,0,6.23095960577102,8.074017482362319,-1.843057877,TRUE,FALSE,30,275.8389122000008,46,5.388172526888649,2,8.003494127620069,10.386587240617526,4.507189422729752,9.025772356832714,4.625836934402353,6.179660508147638,8.444221152375984,11.525127673815962,4.486610249528013,9.525863633511419,4.712064447378218,6.090876167031572
49,455.141474,9.663018200000806,0.001,0.007887817530666395,0.007887817530666395,0,6.227149196061505,0.0073897011465225105,0.0073897011465225105,0,5.9752448524721995,8.074017482362319,-2.09877263,TRUE,FALSE,30,275.8389122000008,46,5.388172526888649,3,8.435579640539261,11.088998790891159,4.707239087342615,8.86985766074146,4.548646638055014,6.046161816766674,7.860516375304694,10.923893840621627,4.476028701315942,8.739677164806068,4.449366378098993,5.980427272631565
50,463.79052180000144,8.63090639999973,0.001,0.00709823118521078,0.00709823118521078,0,5.895847072789771,0.008539320341158715,0.008539320341158715,0,6.4922253236968634,8.074017482362319,-1.581792159,TRUE,FALSE,30,275.8389122000008,46,5.388172526888649,4,7.909918121050194,10.516057425820227,4.449343457721866,8.442336523337483,4.389410737697613,5.793584848895109,8.430084819217445,12.054636997103342,5.030321027835402,9.233140862735901,4.47777841624186,6.047611631308276
51,474.6000238000015,10.794471600000179,0.001,0.006268018052237216,0.006268018052237216,0,5.4206794759935155,0.006053911080012627,0.006053911080012627,0,5.182893551952557,8.074017482362319,-2.89112393,TRUE,FALSE,30,275.8389122000008,51,5.182893551952557,0,7.085075406664577,9.24682581228683,4.039515466244368,8.668276546560097,4.452659732558021,5.886001852709449,6.758397447200239,8.42853158372302,3.7591367665831847,9.21081126757516,4.482893907506601,6.2247648694214
52,483.2338253000016,8.611460199999783,0.001,0.0060528373445489095,0.0060528373445489095,0,5.3226645431744934,0.005561056210288225,0.005561056210288225,0,4.943057872287901,8.074017482362319,-3.13095961,TRUE,FALSE,30,275.8389122000008,52,4.943057872287901,0,7.017370816807567,9.032878763304582,3.9392298924021385,8.510294965170141,4.392419116303942,5.827152711155803,6.576982749405909,7.825939877725986,3.4489574341149076,8.839367614803729,4.604060667348554,6.057267919141605
53,494.7377804000007,11.48295920000055,0.001,0.005330377358346208,0.005330377358346208,0,4.920528016695144,0.0071808276810927316,0.0071808276810927316,0,5.854112142606309,8.074017482362319,-2.21990534,TRUE,FALSE,30,275.8389122000008,52,4.943057872287901,1,6.3377888262044255,8.082237162498906,3.602067692563313,8.380222527956189,4.334196396155643,5.744268411312282,8.187015114150983,10.182024197725589,4.297275958257316,8.854309210582729,4.395291193818958,5.924093180402861
54,503.4385278000009,8.685255999998844,0.001,0.0075472479320548725,0.0075472479320548725,0,6.081886743759955,0.006821887701540177,0.006821887701540177,0,5.766790843676911,8.074017482362319,-2.307226639,TRUE,FALSE,30,275.8389122000008,52,4.943057872287901,2,8.266919161073178,10.791360376112946,4.571384072549504,8.743468078875962,4.492071450147177,5.955502892285022,7.877701264992663,10.340124591000949,4.29484883410526,8.26213380903291,4.2844131741332525,5.6288257879477035
55,514.0652297000015,10.609407500000088,0.001,0.0054480067444248464,0.0054480067444248464,0,5.024727537647693,0.005932659900352319,0.005932659900352319,0,5.130726211057347,8.074017482362319,-2.943291271,TRUE,FALSE,30,275.8389122000008,52,4.943057872287901,3,6.525265728832677,8.516219709035742,3.712857916795319,8.204009017780885,4.225335070826203,5.5945997283880144,6.550509271426009,8.771823935992945,3.7457210164750427,9.120251308873973,4.346059107681527,5.832861156121124
56,522.6696526000014,8.586698699999033,0.001,0.0057315301874266145,0.0057315301874266145,0,5.1390373022811655,0.004884142750836162,0.004884142750836162,0,4.639974573085599,8.074017482362319,-3.434042909,TRUE,FALSE,30,275.8389122000008,56,4.639974573085599,0,6.7099402057703035,8.591102236555164,3.8332358281508454,8.606816018007398,4.287791022013877,5.639891183811171,5.756311142308288,7.59193151869911,3.3651965651500957,8.339116432351304,4.255595006026856,5.709453755746577
57,534.4832834000008,11.791569799999706,0.001,0.004952552824802798,0.004952552824802798,0,4.761186031909167,0.005254988179775913,0.005254988179775913,0,4.842457560878436,8.074017482362319,-3.231559921,TRUE,FALSE,30,275.8389122000008,56,4.639974573085599,1,6.180450781027302,7.88505392179975,3.4906317002013783,7.9778220162938815,4.136947331185234,5.464070749732596,6.210222586317442,8.159142456180128,3.512724880921763,8.465716328854786,4.155917421359834,5.704009834818915
58,544.6040399000012,10.1061107000005,0.001,0.00669172288267666,0.00669172288267666,0,5.728303273153081,0.008810206194689106,0.008810206194689106,0,6.667217044888117,8.074017482362319,-1.406800437,TRUE,FALSE,30,275.8389122000008,56,4.639974573085599,2,7.2474019250693384,9.19300547058334,4.494757771635739,8.748594919057998,4.779920659778943,6.531748965447274,9.091341945497643,12.852197880029752,4.948060150398913,8.449470060313805,4.448937451228227,5.872049344585521
59,553.9625979000011,9.341871200000242,0.001,0.005733584281049182,0.005733584281049182,0,5.228488486528088,0.006054716077663782,0.006054716077663782,0,5.389575010239669,8.074017482362319,-2.684442472,TRUE,FALSE,30,275.8389122000008,56,4.639974573085599,3,6.887941569292713,9.190957213671979,3.9002804541155442,8.00644141351157,4.113920769576505,5.445725943821154,7.435271160609883,9.45801204501618,3.9206639689352443,7.978945786132356,4.245569208410125,5.514500411281033
60,562.9458955000009,8.965804199999184,0.001,0.006270879013951764,0.006270879013951764,0,5.579204916846002,0.006599834631298134,0.006599834631298134,0,5.747272763795328,8.074017482362319,-2.326744719,TRUE,FALSE,30,275.8389122000008,56,4.639974573085599,4,7.622196389877884,10.013461636927701,4.213504044718323,7.710234784574382,4.006781758520774,5.293552969581323,7.845340285884829,10.198223337075582,4.407663226140794,7.888715551923296,4.106547378668912,5.452924167021644
61,572.0077471000004,9.044494400000985,0.001,0.0059384229244918785,0.0059384229244918785,0,5.418166817893224,0.006072881533998472,0.006072881533998472,0,5.411484199965166,8.074017482362319,-2.662533282,TRUE,FALSE,30,275.8389122000008,56,4.639974573085599,5,7.362494863562849,9.678191063181803,4.0894672390954305,7.575510421041481,3.961931899888893,5.21830175732463,7.026323453135948,9.82658413468676,4.0874391338633025,8.042522148442906,4.03108811976725,5.5386702456520105
62,581.0103764000014,8.987504599999738,0.001,0.004496655544473283,0.004496655544473283,0,4.526338419828662,0.004829295843407349,0.004829295843407349,0,4.480991245049622,8.074017482362319,-3.593026237,TRUE,FALSE,30,275.8389122000008,62,4.480991245049622,0,5.834889788044882,7.455383558392543,3.3081552109279024,7.651792811684927,3.9852664720421362,5.288241828946487,5.631587280525423,7.15044444741413,3.1943433861985033,8.961510914451075,4.15215564331268,5.493515440179015
63,592.7822457000002,11.747672299999977,0.001,0.004214455077072209,0.004214455077072209,0,4.346327227493077,0.004424970035805154,0.004424970035805154,0,4.414024119424864,8.074017482362319,-3.659993363,TRUE,FALSE,30,275.8389122000008,63,4.414024119424864,0,5.545949313505959,7.063741694897244,3.1564117839757184,7.58558640149829,3.928568768637382,5.196232301451848,5.543369499136495,7.383036526185034,3.136093072231482,7.869684617408444,4.080785111688966,5.328180095448193
64,601.6908766000015,8.88582200000019,0.001,0.00432622925745252,0.00432622925745252,0,4.438547825825715,0.004277989290343919,0.004277989290343919,0,4.284911455479809,8.074017482362319,-3.789106027,TRUE,FALSE,30,275.8389122000008,64,4.284911455479809,0,5.710574855371115,7.35465807813133,3.2503131608105056,7.517401905896371,3.8903829499488847,5.135538500545115,5.478732344238418,6.784483016355386,3.066001916807572,8.080553882512126,3.8937441841231704,5.3743126012224325
65,612.0857409,10.368440300000657,0.001,0.005103907886168113,0.005103907886168113,0,4.923949257759267,0.007684805530231568,0.007684805530231568,0,6.253873598346736,8.074017482362319,-1.820143884,TRUE,FALSE,30,275.8389122000008,64,4.284911455479809,1,6.558480662603568,8.619012757758224,3.6415098365901994,7.567108148173861,3.885375015396774,5.163146227414348,8.510901953288213,11.841725065986607,4.795074519224496,8.018864970679331,3.9681090454557157,5.3421086314204
66,623.1174158000013,11.015322999999626,0.001,0.004931925444150247,0.004931925444150247,0,4.814976319164601,0.00431014438151854,0.00431014438151854,0,4.2995402411477075,8.074017482362319,-3.774477241,TRUE,FALSE,30,275.8389122000008,64,4.284911455479809,2,6.384280139258058,8.375914239322869,3.5440556109991452,7.571798870145326,3.8608776946008865,5.1471895536241075,5.549861169182455,6.967211889669514,2.996166290717492,8.004752328193097,3.9037994991741924,5.447011864336314
67,632.0323488000013,8.899712000000363,0.001,0.0041281991778309894,0.0041281991778309894,0,4.333561002852883,0.0042100905759723615,0.0042100905759723615,0,4.351015761465031,8.074017482362319,-3.723001721,TRUE,FALSE,30,275.8389122000008,64,4.284911455479809,3,5.588376139557295,7.15206556206305,3.169179115348396,7.353824456051289,3.7960469022645755,5.048677603927617,5.533228992465719,7.160834566176464,3.176344015908482,7.551084062611999,3.874949199835944,5.195437080486856
68,641.0991091000014,9.050336700000116,0.001,0.004764266025650206,0.004764266025650206,0,4.589813832502874,0.004735355273098327,0.004735355273098327,0,4.6671341624697975,8.074017482362319,-3.40688332,TRUE,FALSE,30,275.8389122000008,64,4.284911455479809,4,5.999328185949259,7.621630334760088,3.3282826260307172,8.25166580652797,3.8913614342380187,5.273464671398275,5.865292474530892,8.099880119136186,3.4892107493812787,7.782286043401822,3.863807741151031,5.218930283450642
69,649.6936478000007,8.57501609999963,0.001,0.00394729323059123,0.00394729323059123,0,4.254138741757545,0.004200740676486645,0.004200740676486645,0,4.318054663958519,8.074017482362319,-3.755962818,TRUE,FALSE,30,275.8389122000008,64,4.284911455479809,5,5.4814406277056325,7.062373053663777,3.1165664893836347,7.100948152876517,3.7330194804377137,4.90623322915422,5.380247066,7.389640532170365,3.1138599244734566,7.6126818995021965,3.8491691500405447,5.086295683995361
70,657.6357190000017,7.926491199999873,0.001,0.004446009687223246,0.004446009687223246,0,4.55270579739862,0.012116720430439666,0.012116720430439666,0,7.743919108078942,8.074017482362319,-0.330098374,TRUE,FALSE,30,275.8389122000008,64,4.284911455479809,6,5.901794044954575,7.856106389245834,3.351091961385756,7.309135209540134,3.7632729238331426,5.06005172601759,10.66144374112613,13.639973229639887,5.96643397564258,11.549060839312732,6.181173158940269,5.643187297764567
71,665.0437155,7.394847800000207,0.001,0.006573211643312628,0.006573211643312628,0,5.68656653787705,0.0063872306451201,0.0063872306451201,0,5.679517048056104,8.074017482362319,-2.394500434,TRUE,FALSE,30,275.8389122000008,64,4.284911455479809,7,7.633607414266189,10.13113996615958,4.397869034115126,8.337848271940969,3.989635949892762,5.2787825827915,7.589522187160861,10.89010435716735,4.322817668977253,7.352694774508052,3.719012685975778,4.961606403814693
72,672.7568618000005,7.698561000001064,0.001,0.004613318689211207,0.004613318689211207,0,4.7178734016389905,0.004172732118820833,0.004172732118820833,0,4.333435049631934,8.074017482362319,-3.740582433,TRUE,FALSE,30,275.8389122000008,64,4.284911455479809,8,6.32612242388321,8.243792375337996,3.515206657734044,7.015659057042408,3.6915788588134415,4.858759526996059,5.468716496330268,7.523637411778715,3.1201762517665417,7.393654954535768,3.762686407849348,5.04746521936348
73,680.6282500000016,7.856698600000527,0.001,0.003501965558644063,0.003501965558644063,0,3.9514323304430943,0.004026055513718247,0.004026055513718247,0,4.236243163077077,8.074017482362319,-3.837774319,TRUE,FALSE,30,275.8389122000008,73,4.236243163077077,0,4.989600175147173,6.375361887624635,2.864022339650069,6.972350330767994,3.6352670902686666,4.79884360379286,5.497120213756725,7.01891168128605,3.0460190099696915,7.451503593078035,3.8068381212374556,4.892314272933925
74,688.0747906000015,7.425954199999978,0.001,0.0037238973113147035,0.0037238973113147035,0,4.1135293750438064,0.004308421765637997,0.004308421765637997,0,4.456745879935607,8.074017482362319,-3.617271602,TRUE,FALSE,30,275.8389122000008,73,4.236243163077077,1,5.301574547209935,6.787108102171559,3.004182305299129,7.0015069280427635,3.6260847863326657,4.780154895452084,5.7938908352758025,7.611193780884168,3.2859560048845915,7.356388622632474,3.709023811668925,4.9889662702924475
75,695.8334613000006,7.743377000000692,0.001,0.0035315421792235665,0.0035315421792235665,0,3.997456528077277,0.004112898783150339,0.004112898783150339,0,4.3042198984813025,8.074017482362319,-3.769797584,TRUE,FALSE,30,275.8389122000008,73,4.236243163077077,2,5.096200688333721,6.555382961735464,2.9105013754901026,6.8499779468442075,3.5881520369935105,4.747283980503765,5.779943918373343,6.953271822119511,3.108283870613895,7.444498950231992,3.712110349868329,5.028972318755058
76,703.3948657000001,7.546697600000698,0.001,0.0035722163985601723,0.0035722163985601723,0,4.018194227686949,0.0034679028978351397,0.0034679028978351397,0,3.876691499390466,8.074017482362319,-4.197325983,TRUE,FALSE,30,275.8389122000008,76,3.876691499390466,0,5.141128009700028,6.612623485414739,2.919197569113586,6.892608980810892,3.575675285017495,4.772538432830243,4.805980402513435,6.247532734502616,2.7814829957105696,7.18758679555892,3.630833131136452,4.854598872575924
77,711.8302867000002,8.414764899998772,0.001,0.004182164278735429,0.004182164278735429,0,4.4228333365016015,0.022652973468641237,0.022652973468641237,0,9.679253537522662,8.074017482362319,1.6052360551603435,FALSE,FALSE,30,275.8389122000008,76,3.876691499390466,1,5.827039191542957,7.518983137560598,3.2597206631326774,7.11465308023732,3.7203706005110075,4.778564439273452,12.947644303412734,15.315655084933669,7.52405204478089,21.03333968788371,8.35412440917639,6.98895847821705
78,719.3901529000013,7.5436962000003405,0.001,0.005353475827363314,0.005353475827363314,0,4.943879924850656,0.003379115525607981,0.003379115525607981,0,3.8354353743623824,8.074017482362319,-4.238582108,TRUE,FALSE,30,275.8389122000008,78,3.8354353743623824,0,6.555530525184783,8.209137394460429,3.676143065856928,8.558694734039308,4.137054982888207,5.236837217415581,4.717531605826367,6.1886001203628345,2.771155184672987,7.085918959820852,3.6268414233799167,4.7383613824052615
79,727.5961398,8.185640200001217,0.001,0.003423200551130912,0.003423200551130912,0,3.9594898891574233,0.003613552797927235,0.003613552797927235,0,4.028922036848142,8.074017482362319,-4.045095446,TRUE,FALSE,30,275.8389122000008,78,3.8354353743623824,1,5.098042025424256,6.572061382871277,2.8971304761201275,6.623593448126056,3.4767726696898196,4.584144644450889,5.046276673521246,6.741904755039546,2.9620469467971375,7.03431736195482,3.5745851465064296,4.714570577980479
80,734.9869162000014,7.376000700000077,0.001,0.004541169941378354,0.004541169941378354,0,4.698155625230363,0.003812361216408023,0.003812361216408023,0,4.16859696444127,8.074017482362319,-3.905420518,TRUE,FALSE,30,275.8389122000008,78,3.8354353743623824,2,6.147019035680989,8.063815146705105,3.6218342382418416,7.112861547115528,3.647237667722307,4.815582969099533,5.4032735557085525,6.812763087569984,3.093013560445694,7.129731497883339,3.576514281508193,4.841800542032663
81,743.4694474000007,8.468612599999688,0.001,0.0033211419391913203,0.0033211419391913203,0,3.882070148845071,0.0039357059136847635,0.0039357059136847635,0,4.277265076230292,8.074017482362319,-3.796752406,TRUE,FALSE,30,275.8389122000008,78,3.8354353743623824,3,4.957375075130797,6.393353452988391,2.829419189637904,6.620607510880139,3.4652701398160337,4.579303455879499,5.536770242792773,7.248061573623346,3.1974727084831955,7.012957025852443,3.560401443679174,4.731419208342101
82,753.0121586000005,9.529914100001406,0.001,0.0047217855850681546,0.0047217855850681546,0,4.870070531457923,0.0051572481919214515,0.0051572481919214515,0,5.105640904630665,8.074017482362319,-2.968376578,TRUE,FALSE,30,275.8389122000008,78,3.8354353743623824,4,6.668326141539656,8.876698077704912,3.678703925665511,6.4782889276400395,3.415459752545474,4.499087568769479,6.981414032096729,9.388435153355685,3.8947904976164502,6.704567997329169,3.457594145667993,4.641855817781861
83,765.6374509000016,12.606775900001594,0.001,0.004316845615993632,0.004316845615993632,0,4.596074564621825,0.003455731411641002,0.003455731411641002,0,3.8938777265695683,8.074017482362319,-4.180139756,TRUE,FALSE,30,275.8389122000008,78,3.8354353743623824,5,6.096494587501056,8.156472090320051,3.473737122145736,6.651222504214803,3.474867517584422,4.636783009044102,4.920526460706647,6.299862007848558,2.834021159216976,7.117844751812489,3.5160530816164166,4.716512383883552
84,774.327044900001,8.673043200000393,0.001,0.0030466372664141837,0.0030466372664141837,0,3.682957150732398,0.004376890581466826,0.004376890581466826,0,4.582445400072615,8.074017482362319,-3.491572082,TRUE,FALSE,30,275.8389122000008,78,3.8354353743623824,6,4.637683030840065,5.928144271727489,2.6640485127530167,6.522132369758034,3.4086806357852275,4.502638170191315,6.467489436025586,7.835062374346838,3.3436776652577076,6.847796814351355,3.5168674490077887,4.745343584321315
85,784.9911096000014,10.647122200000013,0.001,0.0031989160806094583,0.0031989160806094583,0,3.8059971519435543,0.003348392722270077,0.003348392722270077,0,3.880379721830448,8.074017482362319,-4.193637761,TRUE,FALSE,30,275.8389122000008,78,3.8354353743623824,7,4.86888392603322,6.266267948081465,2.768447662446798,6.51605689411594,3.3929589335611077,4.498009198639743,4.718447399503216,6.563197521292556,2.8288829115046275,6.730696891440009,3.5688360500080223,4.648884111120494
86,793.8486700000012,8.834262000000308,0.001,0.0041362489542164935,0.0041362489542164935,0,4.443088392449137,0.003164809211152234,0.003164809211152234,0,3.741637321945706,8.074017482362319,-4.33238016,TRUE,FALSE,30,275.8389122000008,86,3.741637321945706,0,6.10001976302645,7.693299403985283,3.2238957839952924,6.7228253751097355,3.581684664226946,4.609197141662597,4.779204937804601,5.8993284485032005,2.705830568075968,6.7280261174403515,3.4612465272312645,4.634463634060147
87,802.9142724000012,9.044303699998636,0.001,0.003002111421965907,0.003002111421965907,0,3.672228286355718,0.004137960312102968,0.004137960312102968,0,4.397727667189019,8.074017482362319,-3.676289815,TRUE,FALSE,30,275.8389122000008,86,3.741637321945706,1,4.656656845925065,5.976633536136278,2.660718277870801,6.386306491113158,3.346092238942939,4.429610457932251,5.9753447459829765,7.650577942173971,3.1727044756166625,6.926123430467306,3.478666993580357,4.814484858320643
88,812.7530638000007,9.821788299999753,0.001,0.00313094062861957,0.00313094062861957,0,3.7724854981484333,0.0031255054788400486,0.0031255054788400486,0,3.7593588772308846,8.074017482362319,-4.314658605,TRUE,FALSE,30,275.8389122000008,86,3.741637321945706,2,4.829677695677743,6.228461730956433,2.745307897313813,6.4119378963267915,3.356362202066062,4.444534676573502,4.7213040744704,6.045019336027038,2.794906938659156,6.54197848977044,3.354646826873666,4.565412789518454
89,822.1380081000007,9.367822899999737,0.001,0.003610402446172668,0.003610402446172668,0,4.054831857591456,0.0030290241874398895,0.0030290241874398895,0,3.607418715861653,8.074017482362319,-4.466598767,TRUE,FALSE,30,275.8389122000008,89,3.607418715861653,0,5.2499933096203,6.861899342738104,2.976458867856426,6.893403490078182,3.389977606878706,4.59797894626094,4.545515498085317,5.699928443318837,2.554137969548015,6.785612395695936,3.4001972900188004,4.6090402792081235
90,831.8764679000014,9.716319199998907,0.001,0.0030384891554989415,0.0030384891554989415,0,3.7333762422585335,0.003969959050501318,0.003969959050501318,0,4.337153217167806,8.074017482362319,-3.736864265,TRUE,FALSE,30,275.8389122000008,89,3.607418715861653,1,4.7938416106099755,6.189886133294522,2.726990122758125,6.231156193931225,3.3013516274325942,4.3510390752443575,5.8455527948860215,7.663418044857149,3.1609657826413984,6.653497225927241,3.4513870678996,4.527938191758998
91,841.8478720000003,9.95319500000005,0.001,0.0029934340923640996,0.0029934340923640996,0,3.6935754579076616,0.0031421577919664785,0.0031421577919664785,0,3.7421693480119083,8.074017482362319,-4.331848134,TRUE,FALSE,30,275.8389122000008,89,3.607418715861653,2,4.729831557189314,6.083907812227616,2.6892897003336964,6.2463080540952465,3.2905395045429415,4.367289372735577,4.784607635208601,5.917965767815889,2.69809615022537,6.653996920539269,3.523794130990966,4.5698968291171145
92,851.0277191000005,9.1628639999999,0.001,0.0030894960337141935,0.0030894960337141935,0,3.7750050637335617,0.00805042320620877,0.00805042320620877,0,6.595392034004513,8.074017482362319,-1.478625448,TRUE,FALSE,30,275.8389122000008,89,3.607418715861653,3,4.89379182003778,6.333633812012788,2.7594235766471926,6.222202516820583,3.2705048033801365,4.304716561647428,9.888678385004557,12.31355998822977,5.054454508377684,6.737817465008907,3.421770354708098,4.611400529051448
93,863.4111992000016,12.361869400001524,0.001,0.00425916093948151,0.00425916093948151,0,4.599977833881388,0.0030873832305168044,0.0030873832305168044,0,3.6990813133621634,8.074017482362319,-4.374936169,TRUE,FALSE,30,275.8389122000008,89,3.607418715861653,4,6.322346388258173,8.300561371304916,3.439282374703765,6.307661831051928,3.312227606421292,4.375462718778193,4.6272110942369595,5.92519641618278,2.721230971910704,6.685748235215989,3.3490846988262013,4.53836639644356
94,875.5115632000015,12.083128400001442,0.001,0.002822250625845938,0.002822250625845938,0,3.5709630817527573,0.0031033058713162507,0.0031033058713162507,0,3.664328682286997,8.074017482362319,-4.4096888,TRUE,FALSE,30,275.8389122000008,89,3.607418715861653,5,4.529131090070452,5.840164443146157,2.5962486443737114,6.1513208987431005,3.230098953819016,4.27948704418061,4.529141629082279,6.258198931684782,2.5949370192875345,6.755866230745525,3.3398360948063615,4.4083752672347565
95,884.6549273,9.124830000000657,0.001,0.004281863202648732,0.004281863202648732,0,4.513867374557934,0.0031271705675315785,0.0031271705675315785,0,3.712968829342256,8.074017482362319,-4.361048653,TRUE,FALSE,30,275.8389122000008,89,3.607418715861653,6,6.159106973219772,7.744415442598809,3.330038368400919,6.974137673787369,3.4602459756596224,4.831864297227456,4.7224841246621025,6.197642109081658,2.6442799521166895,6.639498798641849,3.3412073146866588,4.484301720739787
96,894.0602874000015,9.381462000001193,0.001,0.00321109681630049,0.00321109681630049,0,3.867993724293589,0.0029964920577020947,0.0029964920577020947,0,3.599763544177279,8.074017482362319,-4.474253938,TRUE,FALSE,30,275.8389122000008,96,3.599763544177279,0,5.065697680089497,6.55765570737408,2.83117373398402,6.229500458534272,3.2377104718056757,4.387492839298323,4.4460819949494805,5.838433406826811,2.5772393992955296,6.715107373542296,3.345980885005627,4.534706093387305
97,903.0723801000004,8.989847800001371,0.001,0.002690181179952347,0.002690181179952347,0,3.4743030780088544,0.0035020874596148666,0.0035020874596148666,0,3.993709685691001,8.074017482362319,-4.080307797,TRUE,FALSE,30,275.8389122000008,96,3.599763544177279,1,4.384593163149816,5.648231177050982,2.5177139449340937,6.068862169966484,3.1860104975031973,4.200679595181196,5.176356159979099,7.081004888470578,2.871262126664592,6.663721282787321,3.358752476542088,4.354068512662536
98,912.4288030000007,9.329667600000903,0.001,0.002853582363998751,0.002853582363998751,0,3.621844937409519,0.003198848357291222,0.003198848357291222,0,3.785862661006333,8.074017482362319,-4.288154821,TRUE,FALSE,30,275.8389122000008,96,3.599763544177279,2,4.652286518130337,6.038014734816737,2.6514638101378996,6.028935554338904,3.172706372035478,4.189857456789616,4.892881238439227,6.367389446237295,2.7127365470859055,6.602700347138855,3.41613976039194,4.31104569788569
99,922.0992723000018,9.653437099999792,0.001,0.002788144121013339,0.002788144121013339,0,3.5656638187769354,0.003999613156318803,0.003999613156318803,0,4.354460979365922,8.074017482362319,-3.719556503,TRUE,FALSE,30,275.8389122000008,96,3.599763544177279,3,4.558500422438452,5.897486496015696,2.598574519868926,6.034202281968697,3.1742784278734337,4.186771495712901,5.9200894223460265,7.859637431068451,3.090217819593325,6.502844140657231,3.3608448935434216,4.747177528943707
100,930.6543866000011,8.538375799998903,0.001,0.00277590876984185,0.00277590876984185,0,3.5655856463354634,0.0031372354096227645,0.0031372354096227645,0,3.7700067579147767,8.074017482362319,-4.304010724,TRUE,FALSE,30,275.8389122000008,96,3.599763544177279,4,4.556247144900237,5.9101968066961055,2.5994694601809427,5.976297388637115,3.165318853848778,4.198419604493493,4.888748695210463,6.588283365655484,2.68218009833324,6.312516883184552,3.1963422203255285,4.348040981012356
101,940.242741,9.570854999999938,0.001,0.0026646008335785214,0.0026646008335785214,0,3.4746026960891423,0.0028128688487044093,0.0028128688487044093,0,3.498568664830421,8.074017482362319,-4.575448818,TRUE,FALSE,30,275.8389122000008,101,3.498568664830421,0,4.415639856728797,5.698841384477197,2.522449462093908,5.95597823000155,3.1473130969090386,4.142822712310779,4.355254526893179,5.727587181547582,2.5145722389037375,6.461916923556174,3.2089014642807765,4.313071855244239
102,949.6041599,9.336582300000373,0.001,0.0044196593775013135,0.0044196593775013135,0,4.658941294595321,0.0037546990951298938,0.0037546990951298938,0,4.120408711079379,8.074017482362319,-3.953608771,TRUE,FALSE,30,275.8389122000008,101,3.498568664830421,1,6.1565897799443805,8.653249226871877,3.515238638737407,6.62594636249276,3.2675264514639433,4.443035624480623,5.213470018957021,7.02768398250808,3.066802991114827,7.234488417011618,3.581206943432243,4.423485732484437
103,958.9058649000017,9.284673199999816,0.001,0.0025675073224017504,0.0025675073224017504,0,3.399188677056065,0.0026386145653610692,0.0026386145653610692,0,3.3893702623188418,8.074017482362319,-4.68464722,TRUE,FALSE,30,275.8389122000008,103,3.3893702623188418,0,4.285359858588933,5.509092156438343,2.4664006019869835,5.919822710308619,3.132652650621427,4.111821603624299,4.066371538507178,5.505188268530498,2.4480070871480106,6.276878760693165,3.2378874907822395,4.274438455934223
104,968.3431755000001,9.414393700000801,0.001,0.0025900680908954865,0.0025900680908954865,0,3.4261974197859284,0.0029652087778836767,0.0029652087778836767,0,3.6484627508644527,8.074017482362319,-4.425554731,TRUE,FALSE,30,275.8389122000008,103,3.3893702623188418,1,4.358545217156022,5.6213331907925355,2.4881671655358284,5.875446374267656,3.10865227863096,4.061729842837809,4.670701431960774,6.121696949933112,2.6289071080166404,6.336338002448814,3.2332347260433334,4.299213982393556
105,978.2839369000012,9.910921400000007,0.001,0.0027915932459077353,0.0027915932459077353,0,3.5933966783199747,0.0038633540348647177,0.0038633540348647177,0,4.348780216799622,8.074017482362319,-3.725237266,TRUE,FALSE,30,275.8389122000008,103,3.3893702623188418,2,4.646708444969111,6.040332821617069,2.6217896284245312,5.89898586691043,3.136729754984793,4.099703671168905,5.835647471825258,8.002175276939044,3.2061483306360627,6.1229034115759635,3.2928453554153787,4.242122928346003
106,987.6184102000007,9.315476499999932,0.001,0.0035266977525114356,0.0035266977525114356,0,4.103347755311905,0.0027293365067018642,0.0027293365067018642,0,3.462697466218873,8.074017482362319,-4.611320016,TRUE,FALSE,30,275.8389122000008,103,3.3893702623188418,3,5.425976306461072,7.370779657436431,3.0340257758390785,6.241888167301889,3.171170865772563,4.177293957156141,4.36383947509965,5.616430441032998,2.478599289976636,6.263564365472632,3.162232876323887,4.34495688358532
107,997.7573135000002,10.120397700000467,0.001,0.0024479663761367045,0.0024479663761367045,0,3.3222277418137796,0.002543436248648366,0.002543436248648366,0,3.323383322690669,8.074017482362319,-4.75063416,TRUE,FALSE,30,275.8389122000008,107,3.323383322690669,0,4.2010639308983055,5.393683990104734,2.407727429748543,5.757560124593249,3.049532906850407,4.019966245168542,4.112337173400992,5.24536258423313,2.3580965965722953,6.185795147746686,3.2880429469647976,4.163607223842505
108,1007.1847011000009,9.395546400000967,0.001,0.002566052550029251,0.002566052550029251,0,3.425701082126975,0.0026745586285597945,0.0026745586285597945,0,3.453367511861717,8.074017482362319,-4.620649971,TRUE,FALSE,30,275.8389122000008,107,3.323383322690669,1,4.387205875903956,5.650964160057339,2.498628763088264,5.775931251745201,3.052705733698992,4.0224491631499975,4.222950619174236,5.76748486846835,2.4588720939787994,6.092212302026264,3.3747644601988815,4.120208682462559
109,1018.6248058000001,11.42305370000031,0.001,0.002564829860952569,0.002564829860952569,0,3.426538694819802,0.0024875646268925156,0.0024875646268925156,0,3.2724937135413343,8.074017482362319,-4.801523769,TRUE,FALSE,30,275.8389122000008,109,3.2724937135413343,0,4.3806939105759195,5.672395421262552,2.5022932728410883,5.7676613700831085,3.0415156230922094,4.015655229842475,4.020641900749807,5.248533566395554,2.290260651594305,6.106017187211267,3.1604090514759755,4.279124955988384
110,1028.0197774000007,9.370285999999396,0.001,0.0024739412174080676,0.0024739412174080676,0,3.35011045724506,0.003035540592857276,0.003035540592857276,0,3.7311566703106798,8.074017482362319,-4.342860812,TRUE,FALSE,30,275.8389122000008,109,3.2724937135413343,1,4.265596023705454,5.487836571638281,2.4304747711039845,5.735054741002307,3.0310547839000455,4.002628886019074,4.903688386379871,6.519258914339056,2.6715999484145367,6.1330904785925675,3.128434514175535,4.174054844826124
111,1038.8431555000006,10.805379800000082,0.001,0.0027147650294917216,0.0027147650294917216,0,3.511206196724078,0.003460576810871028,0.003460576810871028,0,4.098605410189573,8.074017482362319,-3.975412072,TRUE,FALSE,30,275.8389122000008,109,3.2724937135413343,2,4.409174728703154,5.750186406450563,2.5464376797480837,6.021422749048252,3.2470918963260873,4.214091959990605,5.365674685467812,7.187433894917398,3.1242771564923224,6.146209865889912,3.170140126366817,4.214973443233715
112,1047.934741500001,9.072806900001524,0.001,0.005539919259762996,0.005539919259762996,0,5.070830282638152,0.0023842890304424254,0.0023842890304424254,0,3.2137853443903763,8.074017482362319,-4.860232138,TRUE,FALSE,30,275.8389122000008,112,3.2137853443903763,0,6.764778138887784,8.994269209927877,3.670036694271516,8.170199528659367,3.6394349878895693,5.833719033215896,3.932165138083949,5.064212299342699,2.3033926023281546,6.01278582603177,3.102739238245404,4.127302274250118
113,1057.274413000001,9.31593360000079,0.001,0.0023137499260908667,0.0023137499260908667,0,3.2323015659666083,0.002909332944295892,0.002909332944295892,0,3.6999268087111234,8.074017482362319,-4.374090674,TRUE,FALSE,30,275.8389122000008,112,3.2137853443903763,1,4.068332308422114,5.246794760361553,2.349985532575764,5.5974888868094705,2.967089302478687,3.917817146647267,4.6409601870590285,6.4277664004137325,2.776515055867549,5.915137808855161,3.112667250630348,4.104296398628714
114,1067.214658,9.924757200000386,0.001,0.002359174654856283,0.002359174654856283,0,3.2743420532255714,0.0025901404580284193,0.0025901404580284193,0,3.421319713869151,8.074017482362319,-4.652697768,TRUE,FALSE,30,275.8389122000008,112,3.2137853443903763,2,4.1419646798329195,5.369683964158205,2.3823711601178514,5.593094138730128,2.967410429412051,3.9229413001853173,4.335423628563946,5.571677248838571,2.511415457091969,5.953515264158584,3.075797417442457,4.092217508909721
115,1076.4158899000013,9.18377640000108,0.001,0.002985001940535597,0.002985001940535597,0,3.7813723421993273,0.0026169692618630554,0.0026169692618630554,0,3.4206430585270295,8.074017482362319,-4.653374424,TRUE,FALSE,30,275.8389122000008,112,3.2137853443903763,3,4.991869772623623,6.556940274964031,2.8280011912722918,5.798891867091427,3.0201671522102016,3.9676504785516076,4.473942784934061,5.455291482484298,2.469490353422948,6.065830057096442,3.1287509493246843,4.041907971632761
116,1085.6169130000017,9.183054700000866,0.001,0.002317986460647514,0.002317986460647514,0,3.240975345336757,0.002889453008498257,0.002889453008498257,0,3.6610780691491955,8.074017482362319,-4.412939413,TRUE,FALSE,30,275.8389122000008,112,3.2137853443903763,4,4.107585639028058,5.292405646091869,2.352683115739085,5.56970001490475,2.950105633916911,3.8945230104370747,4.828247909870933,6.240364379052601,2.68412179346993,5.981482584008426,3.0370154521400483,4.073764772426597
117,1094.5683273000013,8.934020899998359,0.001,0.0023937743208967332,0.0023937743208967332,0,3.3102543430963185,0.002437617201154218,0.002437617201154218,0,3.2794015005764536,8.074017482362319,-4.794615982,TRUE,FALSE,30,275.8389122000008,112,3.2137853443903763,5,4.228928739670954,5.484843844699318,2.4124093336742742,5.572749817228878,2.949852021775514,3.883363679898697,4.052815899930903,5.305555649931973,2.369947539602393,5.962230142432246,3.1134452907918235,4.0069323364081795
118,1103.112688700001,8.526804799999809,0.001,0.002372723366393589,0.002372723366393589,0,3.300988343740584,0.0022929190871239795,0.0022929190871239795,0,3.1545280595855894,8.074017482362319,-4.919489423,TRUE,FALSE,30,275.8389122000008,118,3.1545280595855894,0,4.223879519443325,5.471207899532723,2.4084819985357115,5.521009994917262,2.9310963937231973,3.870189576472983,3.9060281172744036,4.913082475228556,2.265317588574086,5.909523994305481,3.050233917466923,4.014539398123947
119,1111.941871000001,8.800056600000971,0.001,0.002384041071223408,0.002384041071223408,0,3.296090707813853,0.0026695904337761056,0.0026695904337761056,0,3.44526667314586,8.074017482362319,-4.628750809,TRUE,FALSE,30,275.8389122000008,118,3.1545280595855894,1,4.201024696994353,5.437984236792356,2.401002003094359,5.609366140034691,2.946042878047689,3.8938598207311133,4.408784635258077,5.759448710795658,2.4862365342092883,6.120459609530206,3.0127551810515003,4.091750476666349
120,1121.2892465000004,9.330379600000015,0.001,0.002364338319334936,0.002364338319334936,0,3.2904045517794467,0.0023631963108326497,0.0023631963108326497,0,3.201717188207468,8.074017482362319,-4.872300294,TRUE,FALSE,30,275.8389122000008,118,3.1545280595855894,2,4.214140344518343,5.4492829616065315,2.397572759290571,5.540430273789865,2.925032804508873,3.8546278548756967,3.9246654953145352,5.238591731568063,2.2637028276743227,5.914650770098403,3.018147227330881,4.100660044675373
121,1130.883822,9.572586899999806,0.001,0.0023817450160394044,0.0023817450160394044,0,3.303507981410789,0.0024345428288214312,0.0024345428288214312,0,3.209651391723403,8.074017482362319,-4.864366091,TRUE,FALSE,30,275.8389122000008,118,3.1545280595855894,3,4.239183171232437,5.494642318610057,2.408038679201142,5.553107240736071,2.9147912802433855,3.8487785884171157,4.025765733042261,5.144564945350705,2.256173486522407,6.226061494034694,3.0461855646200653,4.013370883184099
122,1140.380929,9.478777100001025,0.001,0.0023984450398805775,0.0023984450398805775,0,3.3157592092237085,0.0022772191334385883,0.0022772191334385883,0,3.1489854826013195,8.074017482362319,-4.925032,TRUE,FALSE,30,275.8389122000008,122,3.1489854826013195,0,4.243169952812628,5.516595837601488,2.4146566879235647,5.5707609955501205,2.9378505726957576,3.8777296385173097,3.837625253740948,5.042063464791554,2.242524062609954,5.832333194174928,3.0777189816268904,3.990179239737321
123,1150.090065,9.682799199999863,0.001,0.002441786178561256,0.002441786178561256,0,3.356777910721514,0.0024548818654334613,0.0024548818654334613,0,3.212400117345129,8.074017482362319,-4.861617365,TRUE,FALSE,30,275.8389122000008,122,3.1489854826013195,1,4.313181325920426,5.625044088801357,2.450862059541569,5.564911058500479,2.9422695433993065,3.870850656454162,3.927271071146052,5.168228801878849,2.248444146954031,6.304170572775317,3.1097901282385005,4.102489570270201
124,1159.239011400001,9.125825499999337,0.001,0.0022338916233687225,0.0022338916233687225,0,3.1822650295396326,0.0025790787745185936,0.0025790787745185936,0,3.4043706151998303,8.074017482362319,-4.669646867,TRUE,FALSE,30,275.8389122000008,122,3.1489854826013195,2,4.025096915138059,5.202792235495682,2.3100293516244372,5.476297248339339,2.898901766646815,3.8252157745161357,4.569635144138663,5.753023728985015,2.3700032743347195,5.8182207238858945,3.0149856688701715,3.906934615683957
125,1169.110596800001,9.846299500000896,0.001,0.002307615243688905,0.002307615243688905,0,3.256822444244545,0.0023777445583924124,0.0023777445583924124,0,3.290182209569889,8.074017482362319,-4.783835273,TRUE,FALSE,30,275.8389122000008,122,3.1489854826013195,3,4.171498734510131,5.408097336484736,2.3767617566453505,5.448086766131895,2.884529227275238,3.803294738508206,4.003929957066653,5.253912078364048,2.5080375962837747,5.800212540070101,2.9826773156561117,3.919116570457886
126,1178.5608826000007,9.430340900000374,0.001,0.002222887139999104,0.002222887139999104,0,3.1790212719218807,0.00268955083638347,0.00268955083638347,0,3.522358215654692,8.074017482362319,-4.551659267,TRUE,FALSE,30,275.8389122000008,122,3.1489854826013195,4,4.040909932669131,5.218414615078417,2.3070345568241573,5.436396806910845,2.8778637060834047,3.7924373525196344,4.449021713738165,5.9378170965299715,2.652659470059062,5.956875915125973,2.997657379086575,3.9312619545274785
127,1187.8276127000008,9.247395100001086,0.001,0.002291498148298318,0.002291498148298318,0,3.2440778506444565,0.0024407935247590215,0.0024407935247590215,0,3.3187499340350346,8.074017482362319,-4.755267548,TRUE,FALSE,30,275.8389122000008,122,3.1489854826013195,5,4.145417499123861,5.411033432815089,2.364816255658526,5.429101501849505,2.8637189817630184,3.7968452409834956,4.25437783610161,5.528728312171756,2.395834563002938,5.7343302594950005,2.9510426824680835,3.9324762755773097
128,1198.742646300001,10.896532099999604,0.001,0.002263891076302635,0.002263891076302635,0,3.22031955414062,0.002627868866108416,0.002627868866108416,0,3.4747036506329896,8.074017482362319,-4.599313832,TRUE,FALSE,30,275.8389122000008,122,3.1489854826013195,6,4.109871228134676,5.3376867738553555,2.343685162022173,5.423334840160879,2.8707755045050978,3.7953099806334776,4.61425641831645,5.922154628498719,2.5029715439836417,5.741895857577691,2.9048360768252297,3.9536243106366693
129,1208.0483831000001,9.286703900001157,0.001,0.002197065528747382,0.002197065528747382,0,3.168250916720736,0.0023076116403069184,0.0023076116403069184,0,3.1371473537217933,8.074017482362319,-4.936870129,TRUE,FALSE,30,275.8389122000008,129,3.1371473537217933,0,4.029890625912631,5.216657135468948,2.308578860248149,5.3735613961036295,2.8443998148324408,3.7583877539302772,3.904981447051948,5.064856186526609,2.213398331793184,5.9993171372617615,2.9190821469050365,4.008249847332613
130,1217.8789500000003,9.80525789999956,0.001,0.002193087869881366,0.002193087869881366,0,3.160009471622691,0.0025055188135957008,0.0025055188135957008,0,3.353571981698242,8.074017482362319,-4.720445501,TRUE,FALSE,30,275.8389122000008,129,3.1371473537217933,1,4.017973698004984,5.203450860252672,2.2949411893383465,5.390621532619418,2.8446646640175155,3.7637006001731796,4.220080725481565,5.772344552339061,2.402772361823393,5.8014914122120596,2.943967868438157,3.9880031363395783
131,1227.185427,9.287200900000244,0.001,0.0022141899277783074,0.0022141899277783074,0,3.1923055068510795,0.0021189133118849706,0.0021189133118849706,0,3.029190093692417,8.074017482362319,-5.044827389,TRUE,FALSE,30,275.8389122000008,131,3.029190093692417,0,4.093817221049885,5.326269226472966,2.3243468348431353,5.317331994686995,2.8211390249503796,3.720177415373632,3.583498527376684,4.908443713976398,2.1637838066939885,5.663821010173685,2.9362917684315093,3.942783434087666
132,1237.260426,10.05070540000088,0.001,0.0021829731624500733,0.0021829731624500733,0,3.151599606120903,0.002150301665943572,0.002150301665943572,0,3.04434204883022,8.074017482362319,-5.029675434,TRUE,FALSE,30,275.8389122000008,131,3.029190093692417,1,4.0072028641519895,5.199977940081891,2.2857532710467594,5.385624895759298,2.8479214112244207,3.7336901085709564,3.9136651747313853,4.906115227970078,2.0935628753461066,5.656653557062674,2.903942264854918,3.8393114837242193
133,1246.5677284000012,9.289490499999374,0.001,0.0022187522307790257,0.0022187522307790257,0,3.1912232780599035,0.0021881804830733015,0.0021881804830733015,0,3.0815813587431915,8.074017482362319,-4.992436124,TRUE,FALSE,30,275.8389122000008,131,3.029190093692417,2,4.076536543884914,5.31529465843142,2.3196758279296645,5.353461913166083,2.8507551592073277,3.725643973593134,3.7781768300196883,5.007473917348383,2.1658753198839578,5.7160100569902665,3.0058144947338294,3.889307821563153
134,1256.8248287000006,10.238948399999572,0.001,0.0021195037365725152,0.0021195037365725152,0,3.1020823882103894,0.002222922491887417,0.002222922491887417,0,3.142859143429648,8.074017482362319,-4.931158339,TRUE,FALSE,30,275.8389122000008,131,3.029190093692417,3,3.919705287572835,5.100863626689035,2.2511773910283734,5.326367349059396,2.8139301740435227,3.718526492682038,3.9764363022419813,5.218865391396433,2.2215627809031324,5.56395038487035,2.9426998986485575,3.7970638033647073
135,1265.8960963000009,9.051136600000973,0.001,0.0021657358995722698,0.0021657358995722698,0,3.151367885173225,0.002263992168619236,0.002263992168619236,0,3.120856121909583,8.074017482362319,-4.95316136,TRUE,FALSE,30,275.8389122000008,131,3.029190093692417,4,4.022621325629636,5.237975986235761,2.292788516432642,5.297929001290324,2.8028979373172676,3.706347303433994,3.9639660914023267,5.064929704176752,2.172243556330802,5.854717699275296,2.947281852574996,3.9000999861062016
136,1275.7145936000015,9.797531700000036,0.001,0.0022344570171324027,0.0022344570171324027,0,3.214038092053785,0.0022028158352810144,0.0022028158352810144,0,3.089664553938752,8.074017482362319,-4.984352928,TRUE,FALSE,30,275.8389122000008,131,3.029190093692417,5,4.135335467555211,5.366480548225869,2.3535336021376447,5.330575624443525,2.8146987285063796,3.695895399597985,3.8013168588105355,5.08112688511657,2.211441424674614,5.7776774125118235,2.869886711232113,3.824712201258839
137,1288.334113,12.601503100000627,0.001,0.00216463748514487,0.00216463748514487,0,3.154246281201028,0.0023675093169151524,0.0023675093169151524,0,3.2895278795274487,8.074017482362319,-4.784489603,TRUE,FALSE,30,275.8389122000008,131,3.029190093692417,6,4.042635152959239,5.255369327256147,2.2946176831964658,5.276660185919818,2.7944137406475944,3.6836631486001212,4.149410820420366,5.532424719053673,2.414506363414736,5.607864911486805,2.942104225552516,3.775804629433793
138,1298.8877889000014,10.534648999999263,0.001,0.0020967701259860536,0.0020967701259860536,0,3.096469524800811,0.0028888610117497318,0.0028888610117497318,0,3.7060180398157847,8.074017482362319,-4.367999443,TRUE,FALSE,30,275.8389122000008,131,3.029190093692417,7,3.9389925955729668,5.12515888057689,2.252327123697721,5.243568729204289,2.7794615827619342,3.6541473211917608,5.022368234706133,6.5224717046691865,2.7140924166545815,5.694124659917332,2.9174175076519147,3.824901467892932
139,1308.3318735000012,9.421405900000536,0.001,0.0020949562838075944,0.0020949562838075944,0,3.0924196014771264,0.002687694869205524,0.002687694869205524,0,3.506729668290346,8.074017482362319,-4.567287814,TRUE,FALSE,30,275.8389122000008,131,3.029190093692417,8,3.9274550735243983,5.09925938300608,2.2465858233777434,5.258406230809141,2.790736824195026,3.6738399479873083,4.685484534823248,6.259519329919966,2.455156944706156,5.744318973854841,2.9447617618179085,3.790376241109116
140,1317.3159039000002,8.964475099999618,0.001,0.0023021512437513205,0.0023021512437513205,0,3.2831059588821327,0.0026392382783285494,0.0026392382783285494,0,3.535029549648215,8.074017482362319,-4.538987933,TRUE,FALSE,30,275.8389122000008,131,3.029190093692417,9,4.25754725007218,5.6005102606014585,2.4112376880824833,5.287156299726562,2.7927036530497125,3.656867531182246,4.697580289899869,6.265451468035413,2.574092936517868,5.451333401514697,2.865142265434989,3.7408893167004784
141,1325.678522100001,8.345087100000455,0.001,0.0020234743623249486,0.0020234743623249486,0,3.035898419994881,0.0023957191774349193,0.0023957191774349193,0,3.292298680800185,8.074017482362319,-4.781718802,TRUE,FALSE,30,275.8389122000008,131,3.029190093692417,10,3.8428539051887083,4.99241689639618,2.203550191639027,5.183852418645161,2.7561317309712763,3.629480335859965,4.153537733018493,5.474153111944418,2.3985892426916506,5.71763764888551,2.9539222109774754,3.9054655007145658
142,1333.4708550000014,7.775203299999703,0.001,0.0019850185577601443,0.0019850185577601443,0,2.999197280571032,0.0019935352995792085,0.0019935352995792085,0,2.9550460919794794,8.074017482362319,-5.11897139,TRUE,FALSE,30,275.8389122000008,142,2.9550460919794794,0,3.80536348826098,4.909992152904279,2.166044322826925,5.166701893927888,2.74328443762825,3.603181561841582,3.706354771573968,4.798844726977265,2.0696490328195702,5.361089918961126,2.8047092798878444,3.7627809190129513
143,1342.2374539000011,8.735114099999919,0.001,0.0020516441606185875,0.0020516441606185875,0,3.070546574204361,0.002300350018976602,0.002300350018976602,0,3.210463168343373,8.074017482362319,-4.863554314,TRUE,FALSE,30,275.8389122000008,142,2.9550460919794794,1,3.917636448338048,5.0973238513513435,2.2348785579840014,5.1472727319200535,2.740516618651661,3.611071879710554,3.9919131726394324,5.410211542539073,2.2436826426229093,5.580996385435578,3.106337459079929,3.888769002760597
144,1350.9107240000012,8.652144199999384,0.001,0.002049965713305471,0.002049965713305471,0,3.067715801996874,0.00231740382779338,0.00231740382779338,0,3.264052517512974,8.074017482362319,-4.809964965,TRUE,FALSE,30,275.8389122000008,142,2.9550460919794794,2,3.8993174327867175,5.081091722136518,2.22753209127787,5.157402289888207,2.777451381135883,3.6150576789140945,4.099413425796476,5.592892056266577,2.380675821857902,5.46280173545623,2.9335893666571775,3.705110260735578
145,1359.4502076000008,8.521389400000771,0.001,0.002082827043133908,0.002082827043133908,0,3.088392817829512,0.002104501808023326,0.002104501808023326,0,3.0089540692697607,8.074017482362319,-5.065063413,TRUE,FALSE,30,275.8389122000008,142,2.9550460919794794,3,3.951253948983361,5.120623573179157,2.2460302266502636,5.2207159836773664,2.7501522550740205,3.6237376096066733,3.7540748821978283,4.904170113797232,2.0786274487776173,5.640806990899875,2.9231931375344224,3.802935422268784
146,1367.6415577000007,8.17252069999995,0.001,0.002991388895025716,0.002991388895025716,0,3.8652464301577054,0.003368872403785379,0.003368872403785379,0,3.9499190707415575,8.074017482362319,-4.124098412,TRUE,FALSE,30,275.8389122000008,142,2.9550460919794794,4,5.2809142807868055,7.012530589992013,2.8963531452057882,5.263091418417085,2.7762203127610694,3.6698753247980678,4.952038785233717,6.969543545305694,3.0642746546083637,6.730336686196647,2.949550267601807,4.080344954762091
147,1378.8696619000002,11.208277100000487,0.001,0.0019174791312734727,0.0019174791312734727,0,2.9328240500196334,0.0024482155063296146,0.0024482155063296146,0,3.3468189888636957,8.074017482362319,-4.727198493,TRUE,FALSE,30,275.8389122000008,142,2.9550460919794794,5,3.6533056978418395,4.740064016559211,2.121137127156534,5.1784922893666545,2.7374934011107603,3.60570553452048,4.141191161746416,5.95030684272635,2.446881988700052,5.633993122036374,2.888122854042154,3.7221135439028337
148,1389.4804771000017,10.591977499998393,0.001,0.001929094275162335,0.001929094275162335,0,2.9669506241815355,0.0023360212048990758,0.0023360212048990758,0,3.3169062138649146,8.074017482362319,-4.757111268,TRUE,FALSE,30,275.8389122000008,142,2.9550460919794794,6,3.7455590082758587,4.862243755234685,2.1564847776918716,5.060875186126394,2.713132716312736,3.550647487889174,4.096905459972508,5.615208929969802,2.5128576173386143,5.409036049626332,2.9269132853928124,3.6933911229066334
149,1397.7786769000013,8.281712299998617,0.001,0.0019800678339236375,0.0019800678339236375,0,3.011406739430046,0.002065907617418722,0.002065907617418722,0,3.0465687966793746,8.074017482362319,-5.027448686,TRUE,FALSE,30,275.8389122000008,142,2.9550460919794794,7,3.84195713772756,4.974445930275367,2.184084409739691,5.086038566772095,2.7152086724642404,3.56089308961527,3.736579471257567,4.929573791791353,2.24799365689359,5.417904267301147,2.8214832919889807,3.7176619425101665
150,1408.290228400001,10.491807899999912,0.001,0.0019124966253907404,0.0019124966253907404,0,2.947050122588627,0.0019668529033869645,0.0019668529033869645,0,2.9101503719316133,8.074017482362319,-5.16386711,TRUE,FALSE,30,275.8389122000008,150,2.9101503719316133,0,3.727019511315535,4.818791060552092,2.1307294178587486,5.065904436593441,2.702450123987905,3.5555148117710713,3.6265082331306444,4.678452116164211,2.0513612379812347,5.498346669947358,2.798678789128774,3.6357025354368
151,1416.8190068000004,8.500643400000627,0.001,0.003293252977010989,0.003293252977010989,0,4.023809808091894,0.0018772075833328773,0.0018772075833328773,0,2.847818576897684,8.074017482362319,-5.226198905,TRUE,FALSE,30,275.8389122000008,151,2.847818576897684,0,5.555564295064368,7.176535887848264,2.9839993109564595,5.714506825833283,2.8693661355443467,4.036915109110268,3.487046916093825,4.543728246612601,2.020400661616181,5.3682080232830085,2.777302807544575,3.610228165203057
152,1428.8005239000013,11.954523000000336,0.001,0.0017985014073072089,0.0017985014073072089,0,2.8484265907817345,0.002030174460896913,0.002030174460896913,0,3.008793223629685,8.074017482362319,-5.065224259,TRUE,FALSE,30,275.8389122000008,151,2.847818576897684,1,3.550278281243652,4.581612975790285,2.060609795615622,4.97818877502322,2.6805227462050145,3.5101467495196976,3.670131879481242,5.132633754560575,2.1692628291665623,5.316904510891258,2.7307654073208467,3.6470726884913707
153,1438.0132219000006,9.188693199999761,0.001,0.0019181343127378345,0.0019181343127378345,0,2.967557889512539,0.0020093876162569826,0.0020093876162569826,0,2.93917092198557,8.074017482362319,-5.13484656,TRUE,FALSE,30,275.8389122000008,151,2.847818576897684,2,3.773729632026092,4.888909489389359,2.1635181501357907,5.0058403473818105,2.6790134417561564,3.4998616308312176,3.534674059346201,4.8955829017742145,2.0710664593067403,5.533440482253444,2.7690107387868985,3.7660655997175105
154,1448.7475741000017,10.714351999999053,0.001,0.0018531964984022373,0.0018531964984022373,0,2.9056410041950267,0.002138096082058498,0.002138096082058498,0,3.1128092914756462,8.074017482362319,-4.961208191,TRUE,FALSE,30,275.8389122000008,151,2.847818576897684,3,3.658041302617896,4.755753127841697,2.1147615825156505,4.980608070990545,2.658108513207665,3.4839905237975444,3.94343705324366,5.33975680345126,2.202036423688034,5.279149591942726,2.8300476674939365,3.6918413569314383
155,1457.6387197000004,8.871787899999617,0.001,0.0019011842532656543,0.0019011842532656543,0,2.9475969449494195,0.002052716522755662,0.002052716522755662,0,3.043508985281395,8.074017482362319,-5.030508497,TRUE,FALSE,30,275.8389122000008,151,2.847818576897684,4,3.723424493150333,4.835540061410066,2.1483073071642584,5.026458244297171,2.6800251906547072,3.513056754297615,3.814157042873568,4.811079656409663,2.2152824683494363,5.373915273216015,2.9135320497152404,3.7187502775333265
156,1468.2419019000008,10.582582200000616,0.001,0.001893597463591032,0.001893597463591032,0,2.939702077158703,0.002021590506929937,0.002021590506929937,0,3.0035445760362776,8.074017482362319,-5.070472906,TRUE,FALSE,30,275.8389122000008,151,2.847818576897684,5,3.7231769309701956,4.825978809913825,2.1351219877481946,5.014653938362632,2.6669189925767096,3.5204634423955556,3.883408764445881,4.636647073986203,2.1781641619266616,5.412579743713107,2.8206043065686077,3.668086412949233
157,1479.978689200001,11.71512519999851,0.001,0.0020240644440983418,0.0020240644440983418,0,3.063873561319573,0.0018477144567825134,0.0018477144567825134,0,2.831653929726028,8.074017482362319,-5.242363553,TRUE,FALSE,30,275.8389122000008,157,2.831653929726028,0,3.951333804942901,5.150118127479762,2.2351638776351312,5.0442350892916235,2.6771413039592575,3.510582857211933,3.352250110858562,4.535739403447165,2.034765770270643,5.317237217061941,2.763667735670429,3.66664176577193
158,1489.256629900001,9.250904399999854,0.001,0.0018683178011570769,0.0018683178011570769,0,2.9181016919179217,0.0024349173244757666,0.0024349173244757666,0,3.373654431998501,8.074017482362319,-4.70036305,TRUE,FALSE,30,275.8389122000008,157,2.831653929726028,1,3.679338011015434,4.791958668255988,2.1214199223575076,4.997249945703326,2.661270396778288,3.489455326611491,4.179681941805765,5.656716199832915,2.569494756343127,5.657696943184975,2.990592496766304,3.676427306354149
159,1498.4795307000004,9.203655999999683,0.001,0.0018574896499780307,0.0018574896499780307,0,2.907370052785172,0.0019561752024518835,0.0019561752024518835,0,2.928617015303112,8.074017482362319,-5.145400467,TRUE,FALSE,30,275.8389122000008,157,2.831653929726028,2,3.668779229304326,4.777683155009963,2.1075941193812837,4.989106791452244,2.65924690422309,3.477800319834152,3.7649388233445316,4.625388564276105,2.0095120311814503,5.325661280083777,2.922109395506818,3.680027261445482
160,1507.899555,9.400606499999412,0.001,0.0019068488003656987,0.0019068488003656987,0,2.9601707982916383,0.00197616441318806,0.00197616441318806,0,2.987495276727382,8.074017482362319,-5.086522206,TRUE,FALSE,30,275.8389122000008,157,2.831653929726028,3,3.771799009998601,4.901023624895455,2.1570845435869854,4.983344218211606,2.6489949796882457,3.4825608609463092,3.576157142329354,4.717694529714899,2.26695842931715,5.383556252857072,2.797548108212026,3.620062823050903
161,1517.3601812000015,9.440947799999776,0.001,0.001917216256402216,0.001917216256402216,0,2.976394317287203,0.0025126170341060383,0.0025126170341060383,0,3.405086388107782,8.074017482362319,-4.668931094,TRUE,FALSE,30,275.8389122000008,157,2.831653929726028,4,3.8042318399538746,4.944275684375626,2.1713118300938485,4.952406697797337,2.650275476413421,3.480466269822187,4.126785520037108,6.1053394645503225,2.534675833693528,5.6831008964174945,2.8548885180011334,3.799828693525635
162,1526.7723072000008,9.391458599999169,0.001,0.001894877054984754,0.001894877054984754,0,2.947093841342722,0.0021350852011715756,0.0021350852011715756,0,3.080123940813008,8.074017482362319,-4.993893542,TRUE,FALSE,30,275.8389122000008,157,2.831653929726028,5,3.738568177947214,4.888680625874493,2.140813787636418,4.983141185204676,2.6617161869738086,3.473624923421311,3.850706453453525,4.955442049627241,2.2630711315607828,5.607574757836581,2.7965736477253307,3.7415562085720144
163,1536.0698034000015,9.27771709999979,0.001,0.0018922479680898057,0.0018922479680898057,0,2.9498638386656943,0.0029043505642225727,0.0029043505642225727,0,3.7568123584472404,8.074017482362319,-4.317205124,TRUE,FALSE,30,275.8389122000008,157,2.831653929726028,6,3.7517961327091376,4.904005849820999,2.1449911363038257,4.95274436533067,2.6482766376376277,3.466433553873861,5.201753812419879,7.164485604857938,2.6617503534834994,5.205232367933274,2.7197107754017957,3.5325899903102225
164,1545.3484530000005,9.25718760000018,0.001,0.0018480659813637792,0.0018480659813637792,0,2.92045799690308,0.002378016009457533,0.002378016009457533,0,3.36783998403498,8.074017482362319,-4.706177498,TRUE,FALSE,30,275.8389122000008,157,2.831653929726028,7,3.738336003614034,4.83773991642843,2.126264073355067,4.869999023153453,2.614678802724345,3.419030589713598,4.443407489395985,5.833006696269874,2.521350441706173,5.258770906540785,2.687397533215846,3.564233196259807
165,1554.831097,9.461839100000361,0.001,0.001864916858762721,0.001864916858762721,0,2.911670851177542,0.0019157867569696973,0.0019157867569696973,0,2.8878268292382194,8.074017482362319,-5.186190653,TRUE,FALSE,30,275.8389122000008,157,2.831653929726028,8,3.6922176847787216,4.793470211681391,2.1129523892423316,5.01168798428506,2.6291600324632585,3.4705482980157063,3.43612484947957,4.900686921225438,2.042873639239243,5.32969451244116,2.756828183910849,3.589389423187027
166,1564.9912092000013,10.139353700000356,0.001,0.0017959373869808398,0.0017959373869808398,0,2.8591660857479426,0.0022894923348729234,0.0022894923348729234,0,3.2189641315494177,8.074017482362319,-4.855053351,TRUE,FALSE,30,275.8389122000008,157,2.831653929726028,9,3.6082464076984504,4.681109449284893,2.07336469652458,4.911106686082702,2.6170573216381294,3.4370812270997955,3.870110033222128,5.671831079089228,2.3272454391465995,5.552494104842419,2.9674035472066635,3.6797981201906818
167,1574.4226918000004,9.410671699999511,0.001,0.001988988504258652,0.001988988504258652,0,3.047443355402667,0.002164804673329184,0.002164804673329184,0,3.0518556782009374,8.074017482362319,-5.022161804,TRUE,FALSE,30,275.8389122000008,157,2.831653929726028,10,3.9452113405397427,5.151043604425928,2.2351989154254284,4.961262643225833,2.6210404874274387,3.43899682291905,3.8021814489505577,5.044890200092869,2.0890238921996445,5.685908274617383,2.8515084526424985,4.020075973620683
168,1583.5871263000008,9.143837300000087,0.001,0.001763413920278805,0.001763413920278805,0,2.8350074125676397,0.002005912656733678,0.002005912656733678,0,3.0265619395424492,8.074017482362319,-5.047455543,TRUE,FALSE,30,275.8389122000008,157,2.831653929726028,11,3.555187667840973,4.637463417719944,2.0636343662063332,4.867814486694482,2.6015988211587535,3.414125828688317,3.6984105513440446,4.969618514577036,2.2388912208397773,5.212954086282914,2.736058168584428,3.7425240124989316
169,1592.7810794000015,9.175176400000055,0.001,0.001796946779558441,0.001796946779558441,0,2.8738426653365527,0.0018438913937476173,0.0018438913937476173,0,2.8276275527610877,8.074017482362319,-5.24638993,TRUE,FALSE,30,275.8389122000008,169,2.8276275527610877,0,3.6418300802583277,4.748451702052094,2.089054376535596,4.837294158901114,2.60485097897624,3.4089304652083365,3.511454853178638,4.537344149560905,2.007293753560976,5.308566687399104,2.7146503713197245,3.526595162518846
170,1602.7951673000007,9.984714800000802,0.001,0.0018257237396449545,0.0018257237396449545,0,2.8943974529422665,0.0025258239673948174,0.0025258239673948174,0,3.478093023054527,8.074017482362319,-4.595924459,TRUE,FALSE,30,275.8389122000008,169,2.8276275527610877,1,3.6843014157201743,4.786668120356409,2.103764035687635,4.889112789219795,2.603490878838283,3.419809077168668,4.7819823150623515,6.225852303813813,2.4714077173509312,5.112133389720572,2.684512115222373,3.765718004888926
171,1612.2930916000005,9.46212480000031,0.001,0.0017313525599001016,0.0017313525599001016,0,2.807379381944607,0.0022534459563342346,0.0022534459563342346,0,3.2299604844498293,8.074017482362319,-4.844056998,TRUE,FALSE,30,275.8389122000008,169,2.8276275527610877,2,3.526419555944867,4.5871131045685765,2.0292626822690325,4.8194196459508545,2.6035626848199085,3.398781642283627,4.282739469439374,5.309448164291608,2.344822564079476,5.354609223712361,2.7826738013711085,3.7791912376456147
172,1621.8621123000012,9.547179600000163,0.001,0.001808102206946136,0.001808102206946136,0,2.88360337292375,0.002478004048968198,0.002478004048968198,0,3.4549260917725357,8.074017482362319,-4.619091391,TRUE,FALSE,30,275.8389122000008,169,2.8276275527610877,3,3.6761622274611003,4.780237211984501,2.0966965865027087,4.847982892583669,2.5911499241046783,3.3866697663687293,4.804537161872723,5.982819110105353,2.507936093323703,5.139837063612992,2.683546766844104,3.6542817686484383
173,1633.6798145000012,11.7949426999985,0.001,0.002872942339791916,0.002872942339791916,0,3.790468174616303,0.0017836288241946515,0.0017836288241946515,0,2.8056104152037245,8.074017482362319,-5.268407067,TRUE,FALSE,30,275.8389122000008,173,2.8056104152037245,0,5.2413924476647455,6.767972980177294,2.8403317979861176,5.185012656964957,2.7282798498567336,3.6333595790721573,3.468395689966089,4.410352790476608,2.0390065242789075,5.162997532990936,2.674670057478129,3.5132710478640283
174,1643.0397737000003,9.33201310000004,0.001,0.001714396787233216,0.001714396787233216,0,2.7956222308219356,0.0026314874231594407,0.0026314874231594407,0,3.5966609296600724,8.074017482362319,-4.477356553,TRUE,FALSE,30,275.8389122000008,173,2.8056104152037245,1,3.515526652428394,4.5808243543346725,2.029252030277498,4.790619802022227,2.5599412528303183,3.372729476174258,4.793414404608803,6.4204965747990075,2.73560481265255,5.224445708598473,2.6696936791297703,3.5345432356029938
175,1654.4812330000004,11.41999030000079,0.001,0.0018165299021431942,0.0018165299021431942,0,2.8905872921313738,0.001787675819077439,0.001787675819077439,0,2.7748578990247066,8.074017482362319,-5.299159583,TRUE,FALSE,30,275.8389122000008,175,2.7748578990247066,0,3.685826443472072,4.792800786039368,2.108048130379957,4.867446155098967,2.5761972449947503,3.3925577721480296,3.3282367169132554,4.654049460134896,1.944787838599407,5.207255715471691,2.665102777727653,3.5013202143631226
176,1663.9757096000012,9.46523739999975,0.001,0.0017543572371649602,0.0017543572371649602,0,2.8483873753792794,0.0018851143809391663,0.0018851143809391663,0,2.8967003818662374,8.074017482362319,-5.1773171,TRUE,FALSE,30,275.8389122000008,175,2.7748578990247066,1,3.6184737147799115,4.722390888782818,2.075272408508172,4.737745417551187,2.5660043292156667,3.357351165092178,3.6352111017494275,4.945097259722611,2.011868424648153,5.063804332232678,2.7146211493546533,3.5288647882548845
177,1673.2324909000017,9.2342105000007,0.001,0.0016617307013598026,0.0016617307013598026,0,2.744364096797863,0.0022123788136043936,0.0022123788136043936,0,3.188159256909482,8.074017482362319,-4.885858225,TRUE,FALSE,30,275.8389122000008,175,2.7748578990247066,2,3.417004594167753,4.45393109744447,1.9904771812943125,4.771422374266416,2.5656200155315245,3.344442795661758,3.948852599993079,5.793050044008273,2.2817436360989283,5.2423486351115205,2.785789733009893,3.5483341655440217
178,1682.748389100001,9.496182000000772,0.001,0.00176347026480367,0.00176347026480367,0,2.848534058781683,0.0019136873118372156,0.0019136873118372156,0,2.8953840594935407,8.074017482362319,-5.178633423,TRUE,FALSE,30,275.8389122000008,175,2.7748578990247066,3,3.6152175848356545,4.709358833449359,2.0759243654077006,4.794056248336593,2.5617194613799783,3.3706742363874915,3.657796460524719,4.868020070938199,2.0399260378025206,5.28238198469289,2.663215371236618,3.4707196679717534
179,1692.2532097000003,9.481848999999784,0.001,0.0017654839237819804,0.0017654839237819804,0,2.8534652653093,0.0018977749940897633,0.0018977749940897633,0,2.9236378465516504,8.074017482362319,-5.150379636,TRUE,FALSE,30,275.8389122000008,175,2.7748578990247066,4,3.626757769476626,4.742571253896248,2.0777924100563654,4.772247274957615,2.5549853385052184,3.362375999790045,3.736456234116087,4.77232011060537,2.1153928537900635,5.132341185803603,2.658179366411269,3.496551485050128
180,1702.1862564000003,9.913142900000821,0.001,0.0016959390146763017,0.0016959390146763017,0,2.7799381184455667,0.001931110078467451,0.001931110078467451,0,2.9367385504743355,8.074017482362319,-5.137278932,TRUE,FALSE,30,275.8389122000008,175,2.7748578990247066,5,3.4967744558293314,4.534782678557059,2.0160644023311782,4.777639143782011,2.5668508153254286,3.3533661908530057,3.6057856484774655,4.957743263482652,2.1196329432350987,5.23058747216177,2.71732755552326,3.4917232602536763
181,1711.974345300001,9.76705800000127,0.001,0.0017311974702948702,0.0017311974702948702,0,2.822856764451967,0.0028210553518093267,0.0028210553518093267,0,3.7369172813146916,8.074017482362319,-4.337100201,TRUE,FALSE,30,275.8389122000008,175,2.7748578990247066,6,3.5861017246782865,4.65749939922156,2.0546806163155606,4.748861132118068,2.5524605110869465,3.338865086080726,5.051304410436759,6.810979546167671,2.8061861573040745,5.249621563701946,2.705655896801396,3.57963687812574
182,1721.8745621000016,9.879825800000617,0.001,0.0017326419761182757,0.0017326419761182757,0,2.823997275522898,0.0019244627922932536,0.0019244627922932536,0,2.9559859921365224,8.074017482362319,-5.11803149,TRUE,FALSE,30,275.8389122000008,175,2.7748578990247066,7,3.5880394583233404,4.666761331479492,2.0559471410477745,4.751174742314958,2.5465470644375805,3.336556197316607,3.8465213202563264,4.64174524543635,2.149750112273446,5.184372327010648,2.784215854287901,3.4610496371716732
183,1731.5306425000017,9.636710499999026,0.001,0.0016866905757502242,0.0016866905757502242,0,2.775292356533228,0.0019191074596792812,0.0019191074596792812,0,2.886526029644733,8.074017482362319,-5.187491453,TRUE,FALSE,30,275.8389122000008,175,2.7748578990247066,8,3.498569144439135,4.5546171275824685,2.0137035203443827,4.744847526445322,2.5412034870881364,3.3285913630374995,3.5907702345994585,4.947614028767199,1.989629669578467,5.3084392829978,2.730402844171608,3.4884246588194343
184,1741.0569813000002,9.50525799999923,0.001,0.0017147547826490577,0.0017147547826490577,0,2.8068394784014297,0.001826084893934747,0.001826084893934747,0,2.808320218226343,8.074017482362319,-5.265697264,TRUE,FALSE,30,275.8389122000008,175,2.7748578990247066,9,3.5506466647790322,4.633702235180859,2.0435175333177225,4.742267852775493,2.5384762739101605,3.336423856397116,3.4554697614007943,4.621511367995244,1.9924562939904422,5.298050739571509,2.651688959016421,3.4669715752193957
185,1750.5742558000002,9.496721999999863,0.001,0.0017218002595114623,0.0017218002595114623,0,2.8191766961063105,0.001848531368473722,0.001848531368473722,0,2.8799641301396917,8.074017482362319,-5.194053352,TRUE,FALSE,30,275.8389122000008,175,2.7748578990247066,10,3.5770119576792005,4.6683067263867315,2.0574353587660315,4.720082800797323,2.5349727202245713,3.3219985245361876,3.303060957630451,4.689479932893955,2.1779879547536978,5.228732237842622,2.7066276190642893,3.5602481588656976
186,1760.9153155000004,10.319866800000455,0.001,0.0017376048767472393,0.0017376048767472393,0,2.834064928688088,0.0017392941081815804,0.0017392941081815804,0,2.77425369944566,8.074017482362319,-5.299763783,TRUE,FALSE,30,275.8389122000008,186,2.77425369944566,0,3.6170620857565936,4.718695908064131,2.0628381245087506,4.716891616856476,2.5261559785603938,3.3248424674890584,3.4376198268166855,4.440011147860493,1.9807488223988325,5.030594845611807,2.650878164582581,3.51796904444448
187,1770.5381273000003,9.595061100000748,0.001,0.0016107359590211141,0.0016107359590211141,0,2.7046572712027235,0.0021842764421975214,0.0021842764421975214,0,3.162249495899451,8.074017482362319,-4.911767986,TRUE,FALSE,30,275.8389122000008,186,2.77425369944566,1,3.375777858702452,4.385357768797604,1.9580992788961162,4.683832224609013,2.527848042449683,3.3083094535388824,4.0804529419735935,5.782122098722358,2.22243100910305,5.180537814673598,2.6747517576539757,3.4373588876456926
188,1780.0451838000008,9.48432270000012,0.001,0.0017794289959258806,0.0017794289959258806,0,2.8690742022465603,0.0019985803327400935,0.0019985803327400935,0,2.959586830051236,8.074017482362319,-5.114430652,TRUE,FALSE,30,275.8389122000008,186,2.77425369944566,2,3.6789649636237076,4.79638080776818,2.0934630010610147,4.774879396761894,2.5328838531968048,3.315000788512505,3.6938503935766183,5.232897020302211,2.0238472373995906,5.2981156715590405,2.7540970436369614,3.494593278706614
189,1789.6261356000014,9.558791700001166,0.001,0.0016754795208399815,0.0016754795208399815,0,2.7712778934131372,0.0017833645721000001,0.0017833645721000001,0,2.7888069501605757,8.074017482362319,-5.285210532,TRUE,FALSE,30,275.8389122000008,186,2.77425369944566,3,3.5032879508375157,4.562697429809275,2.009595233743201,4.7019062640842115,2.5338654712404733,3.305453079438058,3.484139047674046,4.688463123779146,1.9498014989599954,5.120291298230846,2.613548084453529,3.4000309978404233
190,1798.3967165000013,8.748214499999449,0.001,0.0016561115004812233,0.0016561115004812233,0,2.7513188024076705,0.002159455466408921,0.002159455466408921,0,3.223562389730742,8.074017482362319,-4.850455093,TRUE,FALSE,30,275.8389122000008,186,2.77425369944566,4,3.4658745593762514,4.520034703474464,2.0008111587704867,4.702891062211443,2.51072876398012,3.2909311492176965,4.158057557973018,5.613318651781985,2.4189208253990473,4.930442806314659,2.6402084470038583,3.481259166895862
191,1809.0570085000018,10.637917300000481,0.001,0.00175426709082395,0.00175426709082395,0,2.861115624773213,0.001749587328871053,0.001749587328871053,0,2.737460541538255,8.074017482362319,-5.336556941,TRUE,FALSE,30,275.8389122000008,191,2.737460541538255,0,3.6867074112281517,4.793046659740046,2.090573551587118,4.674238427433161,2.5124799906731625,3.2872981616725037,3.2288823366299417,4.3085637355455875,2.00919718276337,5.360719672023288,2.638951392883744,3.465917132482706
192,1819.0480500000012,9.961424399998577,0.001,0.0016400274167012003,0.0016400274167012003,0,2.7436943430247327,0.002072014591132537,0.002072014591132537,0,3.1552545225368775,8.074017482362319,-4.91876296,TRUE,FALSE,30,275.8389122000008,191,2.737460541538255,1,3.457276272010813,4.514673831631455,1.9978377662147928,4.651284926550712,2.499449944308383,3.276464027991351,3.750488928121118,5.219971560657603,2.518601680499018,5.154122256560448,2.6888518918817503,3.4906801107922156
193,1829.0819206000015,10.013200999999754,0.001,0.0016560650971266836,0.0016560650971266836,0,2.7625858780828683,0.001975788631605656,0.001975788631605656,0,3.020495561277925,8.074017482362319,-5.053521921,TRUE,FALSE,30,275.8389122000008,191,2.737460541538255,2,3.508648855735726,4.561597476147719,2.0065426444664314,4.634101741364594,2.5017038592475465,3.2815055813758494,3.843069610610094,5.119887040890869,2.186369211445131,5.001040362315716,2.625701612189046,3.6348459120549617
194,1838.9177324000011,9.814666700000089,0.001,0.001620779179150345,0.001620779179150345,0,2.7310269435993866,0.002515263696742956,0.002515263696742956,0,3.5077453476534624,8.074017482362319,-4.566272135,TRUE,FALSE,30,275.8389122000008,191,2.737460541538255,3,3.4590663168667177,4.4958287054855095,1.9813258955133635,4.599542621195746,2.5014915980156522,3.245295964875335,4.756518306575509,6.302694353347425,2.615074006119712,5.078909515373381,2.5828177275973965,3.491423976828071
195,1848.5182103000006,9.579132700000628,0.001,0.0016916937527874912,0.0016916937527874912,0,2.8076913226182687,0.0017823560304059715,0.0017823560304059715,0,2.801439336177906,8.074017482362319,-5.272578146,TRUE,FALSE,30,275.8389122000008,191,2.737460541538255,4,3.586408861223553,4.688017817752796,2.0528980937080354,4.605485860914197,2.4901375157812424,3.2654870581830275,3.344284023611097,4.407862268049751,2.0737931776505167,5.2544005371726525,2.704426423898808,3.4747021131206854
196,1857.4027205000002,8.864493199998833,0.001,0.0015853964690621019,0.0015853964690621019,0,2.682971190557617,0.0016836842067451188,0.0016836842067451188,0,2.6876476102753357,8.074017482362319,-5.386369872,TRUE,FALSE,30,275.8389122000008,196,2.6876476102753357,0,3.3553265878007026,4.3667515424441,1.9430012929435077,4.650361019728556,2.488964977788147,3.2696933774454395,3.3247182529776786,4.217498765865661,1.8861410521505004,5.139021448663275,2.614889644667932,3.505156129936407
197,1866.8790716000003,9.447890899999038,0.001,0.001601979295450971,0.001601979295450971,0,2.7068259203161302,0.001714735904835334,0.001714735904835334,0,2.761952623710573,8.074017482362319,-5.312064859,TRUE,FALSE,30,275.8389122000008,196,2.6876476102753357,1,3.4111618020223595,4.424474274024591,1.9641947581792818,4.621515264859113,2.484688118092212,3.2660778338653045,3.4688986485782136,4.4335771287887935,2.0081059297614736,4.991634169969421,2.534722158998043,3.4031472548079647
198,1876.9744014000007,10.073066100001597,0.001,0.0015567703358127737,0.0015567703358127737,0,2.664161797648488,0.0016561714283476374,0.0016561714283476374,0,2.6958468350293705,8.074017482362319,-5.378170647,TRUE,FALSE,30,275.8389122000008,196,2.6876476102753357,2,3.3261341672563742,4.338284549803033,1.9324314708143122,4.5831493430915655,2.4815748290104858,3.2372762602378424,3.3945193924843693,4.404740254150732,1.8792770407023163,4.908924004070201,2.590478459086085,3.3555146782893694
199,1889.7213061000002,12.726435700000366,0.001,0.0016761731568420463,0.0016761731568420463,0,2.7841652974728777,0.0025419364590515826,0.0025419364590515826,0,3.4901722845604515,8.074017482362319,-4.583845198,TRUE,FALSE,30,275.8389122000008,196,2.6876476102753357,3,3.5393211351010914,4.631863794196832,2.034111292714639,4.648700062425238,2.4870063564216536,3.2536323367836677,4.922022615147489,6.321070011486545,2.501494213941508,5.168174609570913,2.590991936207451,3.3571602112633507
200,1900.464731600001,10.718879999998535,0.001,0.0016150714081668279,0.0016150714081668279,0,2.726028941548024,0.0020600395591198533,0.0020600395591198533,0,3.0872513809198896,8.074017482362319,-4.986766101,TRUE,FALSE,30,275.8389122000008,196,2.6876476102753357,4,3.4536177668527084,4.511633204714363,1.9798783697791713,4.589773535149716,2.467485107556534,3.236650093567983,4.138958818565065,5.358189832844229,2.194397488491215,5.034477144126645,2.61394251390459,3.3820012903060146
201,1912.0367601000016,11.551204899998993,0.001,0.0016366614072943473,0.0016366614072943473,0,2.753309617881536,0.0017267124721681967,0.0017267124721681967,0,2.7691598472297354,8.074017482362319,-5.304857635,TRUE,FALSE,30,275.8389122000008,196,2.6876476102753357,5,3.5010758821626964,4.56405459499749,2.0009720459551317,4.573920177936747,2.4944021808978745,3.2430581640323726,3.3590652015903144,4.508760458460855,1.9954912981907738,5.026431531220702,2.68003893764165,3.4115596935041648
202,1922.9625271000004,10.904145000000426,0.001,0.001652503801172197,0.001652503801172197,0,2.7638991407263367,0.001890934563746362,0.001890934563746362,0,2.9122681483826915,8.074017482362319,-5.161749334,TRUE,FALSE,30,275.8389122000008,196,2.6876476102753357,6,3.515786488085874,4.592338435853209,2.016752003491322,4.6208273809300415,2.482363842319902,3.224064212086618,3.6566352293531708,4.956826850091989,2.1141175666740493,5.143962308266606,2.580314657249613,3.3726246765163412
203,1931.8951969000009,8.912273600000844,0.001,0.0016407810107695049,0.0016407810107695049,0,2.757624954403085,0.0016416159261495237,0.0016416159261495237,0,2.706646138203642,8.074017482362319,-5.367371344,TRUE,FALSE,30,275.8389122000008,196,2.6876476102753357,7,3.5059098433522458,4.594568606253267,2.011686615377522,4.579097759774392,2.46788608386259,3.2263575575907657,3.3809244880439753,4.344857870740427,1.9530106607513795,4.861965213923951,2.5490775356088147,3.348215847543638
204,1942.532325,10.612097799999901,0.001,0.0016026271958347377,0.0016026271958347377,0,2.712972288571541,0.0016111552662069102,0.0016111552662069102,0,2.6524293633247886,8.074017482362319,-5.421588119,TRUE,FALSE,30,275.8389122000008,204,2.6524293633247886,0,3.439237664350335,4.483474166704009,1.965541162924716,4.581294651436477,2.461575575836047,3.2349401948417116,3.203650361486631,4.235360663859233,1.8976012521635461,4.953080065031802,2.5886067830888035,3.384640155172683
205,1951.5594028000014,8.99703480000062,0.001,0.001560526099022844,0.001560526099022844,0,2.679071896836144,0.0016359732548569756,0.0016359732548569756,0,2.6523305903316308,8.074017482362319,-5.421686892,TRUE,FALSE,30,275.8389122000008,205,2.6523305903316308,0,3.381784690555127,4.395933814137414,1.950183625110612,4.531421013382785,2.451398367381935,3.1956768129657633,3.189952952231593,4.240963322493901,1.8658919319559124,5.044506907634507,2.589122705372382,3.496273622998615
206,1959.7340750000003,8.145697199999631,0.001,0.001542697891241141,0.001542697891241141,0,2.654869853741838,0.002162595049211761,0.002162595049211761,0,3.139414350080643,8.074017482362319,-4.934603132,TRUE,FALSE,30,275.8389122000008,205,2.6523305903316308,1,3.3353044206011275,4.325028563502169,1.9228122428010803,4.547852040024707,2.4646553278707795,3.214513796471153,4.244229446652468,5.259036907606045,2.2819809780311213,5.385576418684477,2.5564114897009635,3.4843799539351488
207,1968.789499,9.02902019999965,0.001,0.0015733512413813827,0.0015733512413813827,0,2.692434658380171,0.0016981023673720644,0.0016981023673720644,0,2.732727527748111,8.074017482362319,-5.341289955,TRUE,FALSE,30,275.8389122000008,205,2.6523305903316308,2,3.401809987606699,4.434988367612277,1.9597552487724152,4.533381790290556,2.4501760648184834,3.2074190996162497,3.3574051043177837,4.573368982895749,1.9376901113729972,4.983334564237139,2.579509574990163,3.3385723370872937
208,1976.1284597000013,7.318245099999331,0.001,0.0015859102152784405,0.0015859102152784405,0,2.699079873695393,0.0015314978485512685,0.0015314978485512685,0,2.5522454726535417,8.074017482362319,-5.52177201,TRUE,FALSE,30,275.8389122000008,208,2.5522454726535417,0,3.409591463359085,4.449393515814461,1.9632735355313797,4.57323825169331,2.458295251598811,3.2055206987931157,3.079253676506327,4.075224561912845,1.7828465661054498,4.940146689120288,2.5287211569425465,3.322727698005485
209,1984.4390913000007,8.282754699999714,0.001,0.0016497850642154044,0.0016497850642154044,0,2.7672716975367257,0.0015201426377644512,0.0015201426377644512,0,2.5576590584207692,8.074017482362319,-5.516358424,TRUE,FALSE,30,275.8389122000008,208,2.5522454726535417,1,3.5420089608043313,4.6273192100952745,2.0185264752586396,4.580541017077737,2.4563925413760104,3.1997329147963947,3.0429350460655002,4.0225187904256545,1.821582908684153,4.901431262535033,2.548641199283935,3.3377385088226657
210,1992.236154,7.7767192000010255,0.001,0.0015629007720078846,0.0015629007720078846,0,2.68733265051249,0.0018061647035784519,0.0018061647035784519,0,2.81449843909276,8.074017482362319,-5.259519043,TRUE,FALSE,30,275.8389122000008,208,2.5522454726535417,2,3.4032556925635253,4.436926327142835,1.9576297233895579,4.496383556078079,2.4350882989053924,3.1879087824262777,3.4071219069434577,4.803434769829523,2.006819665068707,5.162364490138201,2.6406769566172574,3.3648374276699555
211,2001.371693000001,9.113413999999466,0.001,0.0015206706488754913,0.0015206706488754913,0,2.6362092015141956,0.0018675458301468148,0.0018675458301468148,0,2.8353950484471384,8.074017482362319,-5.238622434,TRUE,FALSE,30,275.8389122000008,208,2.5522454726535417,3,3.3100528993561125,4.292806493031986,1.9100159632147076,4.516302487670306,2.449445349439318,3.191606085024286,3.4656219574515257,4.7448527862837055,2.033096033250726,5.396650368277392,2.549099492261132,3.5116556303870907
212,2009.3722009000012,7.977440900000147,0.001,0.0015508366797345639,0.0015508366797345639,0,2.6729129620119227,0.0016394896769319736,0.0016394896769319736,0,2.6403884458245557,8.074017482362319,-5.433629037,TRUE,FALSE,30,275.8389122000008,208,2.5522454726535417,4,3.3811361273066396,4.422392746317684,1.9436296765911698,4.4979025355868085,2.4300913652449525,3.160566667812701,3.3203931769095125,4.219099956760009,1.8382012816612159,5.114998318329459,2.550958118623545,3.3109307167085094
213,2018.0960060000016,8.704397199999221,0.001,0.001537237064929496,0.001537237064929496,0,2.6518089743866593,0.0017045233647202567,0.0017045233647202567,0,2.7812348338841995,8.074017482362319,-5.292782648,TRUE,FALSE,30,275.8389122000008,208,2.5522454726535417,5,3.3360647693372387,4.354593305779886,1.9283185698703216,4.537594919989626,2.4323273861781622,3.164242936967875,3.562111818972319,4.643415900489042,2.004241416163567,4.79522473509217,2.4760663839266077,3.301870486939144
214,2026.3977295000004,8.282499799999641,0.001,0.001548371941405281,0.001548371941405281,0,2.6768318692858184,0.0018477226421878478,0.0018477226421878478,0,2.962900441634399,8.074017482362319,-5.111117041,TRUE,FALSE,30,275.8389122000008,208,2.5522454726535417,6,3.3748512784712084,4.42067730388038,1.9564124056620755,4.476207968381541,2.430001523939119,3.169232905671107,3.6642000495618388,4.932770205425186,2.240697786615377,4.77245132829534,2.615801661761951,3.4529090304476573
215,2035.9796100000003,9.560197799999514,0.001,0.001523119060510902,0.001523119060510902,0,2.6474974002586023,0.0015250845289173287,0.0015250845289173287,0,2.56939710449838,8.074017482362319,-5.504620378,TRUE,FALSE,30,275.8389122000008,208,2.5522454726535417,7,3.331097683932572,4.35348040147017,1.9280809643970356,4.475352343612815,2.4249224936751883,3.15884009243417,3.1141493913899034,4.16093243835179,1.815579172949874,4.841380137718858,2.491892366106474,3.284099966242061
216,2044.8280567000002,8.825835300000108,0.001,0.0015489209043761496,0.0015489209043761496,0,2.676622999223984,0.001956736856864776,0.001956736856864776,0,2.9622519205306497,8.074017482362319,-5.111765562,TRUE,FALSE,30,275.8389122000008,208,2.5522454726535417,8,3.389092121016066,4.414327617634024,1.955760094369196,4.483761843645101,2.4247523054630586,3.1566865567636384,3.7686041575708353,4.969702315688726,2.1728712072269234,5.293259498345868,2.6159392485227344,3.3281898003276043
217,2053.456625300001,8.605799799999659,0.001,0.0015442019989955127,0.0015442019989955127,0,2.6685611368529583,0.0016441905590008719,0.0016441905590008719,0,2.711705085993578,8.074017482362319,-5.362312396,TRUE,FALSE,30,275.8389122000008,208,2.5522454726535417,9,3.3869678381035064,4.398815410365182,1.9406745002781005,4.487535341538366,2.4266405309097174,3.156443817161113,3.3777170116140334,4.450629765832828,1.9663953324807983,4.855225259883018,2.4950093613762365,3.2875043240881703
218,2062.200151,8.72168799999963,0.001,0.0015184477727404758,0.0015184477727404758,0,2.6436520519819493,0.0014838896584595,0.0014838896584595,0,2.5453176073630397,8.074017482362319,-5.528699875,TRUE,FALSE,30,275.8389122000008,218,2.5453176073630397,0,3.336898874929977,4.360144119394577,1.9173557920403879,4.457849302776156,2.4253003251976786,3.147181599140355,3.0333677929469656,4.109998961606069,1.7994826831492055,4.7356584344819215,2.5660329003408178,3.2294501719887956
219,2070.980501,8.745037500000763,0.001,0.0015866448913129767,0.0015866448913129767,0,2.713605116797875,0.001516616506097516,0.001516616506097516,0,2.5325094394818803,8.074017482362319,-5.541508043,TRUE,FALSE,30,275.8389122000008,219,2.5325094394818803,0,3.450936831328392,4.519911100387352,1.9733828107184086,4.4954183424168415,2.4509865318857726,3.1726740729980745,3.0618058038554063,3.918895314994169,1.7699639710223265,4.976530629682816,2.5319648455696937,3.3801729226858286
220,2079.3767542000005,8.367094700000962,0.001,0.001467117059844195,0.001467117059844195,0,2.5912682321943854,0.001757857948372028,0.001757857948372028,0,2.813835450830866,8.074017482362319,-5.260182032,TRUE,FALSE,30,275.8389122000008,219,2.5325094394818803,1,3.251271382285241,4.2367921870132985,1.8766581251899994,4.4248050986614915,2.4044645565789367,3.1299819505167803,3.549596207787647,4.873140916198554,1.995731857234927,4.86482220918699,2.531074660494472,3.285136412668895
221,2087.7546864000014,8.354861899999378,0.001,0.0015186656001876227,0.0015186656001876227,0,2.647753555556383,0.0016931036376418714,0.0016931036376418714,0,2.7599503896944584,8.074017482362319,-5.314067093,TRUE,FALSE,30,275.8389122000008,219,2.5325094394818803,2,3.3510270815315546,4.3531841306494705,1.927178927593769,4.447451159336083,2.4150405739270275,3.150483827692007,3.43845855655439,4.56181074352992,1.9877109930062409,4.848056786332152,2.507670661351429,3.4334719503270987
222,2097.2698609000017,9.493397999998706,0.001,0.003206602488236833,0.003206602488236833,0,4.065141017411344,0.0016832346507457308,0.0016832346507457308,0,2.678242741280654,8.074017482362319,-5.395774741,TRUE,FALSE,30,275.8389122000008,219,2.5325094394818803,3,5.470527175027226,7.419949943572572,3.1891791258175086,5.308439704911459,2.7305298469627153,3.474378463225538,3.248629646586724,4.267070456694253,1.9183028404460383,5.241101585485529,2.5656909831318155,3.388276526417417
223,2105.2154484000002,7.9242187999989255,0.001,0.001310487666112113,0.001310487666112113,0,2.415639741136292,0.0016623522321463182,0.0016623522321463182,0,2.7479246689767285,8.074017482362319,-5.326092813,TRUE,FALSE,30,275.8389122000008,219,2.5325094394818803,4,2.9186338345522524,3.7777619104086972,1.7354076921312755,4.372178149469547,2.385920928962617,3.121583420024991,3.417117940592434,4.542578690829331,2.0199367361680145,4.796825914834496,2.4828896146599484,3.2818725938119138
224,2112.8784159000006,7.64137540000047,0.001,0.0014591626330766098,0.0014591626330766098,0,2.594643734650052,0.0015584792881509076,0.0015584792881509076,0,2.605296288427433,8.074017482362319,-5.468721194,TRUE,FALSE,30,275.8389122000008,219,2.5325094394818803,5,3.2631277955911133,4.263448886497674,1.888379202766976,4.365025394433883,2.385715507769541,3.101242198455647,3.2052120104385295,4.203721750595779,1.8193261929205802,4.826514331183313,2.524526653321609,3.380948318902587
225,2121.0323006000017,8.133854800000336,0.001,0.0014774800553525166,0.0014774800553525166,0,2.6103421480794116,0.0016450201306817509,0.0016450201306817509,0,2.722141421794574,8.074017482362319,-5.351876061,TRUE,FALSE,30,275.8389122000008,219,2.5325094394818803,6,3.284140828944551,4.301047505068303,1.9001040624741345,4.393137150793616,2.390469598845313,3.1129324053231366,3.375604999879087,4.64062261586026,1.95545029950881,4.746548033370005,2.474913013070179,3.244208197401958
226,2129.3414092000003,8.285577900000135,0.001,0.0014588989808033844,0.0014588989808033844,0,2.5945379367959447,0.001926131851218111,0.001926131851218111,0,2.9589259198731366,8.074017482362319,-5.115091562,TRUE,FALSE,30,275.8389122000008,219,2.5325094394818803,7,3.275142407277725,4.26106683643708,1.8840531692897358,4.358718513195795,2.386600083807794,3.099836701240692,3.8781192189528224,5.005236345844312,2.139371334255083,5.080621543549584,2.501653568222546,3.3977105448520817
227,2137.990664,8.629349099999672,0.001,0.0015201453457285594,0.0015201453457285594,0,2.6549519340838477,0.0016447985090509527,0.0016447985090509527,0,2.7252412536616837,8.074017482362319,-5.348776229,TRUE,FALSE,30,275.8389122000008,219,2.5325094394818803,8,3.378703118088469,4.394660835717091,1.9340364844959343,4.414085002606418,2.3923769433003557,3.1289530848637024,3.3402572620411317,4.433059312647691,2.0338898437814343,4.855913188515158,2.470662011671906,3.269392565312669
228,2146.9803706000002,8.96286659999896,0.001,0.0014738996392898507,0.0014738996392898507,0,2.6035485428910947,0.0016922831787932369,0.0016922831787932369,0,2.7878580480896504,8.074017482362319,-5.286159434,TRUE,FALSE,30,275.8389122000008,219,2.5325094394818803,9,3.2788431497696098,4.279426758507616,1.8919242069760656,4.405701065252478,2.384550758672085,3.119951211448268,3.585453922710047,4.663896001422921,2.0046964130488805,4.681582450612129,2.4850365174057734,3.3196736465014713
229,2155.300887900001,8.297554500000842,0.001,0.0014941890695565944,0.0014941890695565944,0,2.635416070031592,0.0017633094561586057,0.0017633094561586057,0,2.862964465790675,8.074017482362319,-5.211053017,TRUE,FALSE,30,275.8389122000008,219,2.5325094394818803,10,3.35014342594777,4.374898244476819,1.9200483551371654,4.356818029530716,2.3760239812325503,3.099306001028611,3.7064859403816346,4.589195529044765,2.105210685071796,4.767152884877456,2.5223669616099924,3.493917968055507
230,2163.860642900001,8.535051400000157,0.001,0.0014381871070223862,0.0014381871070223862,0,2.5696661517191965,0.0016131369648626041,0.0016131369648626041,0,2.6558603514877888,8.074017482362319,-5.418157131,TRUE,FALSE,30,275.8389122000008,219,2.5325094394818803,11,3.2215807877372806,4.196734817645687,1.8642055532943556,4.3683395514857875,2.387248655494583,3.1035654836847706,3.44672342666971,4.183766229259382,1.8651283992154186,4.923755577308689,2.50480554022586,3.3037393833467945
231,2172.1267946000007,8.240295100000367,0.001,0.0015198349146209316,0.0015198349146209316,0,2.6540146620031915,0.0015716870464376944,0.0015716870464376944,0,2.6622373222632256,8.074017482362319,-5.41178016,TRUE,FALSE,30,275.8389122000008,219,2.5325094394818803,12,3.364843870156214,4.4074257113229205,1.9361903880657716,4.421192917536854,2.393903957162293,3.1130179916531544,3.2882301689298883,4.1238686243573035,1.9646213140593223,4.7886388830650395,2.568818868511939,3.2807937702228576
232,2180.6347411000006,8.485924800001158,0.001,0.0014035883075916853,0.0014035883075916853,0,2.5284881028668953,0.0019406734754133011,0.0019406734754133011,0,3.0275613277848183,8.074017482362319,-5.046456155,TRUE,FALSE,30,275.8389122000008,219,2.5325094394818803,13,3.146342338941652,4.086325378039511,1.8280518462459954,4.370393028931741,2.3861203666006547,3.1086167257514625,4.0509516915833075,5.2293615145338315,2.201721051698027,4.772463093119588,2.492858496045619,3.295283788249391
233,2188.5343337000013,7.8769859000003635,0.001,0.0015389599182335546,0.0015389599182335546,0,2.678597621712436,0.001525590591156778,0.001525590591156778,0,2.5700830693637244,8.074017482362319,-5.503934413,TRUE,FALSE,30,275.8389122000008,219,2.5325094394818803,14,3.4214150628612225,4.4834686965917845,1.9553443784157625,4.397450366957107,2.380067819396833,3.1056521867848375,3.2580819930948057,4.044291694910965,1.788184964191117,4.822657247954755,2.46755041298024,3.333030778429473
234,2196.3709290000006,7.814128100000744,0.001,0.0014290320708692324,0.0014290320708692324,0,2.5560364831730458,0.001818330928044405,0.001818330928044405,0,2.9287741695198757,8.074017482362319,-5.145243313,TRUE,FALSE,30,275.8389122000008,219,2.5325094394818803,15,3.2036952493560764,4.164702450216398,1.851132377904486,4.383226961841367,2.3808072626961216,3.095379304811734,3.759930571257125,5.102485113438162,2.1394242598844873,4.639733311870602,2.49028464137815,3.298879284891735
235,2203.5073494000007,7.115464300000895,0.001,0.001405168413834087,0.001405168413834087,0,2.5267349946494497,0.0017058476334858444,0.0017058476334858444,0,2.7970578306216956,8.074017482362319,-5.276959652,TRUE,FALSE,30,275.8389122000008,219,2.5325094394818803,16,3.140642403957556,4.087435369233372,1.83081326166085,4.397466964132748,2.3774503108043334,3.091664028621182,3.555023169507033,4.717103783668853,2.0286734887438462,4.7377907611185055,2.486874750077791,3.279383950089311
236,2211.1122731000014,7.584635100000014,0.001,0.00146729562710022,0.00146729562710022,0,2.6096955685427052,0.0015326198324814668,0.0015326198324814668,0,2.5925231974272624,8.074017482362319,-5.481494285,TRUE,FALSE,30,275.8389122000008,219,2.5325094394818803,17,3.3067116214227164,4.33107623038468,1.899585574370752,4.329180228035617,2.3608138487543915,3.0832578666869304,3.2883445132888838,4.157185981279137,1.8116391154161156,4.74624898349359,2.457165844091389,3.311259278577878
237,2219.4055543000013,8.272573099999136,0.001,0.0014698331715036837,0.0014698331715036837,0,2.601807880193006,0.0020061548988612385,0.0020061548988612385,0,3.101439560613433,8.074017482362319,-4.972577922,TRUE,FALSE,30,275.8389122000008,219,2.5325094394818803,18,3.282134179658907,4.2875048419639645,1.893561328241137,4.3951871091898935,2.3727260492541187,3.096150165027681,3.8856125435338624,5.697243938057019,2.294917967054057,4.709635154615714,2.5474385064757037,3.2509003243706376
238,2227.9789039000007,8.552002999998876,0.001,0.0014852954881870333,0.0014852954881870333,0,2.6268471450285746,0.0014943038465693992,0.0014943038465693992,0,2.5548673775315476,8.074017482362319,-5.519150105,TRUE,FALSE,30,275.8389122000008,219,2.5325094394818803,19,3.335554634093036,4.376116512129174,1.9147110881450558,4.34828082544344,2.3582707985419495,3.0825939569590743,3.168647234711915,4.183844169158079,1.8031331551663914,4.736740682622734,2.448401864067964,3.149402744789251
239,2235.6547310000005,7.650246699999116,0.001,0.001391115775616446,0.001391115775616446,0,2.522158184136158,0.001822967846603801,0.001822967846603801,0,2.9041380735587743,8.074017482362319,-5.169879409,TRUE,FALSE,30,275.8389122000008,219,2.5325094394818803,20,3.1481661789766373,4.106570194919145,1.8272835174280961,4.325444114234112,2.3560620280500695,3.070002596752848,3.718484810417132,5.2700403078256555,2.0567573696987766,4.682638171825972,2.45590993623915,3.240301504714648
240,2243.691111100001,8.013594599999124,0.001,0.0014677517256065818,0.0014677517256065818,0,2.6142571536156076,0.0015158451001162539,0.0015158451001162539,0,2.5904741536776044,8.074017482362319,-5.483543329,TRUE,FALSE,30,275.8389122000008,219,2.5325094394818803,21,3.3184836505262854,4.338184315417968,1.9077746557016118,4.3162043902501415,2.3627838147346463,3.06535684099117,3.131748556454829,4.218877958976651,1.8772383457154305,4.73476091568675,2.431330682830233,3.2660693303537243
241,2252.0317528000014,8.319578900000124,0.0008,0.0011629263770123468,0.0011629263770123468,0,2.2691097335870594,0.0013638012684000786,0.0013638012684000786,0,2.447913104837323,8.074017482362319,-5.626104378,TRUE,FALSE,30,275.8389122000008,241,2.447913104837323,0,2.7070242065727874,3.4873944767030527,1.6279076113045279,4.16466383921906,2.294312508500433,2.980195835569362,2.888332061366346,3.8439534973379486,1.7728702584076637,4.573011227670472,2.445334272913804,3.153097453431195
242,2260.3055539000015,8.242122700001346,0.0008,0.00115341058222887,0.00115341058222887,0,2.2551420764004524,0.0014379412914343258,0.0014379412914343258,0,2.5223429789155527,8.074017482362319,-5.551674503,TRUE,FALSE,30,275.8389122000008,241,2.447913104837323,1,2.676685241545038,3.4520714471775467,1.6121182907565934,4.168487286651067,2.302378623765897,2.982174618035021,3.111187495594472,4.117192325010798,1.7549309011542997,4.5551031349086655,2.533054907095538,3.1254821137710316
243,2268.6940719000013,8.36386279999897,0.0008,0.001185106763947439,0.001185106763947439,0,2.2884875123859305,0.0013642590977600542,0.0013642590977600542,0,2.4322204705372847,8.074017482362319,-5.641797012,TRUE,FALSE,30,275.8389122000008,243,2.4322204705372847,0,2.7340755943570922,3.529479277030239,1.6415258110175537,4.2160534658586695,2.308591139741803,2.988148426442109,2.8610309142300276,3.8684909565666974,1.744931626203982,4.6238509416251,2.426752643027614,3.1312145907901914
244,2277.0054385000003,8.277261200000794,0.0008,0.0012635890003317128,0.0012635890003317128,0,2.3883787785489563,0.0014903808530065943,0.0014903808530065943,0,2.566645211774562,8.074017482362319,-5.507372271,TRUE,FALSE,30,275.8389122000008,243,2.4322204705372847,1,2.91426178934738,3.786477730462734,1.728204368137683,4.223276535965207,2.321087257751579,3.005990355836056,3.1781903141453203,4.396183965043716,1.771933428715965,4.5727575150340245,2.4365278424357815,3.157366303416183
245,2285.277675000001,8.247782700000243,0.0008,0.0013228571905172795,0.0013228571905172795,0,2.4631095205600393,0.0014401713044701228,0.0014401713044701228,0,2.4919248545255472,8.074017482362319,-5.582092628,TRUE,FALSE,30,275.8389122000008,243,2.4322204705372847,2,3.0612005148361066,3.9990325688374675,1.7869869771351687,4.2058600456515505,2.3197079384752883,3.0060771434501445,2.9631788538165553,4.138558354673687,1.7530943745383059,4.710127616412492,2.4057681749711857,3.1896076683153973
246,2293.163726300001,7.864064100000178,0.0008,0.0012942298329920617,0.0012942298329920617,0,2.428852899374424,0.002228592314632616,0.002228592314632616,0,3.3270337660733533,8.074017482362319,-4.746983716,TRUE,FALSE,30,275.8389122000008,243,2.4322204705372847,3,3.0038870179562682,3.9013186180984225,1.7562849362515263,4.201227002280197,2.3217649336740847,3.00712420869309,4.6147263878539295,6.05221133153776,2.464768182530329,4.5713992065116384,2.3879762820529873,3.150221734471257
247,2302.535523800001,9.35028710000006,0.0008,0.0013582295296791504,0.0013582295296791504,0,2.5020029599349147,0.0013627090606631558,0.0013627090606631558,0,2.408975688541957,8.074017482362319,-5.665041794,TRUE,FALSE,30,275.8389122000008,247,2.408975688541957,0,3.1344007056444454,4.093929160238666,1.819615870630903,4.227558688663445,2.3226337294609696,3.0063474032692756,2.8471469653733585,3.82213467171324,1.6821695507479875,4.665846806580047,2.402881479190474,3.24399316068145
248,2310.6044389000017,8.031196899999486,0.0008,0.0012546545744631151,0.0012546545744631151,0,2.37901606282315,0.0014152084540747423,0.0014152084540747423,0,2.49248479819114,8.074017482362319,-5.581532684,TRUE,FALSE,30,275.8389122000008,247,2.408975688541957,1,2.9152706112183537,3.7825597453758935,1.7183793003861865,4.2059204058192625,2.299573298481379,2.9887811387697116,3.139003986637427,4.04012991569688,1.7360625092510493,4.545830947282992,2.397002676205529,3.1456888390022315
249,2319.3958404000005,8.767567200000485,0.0008,0.0012394303470833464,0.0012394303470833464,0,2.3635681709596352,0.0017376830819101025,0.0017376830819101025,0,2.803435082147115,8.074017482362319,-5.2705824,TRUE,FALSE,30,275.8389122000008,247,2.408975688541957,2,2.8856877966683467,3.7588155191918595,1.7020560848967428,4.180498506852639,2.3002085737419122,2.984881048615037,3.58345013290479,5.157380733096736,1.9343279257742425,4.67859018277452,2.4122268473835984,3.142221977349132
250,2327.3587997000013,7.941621199999645,0.0008,0.0013348931915249356,0.0013348931915249356,0,2.4807348383643575,0.0014544594032147983,0.0014544594032147983,0,2.5256896328303378,8.074017482362319,-5.54832785,TRUE,FALSE,30,275.8389122000008,247,2.408975688541957,3,3.1024463369893325,4.058523529821885,1.8032673296378827,4.189662983058608,2.310199659930772,2.98535546965078,2.9850986544950375,4.0439482298135765,1.8344970029771306,4.722636265316351,2.4437222436483763,3.238714168474574
251,2337.7591694000002,10.3762284000004,0.0008,0.001250125001115139,0.001250125001115139,0,2.3787227009110383,0.001469948245365468,0.001469948245365468,0,2.4910497387076207,8.074017482362319,-5.582967744,TRUE,FALSE,30,275.8389122000008,247,2.408975688541957,4,2.9220475506692054,3.7955273592647956,1.7180286090833825,4.17621379242267,2.2940240389351296,2.9749555502956673,3.027212387374242,4.098038876886983,1.7168423732829179,4.859565332408319,2.425131624891445,3.1890400644860857
252,2345.6581914000017,7.875061800001276,0.0008,0.0012558601392643487,0.0012558601392643487,0,2.3779319073874357,0.0013245702611653061,0.0013245702611653061,0,2.393781639445822,8.074017482362319,-5.680235843,TRUE,FALSE,30,275.8389122000008,252,2.393781639445822,0,2.908564001505652,3.784653542342479,1.7161955766168586,4.218386217441806,2.297535204710024,2.994769202900555,2.8616190638335617,3.7002754647507796,1.7085047437052243,4.581718187223596,2.422816560356599,3.1125850154587655
253,2354.241417200001,8.54920519999905,0.0008,0.0012644404146976982,0.0012644404146976982,0,2.389908907480333,0.0014058911475771185,0.0014058911475771185,0,2.4757563788221115,8.074017482362319,-5.598261104,TRUE,FALSE,30,275.8389122000008,252,2.393781639445822,1,2.9434001799239438,3.8197825308582005,1.7259992782480054,4.211177638190392,2.2905081820951048,2.9835318116125107,3.09406702476528,4.157579107187692,1.6875482985443149,4.515654452024336,2.3882583465252583,3.1074066841231676
254,2361.586173400001,7.323134300000675,0.0008,0.0012818071240493386,0.0012818071240493386,0,2.4167816006279605,0.0014916129591404945,0.0014916129591404945,0,2.586426548089486,8.074017482362319,-5.487590934,TRUE,FALSE,30,275.8389122000008,252,2.393781639445822,2,2.9882926122235496,3.8970719994469896,1.753730205258989,4.19066771827503,2.293031622142606,2.9690139433498453,3.136208842759324,4.292803084328914,1.8601059706115086,4.6006220545816685,2.4717720714439375,3.168333189851322
255,2369.5525380000017,7.944842200000494,0.0008,0.0012866472406757243,0.0012866472406757243,0,2.4287200406506297,0.00137082144532358,0.00137082144532358,0,2.4504786771921676,8.074017482362319,-5.623538805,TRUE,FALSE,30,275.8389122000008,252,2.393781639445822,3,3.0203249460296226,3.930399291121482,1.762291847824085,4.153989863079144,2.2892714274598007,2.972383570399586,3.0760994101053507,3.8061011401826885,1.7416574546763586,4.560333773140226,2.3789551339589803,3.1249236954376602
256,2377.9671614000017,8.391169900000023,0.0008,0.0012382792129452026,0.0012382792129452026,0,2.3667904801121167,0.0015887607598622751,0.0015887607598622751,0,2.670134546692561,8.074017482362319,-5.403882936,TRUE,FALSE,30,275.8389122000008,252,2.393781639445822,4,2.9080265482186616,3.765825752870123,1.707680542313508,4.160299625386326,2.2867173216362633,2.9725027928659427,3.251820469345274,4.55588662841048,1.9548245982695938,4.753985765019104,2.4034602825392244,3.1312320102081683
257,2388.2098775000013,10.213892599998871,0.0008,0.0012788568290231928,0.0012788568290231928,0,2.416044596077082,0.0013061278342950179,0.0013061278342950179,0,2.3677085684772297,8.074017482362319,-5.706308914,TRUE,FALSE,30,275.8389122000008,257,2.3677085684772297,0,2.9885980030109125,3.8968515939414328,1.7542317424280647,4.175699530917928,2.2905692870672714,2.9669063832911924,2.8150699278580626,3.7406895798047306,1.6684626192482104,4.557672998357706,2.3896784713914108,3.090692607902058
258,2396.9523597000007,8.70103889999882,0.0008,0.001242442690087183,0.001242442690087183,0,2.375036373129321,0.001448942942143781,0.001448942942143781,0,2.5245755624855626,8.074017482362319,-5.54944192,TRUE,FALSE,30,275.8389122000008,257,2.3677085684772297,1,2.9244803435465743,3.8020025873433734,1.7144784551478842,4.143046393486661,2.2856782570122594,2.960070364513208,3.0055437943162278,4.077614726805061,1.7937391995352756,4.624052898677941,2.4169952971020368,3.3803096055152784
259,2405.7104690000015,8.731794199999058,0.0008,0.001312053964353953,0.001312053964353953,0,2.458401707842509,0.0013092837678680897,0.0013092837678680897,0,2.3928679703303657,8.074017482362319,-5.681149512,TRUE,FALSE,30,275.8389122000008,257,2.3677085684772297,2,3.0808149626887946,4.024934560817878,1.7822548998098577,4.153934725891088,2.2904872805379686,2.960756856249336,2.8837707231700405,3.7031173986551598,1.713953592237458,4.483981004877011,2.3661495066137546,3.1546573461509526
260,2414.2760571000017,8.541417099999308,0.0008,0.001231918275952983,0.001231918275952983,0,2.366632253799801,0.001408363890947799,0.001408363890947799,0,2.490293796341893,8.074017482362319,-5.583723686,TRUE,FALSE,30,275.8389122000008,257,2.3677085684772297,3,2.9085835234341575,3.786835514278436,1.71486282535187,4.123590260707288,2.2675245102384616,2.951332483145823,3.025095991258056,4.147555293338014,1.749168758342258,4.5250673290172525,2.403262926662144,3.1295126045435557
261,2423.0365165000003,8.731384500000786,0.0008,0.0012082812006960705,0.0012082812006960705,0,2.334931227491679,0.0013723209510141665,0.0013723209510141665,0,2.4465568823874837,8.074017482362319,-5.6274606,TRUE,FALSE,30,275.8389122000008,257,2.3677085684772297,4,2.8399690687506185,3.701607945230647,1.6852472915906882,4.132353823949869,2.2823376227122734,2.9519151382829194,3.0643593237880897,3.8327080558840683,1.7276582366839075,4.569303318074349,2.357268558981174,3.156741451041878
262,2431.3326725000006,8.26751830000103,0.0008,0.0012936583067153572,0.0012936583067153572,0,2.438888060341555,0.0014785374120728926,0.0014785374120728926,0,2.5590163378628104,8.074017482362319,-5.515001144,TRUE,FALSE,30,275.8389122000008,257,2.3677085684772297,5,3.0392080852893857,3.9760977420569588,1.773236040119897,4.1479093855205775,2.2790886531446555,2.953325838582381,3.2584606202992883,4.175522089939307,1.8218777324791824,4.6427309347510395,2.3684473861248065,3.1049114230181094
263,2439.8500860000004,8.494589100000667,0.0008,0.001196492813070716,0.001196492813070716,0,2.316672537524408,0.0014321654219310491,0.0014321654219310491,0,2.5320752929638957,8.074017482362319,-5.541942189,TRUE,FALSE,30,275.8389122000008,257,2.3677085684772297,6,2.824026342708601,3.6549263668899927,1.6657024516812717,4.143942833699897,2.274595003246401,2.938745798114155,3.189864138458697,4.074484448225761,1.8174536079489452,4.52668014401197,2.3876083408194924,3.111001820838703
264,2449.1652237000017,9.28870040000038,0.0008,0.001269417748477536,0.001269417748477536,0,2.406423579922191,0.0013471580625391047,0.0013471580625391047,0,2.4319042755580225,8.074017482362319,-5.642113207,TRUE,FALSE,30,275.8389122000008,257,2.3677085684772297,7,2.9828496188685905,3.8921920334398243,1.7474117061516679,4.1637900547335915,2.270366701552279,2.9429785354356373,2.9291365884785026,3.865703427392601,1.733735308693773,4.517475373642424,2.4214376020343433,3.101155519299999
265,2458.2271831000016,9.036358400000609,0.0008,0.0012559334889353949,0.0012559334889353949,0,2.394716518515864,0.0014479132054604502,0.0014479132054604502,0,2.544472330241901,8.074017482362319,-5.529545152,TRUE,FALSE,30,275.8389122000008,257,2.3677085684772297,8,2.969387662785628,3.864325258441132,1.734654945604096,4.133099403013632,2.274099403862834,2.938443137194355,2.9641072299258937,4.176255146326273,1.8713320849244268,4.598291068437858,2.4110920094493498,3.228793430880255
266,2466.718349500001,8.463154200000645,0.0008,0.0012113532853572566,0.0012113532853572566,0,2.333855443766076,0.0013685216008268645,0.0013685216008268645,0,2.410231048082347,8.074017482362319,-5.663786434,TRUE,FALSE,30,275.8389122000008,257,2.3677085684772297,9,2.84333705962313,3.692477019095498,1.686364723307121,4.163069152632208,2.2714033949687904,2.9490216621087706,2.8664498685302418,3.7659991204330465,1.718913588545649,4.767057618109484,2.4103089569924343,3.1077031200379612
267,2475.6414811000013,8.89951579999979,0.0008,0.001233842346104119,0.001233842346104119,0,2.3668039807506807,0.001380709358742841,0.001380709358742841,0,2.4665862294455607,8.074017482362319,-5.607431253,TRUE,FALSE,30,275.8389122000008,257,2.3677085684772297,10,2.9165727892147775,3.786259868405862,1.710345231624099,4.133332281393442,2.2707505090935975,2.9506339518504743,3.128830248834232,3.9406199804668196,1.7256496750426773,4.496288191311141,2.365629330015144,3.126988485415869
268,2484.062499400001,8.395587599999999,0.0008,0.00125478426211805,0.00125478426211805,0,2.3964165178173378,0.0013826953738860866,0.0013826953738860866,0,2.475527057266871,8.074017482362319,-5.598490425,TRUE,FALSE,30,275.8389122000008,257,2.3677085684772297,11,2.9655207331539915,3.872797719515882,1.7391226029001945,4.120045563825158,2.2718398819193752,2.9405009512842954,2.9240925999358547,4.116359181626586,1.7713620816419098,4.479182914633377,2.3759134983597407,3.158937993875599
269,2492.3217201000007,8.236703300000954,0.0008,0.0012511285507918705,0.0012511285507918705,0,2.3975905089831504,0.0013374468473267389,0.0013374468473267389,0,2.4185365726308246,8.074017482362319,-5.65548091,TRUE,FALSE,30,275.8389122000008,257,2.3677085684772297,12,2.9816113889335596,3.8917237116620123,1.7433516350377467,4.087175119169432,2.2484798115280875,2.923429104981322,2.8933639458059974,3.96855655416985,1.7163964712516497,4.485639355100327,2.348564965016122,3.077503802988385
270,2500.7732054000007,8.429875900001207,0.0008,0.0012356178197517524,0.0012356178197517524,0,2.3683095431253656,0.0014285369359566334,0.0014285369359566334,0,2.480648008719697,8.074017482362319,-5.593369474,TRUE,FALSE,30,275.8389122000008,257,2.3677085684772297,13,2.9218357252259537,3.8133023515780726,1.710956825401343,4.132660310434574,2.2595792852998993,2.9346011604845232,3.1041205530836544,4.011423672758139,1.7422145878911146,4.726329832403024,2.376125263890912,3.0707869042538354
271,2509.313605700001,8.515990800000509,0.0008,0.001194750641619989,0.001194750641619989,0,2.3273876870946797,0.0015215841380789203,0.0015215841380789203,0,2.6386768023055645,8.074017482362319,-5.43534068,TRUE,FALSE,30,275.8389122000008,257,2.3677085684772297,14,2.850309740230451,3.712132295534081,1.6817747882925338,4.077387531336008,2.24736195901586,2.923253783577831,3.3551413813793944,4.453487554091864,1.905764157383484,4.473371566471741,2.342590099098043,3.1253048208042236
272,2518.060062300001,8.718946899998627,0.0008,0.0012605977813406292,0.0012605977813406292,0,2.40822361887335,0.0013284252424935682,0.0013284252424935682,0,2.406249677032007,8.074017482362319,-5.667767805,TRUE,FALSE,30,275.8389122000008,257,2.3677085684772297,15,3.0045936531680497,3.9268746885775254,1.7483930062578021,4.089701539111388,2.254926395836771,2.914498041444883,2.980541375483491,3.7666961882350587,1.705206862068364,4.504066685093413,2.3276183197490092,3.1277836750100194
273,2529.618509,11.52926380000099,0.0008,0.0012307176742217478,0.0012307176742217478,0,2.3695487350675215,0.0014817674529568811,0.0014817674529568811,0,2.5571827850142816,8.074017482362319,-5.516834697,TRUE,FALSE,30,275.8389122000008,257,2.3677085684772297,16,2.9361028643730065,3.816637870366266,1.7161227856289591,4.097647266526136,2.249521798328128,2.9209268205992958,3.1947502532347114,4.2883522548446695,1.7746428149559679,4.592066250937914,2.4151456382730814,3.1925596894230193
274,2538.1412794000007,8.492260600000009,0.0008,0.0011838040258484804,0.0011838040258484804,0,2.3100873075340114,0.00168612461431332,0.00168612461431332,0,2.8078582025000407,8.074017482362319,-5.26615928,TRUE,FALSE,30,275.8389122000008,257,2.3677085684772297,17,2.8174505324177637,3.654371441121325,1.6667296058621166,4.099139897753552,2.255106702946976,2.9207592433025047,3.6959085939537193,4.791653966048423,2.061307440744749,4.598453132531067,2.363637680743887,3.0641941326543147
275,2545.70081,7.535826900000757,0.0008,0.001231499436099054,0.001231499436099054,0,2.3722741294282557,0.0012891054589043557,0.0012891054589043557,0,2.371545602861493,8.074017482362319,-5.70247188,TRUE,FALSE,30,275.8389122000008,257,2.3677085684772297,18,2.93798850288766,3.8368082037167275,1.718258766664017,4.087554230308698,2.2499788809781776,2.912300260201024,2.894945811681533,3.79528068937867,1.6508958506881652,4.389671047798407,2.3377514463639724,3.1212034860528832
276,2553.1583376000017,7.435899399999471,0.0008,0.001185679754289434,0.001185679754289434,0,2.3148266780889237,0.0016175096769750117,0.0016175096769750117,0,2.7327119976705267,8.074017482362319,-5.341305485,TRUE,FALSE,30,275.8389122000008,257,2.3677085684772297,19,2.8330739284301956,3.6738604908939196,1.6715050747495113,4.087053911059404,2.249261849679389,2.909662613691784,3.391852369421517,4.8939689911950985,1.9823215754975012,4.524309221872254,2.3710238499385543,3.0377959211343435
277,2561.488108,8.303220699999656,0.0008,0.0011964031976621282,0.0011964031976621282,0,2.3363735546706543,0.0013200981718637346,0.0013200981718637346,0,2.413096679706082,8.074017482362319,-5.660920803,TRUE,FALSE,30,275.8389122000008,257,2.3677085684772297,20,2.879239099793761,3.744447783252179,1.695476227377805,4.048071645246464,2.230530876011076,2.8993251301180223,3.012986541534975,3.8290209259885604,1.7015835109908073,4.416628087907522,2.369412069309091,3.041346214328499
278,2569.693161,8.179111999999805,0.0008,0.0012576148222106715,0.0012576148222106715,0,2.41161546107428,0.00161639696954063,0.00161639696954063,0,2.752787097306277,8.074017482362319,-5.321230385,TRUE,FALSE,30,275.8389122000008,257,2.3677085684772297,21,3.0186019021387347,3.939871501360165,1.7566905552189291,4.056310291891119,2.2383298291320535,2.9053524900128065,3.4387501620470244,4.831234954621003,2.040879888114922,4.480166239887673,2.3482127504692603,3.052099182765792
279,2578.087447600001,8.368632600000637,0.00064,0.0010448876950597678,0.0010448876950597678,0,2.153996736658141,0.0011955943195421064,0.0011955943195421064,0,2.2805648171761326,8.074017482362319,-5.793452665,TRUE,FALSE,30,275.8389122000008,279,2.2805648171761326,0,2.5533348694700133,3.293674086844743,1.545997527576622,3.9454607177941705,2.199684182145454,2.8441051166567326,2.6695578556401722,3.5872510876363437,1.632826494255029,4.321740569010283,2.3140331530235354,2.9687435049462114
280,2585.939418600001,7.817033600000286,0.00064,0.0010254906084123964,0.0010254906084123964,0,2.1264726171436363,0.0012165025290711395,0.0012165025290711395,0,2.2739101702423508,8.074017482362319,-5.800107312,TRUE,FALSE,30,275.8389122000008,280,2.2739101702423508,0,2.497989961863422,3.218783522303386,1.5220643163364425,3.9473500733780136,2.1994821621779086,2.843168341356898,2.6776313695350042,3.5686108255409508,1.5909657220319502,4.445365311497053,2.3284080000116996,3.0138328302626
281,2593.364092,7.390968800000337,0.00064,0.001050099560965542,0.001050099560965542,0,2.159804103133065,0.0012757948274854305,0.0012757948274854305,0,2.365449894634796,8.074017482362319,-5.708567588,TRUE,FALSE,30,275.8389122000008,280,2.2739101702423508,1,2.559600218050037,3.3046121577764738,1.551608096345019,3.956361624272968,2.205633017162219,2.844568971780782,2.958921196238785,3.72965382200431,1.6786242236587048,4.390748232481882,2.292987681681372,2.983595476091694
282,2601.592387300001,8.205481899998631,0.00064,0.0010798815652722426,0.0010798815652722426,0,2.199919409326506,0.0012362160262524885,0.0012362160262524885,0,2.323243658888384,8.074017482362319,-5.750773823,TRUE,FALSE,30,275.8389122000008,280,2.2739101702423508,2,2.643127954200217,3.4322852703654005,1.5834428626250205,3.953521666771572,2.198315895155019,2.8374923600780178,2.7528550416749025,3.637216864254951,1.6642994639000426,4.377486325109974,2.331079697270508,3.0331856928533476
283,2610.0974045000003,8.482387599999129,0.00064,0.0010991111645204355,0.0010991111645204355,0,2.2227503652119225,0.0014357728698995893,0.0014357728698995893,0,2.552268326146274,8.074017482362319,-5.521749156,TRUE,FALSE,30,275.8389122000008,280,2.2739101702423508,3,2.679348898346178,3.4734697309193234,1.6055436927345301,3.977759214998812,2.204853466871306,2.8512149731231355,3.208029721928115,4.337307416841593,1.8179608664151474,4.386741820907597,2.3470436963825962,3.0263454583998164
284,2618.164720500001,8.040475199999491,0.00064,0.001124726052675725,0.001124726052675725,0,2.2534398047622712,0.0012298558610954493,0.0012298558610954493,0,2.324365606805063,8.074017482362319,-5.749651876,TRUE,FALSE,30,275.8389122000008,280,2.2739101702423508,4,2.7368840003554893,3.5609937738645083,1.6286928112807413,3.9917281617845064,2.2087192445965225,2.851549572362905,2.78272351746387,3.786577429000341,1.6355520417307363,4.267827686556884,2.3074778800855267,2.985918516805077
285,2626.4323951000006,8.244973899998513,0.00064,0.0010964526133115191,0.0010964526133115191,0,2.2213562696711375,0.0013286511767151665,0.0013286511767151665,0,2.4429301522527607,8.074017482362319,-5.63108733,TRUE,FALSE,30,275.8389122000008,280,2.2739101702423508,5,2.684600112085842,3.4752547090908346,1.6003546194614384,3.9596899231080034,2.2028475585450695,2.8548797534054784,2.9919071364815832,3.9127751296451,1.758782165733945,4.361068651482112,2.383337165947444,3.04642848
286,2634.6366614000017,8.181101500000295,0.00064,0.0011052896684005814,0.0011052896684005814,0,2.2295674230342835,0.0012591376684698927,0.0012591376684698927,0,2.3411291374510315,8.074017482362319,-5.732888345,TRUE,FALSE,30,275.8389122000008,280,2.2739101702423508,6,2.6997899083616503,3.4997740308709218,1.6069468894745822,3.9783923299924187,2.202063745110828,2.850665779547895,2.7314348517628755,3.6010242548058393,1.6670545270609312,4.442160380840998,2.4323577724088845,3.1113138910013722
287,2642.593332800001,7.930491499999334,0.00064,0.001106711090284287,0.001106711090284287,0,2.2335641457545368,0.0012313605650528347,0.0012313605650528347,0,2.278619140514739,8.074017482362319,-5.795398342,TRUE,FALSE,30,275.8389122000008,280,2.2739101702423508,7,2.6985764598312376,3.513312329926893,1.6118457730273636,3.971275295958481,2.2099565486790285,2.847176368089007,2.687407186578018,3.4996215708397274,1.5978576341345887,4.533677503976834,2.344872470593981,3.049092541179462
288,2651.0262058000008,8.406556500000079,0.00064,0.0011143492476359748,0.0011143492476359748,0,2.2438107720887452,0.0013413720893152882,0.0013413720893152882,0,2.4287386804410973,8.074017482362319,-5.645278802,TRUE,FALSE,30,275.8389122000008,280,2.2739101702423508,8,2.7266869113915426,3.5466699344524613,1.6165906511736678,3.964329103272525,2.2088863825121043,2.845435543427254,3.0012473455567004,4.055864301859848,1.6847844577009206,4.411801226642983,2.363545855951758,3.000899364680399
289,2659.5928934000003,8.539617999998882,0.00064,0.001087996266829906,0.001087996266829906,0,2.208315559858055,0.0012651669966222262,0.0012651669966222262,0,2.3452307946626174,8.074017482362319,-5.728786688,TRUE,FALSE,30,275.8389122000008,280,2.2739101702423508,9,2.6542635218641792,3.4502549125887203,1.5909830965564118,3.97073930563396,2.200949084676941,2.8422538358405665,2.935957887286706,3.676489910410464,1.6448151522587113,4.407838147995721,2.303101584552245,2.9981760950909178
290,2667.7181619000003,8.102261899999576,0.00064,0.0010912914447023445,0.0010912914447023445,0,2.217460835594854,0.0012357586934500183,0.0012357586934500183,0,2.3036629010075513,8.074017482362319,-5.770354581,TRUE,FALSE,30,275.8389122000008,280,2.2739101702423508,10,2.6768979984463837,3.4777704023988094,1.6016168951886554,3.949603979444251,2.196891152999493,2.8316596115871855,2.7216875650249053,3.5896440641596685,1.6143581630292978,4.439443003173485,2.378347173457321,3.051273087772311
291,2676.2224646000013,8.479103600000599,0.00064,0.0011450269547012026,0.0011450269547012026,0,2.2874937516660165,0.001313485526699,0.001313485526699,0,2.4142995230126902,8.074017482362319,-5.659717959,TRUE,FALSE,30,275.8389122000008,280,2.2739101702423508,11,2.817860492675748,3.6611855032738854,1.657658246422765,3.951584428436885,2.197510817706188,2.8406336347321077,2.9941468891052274,3.896738289784321,1.7313233244045676,4.39633433956752,2.3087103913519558,2.973048692584608
292,2684.7264486000004,8.476697999998578,0.00064,0.0010750103593864203,0.0010750103593864203,0,2.1936631191725917,0.0011997969618223006,0.0011997969618223006,0,2.273455349821433,8.074017482362319,-5.800562133,TRUE,FALSE,30,275.8389122000008,292,2.273455349821433,0,2.632928934108069,3.426696878891094,1.5771399636154562,3.9516913335703308,2.195053855513639,2.828637948513809,2.671468174616453,3.649232915139063,1.5985873764745366,4.334401030681291,2.2868222288389513,2.9862860998682765
293,2692.880272,8.118639000000258,0.00064,0.0010908727928666863,0.0010908727928666863,0,2.2200254222529225,0.0011803446293948805,0.0011803446293948805,0,2.265081985608959,8.074017482362319,-5.808935497,TRUE,FALSE,30,275.8389122000008,293,2.265081985608959,0,2.676552513503414,3.4982203941788206,1.606039726050284,3.932728262407064,2.1894311655586565,2.8304843320478326,2.748551481315198,3.5493811271819156,1.5988337647592055,4.272655439638563,2.2686716545243786,2.9413747981982765
294,2701.5291849000005,8.614854699999341,0.00064,0.0010857949450203692,0.0010857949450203692,0,2.2111148878654747,0.0012963323379096643,0.0012963323379096643,0,2.343720446897798,8.074017482362319,-5.730297035,TRUE,FALSE,30,275.8389122000008,293,2.265081985608959,1,2.67063053325923,3.4672968964003577,1.5978432208356892,3.9448421512800826,2.187409523874266,2.821305861843312,2.7992435156253275,3.8712162147357962,1.6195749525919776,4.567212356956293,2.337510163597002,2.9672713267045325
295,2709.7814480000015,8.224503699999332,0.00064,0.001100921177444478,0.001100921177444478,0,2.231095865436254,0.0012833180694896272,0.0012833180694896272,0,2.3328823882897525,8.074017482362319,-5.741135094,TRUE,FALSE,30,275.8389122000008,293,2.265081985608959,2,2.707108943955736,3.5181361634594177,1.6125303324568014,3.9437058038346158,2.1895825900544144,2.8362030823131477,2.769459440895839,3.816140424034733,1.6348455603744605,4.550846158751219,2.2894770558890833,2.996494086907044
296,2718.0107019000006,8.205328799998824,0.00064,0.0011042208317104587,0.0011042208317104587,0,2.237208562390898,0.001367603950310104,0.001367603950310104,0,2.4725114228058565,8.074017482362319,-5.60150606,TRUE,FALSE,30,275.8389122000008,293,2.265081985608959,3,2.71315999545307,3.5290574005011175,1.6217518109611084,3.9391509801680207,2.186290005684217,2.8433509814783275,3.109739723626633,4.250156649991737,1.718430168643209,4.324849194102119,2.3041526369401337,2.9693994199702782
297,2725.4425889000013,7.408313899999484,0.00064,0.0010843671064391027,0.0010843671064391027,0,2.2068788666403085,0.0014149438590659391,0.0014149438590659391,0,2.5337921232255542,8.074017482362319,-5.540225359,TRUE,FALSE,30,275.8389122000008,293,2.265081985608959,4,2.660009444196196,3.4789413715900315,1.5932079369806174,3.9509620089244293,2.1751029940878155,2.816078636049555,3.26372922351477,4.151253838901483,1.8406467718785224,4.428444324298788,2.274153894695824,2.974230807990886
298,2733.5168968000016,8.050878800000646,0.00064,0.001091867478407435,0.001091867478407435,0,2.219786771062453,0.0012108422060499633,0.0012108422060499633,0,2.2962430621280596,8.074017482362319,-5.77777442,TRUE,FALSE,30,275.8389122000008,293,2.265081985608959,5,2.695295425232784,3.501960346508354,1.6001134008997133,3.9344159453551013,2.1837633326994292,2.8226079662029475,2.797839885398545,3.6014140078651793,1.6151782287916103,4.315279476053386,2.3073951503360646,2.9739998315297904
299,2741.394899,7.854715600000418,0.00064,0.00109140211593053,0.00109140211593053,0,2.214370589614963,0.0011714636288274278,0.0011714636288274278,0,2.2502147379554827,8.074017482362319,-5.823802744,TRUE,FALSE,30,275.8389122000008,299,2.2502147379554827,0,2.6720387005940935,3.471966584292973,1.5960685669269603,3.9651427159530765,2.195842042026951,2.834981150813497,2.658317026410943,3.5183049556452644,1.5972147150045513,4.305496163516849,2.2894285179457454,2.9476206251729486
300,2749.6710433000007,8.243956199999957,0.00064,0.0010728953808273815,0.0010728953808273815,0,2.196187868469594,0.0013374019439432732,0.0013374019439432732,0,2.456301900350988,8.074017482362319,-5.617715582,TRUE,FALSE,30,275.8389122000008,299,2.2502147379554827,1,2.6516610785928125,3.4441460524678087,1.5821878149905013,3.923932436160285,2.1764909330834707,2.8157971302077573,3.0239429494261527,3.8548917128207205,1.7727600658713625,4.383579008168647,2.4776908528285064,2.996041428048116
301,2758.0399492000015,8.344805099999576,0.00064,0.001090245374923335,0.001090245374923335,0,2.222895006205577,0.0012891951882929315,0.0012891951882929315,0,2.362637468242153,8.074017482362319,-5.711380014,TRUE,FALSE,30,275.8389122000008,299,2.2502147379554827,2,2.6990694650431624,3.5132653829411047,1.602635044339126,3.9073357924205063,2.1936733472479846,2.8166867385014385,2.9401903119332817,3.9034021260983556,1.631099716035828,4.4118530433284775,2.2912484720073576,2.9442692886042012
302,2766.1756664000004,8.111653699999806,0.00064,0.0010898636104353387,0.0010898636104353387,0,2.2230877731708065,0.0012557255507482732,0.0012557255507482732,0,2.348784104005753,8.074017482362319,-5.725233378,TRUE,FALSE,30,275.8389122000008,299,2.2502147379554827,3,2.6975274193649796,3.5200813371213586,1.6094797198296498,3.9102106073107477,2.178021869629612,2.806858472383518,2.8054477709406327,3.777501272620703,1.659303509757923,4.3388199704934935,2.3555976255379996,3.022460691384322
303,2774.457970200001,8.258554599999115,0.00064,0.0010571729531831048,0.0010571729531831048,0,2.1845989238738794,0.0014077683687523214,0.0014077683687523214,0,2.5402839114824194,8.074017482362319,-5.533733571,TRUE,FALSE,30,275.8389122000008,299,2.2502147379554827,4,2.6317115003014377,3.424495107811386,1.5774296781642883,3.876953023674743,2.168502405784558,2.801272428592036,3.0900507277453273,4.384790098528924,1.85588712686622,4.323143470178902,2.2871268598311847,2.9905178222032576
304,2782.534846300001,8.051715000001423,0.00064,0.0010831376860021581,0.0010831376860021581,0,2.2092009168843503,0.001201660699123183,0.001201660699123183,0,2.2825564449123927,8.074017482362319,-5.791461037,TRUE,FALSE,30,275.8389122000008,299,2.2502147379554827,5,2.6786225834052555,3.4766371098204707,1.5955184459192533,3.9339571497348387,2.174236292244554,2.807835594968867,2.6683320176619114,3.6122865987696984,1.629506804281937,4.348023438950934,2.3064203339754643,2.975880837841956
305,2790.605883,8.048177699998632,0.00064,0.0010706713085287566,0.0010706713085287566,0,2.2003705644568674,0.0012531772649486842,0.0012531772649486842,0,2.366492291050872,8.074017482362319,-5.707525191,TRUE,FALSE,30,275.8389122000008,299,2.2502147379554827,6,2.6648687266130224,3.4670535474003845,1.5871598701148464,3.887725960352605,2.173209257086394,2.802174413938057,2.7755050323765746,3.662275617049856,1.7515432883231608,4.3586393808669746,2.372879652756861,2.994898138068873
306,2799.0717940000013,8.438678000000436,0.00064,0.001077604288813133,0.001077604288813133,0,2.204496121637557,0.001471393321227983,0.001471393321227983,0,2.605768544620485,8.074017482362319,-5.468248938,TRUE,FALSE,30,275.8389122000008,299,2.2502147379554827,7,2.6681811115864855,3.468570127021657,1.5921009704488998,3.920006925957314,2.175351774146321,2.80420375697137,3.276070502486142,4.5361488989554655,1.8854398034739963,4.329078439754469,2.2708150039844774,3.024738687600219
307,2807.763976,8.663630499999272,0.00064,0.0010847320004971916,0.0010847320004971916,0,2.2146290487988893,0.0011694579395414098,0.0011694579395414098,0,2.249433579448434,8.074017482362319,-5.824583903,TRUE,FALSE,30,275.8389122000008,307,2.249433579448434,0,2.686233286861852,3.4921865863558783,1.600903797930551,3.9184217015167446,2.1763363137644705,2.810249844184806,2.6936960603419315,3.5019173256994898,1.586117478146703,4.282139091041911,2.273705880535146,2.974441891545016
308,2816.0779330000005,8.279040200000964,0.00064,0.0010657124237807832,0.0010657124237807832,0,2.1897924249436556,0.0016370580392818654,0.0016370580392818654,0,2.7631588764438324,8.074017482362319,-5.310858606,TRUE,FALSE,30,275.8389122000008,307,2.249433579448434,1,2.6437320823699597,3.436349342885112,1.5801222384290028,3.910575584492338,2.166307125128476,2.8011073159769975,3.573994730313821,4.976274770575565,1.965467259412914,4.4081307591503816,2.339008200033923,3.0412293773836168
309,2825.0705369000007,8.9643544999999,0.00064,0.0010715502456521639,0.0010715502456521639,0,2.2031893425210405,0.0012513545665669154,0.0012513545665669154,0,2.334480068301628,8.074017482362319,-5.739537414,TRUE,FALSE,30,275.8389122000008,307,2.249433579448434,2,2.6700784734186014,3.4791136961625404,1.593755211076202,3.8846652285590166,2.1659921419215773,2.7913919714741566,2.8691289936868576,3.7894011980489166,1.631963651862441,4.348436062661138,2.2775705692099755,2.968124450555796
310,2833.4966436000013,8.397698999999193,0.00064,0.001052881477071383,0.001052881477071383,0,2.1737848314576755,0.0012870141067685247,0.0012870141067685247,0,2.287052798976557,8.074017482362319,-5.786964683,TRUE,FALSE,30,275.8389122000008,307,2.249433579448434,3,2.6116285176122367,3.4056177968267756,1.5676535324503356,3.9018587556791724,2.1608351119211298,2.7921369529007563,2.717120458000811,3.703623467947078,1.5683890077432532,4.7591989793389775,2.2624867258633348,2.9891536673945636
311,2842.2306566000007,8.707001000000673,0.00064,0.0010732912102232144,0.0010732912102232144,0,2.201703306818889,0.0012003542769238092,0.0012003542769238092,0,2.2839649437903846,8.074017482362319,-5.790052539,TRUE,FALSE,30,275.8389122000008,307,2.249433579448434,4,2.6677613480613203,3.4697518840099653,1.5916203600439154,3.904191448189985,2.164069132611399,2.79789701442448,2.7441349336020138,3.5909489667466037,1.6136716481084092,4.313373676566668,2.2834541398761266,2.996515169085006
312,2850.9827355000016,8.725308699999005,0.00064,0.0010710271715863875,0.0010710271715863875,0,2.1981728301138483,0.001179213272106751,0.001179213272106751,0,2.2510389758743905,8.074017482362319,-5.822978506,TRUE,FALSE,30,275.8389122000008,307,2.249433579448434,5,2.664445556591658,3.462598040673454,1.586024273973128,3.904051326635147,2.1676738504678164,2.793884168021655,2.637341735310388,3.4388349716358046,1.619869699952291,4.388653157810423,2.2768417561529173,2.9905137511692033
313,2859.314596,8.305004900001222,0.00064,0.0010549558795897448,0.0010549558795897448,0,2.1816325706234427,0.001235237504020379,0.001235237504020379,0,2.3388123368164555,8.074017482362319,-5.735205146,TRUE,FALSE,30,275.8389122000008,307,2.249433579448434,6,2.638633095980797,3.431178155994109,1.5747910118359378,3.8757549335194414,2.1554302200828177,2.780610764098494,2.8416844048906036,3.789585029196465,1.6712768048672784,4.270324413021053,2.277284582806992,2.9284784843806753
314,2867.6443316000004,8.303437099999428,0.00064,0.0010999853297930181,0.0010999853297930181,0,2.2409098962803484,0.0013331883857481445,0.0013331883857481445,0,2.454664730842822,8.074017482362319,-5.619352752,TRUE,FALSE,30,275.8389122000008,307,2.249433579448434,7,2.75404653094769,3.5860926948817324,1.6209335350160898,3.879167337890509,2.159690242560417,2.794816867551751,2.945933710590807,4.198107150082203,1.768458536576588,4.286374961635637,2.301939250547806,2.9623850195420776
315,2875.9730242000005,8.302401900000405,0.00064,0.0010294041264667072,0.0010294041264667072,0,2.1498063197762107,0.0012026835691732983,0.0012026835691732983,0,2.25560726135184,8.074017482362319,-5.818410221,TRUE,FALSE,30,275.8389122000008,307,2.249433579448434,8,2.5680124512864126,3.347102548670427,1.5505688339209913,3.8622512024394435,2.1578792690076902,2.780241695432082,2.731971708017079,3.555103127369867,1.5646234553887053,4.43297904927376,2.2693156920543913,2.9469236416290525
316,2884.238196,8.238744500000394,0.00064,0.0010502477417691377,0.0010502477417691377,0,2.171880877954031,0.0012639830972038955,0.0012639830972038955,0,2.3672776454520803,8.074017482362319,-5.706739837,TRUE,FALSE,30,275.8389122000008,307,2.249433579448434,9,2.6159845223523828,3.402683336765059,1.5670776687974828,3.8946140602489585,2.1532002168344975,2.7846904761860096,2.9189094422659667,3.732047333537633,1.7090763205394075,4.345651931522491,2.283176723893433,2.976488439325858
317,2892.151837200001,7.887779599999703,0.00064,0.001059227307888038,0.001059227307888038,0,2.1870094977458856,0.0011375585793787796,0.0011375585793787796,0,2.2058847385022182,8.074017482362319,-5.868132744,TRUE,FALSE,30,275.8389122000008,317,2.2058847385022182,0,2.6464270005049393,3.4419442939861282,1.5807922109824808,3.882275862447554,2.15756968837142,2.7792397362843633,2.5854511695367437,3.453728717781066,1.5480321128658172,4.283480538341298,2.2822486206348205,2.909765039657283
318,2900.2419852000003,8.056332000000111,0.00064,0.0010363324157578568,0.0010363324157578568,0,2.156986246718241,0.0013118970531564604,0.0013118970531564604,0,2.4411738497414484,8.074017482362319,-5.632843633,TRUE,FALSE,30,275.8389122000008,317,2.2058847385022182,1,2.592883276252355,3.372270617443999,1.5541843982812675,3.870141518872446,2.1492692462497196,2.775378445985923,3.0636427991104935,3.97191743831166,1.7796163891297994,4.274054567668604,2.2539423618981846,2.9425730488138666
319,2907.769898,7.501167400001577,0.00064,0.001064033142562798,0.001064033142562798,0,2.1986402378729175,0.001181148727453065,0.001181148727453065,0,2.2690442850777703,8.074017482362319,-5.804973197,TRUE,FALSE,30,275.8389122000008,317,2.2058847385022182,2,2.6722784078720614,3.48176515625004,1.591680822016254,3.8542594232176013,2.148990064718759,2.7795106135357153,2.7124877547497035,3.649746877964191,1.5948712019443751,4.235374417960659,2.2580694841712456,2.9596461380915633
320,2915.810527900001,8.016035799999372,0.00064,0.0010265598317159578,0.0010265598317159578,0,2.147878027783265,0.0011359450380324038,0.0011359450380324038,0,2.2107930280696806,8.074017482362319,-5.863224454,TRUE,FALSE,30,275.8389122000008,317,2.2058847385022182,3,2.5811597656492866,3.352568661225642,1.5464565936610064,3.8470478740333047,2.1469800233122003,2.768550907616075,2.6704877560969495,3.3532982779784684,1.561405108045779,4.272909004195273,2.267209875548919,2.912706814790845
321,2924.2297590000016,8.393156699999963,0.00064,0.0010469963959517804,0.0010469963959517804,0,2.1745136304298325,0.0011510755037205812,0.0011510755037205812,0,2.238280009479807,8.074017482362319,-5.835737473,TRUE,FALSE,30,275.8389122000008,317,2.2058847385022182,4,2.623760155568881,3.4165914885082076,1.5718105724733362,3.8606642811826526,2.152285319350181,2.772957789209731,2.665308980996015,3.5305100793302744,1.5753801982829219,4.210772474820311,2.2717090181182753,2.94134525244574
322,2932.2065709000017,7.951829599998746,0.00064,0.0010579987569834066,0.0010579987569834066,0,2.1898077690246605,0.0011941660776470366,0.0011941660776470366,0,2.293962183525476,8.074017482362319,-5.780055299,TRUE,FALSE,30,275.8389122000008,317,2.2058847385022182,5,2.656276086789653,3.46722105062839,1.583929884065161,3.857390192335152,2.1476279944860037,2.7675571314605256,2.705601719310644,3.6665580752043923,1.6490590272246994,4.253413796181339,2.2949147013281888,2.929377398709918
323,2940.0872084000002,7.853336899999704,0.00064,0.0010702667821397562,0.0010702667821397562,0,2.2047809484484078,0.0013088930628399429,0.0013088930628399429,0,2.4331516226937615,8.074017482362319,-5.64086586,TRUE,FALSE,30,275.8389122000008,317,2.2058847385022182,6,2.6789478813059513,3.5026745830235275,1.5952312834944675,3.86541831841385,2.1541277198973705,2.778809274832076,2.980700153376696,3.9336885292185215,1.7839706176743104,4.307971287265672,2.2529572348079836,3.036055712009744
324,2948.3312922999994,8.21599359999891,0.00064,0.0010248479618241407,0.0010248479618241407,0,2.146582775925452,0.0011800735407276697,0.0011800735407276697,0,2.2584277875086904,8.074017482362319,-5.815589695,TRUE,FALSE,30,275.8389122000008,317,2.2058847385022182,7,2.577699149699709,3.3434678775003714,1.5464369234978859,3.8435784683794925,2.1466863241320744,2.774269452451757,2.717476279428144,3.5812346774109876,1.594840496547938,4.2980033017565695,2.2304242907622784,2.9509174647844056
325,2956.4192386000013,8.064111700001376,0.00064,0.001036159750967335,0.001036159750967335,0,2.161977514132466,0.001275390688127378,0.001275390688127378,0,2.3026713024132706,8.074017482362319,-5.77134618,TRUE,FALSE,30,275.8389122000008,317,2.2058847385022182,8,2.6120996431818764,3.391691022238012,1.5591633613259706,3.843245302486191,2.141477618481612,2.7683649627820133,2.7526911796701263,3.6543732245999694,1.5913708113035872,4.652475640900799,2.310825971655736,3.028064784620152
326,2964.433439300001,7.990053199999238,0.00064,0.0010267776657040808,0.0010267776657040808,0,2.1514910700157026,0.0011944445450919746,0.0011944445450919746,0,2.2971991853779588,8.074017482362319,-5.776818297,TRUE,FALSE,30,275.8389122000008,317,2.2058847385022182,9,2.586736908906865,3.3612528995370763,1.5523609118274737,3.8349382659714735,2.148307657745246,2.7629310826333486,2.771029183944423,3.7244619399871275,1.6304051903822725,4.195574025957165,2.253288706928207,2.9296421407691082
327,2972.3376554000006,7.8789977000014915,0.00064,0.0010803484043397117,0.0010803484043397117,0,2.2247581952423245,0.0013597527805047024,0.0013597527805047024,0,2.5111323352980435,8.074017482362319,-5.562885147,TRUE,FALSE,30,275.8389122000008,317,2.2058847385022182,10,2.7333928430286205,3.567942590213341,1.6150033988117687,3.8314767576173523,2.1388372926386,2.755456308193205,3.087785836285548,4.162631193707406,1.874269419765763,4.245868245219205,2.2573754509052493,2.9817828513916576
328,2981.015560900001,8.650641900003393,0.00064,0.0010383246206128757,0.0010383246206128757,0,2.1631981553628856,0.001075076705063753,0.001075076705063753,0,2.155574688868188,8.074017482362319,-5.918442793,TRUE,FALSE,30,275.8389122000008,328,2.155574688868188,0,2.6135711098178307,3.3993308212425988,1.5576627956450284,3.849074683364881,2.1411073321640046,2.7734165288683013,2.51477800050393,3.332594406085191,1.520723620958957,4.120854238093537,2.2347152592033055,2.896989632650136
329,2989.4130041000008,8.358669600002031,0.00064,0.0010096112868276707,0.0010096112868276707,0,2.126573078276618,0.0011948016968610683,0.0011948016968610683,0,2.287511926782799,8.074017482362319,-5.786505556,TRUE,FALSE,30,275.8389122000008,328,2.155574688868188,1,2.542781014217779,3.3024271086400416,1.5339202196563297,3.840451475795926,2.132090747340312,2.7538812658012732,2.690444536724561,3.7678583786125,1.6322180426443142,4.244438563773854,2.220892742293281,2.935854727338721
330,2997.824354,8.381326899998385,0.00064,0.0010320518389998748,0.0010320518389998748,0,2.161958777157837,0.0012047399874866084,0.0012047399874866084,0,2.3219428670270026,8.074017482362319,-5.752074615,TRUE,FALSE,30,275.8389122000008,328,2.155574688868188,2,2.6160604156120337,3.405435523176401,1.5627905281129433,3.817372233519578,2.1348828560957696,2.7464065987026145,2.714417566334083,3.7810326254858078,1.6841587326272451,4.1914369816414325,2.2913468167371045,2.936120614040839
331,3007.3823931999996,9.52836539999771,0.00064,0.0010346959517694683,0.0010346959517694683,0,2.161758114425781,0.0011251566275974688,0.0011251566275974688,0,2.2115784738335598,8.074017482362319,-5.862439009,TRUE,FALSE,30,275.8389122000008,328,2.155574688868188,3,2.6048355479415273,3.390307321115004,1.562328444160611,3.8405722699954015,2.144384967319545,2.7641018257106387,2.6319107949529124,3.5064588501685963,1.5535409276267393,4.164165332008881,2.248669292724663,2.890975987120905
332,3015.8020204000004,8.393716999999015,0.00064,0.0010102992973119438,0.0010102992973119438,0,2.1310409695283075,0.0011970944893505222,0.0011970944893505222,0,2.2842265328563025,8.074017482362319,-5.78979095,TRUE,FALSE,30,275.8389122000008,328,2.155574688868188,4,2.5544663385841213,3.3340871324734205,1.5358636537149286,3.819404057877661,2.1331447695959525,2.7366190268572788,2.708592241201836,3.826620848395082,1.6005179060524108,4.23231665639806,2.2267747946135934,2.9136187205375403
333,3024.1728549000018,8.344397300003038,0.00064,0.001067699240680696,0.001067699240680696,0,2.206708901279826,0.0011680644132507642,0.0011680644132507642,0,2.2535574835571257,8.074017482362319,-5.820459999,TRUE,FALSE,30,275.8389122000008,328,2.155574688868188,5,2.697739147654754,3.5117532936883267,1.6006436927498022,3.8410306545310386,2.1390965254896974,2.760888917970644,2.726251685840703,3.5427608170381477,1.5874569866484902,4.248801962331755,2.2483437220631584,2.9528215343801194
334,3032.5298434000015,8.333089100000507,0.00064,0.0010268019580543242,0.0010268019580543242,0,2.148544633607509,0.0011124128833723212,0.0011124128833723212,0,2.2044769509152125,8.074017482362319,-5.869540531,TRUE,FALSE,30,275.8389122000008,328,2.155574688868188,6,2.5848430550375303,3.364444221786553,1.5506565075630276,3.8527604425815056,2.1413491535630973,2.743725284099973,2.621830156164074,3.4054665961778814,1.5680532732872816,4.1518353261647984,2.2557628749217855,2.8976826538275695
335,3040.899315200002,8.340564099999028,0.00064,0.001020224203291163,0.001020224203291163,0,2.149999950878631,0.0012716058856276167,0.0012716058856276167,0,2.393715836933425,8.074017482362319,-5.680301645,TRUE,FALSE,30,275.8389122000008,328,2.155574688868188,7,2.5995342877850547,3.380198293164332,1.5537901538077226,3.7954460523228164,2.132344682805968,2.7309864037215417,2.8232862645196137,4.0452692664645875,1.7391584889423117,4.23374894792705,2.2762320426593923,2.9225049148294864
336,3049.360855500001,8.434579000000667,0.00064,0.00104937218048525,0.00104937218048525,0,2.1801921322613027,0.0015644865957592524,0.0015644865957592524,0,2.6854070870119,8.074017482362319,-5.388610395,TRUE,FALSE,30,275.8389122000008,328,2.155574688868188,8,2.6441294530973125,3.4403958595893,1.5779458466502039,3.852115090267817,2.1452366752964336,2.7535041397015227,3.4132827769521494,5.014907496563533,1.8968425199469674,4.338895611660082,2.222069288423157,2.8957045770907963
337,3057.6229159000013,8.236809899997752,0.00064,0.0010087499260029115,0.0010087499260029115,0,2.1316338868558176,0.001151262033432074,0.001151262033432074,0,2.260648153081975,8.074017482362319,-5.813369329,TRUE,FALSE,30,275.8389122000008,328,2.155574688868188,9,2.5674940662590804,3.331150860969381,1.5355108051375814,3.803215616409264,2.1251456655961674,2.7423171019286716,2.6885986920597227,3.536338687712484,1.6485310667903406,4.182026875011174,2.2562191805099956,2.862093475917053
338,3065.9319073000024,8.275363500000822,0.00064,0.0010153002282893516,0.0010153002282893516,0,2.1400471283591873,0.0011992706181034886,0.0011992706181034886,0,2.2956662461329707,8.074017482362319,-5.778351236,TRUE,FALSE,30,275.8389122000008,328,2.155574688868188,10,2.575704211490105,3.347698338701445,1.543646320294197,3.8104739965063703,2.1319779795419467,2.7483880810611683,2.8518165852711888,3.5710672069386296,1.6410199031820893,4.280394970579655,2.241446101979655,2.9156526655630377
339,3074.597805700001,8.637333700000454,0.00064,0.0010324650494392604,0.0010324650494392604,0,2.163775837179063,0.0011005417220602172,0.0011005417220602172,0,2.1884353919844965,8.074017482362319,-5.88558209,TRUE,FALSE,30,275.8389122000008,328,2.155574688868188,11,2.6230028182799208,3.416369492040322,1.5642410690372892,3.8101658253334585,2.128902397657174,2.744043947010498,2.5462865025321073,3.470371281057854,1.5512038840439046,4.126749688309155,2.219912429298453,2.9081718716459934
340,3083.0736613999998,8.443419100000028,0.00064,0.0010541903588169423,0.0010541903588169423,0,2.1929687240118025,0.0012400361661669135,0.0012400361661669135,0,2.351822363362697,8.074017482362319,-5.722195119,TRUE,FALSE,30,275.8389122000008,328,2.155574688868188,12,2.6785201541889987,3.4972087666254774,1.5875675745138855,3.812367505803775,2.132133440607887,2.7431625821072205,2.8543847558272533,3.8542837590226595,1.6912242456410178,4.250764222708489,2.278516015480504,2.877150501895221
341,3092.038959899999,8.930974499999138,0.00064,0.0010287707364730005,0.0010287707364730005,0,2.1609705098891925,0.0011310309346160652,0.0011310309346160652,0,2.2195675714299123,8.074017482362319,-5.854449911,TRUE,FALSE,30,275.8389122000008,328,2.155574688868188,13,2.6251573469353984,3.420192962963467,1.5620191132467713,3.7962544962411533,2.1212837068693013,2.7306694801123665,2.679458281141149,3.530021626493035,1.5567103129728104,4.156734434118011,2.2335887036049393,2.8737984761383526
342,3101.327536,9.261709499998688,0.00064,0.000990724105869475,0.000990724105869475,0,2.106081910304442,0.001317302116672605,0.001317302116672605,0,2.4154847848890757,8.074017482362319,-5.658532697,TRUE,FALSE,30,275.8389122000008,328,2.155574688868188,14,2.51010352226979,3.2665089530523654,1.5146153849494275,3.8063744815429477,2.129228496017873,2.737106355143882,3.0363587875848643,3.987203804870666,1.7004432348095437,4.37200952434398,2.3055562122302073,2.9230318612967947
343,3109.6728678000018,8.317580400002043,0.00064,0.0010155978868190182,0.0010155978868190182,0,2.1382553032396845,0.0011924126585007994,0.0011924126585007994,0,2.28003042074573,8.074017482362319,-5.793987062,TRUE,FALSE,30,275.8389122000008,328,2.155574688868188,15,2.5738513242656453,3.3499056061594388,1.541423041884351,3.8213189154178373,2.1285006672858513,2.741235174092185,2.6862039700375298,3.7135980111315274,1.5949997174928194,4.255418793251528,2.315324334203792,2.9419654750831863
344,3117.843724700002,8.145405399998708,0.00064,0.0010422925964683686,0.0010422925964683686,0,2.180747692798487,0.0012064224183933436,0.0012064224183933436,0,2.3123402301721176,8.074017482362319,-5.761677252,TRUE,FALSE,30,275.8389122000008,328,2.155574688868188,16,2.6687519522687664,3.481803687964486,1.5788814697999052,3.787997718532547,2.114277108893388,2.722340402860499,2.787314982125831,3.866138971300866,1.6254261078988628,4.150075152483323,2.2106908842838355,2.9650995902359365
345,3126.3667263000007,8.496579399998154,0.00064,0.0009885062569616916,0.0009885062569616916,0,2.105158806193536,0.001136125214368551,0.001136125214368551,0,2.246780311267835,8.074017482362319,-5.827237171,TRUE,FALSE,30,275.8389122000008,328,2.155574688868188,17,2.5210155380785073,3.280008519207368,1.5150390107902014,3.7924148982598718,2.112019218615312,2.72047803650163,2.6481894783803597,3.4510911653736125,1.637943851104151,4.151035259786192,2.264018314539428,2.936170982746373
346,3134.791643900002,8.395390900001075,0.00064,0.0010141914757796297,0.0010141914757796297,0,2.145384906272901,0.001310732043520448,0.001310732043520448,0,2.452876808913121,8.074017482362319,-5.621140673,TRUE,FALSE,30,275.8389122000008,328,2.155574688868188,18,2.594209979977419,3.380588391657023,1.5508536114644418,3.7736385658704568,2.1173380416017964,2.7327062674129046,3.161126218058192,3.9424480408993476,1.7854971367105652,4.213707271715457,2.2400939278074374,2.9348836048603557
347,3143.8440377999996,9.02523039999869,0.00064,0.0009934387144961562,0.0009934387144961562,0,2.117002648655241,0.001100847759023598,0.001100847759023598,0,2.184025011032802,8.074017482362319,-5.889992471,TRUE,FALSE,30,275.8389122000008,328,2.155574688868188,19,2.5468772512565248,3.322265271481115,1.5244291633356932,3.764627675543252,2.1107665552176256,2.7163857418776716,2.5481474936686155,3.468940541807623,1.5501064694894158,4.160508891955645,2.2251806406428805,2.8482177829952255
348,3151.851795200002,7.978777700001956,0.00064,0.0010589336464514516,0.0010589336464514516,0,2.203495335338495,0.0011495684494652277,0.0011495684494652277,0,2.231517905487153,8.074017482362319,-5.842499577,TRUE,FALSE,30,275.8389122000008,328,2.155574688868188,20,2.706786319196899,3.53082296524653,1.599835049324526,3.793098238108386,2.1204052279943726,2.7305081028229106,2.755270554066623,3.511831615974352,1.5471135366352176,4.212322604747907,2.2471863753431314,2.8862320423546195
349,3160.176521,8.298582600000373,0.00064,0.0010262761665608994,0.0010262761665608994,0,2.159289432496578,0.00126139335942951,0.00126139335942951,0,2.390396295555646,8.074017482362319,-5.683621187,TRUE,FALSE,30,275.8389122000008,328,2.155574688868188,21,2.6259736692827844,3.422984902229362,1.5579018821341672,3.7824969363300944,2.11783699780529,2.7341282737351147,2.946975996625487,3.9378745499961,1.7362274315388182,4.208444650107851,2.2548219591557808,2.8636641030702386
350,3169.143491500001,8.937663199998497,0.0005120000000000001,0.0008982089674800205,0.0008982089674800205,0,1.9961496146636,0.0010488912716390053,0.0010488912716390053,0,2.1141829023028365,8.074017482362319,-5.95983458,TRUE,FALSE,30,275.8389122000008,350,2.1141829023028365,0,2.3261319944776404,3.014432933422893,1.4307575134479278,3.679792903044516,2.082864078536424,2.6803253590983003,2.438949522243362,3.2515303608455635,1.4840018611802495,4.144260624223032,2.223680117386983,2.854580680584165
351,3177.5901471000016,8.405932999998186,0.0005120000000000001,0.0008951164382325786,0.0008951164382325786,0,1.9885574977821026,0.001075292157579894,0.001075292157579894,0,2.156496002613897,8.074017482362319,-5.91752148,TRUE,FALSE,30,275.8389122000008,350,2.1141829023028365,1,2.308644133839078,2.9846075487229435,1.425053690248649,3.6974079745440607,2.0851049886316817,2.681807812265875,2.5516935259524707,3.386553089100941,1.5204843123172254,4.110590183981158,2.185329360728815,2.8574384707195715
352,3186.003298400001,8.384233600001608,0.0005120000000000001,0.0009123424795787764,0.0009123424795787764,0,2.016694600526721,0.001118148025139943,0.001118148025139943,0,2.223404762006938,8.074017482362319,-5.85061272,TRUE,FALSE,30,275.8389122000008,350,2.1141829023028365,2,2.3697080159992945,3.07286776047304,1.4489071363811512,3.6833803630027133,2.0812841645136615,2.6750540097447617,2.6318990419213835,3.5708042865361183,1.5944506510782837,4.094285762283714,2.220247624499147,2.8316316273369653
353,3194.144616300002,8.114097600002424,0.0005120000000000001,0.0009183577224349119,0.0009183577224349119,0,2.022156009296707,0.0010983373106832426,0.0010983373106832426,0,2.1877372436877907,8.074017482362319,-5.886280239,TRUE,FALSE,30,275.8389122000008,350,2.1141829023028365,3,2.37870275878857,3.0826933463247053,1.4516474640614885,3.699679341170683,2.0843173987234738,2.6828984809096164,2.605920382766676,3.543369371175837,1.5316232029840984,4.0820769609358045,2.1867808188461795,2.84825472613416
354,3202.4338148000006,8.260708500001783,0.0005120000000000001,0.0009232575196927314,0.0009232575196927314,0,2.030373141886458,0.0011348985787173918,0.0011348985787173918,0,2.2218816047088965,8.074017482362319,-5.852135878,TRUE,FALSE,30,275.8389122000008,350,2.1141829023028365,4,2.3944418929207703,3.102810811498848,1.459177656152449,3.6968695707402244,2.0888220497460694,2.6796317144288446,2.6989874855241904,3.534330427449868,1.5578579559953691,4.1618203039104555,2.204891144900467,2.894578054948514
355,3210.6274667000016,8.16647709999961,0.0005120000000000001,0.0009507445736837113,0.0009507445736837113,0,2.0695412218277136,0.0010647291497382866,0.0010647291497382866,0,2.1528617413956592,8.074017482362319,-5.921155741,TRUE,FALSE,30,275.8389122000008,350,2.1141829023028365,5,2.468827205459662,3.2081181383473814,1.4953126348585655,3.704704992614961,2.0843395036640864,2.6826245782057936,2.54013830078018,3.3320461845344926,1.5338432306060161,4.086955432927089,2.2019605781540026,2.8376452208413827
356,3219.757552500001,9.10067540000091,0.0005120000000000001,0.0009298302180030225,0.0009298302180030225,0,2.0384385006725854,0.001047019313305344,0.001047019313305344,0,2.119192592354795,8.074017482362319,-5.95482489,TRUE,FALSE,30,275.8389122000008,350,2.1141829023028365,6,2.4116285304724068,3.12346777204288,1.4670977234681177,3.704872896354901,2.0818075330124137,2.684028210163916,2.473258407735802,3.2839927367103234,1.492611563496339,4.10555766542229,2.1815882550048302,2.8526366581704123
357,3228.0067080999997,8.223409999998694,0.0005120000000000001,0.000964165780860405,0.000964165780860405,0,2.0847374650994217,0.0010288771639993895,0.0010288771639993895,0,2.101148056088412,8.074017482362319,-5.972869426,TRUE,FALSE,30,275.8389122000008,357,2.101148056088412,0,2.5052642102920024,3.248780434250805,1.5024358226862218,3.71904949540792,2.087517632889741,2.6870921321025882,2.432184202300145,3.194000412255713,1.4847180585243895,4.086687254629087,2.2094286690116878,2.8414776238197557
358,3236.558144299999,8.512712500003545,0.0005120000000000001,0.0009216434110906402,0.0009216434110906402,0,2.0267109966353987,0.0010824848186516411,0.0010824848186516411,0,2.1672190912852876,8.074017482362319,-5.906798391,TRUE,FALSE,30,275.8389122000008,357,2.101148056088412,1,2.384769900481775,3.0861726544420724,1.4570450933074084,3.7055820879575525,2.0884223067540693,2.6853041056769786,2.4909136363654345,3.3594550797850635,1.540418167329154,4.1214592621586394,2.216798424570435,2.9685711324687962
359,3245.0555299000025,8.46818109999731,0.0005120000000000001,0.0009788950702527065,0.0009788950702527065,0,2.1096512070828344,0.0010666867931889133,0.0010666867931889133,0,2.1402358617772688,8.074017482362319,-5.933781621,TRUE,FALSE,30,275.8389122000008,357,2.101148056088412,2,2.5476195345763504,3.31860146884012,1.5284512785172533,3.7043715139030384,2.086758639293531,2.6814014460611264,2.489028416555914,3.2355538937533894,1.5056604522522126,4.1387391031561425,2.215555684105754,2.9800883653144674
360,3253.1881073000022,8.105154500000936,0.0005120000000000001,0.0009241211729208614,0.0009241211729208614,0,2.0336844955258306,0.0010553179944288369,0.0010553179944288369,0,2.1339527166375896,8.074017482362319,-5.940064766,TRUE,FALSE,30,275.8389122000008,357,2.101148056088412,3,2.404126242884553,3.121282397329814,1.4639311694987662,3.685333056340871,2.075057043656523,2.679667934424148,2.4579314436287416,3.2936819672989017,1.5206806344864732,4.119461018319225,2.2406599301170944,2.8115816761037125
361,3262.446354400001,9.230539000000135,0.0005120000000000001,0.0009254653947253092,0.0009254653947253092,0,2.0337191874580967,0.0010527035835358968,0.0010527035835358968,0,2.1206475928756805,8.074017482362319,-5.953369889,TRUE,FALSE,30,275.8389122000008,357,2.101148056088412,4,2.4027341081842497,3.1223399219286114,1.460373362869072,3.6932432234979933,2.085783599189429,2.676668045103556,2.432171932657794,3.217441844105881,1.516674700355541,4.184327162581765,2.2233244016543616,2.832348907768214
362,3270.6061119000024,8.13149159999739,0.0005120000000000001,0.0009366104230743516,0.0009366104230743516,0,2.047773509471121,0.0010865155835635008,0.0010865155835635008,0,2.17111784885704,8.074017482362319,-5.902899634,TRUE,FALSE,30,275.8389122000008,357,2.101148056088412,5,2.4302748412890196,3.15454932730027,1.4734041808565665,3.7069525414730955,2.0839563100326584,2.6802594507007975,2.61566244415296,3.424254644575574,1.5253803202089022,4.108207622821332,2.1907418960932805,2.8240681850655625
363,3279.0676767000023,8.430864799996925,0.0005120000000000001,0.0009594125304842664,0.0009594125304842664,0,2.086118934970395,0.0011528903674046707,0.0011528903674046707,0,2.27483356112328,8.074017482362319,-5.799183921,TRUE,FALSE,30,275.8389122000008,357,2.101148056088412,6,2.5091787399033323,3.271096395978547,1.5065385518082939,3.676747605488077,2.079733427023547,2.6737806669080624,2.7584984633588587,3.673281557744623,1.6468969118701464,4.069943238645396,2.192161600076431,2.84651419985794
364,3287.7133766999996,8.617527999998856,0.0005120000000000001,0.0009339779888696729,0.0009339779888696729,0,2.0476014087354057,0.0010401437598686239,0.0010401437598686239,0,2.115476815125498,8.074017482362319,-5.958540667,TRUE,FALSE,30,275.8389122000008,357,2.101148056088412,7,2.432073568227132,3.1568218239114585,1.4759495229971173,3.690355149424392,2.080793788028478,2.6723365335465243,2.4273101692949974,3.3378459734239705,1.468028185059108,4.05578954837752,2.249874997718525,2.830250863993514
365,3295.7672015000007,8.021419000000606,0.0005120000000000001,0.0009419100660960881,0.0009419100660960881,0,2.0594945028113116,0.0011058234940218715,0.0011058234940218715,0,2.2091256693951786,8.074017482362319,-5.864891813,TRUE,FALSE,30,275.8389122000008,357,2.101148056088412,8,2.453031706272541,3.1977643129725433,1.4869005747042612,3.688423605112278,2.077694854882838,2.668399118139099,2.6778364308083678,3.5287901918753786,1.56782260727092,4.0576156353784745,2.181979149255879,2.8343079959915283
366,3304.2086739000024,8.416279700002633,0.0005120000000000001,0.0009221396579691774,0.0009221396579691774,0,2.0317552509787316,0.0010837406231594862,0.0010837406231594862,0,2.1686053618408403,8.074017482362319,-5.905412121,TRUE,FALSE,30,275.8389122000008,357,2.101148056088412,9,2.4074908714689194,3.121106874426395,1.4613792602096303,3.6798798355897806,2.073468531154637,2.6690372556510034,2.565710289823939,3.452384289248531,1.5366803581474795,4.1142022968094265,2.17587533981777,2.823818237470192
367,3311.6863264000003,7.447053699997923,0.0005120000000000001,0.0009304133245908306,0.0009304133245908306,0,2.0393567703960778,0.0014074759949138404,0.0014074759949138404,0,2.5679206645587254,8.074017482362319,-5.506096818,TRUE,FALSE,30,275.8389122000008,357,2.101148056088412,10,2.4159872627690047,3.139423264011453,1.4671097184397341,3.704139079446464,2.078111144574693,2.6722030038339355,3.3642632614264976,4.439123727149169,1.8446019120982988,4.10081264594246,2.1791215782867175,2.944665407879143
368,3320.2967530000005,8.584028500001295,0.0005120000000000001,0.0009537118312701088,0.0009537118312701088,0,2.076827427187948,0.001171844403818826,0.001171844403818826,0,2.2776005212679484,8.074017482362319,-5.796416961,TRUE,FALSE,30,275.8389122000008,357,2.101148056088412,11,2.4936869527513856,3.2410237689621266,1.4993146656334677,3.683972453353004,2.076636152017888,2.6749099907192213,2.798175979215909,3.8123021844960867,1.5874476143208298,4.100779503835663,2.201927803503164,2.834870066823662
369,3330.5046856999998,10.177299499999208,0.0005120000000000001,0.0009300425130369102,0.0009300425130369102,0,2.0433237758538114,0.0010363425737545814,0.0010363425737545814,0,2.115681328689134,8.074017482362319,-5.958336154,TRUE,FALSE,30,275.8389122000008,357,2.101148056088412,12,2.4304391771731826,3.154594711261101,1.4715530078373278,3.6813671864902497,2.075209214595109,2.6630342818012016,2.522825748001004,3.2274654307721593,1.4872893493611616,4.053010097273074,2.17425465145202,2.8516079528638687
370,3338.3219713000017,7.784980500000529,0.0005120000000000001,0.0009028511483242796,0.0009028511483242796,0,2.003959960492003,0.0010239099951747615,0.0010239099951747615,0,2.1066555932722086,8.074017482362319,-5.967361889,TRUE,FALSE,30,275.8389122000008,357,2.101148056088412,13,2.354615474858783,3.0394143461691514,1.4382886420826304,3.6795234917938178,2.076617397808009,2.66252888687973,2.4392296844112713,3.2490934963182982,1.49957240943501,4.027706328937576,2.179212691799178,2.826226798812092
371,3348.6552482999996,10.299361400000635,0.0005120000000000001,0.0009475375333767696,0.0009475375333767696,0,2.0710667273152046,0.0010575358568360815,0.0010575358568360815,0,2.1403525418462004,8.074017482362319,-5.933664941,TRUE,FALSE,30,275.8389122000008,357,2.101148056088412,14,2.4923668850031957,3.2323432915845234,1.4929332073492905,3.6653360110148547,2.073067429069751,2.6657200217898076,2.485240364668902,3.458779281324171,1.5005878127424856,4.042314792400481,2.1738347052207803,2.829350626252759
372,3357.1754597000017,8.488366900000983,0.0005120000000000001,0.0009417706226448745,0.0009417706226448745,0,2.0596873811578016,0.0010977842597414767,0.0010977842597414767,0,2.2089683958499577,8.074017482362319,-5.865049087,TRUE,FALSE,30,275.8389122000008,357,2.101148056088412,15,2.4658265941123445,3.2087084096430596,1.482971365916792,3.679578776959871,2.06966272327859,2.665289572177444,2.6579443582425535,3.5538761481568697,1.5828502548548122,4.02029579880974,2.172465511051579,2.799782216715925
373,3365.7599334999995,8.556867799998145,0.0005120000000000001,0.0009066052961915908,0.0009066052961915908,0,2.0129242485259957,0.0011059868848216313,0.0011059868848216313,0,2.2130572367688477,8.074017482362319,-5.860960246,TRUE,FALSE,30,275.8389122000008,357,2.101148056088412,16,2.373077051256796,3.0718440787088195,1.4478911515047859,3.6619539121894062,2.0684886716065525,2.662664927233857,2.6367780294988536,3.588840562216828,1.5820842555935712,4.048111393117903,2.177639016451902,2.8201980200063987
374,3374.3871640000016,8.596835700001975,0.0005120000000000001,0.0009114242498377063,0.0009114242498377063,0,2.0189469129365176,0.001074447349599777,0.001074447349599777,0,2.150598548254294,8.074017482362319,-5.923418934,TRUE,FALSE,30,275.8389122000008,357,2.101148056088412,17,2.3862196766132975,3.1011900283592784,1.4497759783716102,3.6616394839824395,2.067254615115938,2.660213295155569,2.533828173645087,3.397722613900314,1.5226172509112383,4.141076805041198,2.1679775489050424,2.8215207852536026
375,3383.055910600002,8.636934699999983,0.0005120000000000001,0.0009158787098169723,0.0009158787098169723,0,2.024510100518452,0.0011692316585089082,0.0011692316585089082,0,2.291975856194617,8.074017482362319,-5.782041626,TRUE,FALSE,30,275.8389122000008,357,2.101148056088412,18,2.3897803954023864,3.1093991464587045,1.459087494688647,3.6744493546978187,2.0686018346941992,2.657732566687545,2.903000627015174,3.801553038127914,1.6000694380640945,4.003623782010828,2.184150249572021,2.813086742131631
376,3391.7775973000007,8.690704900000128,0.0005120000000000001,0.0009290199889626801,0.0009290199889626801,0,2.0493753079501893,0.001066333339993884,0.001066333339993884,0,2.1349300677064633,8.074017482362319,-5.939087415,TRUE,FALSE,30,275.8389122000008,357,2.101148056088412,19,2.449518083013662,3.1831193734966927,1.4802246498908924,3.6440285914486696,2.0640066110343676,2.6500319980201406,2.5549413941068653,3.292715764903753,1.5004548203333956,4.161273902894614,2.1707569793555237,2.832758047562422
377,3400.4879610000007,8.67695570000069,0.0005120000000000001,0.0009373466619846683,0.0009373466619846683,0,2.056539457549024,0.0011271775882534904,0.0011271775882534904,0,2.2504111563375924,8.074017482362319,-5.823606326,TRUE,FALSE,30,275.8389122000008,357,2.101148056088412,20,2.4610623431545227,3.201909103445976,1.4847789343620046,3.6684257974077004,2.0640925694052674,2.6542338277612534,2.6821702332335495,3.51099184999875,1.6629360921822254,4.0809155783855235,2.161096374223311,2.910743881100692
378,3409.2924177000004,8.774397900000622,0.0005120000000000001,0.0009308064251470993,0.0009308064251470993,0,2.046835466828021,0.0010350901321434737,0.0010350901321434737,0,2.0936395471261826,8.074017482362319,-5.980377935,TRUE,FALSE,30,275.8389122000008,378,2.0936395471261826,0,2.4419158111717234,3.1831777984645835,1.4746684190684736,3.6651117293299627,2.0613029597460466,2.656868549623266,2.4219404737772066,3.2367358010705103,1.459787637721148,4.135530743415665,2.18450526681189,2.8492319871053007
379,3417.7682165000024,8.43889979999949,0.0005120000000000001,0.0008890008980667786,0.0008890008980667786,0,1.9881381929221162,0.0010593302108024933,0.0010593302108024933,0,2.142799717455272,8.074017482362319,-5.931217765,TRUE,FALSE,30,275.8389122000008,378,2.0936395471261826,1,2.3322754551901985,3.0183717777175483,1.4251900338314378,3.6503610620596567,2.0611495849522203,2.649393885440106,2.5183607511673007,3.30119761349729,1.5392687685972475,4.112241325861974,2.1760758420205355,2.819046659954357
380,3426.0590151000015,8.262320699999691,0.0005120000000000001,0.0009234290107259664,0.0009234290107259664,0,2.038048289356983,0.001055260634243469,0.001055260634243469,0,2.134440415679661,8.074017482362319,-5.939577067,TRUE,FALSE,30,275.8389122000008,378,2.0936395471261826,2,2.426320723025068,3.1572750503741127,1.4713920419805815,3.6613667986562874,2.060366901174499,2.6418823342968807,2.563437952834245,3.283580416160825,1.4782251486653937,4.0771211657410085,2.2417630917988896,2.8295448207987826
381,3434.2770206000005,8.18539900000178,0.0005120000000000001,0.0009426258569409063,0.0009426258569409063,0,2.0669681361430423,0.001078106290358947,0.001078106290358947,0,2.180145662443283,8.074017482362319,-5.89387182,TRUE,FALSE,30,275.8389122000008,378,2.0936395471261826,3,2.48707098207932,3.235130797156454,1.4923039501527384,3.6519693136703726,2.06457113251071,2.648373474614822,2.573431485224597,3.4136962370059565,1.5797746469384848,4.062938456775052,2.1703894535476382,2.8295456305215905
382,3442.5373622999996,8.23424729999897,0.0005120000000000001,0.000902420216988923,0.000902420216988923,0,2.009427566767193,0.0010236592492215832,0.0010236592492215832,0,2.114568257968925,8.074017482362319,-5.959449224,TRUE,FALSE,30,275.8389122000008,378,2.0936395471261826,4,2.3756405425099207,3.076306330805769,1.4424131912607063,3.6432899619217167,2.063438361178269,2.6526208030215668,2.4852002819989303,3.32348470110114,1.4970054296744517,3.964057817868071,2.1565617997194906,2.8033021699669174
383,3450.696127000001,8.133421599999565,0.0005120000000000001,0.0009108385193442914,0.0009108385193442914,0,2.025406695666212,0.0010277087769929908,0.0010277087769929908,0,2.1178648014969927,8.074017482362319,-5.956152681,TRUE,FALSE,30,275.8389122000008,378,2.0936395471261826,5,2.4069558200226897,3.129055968497268,1.461761474500342,3.6310135432430597,2.056098130724838,2.6350607967611586,2.4571951703193036,3.2566595083388257,1.5208959937250814,4.018498033028243,2.1747824644967375,2.826395717864522
384,3458.788910699999,8.064419599999383,0.0005120000000000001,0.0009134012438615427,0.0009134012438615427,0,2.022674884216972,0.0010883001433227956,0.0010883001433227956,0,2.179278313552083,8.074017482362319,-5.894739169,TRUE,FALSE,30,275.8389122000008,378,2.0936395471261826,6,2.4013211746550445,3.117909378684691,1.4562705844108206,3.660991036891873,2.0548844965733273,2.6452863861829625,2.61476781920718,3.4387536573307163,1.5535113042264517,4.101159519,2.153142182095486,2.837518231058336
385,3467.802663200002,8.986612700002297,0.0005120000000000001,0.000940110951412428,0.000940110951412428,0,2.0660003540432164,0.0011140676807425498,0.0011140676807425498,0,2.216879711180885,8.074017482362319,-5.857137771,TRUE,FALSE,30,275.8389122000008,378,2.0936395471261826,7,2.487659527071695,3.2369474039732267,1.4922591813286155,3.6381804447797506,2.0602923298546982,2.6457303680077544,2.685991676928308,3.5768353584707273,1.5605021797770937,4.056198631409962,2.1896194136882174,2.856217032179646
386,3475.9418958000006,8.109169700001075,0.0005120000000000001,0.0008944520964791033,0.0008944520964791033,0,1.9953520667564804,0.0010683979214453757,0.0010683979214453757,0,2.1660346176525134,8.074017482362319,-5.907982865,TRUE,FALSE,30,275.8389122000008,378,2.0936395471261826,8,2.343518663020334,3.0511800985242035,1.4306366900302459,3.6535395016661547,2.059603237449468,2.6436570178592507,2.5402022303759804,3.4370287984864816,1.546360216874752,4.0336837752295835,2.1763640022329342,2.846084821776995
387,3483.998306300002,8.021964000003209,0.0005120000000000001,0.0009047091839815423,0.0009047091839815423,0,2.015003353498144,0.0010797003896976176,0.0010797003896976176,0,2.16317509279307,8.074017482362319,-5.91084239,TRUE,FALSE,30,275.8389122000008,378,2.0936395471261826,9,2.3944499864949966,3.1078518147004135,1.4479077775093103,3.6317514922329694,2.0560223801762616,2.6318351780686084,2.5732867174033243,3.4780647118952026,1.516845784868683,4.084463974930945,2.1621013617434564,2.830451338668177
388,3492.3157685999995,8.290229700000054,0.0005120000000000001,0.0009148409137464747,0.0009148409137464747,0,2.025675607788503,0.0010602364226829093,0.0010602364226829093,0,2.148073227906817,8.074017482362319,-5.925944254,TRUE,FALSE,30,275.8389122000008,378,2.0936395471261826,10,2.404916912769537,3.1251489680480233,1.4588213926399847,3.6582774335954658,2.0600617031268764,2.6436549585379425,2.636865963499624,3.3488606925721753,1.5034159440054782,4.035735405228733,2.154326553217668,2.809125201708969
389,3499.7775397999994,7.435066899997764,0.0005120000000000001,0.0009058155983010604,0.0009058155983010604,0,2.0173264950984673,0.0010336494546002968,0.0010336494546002968,0,2.1102258731866264,8.074017482362319,-5.963791609,TRUE,FALSE,30,275.8389122000008,378,2.0936395471261826,11,2.390491312448687,3.1119913613856194,1.4539344464404325,3.632653591587133,2.053255618811166,2.636755776800484,2.454497684065523,3.257280652747723,1.5056521863336707,4.084458620007654,2.1587743086549165,2.8162652133828416
390,3507.5781479000016,7.773634000001039,0.0005120000000000001,0.0009228750194145077,0.0009228750194145077,0,2.042238334799634,0.001150840458336775,0.001150840458336775,0,2.2743524046990027,8.074017482362319,-5.799665078,TRUE,FALSE,30,275.8389122000008,378,2.0936395471261826,12,2.4439621635129725,3.1761589005078146,1.4730504827508573,3.6315191350364104,2.054038244577754,2.6427410138764067,2.7974900643140455,3.7045795474945318,1.6435559059496112,4.05857462171685,2.1612801020991306,2.7909776508677306
391,3515.165264000001,7.559889700001804,0.0005120000000000001,0.0009154763349916021,0.0009154763349916021,0,2.0340403582892934,0.0010639847176291321,0.0010639847176291321,0,2.1574699396521795,8.074017482362319,-5.916547543,TRUE,FALSE,30,275.8389122000008,378,2.0936395471261826,13,2.431011276648403,3.158361820792495,1.46870369654402,3.6210669272409244,2.0522766631368503,2.6266611709091383,2.564962396289921,3.3394078863987016,1.5532139813098074,4.080961604705248,2.178401477830336,2.793778438249598
392,3522.956739700001,7.761443100000179,0.0005120000000000001,0.0009112227186062664,0.0009112227186062664,0,2.021446056910129,0.0011884934837546835,0.0011884934837546835,0,2.325226537269542,8.074017482362319,-5.748790945,TRUE,FALSE,30,275.8389122000008,378,2.0936395471261826,14,2.406206485916317,3.1241072887491805,1.4531127225575862,3.647048116473308,2.050924481484669,2.6396179117707024,2.9516413703037734,3.8118155797025737,1.665194245424453,4.026741867208335,2.179541197391453,2.792785377872494
393,3531.451111100001,8.46230210000067,0.0005120000000000001,0.0008981871817153233,0.0008981871817153233,0,2.0057767953776064,0.0010665783321148034,0.0010665783321148034,0,2.153449433156755,8.074017482362319,-5.920568049,TRUE,FALSE,30,275.8389122000008,378,2.0936395471261826,15,2.371662848315994,3.0773901085313704,1.444441836259814,3.635295572821725,2.050454567853383,2.635083959707489,2.6250815117280277,3.4202537074786465,1.4979980926638041,4.030209496483546,2.1383212212452287,2.8411170167728006
394,3539.042052400002,7.563148700002785,0.0005120000000000001,0.0009267017698898919,0.0009267017698898919,0,2.0482572043635647,0.001035276840548867,0.001035276840548867,0,2.097885125992251,8.074017482362319,-5.976132356,TRUE,FALSE,30,275.8389122000008,378,2.0936395471261826,16,2.458869008593193,3.197463760278256,1.479258720517954,3.6310302635370806,2.0518210405532677,2.6304993548141793,2.4284047041672325,3.312252391452628,1.4644798675729007,4.111118830648693,2.1668720268788872,2.8061901167977292
395,3547.118807,8.050021700000798,0.0005120000000000001,0.0008942578445190522,0.0008942578445190522,0,2.0037452964200257,0.0009850221592772569,0.0009850221592772569,0,2.0546423113584273,8.074017482362319,-6.019375171,TRUE,FALSE,30,275.8389122000008,395,2.0546423113584273,0,2.370768959864882,3.0852533700991285,1.442659423743168,3.613200583080038,2.046969146323394,2.625289016840679,2.388443837471596,3.1222323515016597,1.4438878903654522,3.997135381195417,2.15681231584712,2.799065130060004
396,3555.4804263000024,8.323913899999752,0.0005120000000000001,0.0009079021258407489,0.0009079021258407489,0,2.0240520379217934,0.0010195296576759102,0.0010195296576759102,0,2.0959389683402563,8.074017482362319,-5.978078514,TRUE,FALSE,30,275.8389122000008,395,2.0546423113584273,1,2.41230794290914,3.1287594858178136,1.4621372382078333,3.617670539151892,2.047748591399803,2.6276639650798495,2.4447602083331446,3.262734121731123,1.4815331497744522,4.033058215714428,2.1446449949215993,2.813319445472707
397,3563.7054224000003,8.195369799999753,0.0005120000000000001,0.0008983242397978034,0.0008983242397978034,0,2.0095789745014683,0.0011206723726370168,0.0011206723726370168,0,2.255361402150651,8.074017482362319,-5.81865608,TRUE,FALSE,30,275.8389122000008,395,2.0546423113584273,2,2.390443645275894,3.1028797849833953,1.4468799847972134,3.612216636636356,2.0404706270361634,2.622979033622761,2.7596212215641076,3.5695999940261403,1.668656196796114,4.017576747422909,2.147332230955423,2.7643734068763584
398,3572.2655914000006,8.529653800000233,0.0005120000000000001,0.0009136563554291786,0.0009136563554291786,0,2.0282849577257434,0.0009964609670787949,0.0009964609670787949,0,2.0737425282385455,8.074017482362319,-6.000274954,TRUE,FALSE,30,275.8389122000008,395,2.0546423113584273,3,2.420900871557415,3.149897303988773,1.4604889335844422,3.6323204642344424,2.048593003486748,2.630721173615192,2.3970964926093057,3.2278825458190816,1.4658895890286505,3.980483898015366,2.137713524207576,2.798519673022349
399,3579.9912122000005,7.689575500000501,0.0005120000000000001,0.0008943649084684996,0.0008943649084684996,0,2.002701921787594,0.0010708434075944301,0.0010708434075944301,0,2.166145070083968,8.074017482362319,-5.907872412,TRUE,FALSE,30,275.8389122000008,395,2.0546423113584273,4,2.3739239905399474,3.0768343129420335,1.4405867792561309,3.6188148922908545,2.0455558842478405,2.6285317309142036,2.5861636335130704,3.455981828365725,1.5343501388568077,4.030371551159016,2.1493271247496177,2.834107030036372
400,3587.9432615999995,7.925342499998806,0.0005120000000000001,0.0009264776654715672,0.0009264776654715672,0,2.0504563590745293,0.0011823083467680862,0.0011823083467680862,0,2.309319658219486,8.074017482362319,-5.764697824,TRUE,FALSE,30,275.8389122000008,395,2.0546423113584273,5,2.471916004311283,3.212310159245683,1.480177376060695,3.6150847991349115,2.0448800428622604,2.6231369659541017,2.9250484832448542,3.7396328611383436,1.6316720362150487,4.055841322071663,2.212631711892784,2.8542935853312104
401,3595.633220400001,7.660929900001065,0.0005120000000000001,0.0008688716241566949,0.0008688716241566949,0,1.9687429129317071,0.001037862642604012,0.001037862642604012,0,2.119090437449483,8.074017482362319,-5.954927045,TRUE,FALSE,30,275.8389122000008,395,2.0546423113584273,6,2.3101113763506143,2.994583612700809,1.4132139241192894,3.59649134554608,2.038794845888699,2.6171537298283374,2.482390484584298,3.354848504836065,1.4899063884305663,4.030109095595254,2.1531990686875315,2.826332921832249
402,3603.6823467000013,8.018770099999529,0.0005120000000000001,0.0008915478937632078,0.0008915478937632078,0,2.001551313661459,0.0010087534847114227,0.0010087534847114227,0,2.0950214967030925,8.074017482362319,-5.978995986,TRUE,FALSE,30,275.8389122000008,395,2.0546423113584273,7,2.37446002798328,3.0838770450373714,1.4440554536993793,3.6058398795277515,2.0334969854970844,2.61553188453198,2.4920920020920443,3.2562327764604375,1.4768453396640835,3.9610142933141494,2.1425541148686595,2.7778535938212423
403,3611.3857095000003,7.675655600000027,0.0005120000000000001,0.000896305553453091,0.000896305553453091,0,2.009217729574842,0.0010178206013780069,0.0010178206013780069,0,2.094589902502666,8.074017482362319,-5.97942758,TRUE,FALSE,30,275.8389122000008,395,2.0546423113584273,8,2.387466072315583,3.100464834921162,1.4507674234821097,3.604830515280952,2.038013840363669,2.6177311838441053,2.4585574455098382,3.251483945084451,1.474665000535142,4.030279673454847,2.1648825509471363,2.788215866216708
404,3619.348379,7.937591199999588,0.0005120000000000001,0.0008822815972765096,0.0008822815972765096,0,1.987531880957711,0.0011279395457251813,0.0011279395457251813,0,2.2667975651814993,8.074017482362319,-5.807219917,TRUE,FALSE,30,275.8389122000008,395,2.0546423113584273,9,2.3390126518948304,3.0371335872562426,1.431764018039377,3.6092807201709856,2.043260685419649,2.623209013923726,2.7608197111083133,3.6807339647738586,1.6598276091847501,3.9701012606619264,2.163412673781634,2.7644804573040136
405,3627.5053559000025,8.127833099999407,0.0005120000000000001,0.0009269302230831398,0.0009269302230831398,0,2.0486376631198766,0.0010586003063404424,0.0010586003063404424,0,2.1383411522616522,8.074017482362319,-5.93567633,TRUE,FALSE,30,275.8389122000008,395,2.0546423113584273,10,2.4610293452212053,3.2075872300924373,1.4788203470308812,3.6288198152852758,2.0469334051084975,2.627507619479686,2.700967093003862,3.2825935725437563,1.476054150763404,4.060969975600437,2.143122804094827,2.7922063328212223
406,3635.81644,8.281842100001086,0.0005120000000000001,0.000872342855323618,0.000872342855323618,0,1.9701836899561547,0.001012883423624678,0.001012883423624678,0,2.1006675708581346,8.074017482362319,-5.973349912,TRUE,FALSE,30,275.8389122000008,395,2.0546423113584273,11,2.3073250210743748,2.9923698157516903,1.4151255224228876,3.618158891391085,2.0397299826245883,2.6233313269432195,2.476994811801484,3.286114904886216,1.4877397671072914,3.9634877393104784,2.1367120938709694,2.788803583664756
407,3643.8904282999993,8.048596799999359,0.0005120000000000001,0.0009066796304882955,0.0009066796304882955,0,2.025970959652429,0.0011557413367344431,0.0011557413367344431,0,2.2578448298127323,8.074017482362319,-5.816172653,TRUE,FALSE,30,275.8389122000008,395,2.0546423113584273,12,2.421214367645339,3.1572238890647246,1.4616664142074485,3.5916589458835677,2.038407480077349,2.6199605684776794,2.804474861599511,3.782209381240756,1.5612156637247516,4.080989465674236,2.183697474519993,2.793801007804689
408,3652.069584499999,8.150063100001717,0.0005120000000000001,0.0008889417815597415,0.0008889417815597415,0,1.9961709052845837,0.0010516170489128043,0.0010516170489128043,0,2.1447703785951227,8.074017482362319,-5.929247104,TRUE,FALSE,30,275.8389122000008,395,2.0546423113584273,13,2.365082525353479,3.070576780280447,1.4373669082192544,3.6119622471040564,2.0347414726527018,2.616026941579069,2.5143949044947065,3.293912313595867,1.5697572172010676,4.087953367839208,2.145330120641906,2.785308289120442
409,3659.669625100001,7.573693900001672,0.0005120000000000001,0.0009158867445711016,0.0009158867445711016,0,2.0379360607743564,0.0010094996826057866,0.0010094996826057866,0,2.084712444744023,8.074017482362319,-5.989305038,TRUE,FALSE,30,275.8389122000008,395,2.0546423113584273,14,2.4452335748492864,3.1898302161963086,1.4747518622486364,3.6036294724913076,2.032794583965661,2.612300386871996,2.4597463694517288,3.2813477583957846,1.4461848220191718,3.986278350999574,2.1547839909302224,2.7885569050643144
410,3667.4516681000005,7.753780600000027,0.0005120000000000001,0.0008650045905928616,0.0008650045905928616,0,1.963390306296274,0.0010648272053719375,0.0010648272053719375,0,2.1537328237277107,8.074017482362319,-5.920284659,TRUE,FALSE,30,275.8389122000008,395,2.0546423113584273,15,2.3024484908421563,2.987698149531848,1.4102153011445973,3.5955408588524205,2.0322154306433373,2.606428421993816,2.4629795938416597,3.4870946968447196,1.529191614840115,4.065039630121335,2.2087698347813345,2.7939195773131793
411,3674.979971999999,7.495903500002896,0.0005120000000000001,0.0009085734916283754,0.0009085734916283754,0,2.0286903942617247,0.001015266234975693,0.001015266234975693,0,2.092832501327147,8.074017482362319,-5.981184981,TRUE,FALSE,30,275.8389122000008,395,2.0546423113584273,16,2.4286687423039623,3.1710814008481503,1.4655675331864,3.5937773246202167,2.0338756681797,2.6080255975271065,2.4432160394902644,3.1670988842530527,1.4999235582506365,4.068616396143803,2.1773985319785476,2.7679278930809823
412,3682.7339723000023,7.725275300002977,0.0005120000000000001,0.0009020016043295366,0.0009020016043295366,0,2.019820873268957,0.0010290282132297626,0.0010290282132297626,0,2.10357771980994,8.074017482362319,-5.970439763,TRUE,FALSE,30,275.8389122000008,395,2.0546423113584273,17,2.413653141466175,3.132473907144965,1.4579818691219444,3.593149141263759,2.0419520330115284,2.6102833361325497,2.4345637758684155,3.3285001771630123,1.47935242165561,4.055681715932565,2.1787828447022872,2.776011141768393
413,3690.294905200002,7.5319541999997455,0.0005120000000000001,0.0008596026986151106,0.0008596026986151106,0,1.9588459353072039,0.001112158040263045,0.001112158040263045,0,2.218469195226232,8.074017482362319,-5.855548287,TRUE,FALSE,30,275.8389122000008,395,2.0546423113584273,18,2.2895281998882875,2.974407550534346,1.4084401801492792,3.5786539632028456,2.031826223272868,2.610557673535381,2.7810792511593596,3.5094476800602044,1.5495415853603187,4.031982566843925,2.1801066317339126,2.8550217788309302
414,3698.572751900001,8.249196200002189,0.0005120000000000001,0.0008868898403358221,0.0008868898403358221,0,1.9998945445813174,0.0010648840272488884,0.0010648840272488884,0,2.165268439352171,8.074017482362319,-5.908749043,TRUE,FALSE,30,275.8389122000008,395,2.0546423113584273,19,2.375733098723094,3.0876897700710666,1.4419164906713242,3.57822082712015,2.0341847664822867,2.6076227456351173,2.506567260598781,3.4555140008246727,1.5656762921831628,4.037968737674164,2.159812041182001,2.8167202203047714
415,3706.329366600001,7.729252700002689,0.0005120000000000001,0.000889086095602685,0.000889086095602685,0,1.9993010983011335,0.0010192534247397459,0.0010192534247397459,0,2.0977847773162797,8.074017482362319,-5.976232705,TRUE,FALSE,30,275.8389122000008,395,2.0546423113584273,20,2.370355311829777,3.085292460816408,1.4423319322837982,3.599148338995456,2.0321481124232723,2.6087288358382317,2.489263786598285,3.3705262877962086,1.4563549404412615,3.9774787818275454,2.123501660243259,2.770192314031237
416,3714.807479600002,8.44842079999944,0.0005120000000000001,0.0008985131495895812,0.0008985131495895812,0,2.0126352614887426,0.001146067735753105,0.001146067735753105,0,2.2434687773399156,8.074017482362319,-5.830548705,TRUE,FALSE,30,275.8389122000008,395,2.0546423113584273,21,2.409384915050143,3.1229459675842315,1.4476395006083287,3.5954113980617297,2.033898767496484,2.6089511389366824,2.7448094837627437,3.7808935354108613,1.5744272305318292,4.1054006815615205,2.1290705996116825,2.7713702677210676
417,3722.8640527000007,8.026160599998548,0.0004096000000000001,0.0008206681353759944,0.0008206681353759944,0,1.9090770304184979,0.0009663743485406015,0.0009663743485406015,0,2.0543363216431314,8.074017482362319,-6.019681161,TRUE,FALSE,30,275.8389122000008,417,2.0543363216431314,0,2.2133831790638303,2.873767471513848,1.367505226850116,3.5202567228196298,2.006152360867279,2.573853642470015,2.382937024879194,3.126437268690791,1.4769373425281471,3.9005837345629133,2.117180204926282,2.7625293764179673
418,3732.966070299999,10.052674900001875,0.0004096000000000001,0.0008076819610050158,0.0008076819610050158,0,1.8930207889854138,0.0011028759453706725,0.0011028759453706725,0,2.2285588299148498,8.074017482362319,-5.845458652,TRUE,FALSE,30,275.8389122000008,417,2.0543363216431314,1,2.1801186928590472,2.8254721254356947,1.357934730891296,3.5032291476870743,2.0032526074966994,2.571170546007845,2.663685204795139,3.6945999201530926,1.619740603138452,3.968862195371102,2.1322986536093778,2.728284196701452
419,3741.2337874999994,8.23289919999661,0.0004096000000000001,0.000836069549169981,0.000836069549169981,0,1.9328781274643947,0.0009418671787249605,0.0009418671787249605,0,2.0113260394102137,8.074017482362319,-6.062691443,TRUE,FALSE,30,275.8389122000008,419,2.0113260394102137,0,2.254841476401951,2.9351220317900157,1.3918522601051524,3.5274655125075265,2.0089129399612946,2.569777085608994,2.2901559140081877,3.062782664108347,1.4246493252158998,3.9135196384949373,2.131032625468868,2.7362933665909646
420,3750.307739,9.027752699999837,0.0004096000000000001,0.0008237824157348772,0.0008237824157348772,0,1.9154596667190686,0.0010328316143688205,0.0010328316143688205,0,2.1412275357349597,8.074017482362319,-5.932789947,TRUE,FALSE,30,275.8389122000008,419,2.0113260394102137,1,2.2273260128647476,2.8823496678640144,1.37606717893118,3.5184253658114333,2.007457687806134,2.5701737700492022,2.5265856597550633,3.3158208976840395,1.5555713078075237,3.963058861056544,2.1603686997024845,2.7762073609245888
421,3758.3454414000025,8.005302000001393,0.0004096000000000001,0.0008350780129004732,0.0008350780129004732,0,1.9326078508530329,0.0010371687101704767,0.0010371687101704767,0,2.13703849447809,8.074017482362319,-5.936978988,TRUE,FALSE,30,275.8389122000008,419,2.0113260394102137,2,2.2585296722830686,2.9264201061859194,1.3923218563784028,3.5230181384076076,2.007633017584697,2.572967860550698,2.5762623353930656,3.42081438020706,1.5114756311514406,3.9447769410119204,2.1218112288368034,2.755624427435397
422,3766.5131359000025,8.138195899999118,0.0004096000000000001,0.0008509345929029717,0.0008509345929029717,0,1.9530305641294705,0.0011725484928573886,0.0011725484928573886,0,2.32199220622396,8.074017482362319,-5.752025276,TRUE,FALSE,30,275.8389122000008,419,2.0113260394102137,3,2.3018782811474563,2.9899465751824583,1.4045714217114065,3.5351488786822163,2.0063659255250235,2.5799541918353848,2.7974970430800377,3.8338556135738706,1.7402936443637547,4.031095505885117,2.143893221646635,2.7397663848169374
423,3775.4590253000006,8.913885099998879,0.0004096000000000001,0.0008439110288672044,0.0008439110288672044,0,1.9450747626346236,0.0009703282884355567,0.0009703282884355567,0,2.0487336409341825,8.074017482362319,-6.025283841,TRUE,FALSE,30,275.8389122000008,419,2.0113260394102137,4,2.2882780608990316,2.96622125877398,1.398647818082924,3.5224406555997247,2.008087563895293,2.5758345835519068,2.390790795797978,3.196094202126106,1.4538534215420638,3.9270893468604005,2.1019141118622913,2.714458923270031
424,3783.0505403000006,7.564359600000898,0.0004096000000000001,0.000826003843530779,0.000826003843530779,0,1.918248032195893,0.0009706989702833126,0.0009706989702833126,0,2.0473312460331297,8.074017482362319,-6.026686236,TRUE,FALSE,30,275.8389122000008,419,2.0113260394102137,5,2.232972395994011,2.8903656608712702,1.3794434987763742,3.5230163648959394,2.0040432916782462,2.569949735253967,2.3678919433959065,3.178459302586291,1.450143048672365,3.9363993309199365,2.121598589185521,2.7410692033642485
425,3791.2398121999995,8.15799689999767,0.0004096000000000001,0.0008630668916917427,0.0008630668916917427,0,1.9748392450463872,0.0009577570289153336,0.0009577570289153336,0,2.0379991462550207,8.074017482362319,-6.036018336,TRUE,FALSE,30,275.8389122000008,419,2.0113260394102137,6,2.3466941036203295,3.058930945078544,1.4237509534242987,3.5179162614950825,2.005848349516905,2.570632639921435,2.350137560976458,3.169338660680316,1.4536827189906483,3.8976818715233965,2.101165405423569,2.71663180124527
426,3799.4533501000024,8.181117299998732,0.0004096000000000001,0.0008507994879281232,0.0008507994879281232,0,1.9549377748047405,0.0009586618418618809,0.0009586618418618809,0,2.0247150134506122,8.074017482362319,-6.049302469,TRUE,FALSE,30,275.8389122000008,419,2.0113260394102137,7,2.3068974581372803,2.991218178376256,1.4084461368735712,3.529510020211074,2.008876479041317,2.572036218258261,2.337107540161705,3.116972108809225,1.4253496663832335,3.9526917777713098,2.113695715544127,2.74117774761469
427,3808.2772853000006,8.792215599998599,0.0004096000000000001,0.0008200533293391807,0.0008200533293391807,0,1.9095840383398721,0.0009628511483443199,0.0009628511483443199,0,2.039257554919311,8.074017482362319,-6.034759927,TRUE,FALSE,30,275.8389122000008,419,2.0113260394102137,8,2.2195105200773186,2.8683915273024296,1.3711690576556237,3.519782974475765,2.0058610543148903,2.562046707317542,2.4012412389041944,3.123703927079306,1.4396588839075761,3.9192255234908124,2.105561393218717,2.7417562108767655
428,3816.764153599999,8.44692810000197,0.0004096000000000001,0.0008283658792108112,0.0008283658792108112,0,1.9232027500876339,0.0009578742437638505,0.0009578742437638505,0,2.0382565827142365,8.074017482362319,-6.0357609,TRUE,FALSE,30,275.8389122000008,419,2.0113260394102137,9,2.2412302582242605,2.909382133829417,1.383214388856593,3.5165159346662525,2.0074069885728134,2.565493009217399,2.3877176694654296,3.089883056480897,1.4424476092141394,3.8994848916387173,2.1363668830161524,2.7432420897919365
429,3825.5165696999993,8.7158402999994,0.0004096000000000001,0.0008508609820103905,0.0008508609820103905,0,1.9541768806343593,0.0010519460483207333,0.0010519460483207333,0,2.1578237455085145,8.074017482362319,-5.916193737,TRUE,FALSE,30,275.8389122000008,419,2.0113260394102137,10,2.3017527649685103,2.989722722561131,1.407894345359859,3.5335285950653788,2.008977441148107,2.575480198731335,2.5120695527773353,3.508340767222698,1.5387178367916254,3.948836695749103,2.1571764447254638,2.802960294339722
430,3833.1428515000025,7.595525600001565,0.0004096000000000001,0.0008262364391798634,0.0008262364391798634,0,1.9177889138475983,0.0009582623335149122,0.0009582623335149122,0,2.027859118272545,8.074017482362319,-6.046158364,TRUE,FALSE,30,275.8389122000008,419,2.0113260394102137,11,2.2333121558414977,2.896985770176411,1.3749525760849082,3.5219829426257676,2.0063843318335817,2.5711530804678846,2.3580138000632864,3.108987233045515,1.4196804442038924,3.9298229164343184,2.1352066397975134,2.7446090958456026
431,3841.0019114000006,7.829615700000431,0.0004096000000000001,0.0008509580655436561,0.0008509580655436561,0,1.9574570146838648,0.0009738552083596977,0.0009738552083596977,0,2.050219206736798,8.074017482362319,-6.023798276,TRUE,FALSE,30,275.8389122000008,419,2.0113260394102137,12,2.3154861377944256,3.0109389481285938,1.4104271003568363,3.514060641027198,2.000833668551465,2.5678308191825945,2.376735842164163,3.1675417969405095,1.4476615505823558,3.941957216802827,2.126703035854467,2.7686897484657913
432,3849.4096857999994,8.37856439999814,0.0004096000000000001,0.0008468338807409993,0.0008468338807409993,0,1.9485392856244326,0.000982034059914267,0.000982034059914267,0,2.070188661533777,8.074017482362319,-6.003828821,TRUE,FALSE,30,275.8389122000008,419,2.0113260394102137,13,2.2949784401094293,2.9792836541702084,1.401717767485722,3.5284817908941437,2.006557327700239,2.5721855974950523,2.3982913561702834,3.239423039770978,1.4780781845408464,3.9106049364525157,2.110072283758637,2.7628938633108806
433,3858.087498900002,8.642139299998234,0.0004096000000000001,0.0008411486853102518,0.0008411486853102518,0,1.9411426039191448,0.0010006530469351036,0.0010006530469351036,0,2.0556872732748315,8.074017482362319,-6.018330209,TRUE,FALSE,30,275.8389122000008,419,2.0113260394102137,14,2.2836034900748654,2.9604521308907024,1.395468408900968,3.5215391562509635,2.0048644591348728,2.5687264356429216,2.3967009070373106,3.2619413019548684,1.4146042792369888,4.052416198009104,2.1307968306536007,2.759879347862985
434,3866.7644113000006,8.643748099999357,0.0004096000000000001,0.0008207620603136489,0.0008207620603136489,0,1.911320283622811,0.0010313586466708276,0.0010313586466708276,0,2.1257035138618656,8.074017482362319,-5.948313969,TRUE,FALSE,30,275.8389122000008,419,2.0113260394102137,15,2.222703686714059,2.8787803158310004,1.3714410408988453,3.5134046403436687,2.001633369554419,2.5689727008759085,2.452000178182475,3.3417448747600393,1.5259583062318118,4.003778734926549,2.175010713190635,2.79408018829609
435,3875.393546000001,8.592391499998485,0.0004096000000000001,0.0008432945630229111,0.0008432945630229111,0,1.944356655513907,0.0009739116945593216,0.0009739116945593216,0,2.049745263931703,8.074017482362319,-6.024272218,TRUE,FALSE,30,275.8389122000008,419,2.0113260394102137,16,2.2896704713482707,2.9566014360663897,1.400353351373263,3.5261775210985795,2.004062846816696,2.5762620135245715,2.3883760080021395,3.120882679897321,1.4475734470397672,3.949073405900668,2.133468920329558,2.7884766749060037
436,3884.3202600000022,8.893031199997495,0.0004096000000000001,0.0008408617802844749,0.0008408617802844749,0,1.9422945236612563,0.0009794950723209686,0.0009794950723209686,0,2.066457568683383,8.074017482362319,-6.007559914,TRUE,FALSE,30,275.8389122000008,419,2.0113260394102137,17,2.2904037177591983,2.9673217645232257,1.396386800297781,3.5119654081131864,2.00021796747356,2.567000572640858,2.4618112530283294,3.2092861885696893,1.4489912644881955,3.8883666753620263,2.133058727234855,2.7429586948642184
437,3892.640387900001,8.29140660000121,0.0004096000000000001,0.0008194165747091155,0.0008194165747091155,0,1.9059337566563614,0.000973194410006066,0.000973194410006066,0,2.050981183938837,8.074017482362319,-6.023036298,TRUE,FALSE,30,275.8389122000008,419,2.0113260394102137,18,2.2113346105851672,2.8586466132157717,1.369383092671724,3.535104033747604,1.9997887027203571,2.5619493634276007,2.377171177342215,3.21585041747129,1.4507200406009964,3.9341344612479747,2.1235868785368437,2.7124843121540883
438,3901.4787166000006,8.807793500000116,0.0004096000000000001,0.0008409322809429172,0.0008409322809429172,0,1.9419256684084927,0.0009502812693875645,0.0009502812693875645,0,2.0173600887232865,8.074017482362319,-6.056657394,TRUE,FALSE,30,275.8389122000008,419,2.0113260394102137,19,2.282615423272627,2.9749230543891247,1.3977865277024215,3.514823159264932,1.996379987783075,2.566194752787025,2.338088134379051,3.0932127502596245,1.4295998112071384,3.9404549363785275,2.09363990629547,2.7127481816163552
439,3909.9325737000017,8.424177999997482,0.0004096000000000001,0.0008316228704472277,0.0008316228704472277,0,1.9310127040559482,0.0009940793570406684,0.0009940793570406684,0,2.0850560807803387,8.074017482362319,-5.988961402,TRUE,FALSE,30,275.8389122000008,419,2.0113260394102137,20,2.2633670289039975,2.942871905138347,1.391357522475947,3.5019843016234944,1.9963905347398399,2.5563945588101844,2.4746852303660165,3.2547470210881615,1.4913322430949039,3.930848991200153,2.1087656751214734,2.7110660464279257
440,3918.7138190999995,8.747068799999397,0.0004096000000000001,0.0008311769019644799,0.0008311769019644799,0,1.9306249241151712,0.0009419416400836053,0.0009419416400836053,0,2.004510702275351,8.074017482362319,-6.06950678,TRUE,FALSE,30,275.8389122000008,440,2.004510702275351,0,2.2659257610617964,2.932964469275459,1.3912442080272105,3.502322479459299,1.9989609113777587,2.5568228625653933,2.293913002029325,3.070356062535222,1.414271736220206,3.9396452764288976,2.1083129079489797,2.7198546457293786
441,3927.5461019000013,8.780339599998115,0.0004096000000000001,0.0008422997512552403,0.0008422997512552403,0,1.9450731115550983,0.0010382486637365873,0.0010382486637365873,0,2.1442933630332246,8.074017482362319,-5.929724119,TRUE,FALSE,30,275.8389122000008,440,2.004510702275351,1,2.294000165524028,2.9781269635004186,1.4013930458063877,3.512422229166841,1.9977417164366018,2.559738865834528,2.6500078363932986,3.4227596677134673,1.513451257151635,3.9151083778428366,2.1191003711794223,2.702869880981998
442,3936.1355380000005,8.553185799999483,0.0004096000000000001,0.0008113564626071748,0.0008113564626071748,0,1.9019424572959773,0.0010019496971945127,0.0010019496971945127,0,2.10498837667656,8.074017482362319,-5.969029106,TRUE,FALSE,30,275.8389122000008,440,2.004510702275351,2,2.211585261141634,2.863872095117786,1.3655895065621844,3.48737699926101,1.9940402206205095,2.553534973789934,2.521791449362413,3.281032864727016,1.5170157552556292,3.897097971,2.0922545474797163,2.7340142409632606
443,3943.8423015999997,7.677015299999766,0.0004096000000000001,0.0008274021581638592,0.0008274021581638592,0,1.9266950035464077,0.0009919586712712218,0.0009919586712712218,0,2.0841455646432796,8.074017482362319,-5.989871918,TRUE,FALSE,30,275.8389122000008,440,2.004510702275351,3,2.2600161647967347,2.931610793804235,1.386505252317027,3.4891089756854328,1.9955562855136184,2.5563848025969196,2.46883492413454,3.238464790666018,1.486065032074981,3.918816145947686,2.1178840170033943,2.7428395162243095
444,3952.012539,8.140148200000112,0.0004096000000000001,0.0008364962746577008,0.0008364962746577008,0,1.9376969596618923,0.0009873533459047621,0.0009873533459047621,0,2.070417878819775,8.074017482362319,-6.003599604,TRUE,FALSE,30,275.8389122000008,440,2.004510702275351,4,2.287122317113595,2.9689942666843105,1.393408338777028,3.5000062105431717,1.9915691289907032,2.5525159045222328,2.4666468348883224,3.2631332868156893,1.4517466631799607,3.918558421881973,2.1157077226843604,2.7143870614128116
445,3959.912499,7.868235999998433,0.0004096000000000001,0.0008221319939297399,0.0008221319939297399,0,1.9162147520601043,0.0009413872937502309,0.0009413872937502309,0,2.015284827148144,8.074017482362319,-6.058732655,TRUE,FALSE,30,275.8389122000008,440,2.004510702275351,5,2.240037314358821,2.9104212858683405,1.3760122824041405,3.497725827081237,1.993589915530973,2.551162851822238,2.357079356931152,3.083570925865486,1.422466693487636,3.881654863066819,2.0922540540818044,2.720800187201305
446,3967.3662688999993,7.424489799999719,0.0004096000000000001,0.0008259833285246527,0.0008259833285246527,0,1.9215669692178687,0.0009428552112579902,0.0009428552112579902,0,2.005403130378068,8.074017482362319,-6.068614352,TRUE,FALSE,30,275.8389122000008,440,2.004510702275351,6,2.2493538906376345,2.918134557614553,1.3812734431842513,3.5034617172789253,1.9952468307465883,2.555418439290228,2.3030710688676788,3.0745001484258574,1.4057690275880672,3.935277338987931,2.1243951900618403,2.718605956068396
447,3974.716703600001,7.320672800000466,0.0004096000000000001,0.0008156102920613278,0.0008156102920613278,0,1.9088386699251805,0.001071169135400948,0.001071169135400948,0,2.181692993981737,8.074017482362319,-5.892324488,TRUE,FALSE,30,275.8389122000008,440,2.004510702275351,7,2.2262768970818096,2.8906557888266278,1.3706659873070786,3.485180883330167,1.9933760523705817,2.5485240733120054,2.603006772783693,3.604642991298326,1.5536187654529345,3.9500460309878527,2.1394132036711673,2.7327366163605866
448,3982.5877364999997,7.841784299998835,0.0004096000000000001,0.0008289007221626407,0.0008289007221626407,0,1.9299360740911622,0.0009616202184727615,0.0009616202184727615,0,2.0327359089513197,8.074017482362319,-6.041281573,TRUE,FALSE,30,275.8389122000008,440,2.004510702275351,8,2.2673512825615387,2.9424288835638857,1.3919076652499773,3.48700748962415,1.990843436656431,2.550301908863091,2.3873556063083856,3.0573614330577894,1.4425563808381503,3.959080279088669,2.1035099080849764,2.757066733332252
449,3990.966615200001,8.34442929999932,0.0004096000000000001,0.0008320090446664779,0.0008320090446664779,0,1.9340567267154674,0.001092181398221213,0.001092181398221213,0,2.2257336063075015,8.074017482362319,-5.848283876,TRUE,FALSE,30,275.8389122000008,440,2.004510702275351,9,2.2782717389438085,2.955804772165641,1.3932758776838239,3.488318243514356,1.9941947258648944,2.546696569486804,2.7234815093567493,3.640716564874416,1.6144942402316496,3.89725952789327,2.114529748700763,2.7347621705423575
450,3999.3298988000006,8.334418299997196,0.0004096000000000001,0.0008407117167931181,0.0008407117167931181,0,1.9493891504247347,0.00096745061188283,0.00096745061188283,0,2.038449178628741,8.074017482362319,-6.035568304,TRUE,FALSE,30,275.8389122000008,440,2.004510702275351,10,2.308279363596725,3.0043617183703644,1.4077203988160458,3.4778949598039754,1.9879392885694207,2.547262541530313,2.3361507249106697,3.10056086273277,1.471659614654876,4.000795604341225,2.105824612284253,2.716185515641162
451,4007.7970007999993,8.434859499997401,0.0004096000000000001,0.0008219956090807049,0.0008219956090807049,0,1.9183171288056255,0.0009574394508867058,0.0009574394508867058,0,2.035815431733399,8.074017482362319,-6.038202051,TRUE,FALSE,30,275.8389122000008,440,2.004510702275351,11,2.248159796354229,2.9234984595852933,1.3794123438910133,3.486481166660037,1.9864219822702898,2.5441008951638753,2.406451831989661,3.1654824256393828,1.427849607983687,3.8822751476824813,2.1037789347084432,2.7081484968831107
452,4016.2501680000005,8.419387699999788,0.0004096000000000001,0.0008085397528227054,0.0008085397528227054,0,1.8976075459298563,0.0009439976219607225,0.0009439976219607225,0,2.0124343691095845,8.074017482362319,-6.061583113,TRUE,FALSE,30,275.8389122000008,440,2.004510702275351,12,2.2042744013908973,2.856978344585425,1.3629330369743498,3.4883997165840404,1.9892820785111225,2.5476656370317117,2.312622513718912,3.13820740751771,1.4130014972475027,3.9049366230807707,2.1144257222888014,2.6941749816556655
453,4024.5901274000007,8.30780600000071,0.0004096000000000001,0.0008296372888176113,0.0008296372888176113,0,1.930056371654934,0.0010117483816794546,0.0010117483816794546,0,2.117314514285504,8.074017482362319,-5.956702968,TRUE,FALSE,30,275.8389122000008,440,2.004510702275351,13,2.266787233482874,2.953189777996291,1.3886903137258433,3.4880182940357454,1.9934256735097517,2.5478154409263243,2.5047736738989546,3.3827331518883916,1.524140563520946,3.9000668915465253,2.1152031350158973,2.6969757970041206
454,4032.858688000002,8.231875299999956,0.0004096000000000001,0.0008112868965428824,0.0008112868965428824,0,1.905075756243307,0.001045292561857865,0.001045292561857865,0,2.1595724693456475,8.074017482362319,-5.914445013,TRUE,FALSE,30,275.8389122000008,440,2.004510702275351,14,2.2200591510999987,2.8854881215057686,1.3706075510313835,3.47164415065897,1.9861488157602998,2.542473637873588,2.559407097250319,3.586894220292817,1.5519840739239545,3.896861755406605,2.0958551359997033,2.6879485965439676
455,4041.145026,8.255641100000503,0.0004096000000000001,0.0008374307380576958,0.0008374307380576958,0,1.9418583075682123,0.0010639939735278326,0.0010639939735278326,0,2.1722262008263127,8.074017482362319,-5.901791282,TRUE,FALSE,30,275.8389122000008,440,2.004510702275351,15,2.298263667394678,2.9870664514758203,1.3977860831767708,3.48648458871895,1.9871692267582521,2.5471864917726865,2.716739582085562,3.4915381757867765,1.5370324188182654,3.951173202470864,2.0960159406103487,2.7115376602622585
456,4049.859432,8.678101699999388,0.0004096000000000001,0.0008144750310629898,0.0008144750310629898,0,1.907350413262012,0.0009289054824957806,0.0009289054824957806,0,2.0051183270488666,8.074017482362319,-6.068899155,TRUE,FALSE,30,275.8389122000008,440,2.004510702275351,16,2.226144227352053,2.8875181439879167,1.3717194862704052,3.485930021244122,1.9859697453811394,2.544556799724909,2.290711781301942,3.0687802823337993,1.4344438892360554,3.864127627384717,2.0861878443078825,2.7124776413162968
457,4057.8580702000017,7.961053399998491,0.0004096000000000001,0.000814016802146793,0.000814016802146793,0,1.9095823870663768,0.0011478871374829159,0.0011478871374829159,0,2.286973157414289,8.074017482362319,-5.787044325,TRUE,FALSE,30,275.8389122000008,440,2.004510702275351,17,2.2369680671549097,2.9025131632308745,1.3734064821520733,3.4689389656651546,1.9812721437687482,2.5368729065410744,2.8980634738794175,3.899449338429248,1.6081986254634466,3.8863792601297886,2.123690723642899,2.71895688951714
458,4065.6983235999996,7.809002199999668,0.0004096000000000001,0.000832663535292427,0.000832663535292427,0,1.9382370035082346,0.0009369690391870749,0.0009369690391870749,0,2.0126111893329064,8.074017482362319,-6.061406293,TRUE,FALSE,30,275.8389122000008,440,2.004510702275351,18,2.292433607290484,2.9695179843143777,1.3970418464256418,3.4722084973939844,1.9902836357054001,2.544428351675861,2.379568484597114,3.0648156407676552,1.413010781671083,3.8591634836146893,2.0957714575546085,2.717600129875026
459,4073.1369194000017,7.409103699999832,0.0004096000000000001,0.00081037890329025,0.00081037890329025,0,1.905311830966067,0.000999619061122358,0.000999619061122358,0,2.078615283019443,8.074017482362319,-5.995402199,TRUE,FALSE,30,275.8389122000008,440,2.004510702275351,19,2.2260664768894807,2.8853531617184593,1.3720449707555222,3.4647930068246646,1.981481112687735,2.538786311369836,2.4516504540760904,3.3716317159070317,1.450386063368261,3.9370350535077265,2.0902213248683905,2.7226644270730693
460,4082.9603652999995,9.77991529999781,0.0004096000000000001,0.0008181822557769153,0.0008181822557769153,0,1.9136808103122702,0.0010579082087202902,0.0010579082087202902,0,2.160840627421938,8.074017482362319,-5.913176855,TRUE,FALSE,30,275.8389122000008,440,2.004510702275351,20,2.236771003830271,2.911030647653521,1.376299609264592,3.482574652019685,1.9893658999867045,2.5402714619508027,2.522066574599993,3.577490979761725,1.5432449516335527,3.9741586312199555,2.136513443314775,2.7300350904484154
461,4091.7672944000024,8.775726200001372,0.0004096000000000001,0.0008146077936725434,0.0008146077936725434,0,1.9096676459284516,0.0010201324256028776,0.0010201324256028776,0,2.115527317350829,8.074017482362319,-5.958490165,TRUE,FALSE,30,275.8389122000008,440,2.004510702275351,21,2.237204182074452,2.902926178553829,1.3730830112863934,3.472674127829639,1.9815188578939613,2.536630365970759,2.5082910424389793,3.4162452580053593,1.4909266449265133,3.923374298483039,2.121490501971247,2.74574671696173
462,4100.580661400001,8.77164460000131,0.0003276800000000001,0.0007716399536475727,0.0007716399536475727,0,1.8503174074555244,0.0009358850201955593,0.0009358850201955593,0,1.9992539484362495,8.074017482362319,-6.074763534,TRUE,FALSE,30,275.8389122000008,462,1.9992539484362495,0,2.1250113734773928,2.756454455758223,1.3268357585150703,3.4283197624603967,1.9660945616013437,2.516971809813231,2.3179567856497973,3.067345315482608,1.409937181421093,3.921532760930197,2.0876250147788444,2.686582972986884
463,4108.862533000001,8.225924999998824,0.0003276800000000001,0.0007762615141342391,0.0007762615141342391,0,1.8583164622695638,0.0009219521983257196,0.0009219521983257196,0,1.9939434977281714,8.074017482362319,-6.080073985,TRUE,FALSE,30,275.8389122000008,463,1.9939434977281714,0,2.1463775774953664,2.785269498146128,1.3318526733305731,3.42238353793636,1.9657469793876887,2.511513677582862,2.3687484349280075,3.0616655112019298,1.3904556487488708,3.826506727758775,2.0764818396173395,2.678584723260296
464,4117.309582200001,8.403712700001051,0.0003276800000000001,0.0007742837034625772,0.0007742837034625772,0,1.8567817652206633,0.0009265900092412602,0.0009265900092412602,0,1.9978654602224384,8.074017482362319,-6.076152022,TRUE,FALSE,30,275.8389122000008,463,1.9939434977281714,1,2.1450438155000433,2.7783449072206134,1.3311595191610948,3.4156065536106874,1.965438176519763,2.5117590956799902,2.3107233889505827,3.055083567932089,1.411168054370464,3.8599198710690357,2.0806978894255703,2.7237945186256294
465,4125.574813100002,8.23165710000103,0.0003276800000000001,0.0007732926256876604,0.0007732926256876604,0,1.8542189313815152,0.0009305377822482739,0.0009305377822482739,0,2.009296229703893,8.074017482362319,-6.064721253,TRUE,FALSE,30,275.8389122000008,463,1.9939434977281714,2,2.13489028971512,2.771000976644002,1.330765984560895,3.4221853707120116,1.9631582516245214,2.5140936686634365,2.3492469174704564,3.080434303233454,1.4218867652155343,3.8410132405018795,2.096014065766657,2.6871751085777955
466,4133.493268100001,7.8857762000006915,0.0003276800000000001,0.0007731231934614476,0.0007731231934614476,0,1.8548427350176637,0.0009139933189626117,0.0009139933189626117,0,1.9834470076283879,8.074017482362319,-6.090570475,TRUE,FALSE,30,275.8389122000008,466,1.9834470076283879,0,2.137026577868741,2.7717862710435393,1.3312294644573908,3.4182529628767653,1.9652155405455667,2.512256036778481,2.2927110910166713,3.0102392338414856,1.405253058666468,3.8477793584198365,2.074995572704907,2.698033905956928
467,4140.8079148000015,7.272024599998986,0.0003276800000000001,0.0007874988637684322,0.0007874988637684322,0,1.8749622296196644,0.0009337910277320962,0.0009337910277320962,0,2.018519639248437,8.074017482362319,-6.055497843,TRUE,FALSE,30,275.8389122000008,466,1.9834470076283879,1,2.1801039342654973,2.819518258390889,1.3478883495699396,3.4337908669932435,1.9661945489096815,2.5160046283754403,2.3258933136712514,3.1249184615212533,1.4491050840969246,3.830048227025057,2.063344896579574,2.710022961724682
468,4149.171170200001,8.329170200002409,0.0003276800000000001,0.0007904631450715313,0.0007904631450715313,0,1.881832541171373,0.0009231171901480099,0.0009231171901480099,0,1.9887440613502192,8.074017482362319,-6.085273421,TRUE,FALSE,30,275.8389122000008,466,1.9834470076283879,2,2.1944622898260477,2.841328231247117,1.3531536400595223,3.4225798679788153,1.9693319206911042,2.513403236942769,2.318389623675079,3.019368546395788,1.4044887509915278,3.8898160061373033,2.0867426205296855,2.670648185219758
469,4156.638188300001,7.437439700002869,0.0003276800000000001,0.0007740759137695301,0.0007740759137695301,0,1.8548144920452556,0.0009189036369629904,0.0009189036369629904,0,1.9959523352605073,8.074017482362319,-6.078065147,TRUE,FALSE,30,275.8389122000008,466,1.9834470076283879,3,2.140332510286198,2.76840504507641,1.3304118172316004,3.426350558288637,1.9651116826064934,2.51163105252837,2.3119863995381666,3.0740786243626363,1.4210077716518288,3.825258893454892,2.06827629590458,2.672213029138988
470,4164.192517199999,7.521305999998731,0.0003276800000000001,0.0007896057912209014,0.0007896057912209014,0,1.8809795568112364,0.0009107521133282569,0.0009107521133282569,0,1.9840704740327966,8.074017482362319,-6.089947008,TRUE,FALSE,30,275.8389122000008,466,1.9834470076283879,4,2.1901402915990382,2.8378959121782783,1.35420646207309,3.421120617638101,1.9657877097197467,2.5175948748668526,2.2642812812007223,3.0086893953545646,1.4204216723974215,3.8437152336526954,2.086103407405814,2.6776323535232645
471,4171.712775,7.488076199999341,0.0003276800000000001,0.0007981973158806276,0.0007981973158806276,0,1.8933258842706642,0.0010355190409255162,0.0010355190409255162,0,2.1640237248901815,8.074017482362319,-5.909993757,TRUE,FALSE,30,275.8389122000008,466,1.9834470076283879,5,2.2165908486855637,2.8765879033778234,1.3637465883166353,3.426367872521658,1.966013827335657,2.5124223211505963,2.6769833065135624,3.4487818516320594,1.5666349985291836,3.8354249193957655,2.081775485581473,2.6890265666263424
472,4179.737981600001,7.993508799998381,0.0003276800000000001,0.0007710607809002142,0.0007710607809002142,0,1.851776964061517,0.0009214405024966359,0.0009214405024966359,0,1.996681238465281,8.074017482362319,-6.077336244,TRUE,FALSE,30,275.8389122000008,466,1.9834470076283879,6,2.1320286635038994,2.7642293092504455,1.3279052028894698,3.415731150019326,1.9630976587074072,2.515451091260906,2.271639884810833,3.1000173988217474,1.418458445538947,3.8319929059716595,2.0859924935264638,2.693789534885547
473,4188.288472099999,8.519698100000824,0.0003276800000000001,0.0007785092784745874,0.0007785092784745874,0,1.8626430689088942,0.0009662079138210671,0.0009662079138210671,0,2.0556846329172016,8.074017482362319,-6.018332849,TRUE,FALSE,30,275.8389122000008,466,1.9834470076283879,7,2.155453883481013,2.7941090344896815,1.3381609666695473,3.423294292556468,1.96371460138308,2.5079824845769965,2.4252932243311984,3.288968969487924,1.445546996367277,3.8325686373513204,2.074106535751294,2.7149706033002805
474,4196.858893400002,8.53525720000107,0.0003276800000000001,0.0007992050369604941,0.0007992050369604941,0,1.895209365147043,0.000956561442025227,0.000956561442025227,0,2.0563822274771155,8.074017482362319,-6.017635255,TRUE,FALSE,30,275.8389122000008,466,1.9834470076283879,8,2.228672060922735,2.881361932918205,1.3639270919923232,3.422527162775672,1.9634525816073636,2.510125211752344,2.428731010515738,3.1775301819248933,1.4909096610052401,3.8300123090276097,2.0711319753472153,2.681120617800685
475,4205.451764300002,8.55814250000185,0.0003276800000000001,0.0007947177345314401,0.0007947177345314401,0,1.8895428616081085,0.0009679302040445015,0.0009679302040445015,0,2.054151225624704,8.074017482362319,-6.019866257,TRUE,FALSE,30,275.8389122000008,466,1.9834470076283879,9,2.2121051558135125,2.8685964348512343,1.36005733651831,3.4155684383379175,1.9644162251473227,2.511593823736776,2.3958631714636613,3.275101324134578,1.4490517491066799,3.8667485884801756,2.1120811179586165,2.6848848880001213
476,4214.044313200002,8.562286700002005,0.0003276800000000001,0.0007799242766326619,0.0007799242766326619,0,1.8660926715831634,0.0008969661405471113,0.0008969661405471113,0,1.9612154977494536,8.074017482362319,-6.112801985,TRUE,FALSE,30,275.8389122000008,476,1.9612154977494536,0,2.162423348669714,2.805285003346607,1.3405621876822231,3.4167171356698103,1.9642607511250025,2.5096466999355616,2.250096539444244,2.9615751517805946,1.3895298197999577,3.835465248813472,2.0714905812211963,2.6725643472636134
477,4222.168736000001,8.07764710000265,0.0003276800000000001,0.0007736193704767931,0.0007736193704767931,0,1.856112023877688,0.0009145074630651353,0.0009145074630651353,0,1.9904383202821248,8.074017482362319,-6.083579162,TRUE,FALSE,30,275.8389122000008,476,1.9612154977494536,1,2.1417555782748425,2.774046539725836,1.3346131304862359,3.4185096310550014,1.958594704716664,2.5115706556654054,2.3162705765648925,3.0338000124439364,1.4138125782530189,3.8204922561153403,2.0728560148304114,2.6807754586503347
478,4230.256355899999,8.057203099997423,0.0003276800000000001,0.0007763270895072577,0.0007763270895072577,0,1.8594465285029782,0.0008971777575461991,0.0008971777575461991,0,1.9653705790890732,8.074017482362319,-6.108646903,TRUE,FALSE,30,275.8389122000008,476,1.9612154977494536,2,2.1454050506951807,2.783215259436582,1.3344664783506166,3.4214007895309595,1.9670027860200154,2.5148872451731896,2.2456228057622187,2.962083001722827,1.3998622322426026,3.8259606734471125,2.0741864868494346,2.6793779063662604
479,4238.939174000001,8.649609100000816,0.0003276800000000001,0.0007642398194242713,0.0007642398194242713,0,1.8449546000542933,0.0009166056578969927,0.0009166056578969927,0,1.9873236162112256,8.074017482362319,-6.086693866,TRUE,FALSE,30,275.8389122000008,476,1.9612154977494536,3,2.1239656297567846,2.7519985177464283,1.3242353532002935,3.396589082239875,1.9592947187093546,2.5010340683275145,2.2980912631053068,3.04589151867092,1.4093656734412787,3.8499392242924415,2.0757261132549374,2.668402800906892
480,4247.436862100001,8.46517859999949,0.0003276800000000001,0.0007825599933635735,0.0007825599933635735,0,1.8703524334580015,0.0009363325370804384,0.0009363325370804384,0,2.0233012667548453,8.074017482362319,-6.050716216,TRUE,FALSE,30,275.8389122000008,476,1.9612154977494536,4,2.175885600043344,2.817328460818664,1.344202220633198,3.4158475739851477,1.9603193255430171,2.5082139401504073,2.3192725218172767,3.066363631967226,1.4702770489503236,3.8640795724663635,2.0869131006274797,2.709463756735609
481,4255.556331000002,8.083677499998885,0.0003276800000000001,0.0007927311863682265,0.0007927311863682265,0,1.8858970647317033,0.0009194983686745468,0.0009194983686745468,0,2.0013185057495995,8.074017482362319,-6.072698977,TRUE,FALSE,30,275.8389122000008,476,1.9612154977494536,5,2.200217385161172,2.8604282697620307,1.3580724306838237,3.420346009505828,1.9631888340513093,2.5124695715546523,2.329805053060004,3.1009811062025805,1.418537600129062,3.7948334699675645,2.0698664525063406,2.681096953597395
482,4264.228551400001,8.639216800002032,0.0003276800000000001,0.0007722584875536735,0.0007722584875536735,0,1.8566499638136138,0.0009046965750671535,0.0009046965750671535,0,1.9780463043020038,8.074017482362319,-6.095971178,TRUE,FALSE,30,275.8389122000008,476,1.9612154977494536,6,2.149579700239088,2.7815248735985985,1.3338407869903772,3.403000036912836,1.9573503663185603,2.505266650982909,2.2943383955665997,3.0015085693018513,1.3989444821310375,3.804604767343393,2.07608892755395,2.6883310937336717
483,4272.983738,8.718209699996805,0.0003276800000000001,0.0007699804798273518,0.0007699804798273518,0,1.8496154430470868,0.0009106405432029506,0.0009106405432029506,0,1.9776360591847102,8.074017482362319,-6.096381423,TRUE,FALSE,30,275.8389122000008,476,1.9612154977494536,7,2.1381493657595927,2.7637295222169134,1.3261677131955627,3.4172978864253736,1.9545827871905928,2.5043720118611574,2.326326616549552,3.035730081003914,1.3855986797060589,3.8273268140100827,2.0582474411219795,2.6626904539811527
484,4281.414763,8.393836499999452,0.0003276800000000001,0.0007734605397115679,0.0007734605397115679,0,1.8559080174482867,0.0008948625687545546,0.0008948625687545546,0,1.9628785976500578,8.074017482362319,-6.111138885,TRUE,FALSE,30,275.8389122000008,476,1.9612154977494536,8,2.1485708158553125,2.7807685559829736,1.3319220215694025,3.4151832841028926,1.9580360099137926,2.503215743204186,2.2565364595362634,2.9609861567389544,1.4030637639767707,3.824472410985565,2.054849714965287,2.6562003520194595
485,4289.919529000001,8.470416399999522,0.0003276800000000001,0.0007888186036734992,0.0007888186036734992,0,1.8830537239903937,0.0009489213308700589,0.0009489213308700589,0,2.0358190817548696,8.074017482362319,-6.038198401,TRUE,FALSE,30,275.8389122000008,476,1.9612154977494536,9,2.200320452526986,2.8612772358234544,1.3570390113902782,3.403541917109025,1.9580819462370491,2.499728734324235,2.464371133403537,3.1316677954757,1.4429396068767566,3.84312910787308,2.0712313703338014,2.654076823607128
486,4298.435836900002,8.477530000000115,0.0003276800000000001,0.0007721474844057429,0.0007721474844057429,0,1.8547300356529899,0.0010282049932541929,0.0010282049932541929,0,2.1339615462661032,8.074017482362319,-5.940055936,TRUE,FALSE,30,275.8389122000008,476,1.9612154977494536,10,2.1475997143558585,2.780860517828017,1.3317912723311531,3.410602248851582,1.9544822663014951,2.5002868561247498,2.584883093795845,3.4880250869248166,1.5194845855443777,3.896521849735473,2.077750349418099,2.667618091290719
487,4307.040481500002,8.564711700000771,0.0003276800000000001,0.0007787155791213821,0.0007787155791213821,0,1.8663628538730788,0.0009285732287434839,0.0009285732287434839,0,1.9956242839855691,8.074017482362319,-6.078393198,TRUE,FALSE,30,275.8389122000008,476,1.9612154977494536,11,2.170803297016644,2.8155446497589356,1.3424593354102985,3.405914667926561,1.9545373026525599,2.4974377570676354,2.3235545198177445,3.048557687702246,1.417042314365216,3.900597103929767,2.0718919839696794,2.666822883500017
488,4316.496110599999,9.425038999997923,0.0003276800000000001,0.0007718527885207438,0.0007718527885207438,0,1.8567695316139936,0.0008988384551552157,0.0008988384551552157,0,1.965714888182218,8.074017482362319,-6.108302594,TRUE,FALSE,30,275.8389122000008,476,1.9612154977494536,12,2.150875221793132,2.7930129068799032,1.333852816885253,3.3969641944615976,1.9524912151251992,2.4999856757581833,2.2890540299686473,2.9839572846570466,1.3860281452048195,3.8170111564902167,2.060220965686002,2.6648454365508307
489,4324.679605300002,8.150584700000763,0.0003276800000000001,0.0007777568185697889,0.0007777568185697889,0,1.8639131397797735,0.000954834422258558,0.000954834422258558,0,2.0422836188747984,8.074017482362319,-6.031733863,TRUE,FALSE,30,275.8389122000008,476,1.9612154977494536,13,2.1589654048715476,2.8001056189196927,1.341206637819457,3.413103678954176,1.958334695095536,2.507255487462002,2.3905853510505057,3.1757386261423193,1.4719574389316874,3.8778375670511,2.0711274269386557,2.6647380390346203
490,4332.411110800002,7.69610780000221,0.0003276800000000001,0.0007833135903544418,0.0007833135903544418,0,1.8746193379750142,0.0009418258124787019,0.0009418258124787019,0,2.0312649098499813,8.074017482362319,-6.042752573,TRUE,FALSE,30,275.8389122000008,476,1.9612154977494536,14,2.1864183121645695,2.841148136026173,1.3499480081640638,3.4009615229441654,1.9528364812268713,2.4986864690050306,2.416366085002165,3.152071591567103,1.4423132627286606,3.807077293842777,2.0528467386870335,2.7054680241139333
491,4339.932604800002,7.49167849999867,0.0003276800000000001,0.0007860610656464396,0.0007860610656464396,0,1.8798841980959424,0.0008998161267820919,0.0008998161267820919,0,1.9712990829316954,8.074017482362319,-6.102718399,TRUE,FALSE,30,275.8389122000008,476,1.9612154977494536,15,2.198342395428227,2.8544130361076805,1.3543432994582139,3.396653789621224,1.9539536851232862,2.4983784552007777,2.2764066737956856,3.008401342697493,1.3991741951378391,3.8045273224768543,2.06148721088494,2.663451272375136
492,4348.652293,8.688066999999137,0.0003276800000000001,0.0007638140400817869,0.0007638140400817869,0,1.844263302140748,0.0009385951753916995,0.0009385951753916995,0,2.0209029151993936,8.074017482362319,-6.053114567,TRUE,FALSE,30,275.8389122000008,476,1.9612154977494536,16,2.127219274530303,2.7606014561672523,1.3247764986823878,3.3961530486176414,1.94860745162759,2.493371244422997,2.4031989521221684,3.1600638336589255,1.4265289465093938,3.8282542071876335,2.062897966870612,2.6533847286953574
493,4356.000497300001,7.316811400000006,0.0003276800000000001,0.0007712062023164957,0.0007712062023164957,0,1.8537820756927983,0.0009360485735455339,0.0009360485735455339,0,2.0225332679154295,8.074017482362319,-6.051484214,TRUE,FALSE,30,275.8389122000008,476,1.9612154977494536,17,2.1443276383591203,2.7849400191342513,1.3310535776071715,3.4067713644233546,1.9520390522987126,2.4989931124317013,2.388579944853869,3.167343737846872,1.431251284078268,3.802357973210208,2.068402224270639,2.6668088062035733
494,4366.4923684000005,10.45209690000047,0.0003276800000000001,0.0007834268124937243,0.0007834268124937243,0,1.8754643018855526,0.0008996787145127141,0.0008996787145127141,0,1.9680867309416692,8.074017482362319,-6.105930751,TRUE,FALSE,30,275.8389122000008,476,1.9612154977494536,18,2.190565873345953,2.8429537545227896,1.3515275687673405,3.3997071916149544,1.953451268720045,2.4915834952183165,2.273376261436345,2.973421233007414,1.3978806947410651,3.828840623762216,2.0740570971696672,2.6560183138126403
495,4373.884473100001,7.358707800001866,0.0003276800000000001,0.0007656168022642299,0.0007656168022642299,0,1.8484063606953691,0.0009404688978405337,0.0009404688978405337,0,2.030183359829348,8.074017482362319,-6.043834123,TRUE,FALSE,30,275.8389122000008,476,1.9612154977494536,19,2.133662237053401,2.7709190465226716,1.3287120700475612,3.3920927383096093,1.9531431379705417,2.4911349058914456,2.4222987226878296,3.14531025761233,1.4410522734493303,3.80678741728113,2.0643159691045616,2.6810289438658232
496,4381.235597,7.31794649999938,0.0003276800000000001,0.0007628572469723049,0.0007628572469723049,0,1.8434469144015198,0.0009562139096661019,0.0009562139096661019,0,2.0609795374212037,8.074017482362319,-6.013037945,TRUE,FALSE,30,275.8389122000008,476,1.9612154977494536,20,2.1290577903479364,2.7548953446618603,1.3220628168105562,3.3914686572619437,1.9537938979250495,2.4931035974011757,2.484546389272176,3.1614770492450517,1.487516631868154,3.8004516562399977,2.065563474873532,2.6837810238334128
497,4389.547016099999,8.28064870000162,0.0003276800000000001,0.0007601205825917,0.0007601205825917,0,1.8389500460733943,0.000909302770522605,0.000909302770522605,0,1.9854513761496477,8.074017482362319,-6.088566106,TRUE,FALSE,30,275.8389122000008,476,1.9612154977494536,21,2.1185637492538,2.746758775763086,1.3191381353440579,3.3919390323118184,1.9500811575477937,2.4916233741661924,2.304845548879497,3.0545461383108425,1.4061683723978056,3.8019555322376877,2.0741495640605607,2.658326800708945
498,4396.946957300001,7.36786370000118,0.0002621440000000001,0.0007346893715864722,0.0007346893715864722,0,1.8055553689136754,0.0008772822236080941,0.0008772822236080941,0,1.9439818044720312,8.074017482362319,-6.130035678,TRUE,FALSE,30,275.8389122000008,498,1.9439818044720312,0,2.063025727572943,2.668156033726602,1.2951299777470473,3.352128769180203,1.9360350323590194,2.4672904311674535,2.256479653843539,2.9438775758292115,1.3723701166301572,3.7672944162549413,2.0529903211192897,2.628013860650352
499,4405.650619900001,8.646403900002042,0.0002621440000000001,0.00073172685258934,0.00073172685258934,0,1.8008321341704066,0.0008846331161803193,0.0008846331161803193,0,1.9514174680670764,8.074017482362319,-6.122600014,TRUE,FALSE,30,275.8389122000008,498,1.9439818044720312,1,2.054827713430557,2.6573523902014267,1.2901018012728738,3.349205391693433,1.9346552472037468,2.468338585962155,2.22585205718847,2.945695226959738,1.3826427948551367,3.7954241978018137,2.0819185212742997,2.6558914979807726
500,4412.960547799999,7.279725200001849,0.0002621440000000001,0.0007411083775553642,0.0007411083775553642,0,1.8149111299839265,0.0008834334660915229,0.0008834334660915229,0,1.9494208046353458,8.074017482362319,-6.124596678,TRUE,FALSE,30,275.8389122000008,498,1.9439818044720312,2,2.0767775555338206,2.696529874071886,1.3006781630159836,3.3557880373899702,1.941733589731561,2.4737427953825164,2.239516707162674,2.96764929417044,1.3790206935860687,3.7854704462768,2.0506143384582747,2.6532978896360975
