epoch,elapsed_seconds,epoch_seconds,learning_rate,train_total_loss,train_data_loss,train_regularization_loss,train_metric_pct,val_total_loss,val_data_loss,val_regularization_loss,val_metric_pct,lcs_line_pct,val_minus_lcs_pct_point,is_below_lcs,just_crossed_lcs,first_below_lcs_epoch,first_below_lcs_elapsed_seconds,best_epoch,best_val_metric_pct,epochs_without_improvement,train_sigma11_pct,train_sigma22_pct,train_sigma33_pct,train_sigma12_pct,train_sigma13_pct,train_sigma23_pct,val_sigma11_pct,val_sigma22_pct,val_sigma33_pct,val_sigma12_pct,val_sigma13_pct,val_sigma23_pct
1,3.425608299999965,3.42560560000004,0.01,0.5769221402391975,0.5769221402391975,0,69.85647036993336,0.3598901203678488,0.3598901203678488,0,55.28804687390109,9.518163996564953,45.76988287733614,FALSE,FALSE,,,1,55.28804687390109,0,64.35378775153163,61.800254356522665,80.3693038747902,62.492728659437766,83.02445116236325,82.37445367735245,51.09756912056631,48.54259340904121,65.47924956833009,45.624764189570215,63.223129576847626,66.78139016376643
2,6.469183999999984,3.01188209999998,0.01,0.29406952832653765,0.29406952832653765,0,50.771161107610816,0.23440880854174231,0.23440880854174231,0,45.522833157002374,9.518163996564953,36.00466916043742,FALSE,FALSE,,,2,45.522833157002374,0,47.54179901361593,45.24061659515202,60.70864559627768,41.955639538394045,56.39705398678115,57.585959668710885,42.645122534703304,41.09241718489338,55.00056435838262,37.78481948333093,50.56267380382325,47.85417720771692
3,9.51285519999999,3.0118631999999934,0.01,0.18695211144112353,0.18695211144112353,0,41.07053277612887,0.1501509956477447,0.1501509956477447,0,36.74995467010793,9.518163996564953,27.23179067354298,FALSE,FALSE,,,3,36.74995467010793,0,39.19802133361882,38.061994437656956,48.52783691425426,34.023121522114025,43.77590773207211,42.85905496360867,35.67944866055278,33.83626962700415,43.32109813574778,30.273440527376614,38.89558139720373,37.748631164720095
4,13.042090499999972,3.4950480999999627,0.01,0.12187131050779043,0.12187131050779043,0,33.39576294855423,0.1121370375728738,0.1121370375728738,0,32.661429731151806,9.518163996564953,23.143265734586855,FALSE,FALSE,,,4,32.661429731151806,0,32.53370761702072,31.698369457370884,38.5760753369141,27.699092927455865,34.19940195888634,33.98788248101996,33.151797071081376,31.048363825762877,38.74033246296105,25.10242395573659,30.162938397208787,30.010237214865263
5,16.43048209999995,3.35721749999999,0.01,0.08248144911457703,0.08248144911457703,0,27.536248965663656,0.06834361942918886,0.06834361942918886,0,24.83690038271115,9.518163996564953,15.318736386146197,FALSE,FALSE,,,5,24.83690038271115,0,27.23102253483795,26.458456389815343,31.117058971197174,23.11478843178221,27.644484142041243,27.757928650181363,25.10389171522786,23.619264446166248,27.278098266300326,21.088205298177495,25.66856658185101,25.33080042003523
6,19.475708499999996,3.0147047000000384,0.01,0.060714475184926724,0.060714475184926724,0,23.60277933197245,0.05334124066856038,0.05334124066856038,0,21.52348859959801,9.518163996564953,12.005324603033058,FALSE,FALSE,,,6,21.52348859959801,0,23.38980189835601,23.038569213435924,26.05465574509643,20.05916211499274,23.504711792826633,24.026019809479358,21.321004119835,20.230429193543145,22.8252373168253,19.854424514629496,23.73488965489915,23.35379207813851
7,22.510988499999996,3.0120226999999886,0.01,0.044052609231506064,0.044052609231506064,0,19.612800917714846,0.03901077993247196,0.03901077993247196,0,18.215937994814873,9.518163996564953,8.69777399824992,FALSE,FALSE,,,7,18.215937994814873,0,18.660281193730953,18.520069238242233,21.55613151097768,18.104241746709107,21.30373456998696,21.73363667539128,16.830374442784773,17.343888045376872,19.759324536491338,17.230367707308226,20.569531964539692,20.67386358448478
8,25.28131659999997,2.745493500000009,0.01,0.034608636229838355,0.034608636229838355,0,17.323213229231946,0.032835113985875346,0.032835113985875346,0,16.788737854475812,9.518163996564953,7.270573857910859,FALSE,FALSE,,,8,16.788737854475812,0,16.555762745141266,16.315125248529483,18.76590646020687,16.30962209821234,19.09647519557716,19.21331564359545,16.429091681924024,15.20042248568183,18.447859013086653,15.881051500390129,18.4704278540167,18.68569597146544
9,28.1183767,2.837056500000017,0.01,0.028652080042468216,0.028652080042468216,0,15.790673302725134,0.02730603812384007,0.02730603812384007,0,15.209742181637859,9.518163996564953,5.691578185072906,FALSE,FALSE,,,9,15.209742181637859,0,15.122269188714125,14.992528489619476,17.023732611225853,14.901312422758714,17.148520121737047,17.43782652100011,14.249963183801842,14.043221093629867,16.724188533415052,14.703878570589582,17.129045331336496,17.22599780164093
10,30.796856600000012,2.646372499999984,0.01,0.02419058261767606,0.02419058261767606,0,14.35301811129471,0.02547954977025211,0.02547954977025211,0,14.689374409986586,9.518163996564953,5.171210413421633,FALSE,FALSE,,,10,14.689374409986586,0,13.670144329758532,13.311068769443551,15.363272413677842,13.971234011012355,16.138194076372216,16.398008209830277,14.542599098523192,12.938742346167844,16.03185601682327,13.98394822570033,16.00557159743113,17.28528719872025
11,33.79407579999997,2.956213700000035,0.01,0.0215123829117874,0.0215123829117874,0,13.503270842259896,0.020845858419161773,0.020845858419161773,0,12.928693826615422,9.518163996564953,3.4105298300504696,FALSE,FALSE,,,11,12.928693826615422,0,12.685345633895823,12.578266973968914,14.452091298572128,13.328478643342038,15.314793773968288,15.442739219787804,11.800463155569783,11.24352370853188,14.027124310417701,13.248544917720128,16.25324038083359,15.61879687959028
12,37.054141500000014,3.2321116999999617,0.01,0.019673079317748993,0.019673079317748993,0,12.9550337636489,0.020056901727222524,0.020056901727222524,0,12.97736467434119,9.518163996564953,3.459200677776238,FALSE,FALSE,,,11,12.928693826615422,1,12.380245663737641,12.05418429549239,13.809680201071203,12.677761228056514,14.534315995703798,14.64572974700373,12.126032020331728,12.053378544745435,13.898110167605147,13.249084117070833,14.586102260701992,14.75209842175475
13,40.63108649999998,3.5584857999999713,0.01,0.01745649320685064,0.01745649320685064,0,12.128486504759579,0.021680588474056676,0.021680588474056676,0,13.805713416906235,9.518163996564953,4.287549420341282,FALSE,FALSE,,,11,12.928693826615422,2,11.370121843775882,11.329871065134341,12.832188420657193,12.068651349261186,13.801064511526137,14.056063219581466,12.947236899145098,13.920333354645404,14.520842385235829,12.968781427391338,14.700210419631201,14.488337428573745
14,44.3232969,3.6690705999999977,0.01,0.016173574040860075,0.016173574040860075,0,11.69616419172915,0.016437893426323076,0.016437893426323076,0,11.665148450069792,9.518163996564953,2.146984453504839,FALSE,FALSE,,,14,11.665148450069792,0,11.151034568366551,10.801384019284962,12.40515882884773,11.62884338469831,13.26738693333254,13.370981393766376,11.278668106816541,10.37925180154489,12.366706294710983,11.763246398017326,13.465656508911422,13.712416987611517
15,48.04443829999997,3.684967400000005,0.01,0.014947194247406235,0.014947194247406235,0,11.206380769401711,0.01563527378342991,0.01563527378342991,0,11.318401559491278,9.518163996564953,1.8002375629263252,FALSE,FALSE,,,15,11.318401559491278,0,10.621946610670946,10.37507601914836,11.772728693356415,11.246158515874512,12.925176362795026,12.868070755329045,10.42564796147095,10.219338680211248,12.228946438020479,11.29123693460162,13.547559028020261,13.446199072210208
16,51.61448619999999,3.537458200000003,0.01,0.01383051562980677,0.01383051562980677,0,10.793339183893655,0.015146274620517253,0.015146274620517253,0,11.05214583913019,9.518163996564953,1.5339818425652378,FALSE,FALSE,,,16,11.05214583913019,0,10.078035578536593,10.18981849592831,11.311792692196535,10.8573620138002,12.320929794448327,12.376638790338786,10.48444715479022,9.8617446229666,11.236514896729823,11.792229230435023,13.280109961953917,13.393185247969106
17,55.03380609999999,3.3931974000000196,0.01,0.012636098499247307,0.012636098499247307,0,10.331948025764232,0.013950531540218646,0.013950531540218646,0,10.611240683953937,9.518163996564953,1.0930766873889848,FALSE,FALSE,,,17,10.611240683953937,0,9.809159617984701,9.567755883122862,10.96392685483416,10.328848037514389,11.755041627644115,11.737683111859127,9.975454702263104,9.659454728203235,10.634485233092317,11.485189101796092,12.725495799936331,12.729615217819553
18,58.320680100000004,3.258413100000041,0.01,0.012066472155951823,0.012066472155951823,0,10.0135364035858,0.013394546034760677,0.013394546034760677,0,10.469551813785802,9.518163996564953,0.9513878172208496,FALSE,FALSE,,,18,10.469551813785802,0,9.365745045664875,9.20844383752933,10.515096926502391,10.302726159295764,11.639207489348152,11.692183532121641,9.625428534892704,9.70482020114564,10.975789451257299,10.466086980487251,12.571523200702112,12.47358062368395
19,60.9858079,2.6362996000000294,0.01,0.01160707415732577,0.01160707415732577,0,9.888204134602512,0.011503975445831946,0.011503975445831946,0,9.61090480063778,9.518163996564953,0.09274080407282703,FALSE,FALSE,,,19,9.61090480063778,0,9.33803793032031,9.205211602981676,10.445478399917382,9.836127088789977,11.343227766765674,11.314450963864376,8.827664758457878,8.661917602468506,9.993816406895908,10.050892681231984,11.406546462123405,12.04212864185931
20,63.87983829999996,2.86157350000002,0.01,0.010768470637957793,0.010768470637957793,0,9.488142026705217,0.012088184084277037,0.012088184084277037,0,10.061289264226085,9.518163996564953,0.5431252676611322,FALSE,FALSE,,,19,9.61090480063778,1,8.939484491531116,8.813506912179378,9.90460983851655,9.65087386874008,10.994566585470587,10.917293221531953,9.740357239290844,9.314408864013489,10.4374269398313,9.947545566372014,11.517224066151597,11.541739493119582
21,66.9119885,3.009341999999947,0.01,0.010010695681005974,0.010010695681005974,0,9.14882112022545,0.01043933044399119,0.01043933044399119,0,9.095098908048367,9.518163996564953,-0.423065089,TRUE,TRUE,21,66.9119885,21,9.095098908048367,0,8.591583125804082,8.523040620052429,9.573560685916108,9.232646962078878,10.464309858025581,10.694560377911808,8.281910613039711,8.076120154542325,9.42826093706316,9.71240796401625,10.931662894394197,11.643430277607678
22,69.97551369999996,3.029396200000008,0.01,0.009993916332005089,0.009993916332005089,0,9.169552629063125,0.010829746477503682,0.010829746477503682,0,9.380445797526756,9.518163996564953,-0.137718199,TRUE,FALSE,21,66.9119885,21,9.095098908048367,1,8.656232386764833,8.587865776689828,9.58396508473654,9.239389488152343,10.407228608088584,10.562363215311624,8.992315262278366,8.085392385467891,10.003925018802192,9.722053003489611,10.895381972907906,11.509898484864799
23,73.0036581,3.007776499999977,0.01,0.009835585519764024,0.009835585519764024,0,9.07797346638275,0.010651175822856148,0.010651175822856148,0,9.237599049560442,9.518163996564953,-0.280564947,TRUE,FALSE,21,66.9119885,21,9.095098908048367,2,8.506129864882515,8.49696121990641,9.491201570347414,9.194460656353193,10.465045650396327,10.441560242660127,8.664142702994026,8.289985382681683,9.344254147446861,9.859454454824302,11.141606065220017,11.39465898363357
24,76.12057399999998,3.0958613999999898,0.01,0.008835895925863674,0.008835895925863674,0,8.542256121364096,0.010772182391032866,0.010772182391032866,0,9.492733671280687,9.518163996564953,-0.025430325,TRUE,FALSE,21,66.9119885,21,9.095098908048367,3,7.978576653720565,7.855209463630429,8.885726519730659,8.872174301631736,10.051509235799585,9.993845197494386,9.206840616143017,8.872415033087314,9.73397103931303,9.09693846475666,10.633170412839094,11.377947797398159
25,79.2231142,3.0802505999999994,0.01,0.008781493091606338,0.008781493091606338,0,8.552344298250404,0.01081084340745847,0.01081084340745847,0,9.483261273919307,9.518163996564953,-0.034902723,TRUE,FALSE,21,66.9119885,21,9.095098908048367,4,7.987762387742606,7.910669832330805,8.997192195022793,8.753114524200498,9.896246004422435,9.93270418530133,9.640055395542278,8.704402462912277,9.165151096464724,9.52205211081057,11.055064478783239,10.929232145846045
26,82.30284890000001,3.0577668000000244,0.01,0.008296581161500255,0.008296581161500255,0,8.374475885602466,0.009167574978929007,0.009167574978929007,0,8.670049521601792,9.518163996564953,-0.848114475,TRUE,FALSE,21,66.9119885,26,8.670049521601792,0,7.970945912690273,7.803891370155734,8.82304251880224,8.400380256283986,9.46614000660407,9.483031930595105,8.065802032910318,8.036809980372404,8.947674652496127,9.114352063597197,10.194580859710682,10.104893647227474
27,85.12020990000002,2.7899514000000636,0.01,0.007997650279458571,0.007997650279458571,0,8.207359604364372,0.009402219424051127,0.009402219424051127,0,8.69544533198531,9.518163996564953,-0.822718665,TRUE,FALSE,21,66.9119885,26,8.670049521601792,1,7.729848981163978,7.720839046516863,8.608917897706696,8.156968028509459,9.410344156685731,9.359457381808266,7.5915182119051865,7.958537842775347,9.393071740556982,8.899544949714624,10.520913213172262,10.772554015059676
28,88.04732840000003,2.9076350000000275,0.01,0.007898616392156705,0.007898616392156705,0,8.104974669475459,0.008571113211512422,0.008571113211512422,0,8.356868241481312,9.518163996564953,-1.161295755,TRUE,FALSE,21,66.9119885,28,8.356868241481312,0,7.577113464660033,7.487340019387961,8.52231201020223,8.244716157287854,9.514179094772514,9.357450315325947,7.63546155513742,7.889127611607514,8.51130253083949,8.671769179255163,9.693259812295898,10.202826342963693
29,91.16221490000004,3.0847837000000027,0.01,0.007374362974798651,0.007374362974798651,0,7.834536749004934,0.009619293052829093,0.009619293052829093,0,9.181810111863307,9.518163996564953,-0.336353885,TRUE,FALSE,21,66.9119885,28,8.356868241481312,1,7.3634620240754804,7.295999537966678,8.135592331882957,7.930340161483185,9.012455188220802,9.22339687859345,9.335927312367504,8.704589787898966,9.575381643124107,8.334376769692845,9.68309899544447,9.908115109153089
30,94.59722649999998,3.41628639999999,0.01,0.0074116768148633555,0.0074116768148633555,0,7.932216986732519,0.008437860212323742,0.008437860212323742,0,8.242214459911956,9.518163996564953,-1.275949537,TRUE,FALSE,21,66.9119885,30,8.242214459911956,0,7.535264821655425,7.497227090545247,8.3285963537996,7.790593130989857,8.93007918682438,8.983704490162399,7.756559061955359,7.242822565611426,8.681507835917584,8.347553662269254,9.694519422051382,10.474855912935151
31,98.28557519999998,3.6499963999999636,0.01,0.006830617424016771,0.006830617424016771,0,7.527716502195247,0.008235593087965799,0.008235593087965799,0,8.194394431492617,9.518163996564953,-1.323769565,TRUE,FALSE,21,66.9119885,31,8.194394431492617,0,7.00535739118186,6.986296025563947,7.870988755198195,7.73550818645565,8.650186946259868,8.88364450453565,7.937334950942186,7.189260175481661,8.497041260803902,8.725588515121407,9.674081521314902,9.616225642866587
32,101.85816140000003,3.534506100000044,0.01,0.006967820550996609,0.006967820550996609,0,7.649926315840988,0.008550924822732592,0.008550924822732592,0,8.283030363811141,9.518163996564953,-1.235133633,TRUE,FALSE,21,66.9119885,31,8.194394431492617,1,7.237186217730078,7.137350350998001,8.011707201542386,7.682712827057673,8.763935331243013,8.763504597518072,7.641863134738815,7.566069673475499,8.511013128489122,8.140717190930111,9.680134699032925,10.904392704138683
33,105.48844739999998,3.606736000000069,0.01,0.006946010227922107,0.006946010227922107,0,7.6116594054187106,0.007429424930136342,0.007429424930136342,0,7.816517653900908,9.518163996564953,-1.701646343,TRUE,FALSE,21,66.9119885,33,7.816517653900908,0,7.195609940990741,7.067280745920755,7.935244711114725,7.5645507439590105,8.892355821951849,8.85737979153076,7.468987512038996,7.026812865318571,8.210817517528866,7.999978379634731,9.012607243555827,9.292590707101002
34,109.16256689999994,3.6362530999999763,0.01,0.006544380517345666,0.006544380517345666,0,7.443275615988696,0.007404371212500882,0.007404371212500882,0,7.775122861182665,9.518163996564953,-1.743041135,TRUE,FALSE,21,66.9119885,34,7.775122861182665,0,6.986142203861258,7.100604345449874,7.766900007605343,7.466146310809695,8.304345623046176,8.482381059415655,7.289472290602415,7.27562628861391,7.774871291753525,8.268725363905896,8.881735455924662,9.407005814876355
35,112.82783330000001,3.6236271000000215,0.01,0.00649856063804605,0.00649856063804605,0,7.407132921046379,0.007053328025988398,0.007053328025988398,0,7.467263536106944,9.518163996564953,-2.05090046,TRUE,FALSE,21,66.9119885,35,7.467263536106944,0,7.038520457841551,6.947650946893963,7.744079263353509,7.442714051041587,8.342618703741433,8.441284606614179,6.783761443992489,6.7031734057777435,7.6564850961899005,7.861718116034461,9.039066734398627,9.646604448652326
36,116.57384269999994,3.7053198000000975,0.01,0.006404714788275135,0.006404714788275135,0,7.349693605124921,0.007025361040703736,0.007025361040703736,0,7.508085441994286,9.518163996564953,-2.010078555,TRUE,FALSE,21,66.9119885,35,7.467263536106944,1,6.910709939567051,6.902001779413975,7.743703260616204,7.407085211747395,8.292367233316336,8.380400189753875,6.700243101481697,6.93204935498533,7.787852563201571,7.978884025910663,8.727564878935242,9.507761044876881
37,120.29689879999995,3.698853999999983,0.01,0.006145520819346418,0.006145520819346418,0,7.155618341705225,0.007200357422820595,0.007200357422820595,0,7.7392974454277494,9.518163996564953,-1.778866551,TRUE,FALSE,21,66.9119885,35,7.467263536106944,2,6.692779850919709,6.594962563297835,7.569421221745948,7.305000793642634,8.192853916090135,8.361376082065668,7.721114791921304,6.807353364675942,8.119597203986178,7.690246224093262,8.832429354853417,9.049176361659336
38,123.99091179999999,3.6718457000000626,0.01,0.005789354641847496,0.005789354641847496,0,6.974599862214379,0.008358994767672212,0.008358994767672212,0,8.622411242807207,9.518163996564953,-0.895752754,TRUE,FALSE,21,66.9119885,35,7.467263536106944,3,6.621623031379883,6.513297056083063,7.287234750908525,6.994184689472107,8.018344180472408,7.926939713176651,8.693028395733107,8.37379025143563,9.035116874585404,7.813827030006745,8.816093628644293,9.001848343657462
39,127.53108679999997,3.5152894999999944,0.01,0.00566025860688785,0.00566025860688785,0,6.9004386661018975,0.006626965841273173,0.006626965841273173,0,7.360898108595275,9.518163996564953,-2.157265888,TRUE,FALSE,21,66.9119885,39,7.360898108595275,0,6.543110826461063,6.497478401944072,7.155194720284232,6.950360860149246,7.8255509903982015,7.899279798281398,7.191255721914401,6.515865501959343,7.594687739302576,7.491080820779626,8.674062852442217,8.791110867655265
40,131.28083139999995,3.713870400000019,0.01,0.00568237370558977,0.00568237370558977,0,6.979835136204546,0.006719797368797216,0.006719797368797216,0,7.4618498487523315,9.518163996564953,-2.056314148,TRUE,FALSE,21,66.9119885,39,7.360898108595275,1,6.745974182915367,6.577717324823315,7.35453670356878,6.840103783526455,7.6242455293397775,7.789454025459788,6.662008249379222,7.346512345772728,7.6577926048246425,7.439037918200604,8.57615305731128,8.840518529810023
41,135.05627299999998,3.751918200000091,0.01,0.005404265129873041,0.005404265129873041,0,6.714554329999863,0.006162794315236865,0.006162794315236865,0,7.104056824511529,9.518163996564953,-2.414107172,TRUE,FALSE,21,66.9119885,41,7.104056824511529,0,6.2530317132187925,6.268864766238799,7.0570493471231135,6.845621568962352,7.761437786306806,7.723246151862032,6.518252964464439,6.31970885777748,7.810388578914764,7.316941002145641,8.36963706876347,8.329473656287586
42,138.60261099999997,3.5096212000000833,0.01,0.005296304284598034,0.005296304284598034,0,6.655603368537837,0.006172662872114992,0.006172662872114992,0,6.955800742961017,9.518163996564953,-2.562363254,TRUE,FALSE,21,66.9119885,42,6.955800742961017,0,6.315438947000339,6.183264967778792,6.950079155707677,6.6448289386349435,7.644205977446242,7.728964060362705,6.348908563980046,6.0084121352514686,7.307583218172341,7.252742918186134,9.065510667898016,8.622507374088901
43,142.35176080000002,3.7106701999999814,0.01,0.0057418968836620374,0.0057418968836620374,0,6.948574397035265,0.00673022340768226,0.00673022340768226,0,7.2721576862301465,9.518163996564953,-2.24600631,TRUE,FALSE,21,66.9119885,42,6.955800742961017,1,6.563579742160453,6.554421635531783,7.224046415506938,6.883253880287199,7.984407162819804,7.9778630891576805,6.797194575211823,6.355246860274242,7.383398264072947,7.512643430898805,9.343378362689673,9.176090257032936
44,146.07036479999994,3.694024000000013,0.01,0.005769911481096545,0.005769911481096545,0,6.938595986520031,0.007682263077214393,0.007682263077214393,0,8.100797954082745,9.518163996564953,-1.417366042,TRUE,FALSE,21,66.9119885,42,6.955800742961017,2,6.4302253601797865,6.470083995107445,7.348886744719746,6.947108950564032,8.07873315773578,8.048959857,7.7913174652216854,7.490332991991426,8.843523624729615,7.5889017397483105,8.920553285928206,9.159751155187307
45,149.76179169999995,3.6684218999999985,0.01,0.005691512037129627,0.005691512037129627,0,6.915085607251642,0.005870329857565132,0.005870329857565132,0,6.842041169822299,9.518163996564953,-2.676122827,TRUE,FALSE,21,66.9119885,45,6.842041169822299,0,6.418874151042861,6.479772102058918,7.354223769854223,6.945691577582451,7.850158129272897,7.985960999083469,6.375814572632287,5.864615271985763,7.325551318562212,7.110582559504689,8.57194168603334,8.30663288383512
46,153.46081020000003,3.6613360999999713,0.01,0.005198823154227532,0.005198823154227532,0,6.497496333011455,0.006570266899700499,0.006570266899700499,0,7.393670745526233,9.518163996564953,-2.124493251,TRUE,FALSE,21,66.9119885,45,6.842041169822299,1,5.977311563841514,5.922191945447013,6.745715203378684,6.705206974685536,7.9197936419456925,7.831613066307817,7.41392388038212,6.541765321451224,7.637930579352437,7.463792703026926,8.351223695191104,8.653503905703687
47,157.14748259999993,3.663497599999914,0.01,0.0054120198710532474,0.0054120198710532474,0,6.760024112377678,0.00743436250830547,0.00743436250830547,0,8.010937260628985,9.518163996564953,-1.507226736,TRUE,FALSE,21,66.9119885,45,6.842041169822299,2,6.404526944270737,6.351177732740691,7.09110604036504,6.699877936670359,7.598443897447667,7.791473805247177,8.654458347767468,7.220966865814653,7.871940456040457,7.581049755978415,8.734543877103208,8.749675387446262
48,160.6870869,3.516454899999985,0.01,0.005544871866852129,0.005544871866852129,0,6.85850466180372,0.006179492919350578,0.006179492919350578,0,7.28095421786419,9.518163996564953,-2.237209779,TRUE,FALSE,21,66.9119885,45,6.842041169822299,3,6.443063860520312,6.496416694157261,7.255553430081672,6.749583709758526,7.725879403232418,7.782843017017554,6.947623875061741,7.1377012691070565,7.514533389208585,6.921403064524884,7.897989318101782,8.15354458717587
49,164.17052610000002,3.461557999999968,0.01,0.004815660149020144,0.004815660149020144,0,6.292787292835109,0.0062366418062048635,0.0062366418062048635,0,7.19430228812383,9.518163996564953,-2.323861708,TRUE,FALSE,21,66.9119885,45,6.842041169822299,4,5.80352187401068,5.787804678680848,6.6071530887445595,6.496989748928916,7.479840034236307,7.394153377961919,6.85402435907811,6.649560539151221,7.518487628661857,6.976723996124622,8.040758563835029,8.805200179567457
50,167.65589689999996,3.4649566000000505,0.01,0.005045067399252051,0.005045067399252051,0,6.5749684325377995,0.005741719381578184,0.005741719381578184,0,6.839511439154982,9.518163996564953,-2.678652557,TRUE,FALSE,21,66.9119885,50,6.839511439154982,0,6.31144488673685,6.211270311677502,6.945880634475531,6.458793024232312,7.164957322826815,7.375063977719304,6.62473509065737,6.14767504660023,6.918404546505301,7.1417112904458975,8.257746844891496,7.981365768725465
51,171.2659296,3.5718914999999924,0.01,0.09170965386929893,0.09170965386929893,0,27.446823202081948,0.07145485472834967,0.07145485472834967,0,24.052684255876976,9.518163996564953,14.534520259312023,FALSE,FALSE,21,66.9119885,50,6.839511439154982,1,24.774677871759604,23.03897921298791,32.25691175070652,24.098617822734212,35.01201024139161,33.54544511768121,21.592291218409407,21.502372531617414,26.290746904638667,23.341561066434963,30.359485417890316,29.141170610008633
52,174.96948119999996,3.6835230000000365,0.01,0.042119250353337065,0.042119250353337065,0,18.50936369178666,0.04600648149724139,0.04600648149724139,0,19.21361067531557,9.518163996564953,9.695446678750619,FALSE,FALSE,21,66.9119885,50,6.839511439154982,2,16.52033300649976,16.351822233438547,20.396787597034905,18.322685576004915,23.072417780139695,22.725579601137206,16.80739815493974,17.55323289174445,20.396612394242307,19.869536618331875,22.210394005627755,25.349583593594122
53,178.71222659999995,3.717527700000005,0.01,0.02592598583818896,0.02592598583818896,0,14.480504456456893,0.018321828208842695,0.018321828208842695,0,12.072597321822318,9.518163996564953,2.5544333252573654,FALSE,FALSE,21,66.9119885,50,6.839511439154982,3,12.985196129919585,13.043825059300056,15.352401901996032,14.786206987360767,17.568883725282145,18.320017985001076,11.121171385922372,10.555875948760137,12.584698536882474,12.889974534591989,14.797353106928352,15.155792798966356
54,182.46231749999998,3.7243879000000106,0.01,0.014480686032299767,0.014480686032299767,0,10.861306010174259,0.013694665890806553,0.013694665890806553,0,10.432945027115961,9.518163996564953,0.9147810305510085,FALSE,FALSE,21,66.9119885,50,6.839511439154982,4,9.985847456473847,9.669777423211668,11.570014937571232,11.11186664961116,13.154568498442595,13.28187965813241,9.603313495238524,9.052645006316927,11.01576067652346,10.919237916846692,12.907839936581286,13.11768478280296
55,186.22318260000003,3.736081600000034,0.01,0.01140958386010815,0.01140958386010815,0,9.622802486347199,0.011454563120861449,0.011454563120861449,0,9.509111544040833,9.518163996564953,-0.009052453,TRUE,FALSE,21,66.9119885,50,6.839511439154982,5,8.804094391897872,8.608974917221762,10.171294962934851,9.949289229376587,11.698494917571459,11.791626331048159,8.403105762020253,8.33036382956973,10.229316719456964,9.921673929563976,11.886845924075336,12.118450895727415
56,189.90862480000004,3.6608005000000503,0.01,0.009760216200677801,0.009760216200677801,0,8.929410820292457,0.009941983308763641,0.009941983308763641,0,8.901713493285552,9.518163996564953,-0.616450503,TRUE,FALSE,21,66.9119885,50,6.839511439154982,6,8.256640141172337,7.99885845326563,9.452225431943758,9.20401846212421,10.74130466633156,10.783674757756438,8.132825533223894,7.6782833438145275,9.59773564359268,9.292811151552169,10.836294230246178,11.211974153902068
57,193.5660234,3.6366361000000325,0.01,0.008642497084614613,0.008642497084614613,0,8.40986446639311,0.009289149987171438,0.009289149987171438,0,8.643324759656531,9.518163996564953,-0.874839237,TRUE,FALSE,21,66.9119885,50,6.839511439154982,7,7.808203327559619,7.591410892109325,8.819900445494268,8.683224284207988,10.041652637458288,10.148160779582561,8.02055515782348,7.7857291416064305,8.942879525430788,8.795895104755651,10.494451460634682,10.768152462246993
58,197.30227680000002,3.7123268999999937,0.01,0.007639879595903433,0.007639879595903433,0,7.913379201108015,0.008908985673222156,0.008908985673222156,0,8.523720361188659,9.518163996564953,-0.994443635,TRUE,FALSE,21,66.9119885,50,6.839511439154982,8,7.348498686431956,7.157519914407749,8.304698576536135,8.221040224087526,9.414951521936171,9.464814123067857,7.949489345163582,7.576188081970326,9.125365101541853,8.741108106120123,9.957328806313472,10.387401898122542
59,201.06061700000004,3.7337073999999575,0.01,0.00705070476521209,0.00705070476521209,0,7.5861515365657315,0.008856155074153504,0.008856155074153504,0,8.599861317862748,9.518163996564953,-0.918302679,TRUE,FALSE,21,66.9119885,50,6.839511439154982,9,6.989791923886239,6.87837652086591,7.949007894814867,7.864662265586518,9.064956803431233,9.186780924718441,8.572077503434064,8.012353251519817,8.476975953882986,8.392553933045226,10.01445689069304,9.966289219670937
60,204.58255379999997,3.497934299999997,0.01,0.0071145945080908195,0.0071145945080908195,0,7.670212563329554,0.007394981904477326,0.007394981904477326,0,7.6790757853430005,9.518163996564953,-1.839088211,TRUE,FALSE,21,66.9119885,50,6.839511439154982,10,7.18930650996393,6.984935703273227,8.067218146254255,7.803562590494852,9.087314716525691,9.025474864665906,7.055335047366052,6.9362939493410245,7.814777083705395,8.177715709435356,9.446506959142923,9.477612469167516
61,207.91397479999995,3.3081833000001097,0.01,0.006371154797468676,0.006371154797468676,0,7.220354939207708,0.007318690717148163,0.007318690717148163,0,7.6010984475093775,9.518163996564953,-1.917065549,TRUE,FALSE,21,66.9119885,50,6.839511439154982,11,6.721725014208565,6.567161167987448,7.490383703751889,7.513841790046046,8.716641725796856,8.54569942203938,6.848143067175935,6.592945614795205,8.06280603211629,8.28383943079841,9.619301778819613,9.288649968024856
62,211.61999539999994,3.683264699999995,0.01,0.006234573386420178,0.006234573386420178,0,7.213355784684665,0.007915735182419321,0.007915735182419321,0,8.277586988248533,9.518163996564953,-1.240577008,TRUE,FALSE,21,66.9119885,50,6.839511439154982,12,6.785427285247628,6.644418391628819,7.597439933393003,7.3188059456650105,8.365740541351794,8.357232645496419,8.059531091185846,7.952730470457967,8.718896664333684,7.662253706200498,9.130854463754478,8.961430951859661
63,215.39677520000004,3.748733800000082,0.01,0.005761388056716666,0.005761388056716666,0,6.872028048971733,0.006290586655166664,0.006290586655166664,0,7.030124954025732,9.518163996564953,-2.488039043,TRUE,FALSE,21,66.9119885,50,6.839511439154982,13,6.400575367451192,6.229867406397142,7.181689434802465,7.141295072870332,8.140861007752651,8.22651182842961,6.458664041685511,6.0846937686550415,7.277140822027232,7.60807788103194,8.670670162682358,8.991793842916008
64,219.18042329999997,3.755876199999989,0.01,0.005422101648361931,0.005422101648361931,0,6.709725652055522,0.006000465350588538,0.006000465350588538,0,6.939068908962004,9.518163996564953,-2.579095088,TRUE,FALSE,21,66.9119885,50,6.839511439154982,14,6.3041261972922245,6.165587964076408,7.034237110702486,6.847646687162734,7.85586487339569,7.803578069528208,6.282769841266093,6.482855809825707,7.004888043305995,7.2357875083144965,8.347095371476785,8.65295629456503
65,222.90180419999996,3.696967700000073,0.01,0.00527039583222029,0.00527039583222029,0,6.603826541303344,0.005928875712229497,0.005928875712229497,0,6.877984724738074,9.518163996564953,-2.640179272,TRUE,FALSE,21,66.9119885,50,6.839511439154982,15,6.15038072406867,6.024884740250058,6.989690608730292,6.8042511271052275,7.659611758747912,7.8048691177644365,6.178466615871036,6.017198423679712,7.440085498309935,7.29760999182008,8.227799370427096,8.653365882716072
66,226.6576574,3.7282703999999285,0.01,0.005258085475094544,0.005258085475094544,0,6.655284069022903,0.005818551478389388,0.005818551478389388,0,6.9165803588417045,9.518163996564953,-2.601583638,TRUE,FALSE,21,66.9119885,50,6.839511439154982,16,6.264888752096577,6.260857063232103,6.964813001367089,6.6901879023088595,7.463225760414613,7.713783208283793,6.518164487699912,6.359955866868589,7.170137896553391,7.085582728082521,7.920756025267857,8.321677582988816
67,230.49762989999994,3.813576399999988,0.01,0.004776356516320721,0.004776356516320721,0,6.295863964174327,0.00601120717856571,0.00601120717856571,0,7.10378693217188,9.518163996564953,-2.414377064,TRUE,FALSE,21,66.9119885,50,6.839511439154982,17,5.923223009568952,5.810710641091323,6.5501886719177795,6.452526751644307,7.294945273512803,7.385184444692508,6.922746291330649,6.486332566620979,7.453345153932498,7.106303970233305,7.85288443370408,8.261025143164384
68,234.17650799999996,3.6521016000000373,0.01,0.004807853757214491,0.004807853757214491,0,6.2939607378203535,0.00493949930152102,0.00493949930152102,0,6.204634630975119,9.518163996564953,-3.313529366,TRUE,FALSE,21,66.9119885,68,6.204634630975119,0,5.921209324555181,5.741713342876359,6.532882032056656,6.528417195296537,7.44333770167267,7.389178359111824,5.552901871850887,5.4181361915559965,6.4338621394547895,6.769072133959406,7.729540660706477,8.024033164252922
69,237.26434379999995,3.053090700000098,0.01,0.0042516382925833415,0.0042516382925833415,0,5.881705682373909,0.0062368871682224845,0.0062368871682224845,0,7.371285220095221,9.518163996564953,-2.146878776,TRUE,FALSE,21,66.9119885,68,6.204634630975119,1,5.4685193275621184,5.343102962834633,6.057609609595946,6.224302624663153,7.043527169564304,7.040201388898745,7.438713095680392,6.796539247347661,7.851463546917993,7.200862435531118,7.678102492957593,7.875869108859283
70,240.65792570000002,3.3676785999999765,0.01,0.004597813441506561,0.004597813441506561,0,6.189580397444937,0.004844245710567615,0.004844245710567615,0,6.147442962817362,9.518163996564953,-3.370721034,TRUE,FALSE,21,66.9119885,70,6.147442962817362,0,5.8104062724521635,5.734111819841848,6.480252364515721,6.300954842656786,7.090144565557227,7.2610244918177855,5.5133146420098615,5.282692301253457,6.467826365950459,6.780253971395808,7.5757859910109975,7.939119679346163
71,243.78700539999994,3.09090690000005,0.01,0.004683569990712294,0.004683569990712294,0,6.327697349281401,0.0051198855218246315,0.0051198855218246315,0,6.501160632648468,9.518163996564953,-3.017003364,TRUE,FALSE,21,66.9119885,70,6.147442962817362,1,6.0570754127694535,6.007131277853989,6.633276542676279,6.192414052577394,7.028159276366814,7.082753045271224,6.428881667163274,5.7202257679734485,6.779891277137899,6.555113264341745,7.500603167816901,7.684890147875204
72,246.9744387,3.1676545999999917,0.01,0.004203027198709627,0.004203027198709627,0,5.871723079312293,0.005090343407931267,0.005090343407931267,0,6.42255818041811,9.518163996564953,-3.095605816,TRUE,FALSE,21,66.9119885,70,6.147442962817362,2,5.4666955761844935,5.3608827185045405,6.111745020794947,6.105884693029739,6.960210172705991,6.970446747198412,5.8990723869895865,5.729456932824423,6.8934788091935735,6.636158386771351,7.7226532300474275,7.708137543615829
73,250.6876362,3.6878682000000254,0.01,0.00438422068319857,0.00438422068319857,0,6.0590527031854995,0.005183074367562901,0.005183074367562901,0,6.5840700156672805,9.518163996564953,-2.934093981,TRUE,FALSE,21,66.9119885,70,6.147442962817362,3,5.719586044417124,5.615585602060822,6.360951526130626,6.161101199461153,6.961491646834952,6.951394122866708,5.995618044216779,6.11091881307106,7.232161394587122,6.660830480928103,7.413677828196207,7.543441115705794
74,254.37518040000003,3.659226199999921,0.01,0.004040789105918537,0.004040789105918537,0,5.766241603474924,0.005393136119203822,0.005393136119203822,0,6.82518957007896,9.518163996564953,-2.692974426,TRUE,FALSE,21,66.9119885,70,6.147442962817362,4,5.3698954364058,5.300281762496681,5.984005158426386,6.014988894004523,6.777909814352231,6.808931160062223,6.981508360058587,6.289631488906641,7.097786729441895,6.385690777180953,7.2590984314734115,7.6241050750206485
75,258.0805423,3.6752515999999105,0.01,0.004327501567716528,0.004327501567716528,0,6.047496358665121,0.005066466832058987,0.005066466832058987,0,6.407779424152546,9.518163996564953,-3.110384572,TRUE,FALSE,21,66.9119885,70,6.147442962817362,5,5.707492625262447,5.728112706783219,6.309808584520048,6.014724931881104,6.821185741771947,6.922290628818348,6.077258741009635,5.774036218078874,6.579369624857674,6.487460310021664,7.422444986376907,8.10151839875688
76,261.81146199999995,3.7017865000000256,0.01,0.003906322477093372,0.003906322477093372,0,5.657100232820813,0.00476412862166552,0.00476412862166552,0,6.290543886367389,9.518163996564953,-3.22762011,TRUE,FALSE,21,66.9119885,70,6.147442962817362,6,5.289027261497357,5.131165969449576,5.891791217738475,5.8900178244270105,6.697603778371897,6.745922722934189,5.981305241855443,5.665872347450324,6.772651266442726,6.250460538159183,7.100473932870813,7.479870827556469
77,265.42885210000003,3.594991899999968,0.01,0.003809244313944553,0.003809244313944553,0,5.661817669293975,0.004580588290355285,0.004580588290355285,0,6.118989190472887,9.518163996564953,-3.399174806,TRUE,FALSE,21,66.9119885,77,6.118989190472887,0,5.387549263202105,5.254703248279296,5.948196785299265,5.734192118707732,6.411752045320694,6.450874498220991,5.5856730076752,5.754809844108555,6.3170420641612175,6.281208535715216,7.157839947727557,7.3754370247036665
78,268.9608073,3.496530499999949,0.01,0.003938608162629925,0.003938608162629925,0,5.735285989204367,0.004833397170797653,0.004833397170797653,0,6.237296257541941,9.518163996564953,-3.280867739,TRUE,FALSE,21,66.9119885,77,6.118989190472887,1,5.384040728830303,5.320887287328712,6.02294738292111,5.833845176023814,6.592986888967153,6.641537143554979,5.68364744407915,5.7784022187261845,6.336004692261725,6.617948822218158,7.656089057343031,7.462752246197598
79,272.62848149999996,3.6423547999999073,0.01,0.004157506419009219,0.004157506419009219,0,5.858244969439174,0.004617468671476274,0.004617468671476274,0,6.035260162432791,9.518163996564953,-3.482903834,TRUE,FALSE,21,66.9119885,79,6.035260162432791,0,5.478985269189505,5.337530800446106,6.138417478076919,6.1200699221265,7.0031269109423935,6.723774872398714,5.4300364104988486,5.42411024047083,6.172660352394868,6.518228345582119,7.6876531253192475,7.400579782309473
80,276.22314839999996,3.555037299999981,0.01,0.003868953514299198,0.003868953514299198,0,5.64997571176316,0.005133634684382691,0.005133634684382691,0,6.56541764942236,9.518163996564953,-2.952746347,TRUE,FALSE,21,66.9119885,79,6.035260162432791,1,5.2573245512649045,5.227031826227158,5.867811858301952,5.791445230481217,6.671245700315303,6.659531865519722,6.73427414079167,5.877895993438727,6.646994470255134,6.3372162295248575,7.505485910145897,7.5620366033430395
81,279.817119,3.5702329999999165,0.01,0.00378065545882323,0.00378065545882323,0,5.600373830417573,0.0043841894034813,0.0043841894034813,0,5.9203895162379085,9.518163996564953,-3.59777448,TRUE,FALSE,21,66.9119885,81,5.9203895162379085,0,5.283376100897047,5.118398086912761,5.877368462230699,5.717924276874905,6.569648408969604,6.50603406947549,5.321563667484738,5.425836007694399,6.1012106893697275,6.305339968374467,7.105593098889022,7.386558859798005
82,283.452827,3.596673199999941,0.01,0.003878083578045255,0.003878083578045255,0,5.6599007427885795,0.004724260298033983,0.004724260298033983,0,6.152275114755311,9.518163996564953,-3.365888882,TRUE,FALSE,21,66.9119885,81,5.9203895162379085,1,5.243874813721627,5.263563533195869,5.855826723628385,5.904946528843085,6.492252650867027,6.768536740798151,5.423599911572516,5.764167297707872,6.327575168930485,6.4464377829908495,7.405652147061866,7.701970012652179
83,287.07291760000004,3.593188199999986,0.01,0.00392988092143455,0.00392988092143455,0,5.735581054623477,0.004589566942047363,0.004589566942047363,0,6.048099139732975,9.518163996564953,-3.470064857,TRUE,FALSE,21,66.9119885,81,5.9203895162379085,2,5.403299205749009,5.3040463978009305,6.047587750075098,5.806732624407964,6.6342296952374795,6.57108730864963,5.314691694147416,5.5380947768087125,6.331402300191804,6.46079668195074,7.297406999620833,7.590027062046239
84,290.6477005,3.5476326000000427,0.01,0.0035891958646236395,0.0035891958646236395,0,5.460755500657472,0.004138169015838074,0.004138169015838074,0,5.708857122653675,9.518163996564953,-3.809306874,TRUE,FALSE,21,66.9119885,84,5.708857122653675,0,5.070432967686097,5.058062487,5.767538054525044,5.520439651941093,6.365620054922092,6.38489998125196,5.133257239880418,5.2325656912994525,5.698234502930661,6.095552637588748,7.057319367574092,7.311425850065432
85,294.20143609999997,3.513266299999941,0.01,0.0037596405061309183,0.0037596405061309183,0,5.607473384977321,0.004307961699018599,0.004307961699018599,0,5.8332324357085605,9.518163996564953,-3.684931561,TRUE,FALSE,21,66.9119885,84,5.708857122653675,1,5.311553576896764,5.201399856341938,5.846436386373079,5.679939742805947,6.443654088721029,6.489965385209806,5.183423494760421,5.12559914404453,6.2405112304443895,6.110210863928441,7.098138202901071,7.554732733806214
86,297.7458333,3.5189950999999837,0.01,0.0033690680340166907,0.0033690680340166907,0,5.262780590921846,0.0045657664692777995,0.0045657664692777995,0,6.18536917328133,9.518163996564953,-3.332794823,TRUE,FALSE,21,66.9119885,84,5.708857122653675,2,4.9037544971963,4.810281018072051,5.49803805451093,5.437103799666067,6.210202228772606,6.2407638493790145,6.0522542834460635,5.506052294318012,6.589931052131689,6.390769552729547,7.043533316452375,6.875240233426962
87,301.29845700000004,3.5299938999999085,0.01,0.0034954351060261383,0.0034954351060261383,0,5.410134906897696,0.0044300701800380005,0.0044300701800380005,0,6.0652686427188005,9.518163996564953,-3.452895354,TRUE,FALSE,21,66.9119885,84,5.708857122653675,3,5.185700141719804,4.965692870550983,5.659394273651258,5.447647311123913,6.183008284667603,6.2693804754015385,5.446109872153166,5.693575574590824,6.548493941825945,6.260675837163647,6.836519653684059,7.100757210159535
88,304.65407680000004,3.3300191000000723,0.01,0.0034159795699084555,0.0034159795699084555,0,5.33862381187648,0.004402760998404152,0.004402760998404152,0,6.105644179183268,9.518163996564953,-3.412519817,TRUE,FALSE,21,66.9119885,84,5.708857122653675,4,5.018562736228318,4.956482155578374,5.589628718866809,5.403638260264037,6.168056973638253,6.192631795486416,6.078473246812904,5.35138082332867,6.683295782156566,5.8153238371945895,6.548897602324136,7.200985631180512
89,307.67900249999997,3.0016441000000214,0.01,0.0035547712799000853,0.0035547712799000853,0,5.502800768217674,0.0037768641490100573,0.0037768641490100573,0,5.465897613959393,9.518163996564953,-4.052266383,TRUE,FALSE,21,66.9119885,89,5.465897613959393,0,5.260512016671219,5.231535059028774,5.737004531117137,5.365123724286501,6.269541104327138,6.1029732473059575,5.078441007049261,4.756635080736879,5.65780282908289,5.810483859155946,6.786381958561632,6.844900491120779
90,310.69601729999994,2.984963300000004,0.01,0.0034832749112431714,0.0034832749112431714,0,5.4258698457093955,0.004709021528975531,0.004709021528975531,0,6.226873683209337,9.518163996564953,-3.291290313,TRUE,FALSE,21,66.9119885,89,5.465897613959393,1,5.135759733605346,5.0442460516005045,5.777313751854884,5.388400819671435,6.16240040676913,6.1505321118820175,6.376213708366851,5.312837986303259,6.396916813582207,6.160288932340073,7.037339362971622,7.669939224539854
91,313.7381817,3.0211460000000443,0.01,0.0035057484923730333,0.0035057484923730333,0,5.430174605214006,0.004010007438576559,0.004010007438576559,0,5.576286828473186,9.518163996564953,-3.941877168,TRUE,FALSE,21,66.9119885,89,5.465897613959393,2,5.1503522351752045,5.057829551956136,5.6923986934179425,5.4621323935907045,6.1976803193308,6.207526704423254,5.097442585593646,4.879312640334171,5.5466561651019175,6.208183595624605,7.183131740887766,7.054513445620433
92,316.7546371,2.994008000000008,0.01,0.0035390450742240295,0.0035390450742240295,0,5.382360803059545,0.003900455033760868,0.003900455033760868,0,5.5975814459533595,9.518163996564953,-3.920582551,TRUE,FALSE,21,66.9119885,89,5.465897613959393,3,5.035437973573328,4.922052336540193,5.533172344657995,5.573204128403978,6.529361414639892,6.338794098906975,5.007106838847992,5.239173640159536,5.724061699525879,5.818752473109939,6.682539366070666,7.014287918563491
93,319.79273889999996,3.015709499999957,0.01,0.0035369874308898625,0.0035369874308898625,0,5.5205387087906646,0.004164205265037471,0.004164205265037471,0,5.791853061023704,9.518163996564953,-3.726310936,TRUE,FALSE,21,66.9119885,89,5.465897613959393,4,5.3095066769461425,5.231934438099991,5.872192268438689,5.267670223470098,6.096085529781316,6.101898027837486,5.345647727654645,5.364122844264829,5.789258729441873,6.225576686603166,6.818624600579402,7.15079824433494
94,322.8902347,3.074340799999959,0.01,0.0031768820990491103,0.0031768820990491103,0,5.143775603196513,0.003863753232060973,0.003863753232060973,0,5.629859378123134,9.518163996564953,-3.888304618,TRUE,FALSE,21,66.9119885,89,5.465897613959393,5,4.831612997788887,4.795215742375062,5.336043628584034,5.2628630970422465,5.935740898016346,5.977740444640209,5.723944037652207,5.00634676441293,5.487983823934712,5.80987182909436,6.520477973843055,6.736284148322648
95,325.9535719,3.041751599999998,0.01,0.0032946924323330757,0.0032946924323330757,0,5.260528155157665,0.0037928797951874292,0.0037928797951874292,0,5.474121861813713,9.518163996564953,-4.044042135,TRUE,FALSE,21,66.9119885,89,5.465897613959393,6,5.015055864318819,4.8398367959063835,5.561120120513651,5.231527649991525,5.967535612875084,6.116594218148605,4.940668143172526,4.785970870073126,5.809908245831663,5.720847764303191,6.6854313279847934,7.060386400972643
96,329.2182648,3.2412914999999884,0.01,0.003381647436110725,0.003381647436110725,0,5.30535481809037,0.0045763773792334254,0.0045763773792334254,0,6.281480271524852,9.518163996564953,-3.236683725,TRUE,FALSE,21,66.9119885,89,5.465897613959393,7,5.028178585301724,4.853325522301006,5.578699496259169,5.315585637777329,6.140082192321179,6.253296632297505,6.187276015205448,5.618860861599882,7.022029788661155,5.867264785047814,6.530613096872549,7.193006561009819
97,332.2585809,3.0166737000000694,0.01,0.003214372840966919,0.003214372840966919,0,5.167674289200754,0.0038901994727208655,0.0038901994727208655,0,5.525562181472202,9.518163996564953,-3.992601815,TRUE,FALSE,21,66.9119885,89,5.465897613959393,8,4.798600382677328,4.779113204426642,5.458388239721906,5.241357923304739,5.985130035046909,6.081891006453567,5.127668632198809,4.819447359906196,5.570116546854863,6.1149134546439425,7.008974150482721,6.819629123711353
98,335.2895682,3.0089649000000236,0.01,0.00309063790391454,0.00309063790391454,0,5.028805396312977,0.004701778892357644,0.004701778892357644,0,6.452960890389997,9.518163996564953,-3.065203106,TRUE,FALSE,21,66.9119885,89,5.465897613959393,9,4.699023284728031,4.567704112845726,5.2073199559173915,5.275873886918997,6.01590026512135,5.947908107485493,6.519420558403079,6.333761553300507,6.563484216723059,5.953236987411008,6.528381821765003,6.917983621383743
99,338.3075054,2.995616000000041,0.01,0.003263518549595081,0.003263518549595081,0,5.271044751925474,0.004038909343275312,0.004038909343275312,0,5.819017914748988,9.518163996564953,-3.699146082,TRUE,FALSE,21,66.9119885,89,5.465897613959393,10,5.08387037006606,4.938324563430622,5.518040114192254,5.203733947925001,5.7987470101227645,6.018718613159713,5.3924070248827745,5.4073331578705846,6.325887487329242,5.670501300315784,6.523134637120605,6.819303487558921
100,341.32629949999995,2.9977744999999913,0.01,0.003154464086974147,0.003154464086974147,0,5.149977118765623,0.004100453606011994,0.004100453606011994,0,5.864282402074454,9.518163996564953,-3.653881594,TRUE,FALSE,21,66.9119885,89,5.465897613959393,11,4.83730226773932,4.7865682467642845,5.460286988125162,5.218101527281392,5.83910208810491,5.901134545068241,5.5060589565071245,5.682205093796847,5.958023623714924,5.780468687721255,6.482170733635733,6.948270564518047
101,344.35780700000004,3.0091744000000062,0.01,0.0031119994298411196,0.0031119994298411196,0,5.112065447537406,0.003578564088184705,0.003578564088184705,0,5.378096303875892,9.518163996564953,-4.140067693,TRUE,FALSE,21,66.9119885,101,5.378096303875892,0,4.841595767019548,4.750225990529378,5.372529011986608,5.117644183096385,5.865334713565279,5.865956973440826,4.880908138220183,4.779937440235785,5.834734046465502,5.506825188742217,6.184515697826987,6.830063066381364
102,347.3882004,2.996757500000058,0.01,0.0030254665575756207,0.0030254665575756207,0,5.076872935283072,0.003514510393046509,0.003514510393046509,0,5.279320961537459,9.518163996564953,-4.238843035,TRUE,FALSE,21,66.9119885,102,5.279320961537459,0,4.862688075859362,4.775481064326498,5.3513125160254456,4.966537237346787,5.656307233984714,5.73114805491007,4.909511418085423,4.396686426099082,5.708792004716342,5.713339640989799,6.405769857019417,6.600797681540587
103,350.4401271,3.0172712000000956,0.01,0.002753522514787125,0.002753522514787125,0,4.772554147560224,0.0033360052035659622,0.0033360052035659622,0,5.165542037291152,9.518163996564953,-4.352621959,TRUE,FALSE,21,66.9119885,103,5.165542037291152,0,4.464896616877287,4.413588102721812,4.949718674144756,4.948342322352364,5.548556311121295,5.59677765756995,4.593871914675133,4.77862016616989,5.339236145307147,5.4276103579764765,6.138995199112851,6.542311192616429
104,353.57079400000003,3.0968480999999883,0.01,0.003229142996028425,0.003229142996028425,0,5.241954102370501,0.00374760386653898,0.00374760386653898,0,5.41653167723212,9.518163996564953,-4.101632319,TRUE,FALSE,21,66.9119885,103,5.165542037291152,1,4.964749618679087,4.926278060591622,5.568457290716311,5.200856163125788,5.909582259619281,5.840953196213017,4.778385523505849,4.60809238418974,5.8384201712486625,6.10389807241248,6.401715055330119,7.1017915518702
105,356.65962010000004,3.065794299999993,0.01,0.003446790245325179,0.003446790245325179,0,5.325504880138594,0.004724801453764537,0.004724801453764537,0,6.130912221889595,9.518163996564953,-3.387251775,TRUE,FALSE,21,66.9119885,103,5.165542037291152,2,4.992437933468684,4.880506185065309,5.499713756524051,5.480869223923011,6.416988279149615,6.233519682604731,5.992347439376808,5.279782107763378,6.113400474817487,6.34767102267315,7.942944358898154,7.389492418086391
106,359.4587531,2.77672890000008,0.01,0.0031766826531447077,0.0031766826531447077,0,5.068460636588836,0.0036229260162301802,0.0036229260162301802,0,5.447610289877835,9.518163996564953,-4.070553707,TRUE,FALSE,21,66.9119885,103,5.165542037291152,3,4.65752982845511,4.544926823921515,5.267359274937182,5.444831707625972,6.111508627946491,6.148533332466834,4.816035222137054,5.241224416300165,5.676134116365439,5.470296231403567,6.378499752671589,6.622021589050724
107,362.43741529999994,2.954082500000027,0.01,0.003109301475734829,0.003109301475734829,0,5.154824418640754,0.0033410399513980294,0.0033410399513980294,0,5.137009818964165,9.518163996564953,-4.381154178,TRUE,FALSE,21,66.9119885,107,5.137009818964165,0,4.933806227453205,4.88423091135331,5.40151805153183,5.098746943662354,5.622230064861689,5.845177373377241,4.502114895197213,4.524545514770471,5.525822141329397,5.5322427190179155,6.070811585340532,6.709107142785288
108,365.8695638,3.3964922000000115,0.01,0.0028638633457769604,0.0028638633457769604,0,4.920370960476319,0.003166294361078488,0.003166294361078488,0,4.990978281337847,9.518163996564953,-4.527185715,TRUE,FALSE,21,66.9119885,108,4.990978281337847,0,4.624623867302595,4.6432543643795325,5.1858718411511395,4.897176252888573,5.479366624637123,5.679702312303603,4.480350635959653,4.485750779548446,5.098021075044036,5.348190274212664,6.003946448331851,6.542545241398416
109,369.37751169999996,3.4695911000000024,0.01,0.0027932972762964255,0.0027932972762964255,0,4.9073302649908825,0.0037697282364973863,0.0037697282364973863,0,5.629668249899432,9.518163996564953,-3.888495747,TRUE,FALSE,21,66.9119885,108,4.990978281337847,1,4.786430433508687,4.618163267778395,5.183324023284619,4.735767610055065,5.375602358371748,5.397787814808516,5.638021487134835,5.064745815326778,5.830031583032492,5.583014131335732,6.177148872687621,6.60159672038503
110,372.58030660000003,3.174097999999958,0.01,0.002892220690359477,0.002892220690359477,0,4.885440924481417,0.003674808176841419,0.003674808176841419,0,5.422846501931031,9.518163996564953,-4.095317495,TRUE,FALSE,21,66.9119885,108,4.990978281337847,2,4.54670221143426,4.495022118293689,5.101746820340044,5.0166495080724145,5.718628828702633,5.803998744077758,4.927972675657716,4.90661993688319,5.6663382044528845,5.447627057578002,6.593501987410294,6.90781299007977
111,375.64763579999993,3.0426263000000517,0.01,0.0029039793984899412,0.0029039793984899412,0,4.903209370438674,0.0034987757164216316,0.0034987757164216316,0,5.245028423094982,9.518163996564953,-4.273135573,TRUE,FALSE,21,66.9119885,108,4.990978281337847,3,4.540782934802831,4.58773005651185,5.078535772990633,5.010698845636668,5.6575085546895965,5.859517403935367,4.77825244167895,4.661140442492242,5.325404118359789,5.63314880274272,6.488165667040893,6.737308048452653
112,378.7140976,3.0434778999999708,0.01,0.0028109719725754804,0.0028109719725754804,0,4.8468210125756706,0.0035720001863411743,0.0035720001863411743,0,5.406437738305226,9.518163996564953,-4.111726258,TRUE,FALSE,21,66.9119885,108,4.990978281337847,4,4.561027063794854,4.518865209384337,5.060585778122476,4.864042174265301,5.526414722173445,5.702196376500985,5.064735020956729,4.799307290705265,5.8653561354023305,5.236927374933306,6.474897495450789,6.536542400572319
113,381.7538109,3.012511399999994,0.01,0.002844471854120096,0.002844471854120096,0,4.833697212258193,0.0037455538599867996,0.0037455538599867996,0,5.44581217773795,9.518163996564953,-4.072351819,TRUE,FALSE,21,66.9119885,108,4.990978281337847,5,4.5018235759127245,4.382585229909015,5.091390474565197,4.937890501703744,5.777664304393379,5.737445752001511,4.982777959629108,4.786185155669406,5.641878695020558,5.911742808663209,6.7479909547881025,6.756845012704399
114,384.77364759999995,2.9975534000000152,0.01,0.003257846929235742,0.003257846929235742,0,5.223419400027352,0.003958674473709799,0.003958674473709799,0,5.795431473337379,9.518163996564953,-3.722732523,TRUE,FALSE,21,66.9119885,108,4.990978281337847,6,4.999285605652434,4.757579225495832,5.507491069716154,5.252591537092455,6.097783423194217,5.964343552341918,5.171567594807669,5.620824786519806,6.344225208103203,5.567886891757343,6.568729587698894,6.4872762194104565
115,387.8247141,3.0276280000000497,0.01,0.0028791658408722806,0.0028791658408722806,0,4.836857102702552,0.003084836855337155,0.003084836855337155,0,4.915030958890298,9.518163996564953,-4.603133038,TRUE,FALSE,21,66.9119885,115,4.915030958890298,0,4.452983722486714,4.369385052168045,5.055686611825459,5.02729464868506,5.841131560377436,5.870136513771002,4.4596653985594426,4.283329834094847,5.094148526369608,5.24030150348051,6.227319408090979,6.266017949695531
116,390.86522699999995,3.005537199999935,0.01,0.0028380144547581203,0.0028380144547581203,0,4.953392433957019,0.003397645183099362,0.003397645183099362,0,5.264547159055414,9.518163996564953,-4.253616838,TRUE,FALSE,21,66.9119885,115,4.915030958890298,1,4.787207381054246,4.72438925552952,5.231099255711182,4.716617161234688,5.39133777035576,5.4864079944729,4.931840571377983,4.705817716583698,5.561643372255494,5.511441920715388,5.957846316489354,6.505411096969681
117,393.88796440000004,2.996281100000033,0.01,0.0027748787709955423,0.0027748787709955423,0,4.843670747657379,0.0034728758273359014,0.0034728758273359014,0,5.403202910178564,9.518163996564953,-4.114961086,TRUE,FALSE,21,66.9119885,115,4.915030958890298,2,4.628770192346669,4.52963242569119,5.063561396916634,4.82364686197424,5.4758401352225645,5.516366779907624,5.183056148326408,4.8818964952333666,5.882833123470905,5.157976698352916,5.990635863882434,6.409556217505881
118,396.8896001,2.9805385000000797,0.01,0.002741069672115969,0.002741069672115969,0,4.808152441244374,0.00331912994076955,0.00331912994076955,0,5.222601808146157,9.518163996564953,-4.295562188,TRUE,FALSE,21,66.9119885,115,4.915030958890298,3,4.626141948063746,4.414621088935735,5.087990680255473,4.721731832646129,5.5753426200518446,5.426797443772918,4.934572048847709,4.813874928973271,5.411477344307208,5.1144517292232665,5.966246147047785,6.485606750857999
119,399.9089435,2.9970608999999513,0.01,0.0028004554527527115,0.0028004554527527115,0,4.898006644900545,0.003556356892539198,0.003556356892539198,0,5.345377408694825,9.518163996564953,-4.172786588,TRUE,FALSE,21,66.9119885,115,4.915030958890298,4,4.66261123330673,4.597819344801326,5.271675800802815,4.697481338125223,5.397842406837949,5.5339912898440184,4.844710097134806,4.837478355002645,5.616301827151891,5.479531231249158,6.4036309092121195,6.743400330219266
120,403.12133320000004,3.189344199999937,0.01,0.0028017641220025053,0.0028017641220025053,0,4.83208856789348,0.0032937882847486988,0.0032937882847486988,0,5.1361301676204345,9.518163996564953,-4.382033829,TRUE,FALSE,21,66.9119885,115,4.915030958890298,5,4.573691707227127,4.455593501061637,5.029452360246281,4.960992701901191,5.620203293253525,5.562775200916958,4.841063200493155,4.552734796531223,5.261938027778532,5.369574799065005,6.164259204568444,6.437527269067253
121,406.1602032,3.0165962999999465,0.01,0.002839504873878604,0.002839504873878604,0,4.8572713924327955,0.0033395921702074447,0.0033395921702074447,0,5.142784454528881,9.518163996564953,-4.375379542,TRUE,FALSE,21,66.9119885,115,4.915030958890298,6,4.580804210279781,4.481346258716632,5.063305498677461,4.873156562396912,5.71296075776921,5.684696556746704,4.588751832735061,4.663910545424797,5.323701235804036,5.337892403476783,6.525510184619366,6.407413987109532
122,409.19808900000004,3.015376100000026,0.01,0.002705424750562077,0.002705424750562077,0,4.703019434006641,0.0031599123753233934,0.0031599123753233934,0,5.038951791795389,9.518163996564953,-4.479212205,TRUE,FALSE,21,66.9119885,115,4.915030958890298,7,4.372342455960037,4.2254060200386085,4.9666276133113865,4.815464098228102,5.643180486052128,5.655111743515911,4.820771367297503,4.22618699742975,5.367473684961064,5.452016080830376,5.888654873879031,6.255656605683756
123,412.3357253,3.1152027999999063,0.01,0.0027214461004706142,0.0027214461004706142,0,4.827108702498991,0.003645503249515068,0.003645503249515068,0,5.523813367216669,9.518163996564953,-3.994350629,TRUE,FALSE,21,66.9119885,115,4.915030958890298,8,4.613906919204113,4.577938666374702,5.080749697556667,4.745710962510391,5.250447485885687,5.46879996611054,5.206263591896931,5.016535394618922,5.99868052872263,5.556052771990442,6.203312959424659,6.399838349021776
124,415.35650619999996,2.997414899999967,0.01,0.00265631615466282,0.00265631615466282,0,4.682309022606748,0.003384981434733664,0.003384981434733664,0,5.257756571122616,9.518163996564953,-4.260407425,TRUE,FALSE,21,66.9119885,115,4.915030958890298,9,4.372955101254677,4.290039303342392,4.886012458119918,4.84827147569178,5.472176918116588,5.544593555053535,4.840275983018513,4.748083004458892,5.5834504642539935,5.623638495771992,6.140419532652272,6.20711201826566
125,418.39922310000003,3.019394199999965,0.01,0.0027134652508283407,0.0027134652508283407,0,4.763182176486513,0.003447305012449537,0.003447305012449537,0,5.321249721102368,9.518163996564953,-4.196914275,TRUE,FALSE,21,66.9119885,115,4.915030958890298,10,4.449292992122798,4.443336290948753,5.00471965789875,4.80892588,5.485842928716361,5.529481013851591,4.954221898469593,4.87426709447152,5.595171036872848,5.420777576494484,6.263458402837354,6.316274579918238
126,421.4133791,2.9906359000000293,0.01,0.002777075812534396,0.002777075812534396,0,4.843563091489466,0.004285664216356071,0.004285664216356071,0,6.069772813170666,9.518163996564953,-3.448391183,TRUE,FALSE,21,66.9119885,115,4.915030958890298,11,4.603180143567711,4.501641246995059,5.117716535917322,4.839546357047306,5.497402809341285,5.507799161982403,5.929086898555238,6.016545353917642,6.041026875357329,5.368095652269186,6.275771924139605,7.381040746973724
127,424.4259261,2.9866089000000784,0.01,0.002889917934334308,0.002889917934334308,0,4.92689107061792,0.003052809244397669,0.003052809244397669,0,4.959357596119272,9.518163996564953,-4.5588064,TRUE,FALSE,21,66.9119885,115,4.915030958890298,12,4.763154828983036,4.531216883237555,5.0978630320135085,4.982498447849191,5.546587177689282,5.751118935559499,4.396058157295169,4.678850154023023,5.0667048709659195,5.257377422765934,5.784313127768225,6.2298560866239585
128,427.410781,2.9611119999999573,0.01,0.0024410934928426786,0.0024410934928426786,0,4.502494789637241,0.003614254239434087,0.003614254239434087,0,5.585151901359298,9.518163996564953,-3.933012095,TRUE,FALSE,21,66.9119885,115,4.915030958890298,13,4.205890721883696,4.156319066451728,4.726876598979091,4.604389427174229,5.234775272038599,5.2579519014507,5.42608605970768,5.1222821115042585,6.181114592508109,5.231916897738413,5.978679210619917,6.221861260862062
129,430.41755889999996,2.984577599999966,0.01,0.0025552847640696943,0.0025552847640696943,0,4.68259701327277,0.0028168951788835874,0.0028168951788835874,0,4.8020670687146145,9.518163996564953,-4.716096928,TRUE,FALSE,21,66.9119885,129,4.8020670687146145,0,4.482798481415711,4.401453428642547,5.00853298038046,4.538111293372316,5.207981964082815,5.173413444782469,4.382735892077029,4.434534846339584,5.070462926322913,4.962265557308128,5.502418546704624,5.845552642101735
130,433.4590562,3.0045928999999205,0.01,0.002581124722423752,0.002581124722423752,0,4.66782294495051,0.0030045822243285336,0.0030045822243285336,0,4.830583595437691,9.518163996564953,-4.687580401,TRUE,FALSE,21,66.9119885,129,4.8020670687146145,1,4.432094994564002,4.328278145070042,4.953896034596891,4.6291627282459435,5.2703723023553,5.364792674441411,4.389999265966181,4.189553381033599,4.907349660729097,5.267319456346238,5.984038163154846,6.409002632939013
131,436.45051559999996,2.96988209999995,0.01,0.002507720986665387,0.002507720986665387,0,4.597791020331589,0.002935257899908372,0.002935257899908372,0,4.819475235691006,9.518163996564953,-4.698688761,TRUE,FALSE,21,66.9119885,129,4.8020670687146145,2,4.315111884172517,4.324523709839177,4.834127117875343,4.620459668524273,5.195617674646529,5.2777632386306585,4.329137695089856,4.326195121048491,4.976465624520589,5.142253920061864,5.872470236430824,6.165684577279422
132,439.4973709,3.0237362000000303,0.01,0.0027126959243044288,0.0027126959243044288,0,4.755182820652569,0.00327897865297257,0.00327897865297257,0,5.141690463947571,9.518163996564953,-4.376473533,TRUE,FALSE,21,66.9119885,129,4.8020670687146145,3,4.504545446682818,4.394613210381191,4.935072143526208,4.837299879261973,5.522988069678303,5.5276954230085185,4.5832712313026445,4.640409654441904,5.528510339572105,5.3339846714648855,6.133632093948706,6.385181770584055
133,442.54754210000004,3.02554310000005,0.01,0.00272485828915241,0.00272485828915241,0,4.769679322494644,0.0030804184059691586,0.0030804184059691586,0,4.8799129549450075,9.518163996564953,-4.638251042,TRUE,FALSE,21,66.9119885,129,4.8020670687146145,4,4.470002146674692,4.4108304499878255,5.032989257791876,4.800680495720839,5.554007427178475,5.5205928161249105,4.324304294222092,4.317900789646653,4.913395011518539,5.383428169586199,5.974766649960341,6.604839257967952
134,445.5759932,3.0020894000000453,0.01,0.0023987174482367896,0.0023987174482367896,0,4.442642533279827,0.0029513526657327345,0.0029513526657327345,0,4.898495615848107,9.518163996564953,-4.619668381,TRUE,FALSE,21,66.9119885,129,4.8020670687146145,5,4.137580252664893,4.042766776170388,4.669831731907673,4.556922355476053,5.18534752660489,5.35279359582029,4.386164504614713,4.396473235452108,5.367727788777848,5.037968716401864,5.822788112351205,5.927612921282573
135,448.58608009999995,2.987657499999955,0.01,0.0026323491686492625,0.0026323491686492625,0,4.7635982107003985,0.003056106721288133,0.003056106721288133,0,4.9746342090937645,9.518163996564953,-4.543529787,TRUE,FALSE,21,66.9119885,129,4.8020670687146145,6,4.589495472860813,4.4980307620744995,5.078013095177856,4.53980792314202,5.223265897108751,5.309674911657415,4.813426065899678,4.274241145287291,5.20291122417011,5.270227439740561,5.8797999588332,6.033277344663448
136,451.5790322,2.9702140000000554,0.01,0.00229870223291059,0.00229870223291059,0,4.348985276123814,0.003066071278148766,0.003066071278148766,0,5.079926000000831,9.518163996564953,-4.438237997,TRUE,FALSE,21,66.9119885,129,4.8020670687146145,7,4.089988164111154,3.914150537423315,4.579105184645204,4.475704382736001,5.170448101971059,5.129093925736034,4.873387793931288,4.7381735993138445,5.33389073873448,4.928299642536634,5.823918386046978,5.785387005319457
137,454.6013436,2.99897969999995,0.01,0.002351859397521889,0.002351859397521889,0,4.402541513868577,0.002799671031194998,0.002799671031194998,0,4.677849744488452,9.518163996564953,-4.840314252,TRUE,FALSE,21,66.9119885,137,4.677849744488452,0,4.067548837659864,4.0504431445205835,4.642027927904175,4.410676372634416,5.208739558589902,5.279866133655684,4.045705572421795,4.11482136652316,4.969769129005924,5.12825088227181,5.698525822187582,6.141167217927138
138,457.6710042,3.032589900000062,0.01,0.002886191572566245,0.002886191572566245,0,4.948528860851057,0.003849284863785567,0.003849284863785567,0,5.576013559035034,9.518163996564953,-3.942150438,TRUE,FALSE,21,66.9119885,137,4.677849744488452,1,4.748876217819591,4.612741831405431,5.188619036949178,4.924901110542705,5.5808496218145685,5.601405855905584,5.181250927920622,5.085637051292716,5.735895326734697,5.552165993895662,6.52488165096384,7.17507047411749
139,460.71218530000004,3.016644900000074,0.01,0.002828610184059337,0.002828610184059337,0,4.784769945347826,0.003211779564025086,0.003211779564025086,0,5.058953445468182,9.518163996564953,-4.459210551,TRUE,FALSE,21,66.9119885,137,4.677849744488452,2,4.39770941092722,4.325176490952707,4.934387702479171,5.087717064002183,5.808408248856272,5.812327133897373,4.535642894040287,4.613607007939136,5.221292803504521,5.305251541059946,6.134288485479039,6.422599889915704
140,463.74870489999995,3.013088000000039,0.01,0.002680966714233999,0.002680966714233999,0,4.704108374239457,0.002782336305611976,0.002782336305611976,0,4.645098475688824,9.518163996564953,-4.873065521,TRUE,FALSE,21,66.9119885,140,4.645098475688824,0,4.395695055972085,4.272946159273153,4.968364229875532,4.764188546050396,5.630680762712423,5.524578607869916,4.235278153319186,3.908735949627915,4.841433281953566,5.105729565922733,5.820330323690321,6.072428595778018
141,466.84331219999996,3.057255800000007,0.01,0.0026236178797439677,0.0026236178797439677,0,4.744484562655461,0.0029133238800499463,0.0029133238800499463,0,4.838393268592496,9.518163996564953,-4.679770728,TRUE,FALSE,21,66.9119885,140,4.645098475688824,1,4.554628246755729,4.46304757003005,5.047935073656586,4.566539902543196,5.216722805160416,5.356096622198562,4.432703042700735,4.374517801429814,4.992127847497953,5.196220033977104,5.84232388453784,5.894230415421947
142,469.87364829999996,3.005984000000012,0.01,0.0022699057841372144,0.0022699057841372144,0,4.384693307065297,0.0027391231391886424,0.0027391231391886424,0,4.731397793127593,9.518163996564953,-4.786766203,TRUE,FALSE,21,66.9119885,140,4.645098475688824,2,4.170723168344346,4.09230274938514,4.635673338551102,4.361176381444219,4.968143382171068,4.943614101335463,4.444661898183219,4.181481550348539,5.100153501475609,4.756075492699298,5.619031853276025,5.680890898674155
143,473.0682913,3.171784099999968,0.01,0.0021592581275010968,0.0021592581275010968,0,4.266004182797788,0.0026438578021812024,0.0026438578021812024,0,4.625517342060105,9.518163996564953,-4.892646655,TRUE,FALSE,21,66.9119885,143,4.625517342060105,0,4.000435945118482,3.9960759786158797,4.521646993013239,4.2485147820558975,4.7975294324686315,4.93577807251226,4.389306335039816,4.183971152882762,4.691222782471985,4.786364704833128,5.418973650052728,5.759509035910771
144,476.09748959999996,2.9954357999999957,0.01,0.002404853364009791,0.002404853364009791,0,4.480414052589113,0.004018340143483689,0.004018340143483689,0,5.6355615375855255,9.518163996564953,-3.882602459,TRUE,FALSE,21,66.9119885,143,4.625517342060105,1,4.150780477066591,4.214888520370373,4.692897132702833,4.464315144908724,5.070723716061842,5.3773387438800215,4.928461152824305,5.150207652587564,5.889910368520252,5.6228062481832275,6.4038937905253555,7.920464511924511
145,479.15310229999994,3.0321665999999823,0.01,0.0031640733687937103,0.0031640733687937103,0,5.110881596514162,0.003451279032502597,0.003451279032502597,0,5.267218044371356,9.518163996564953,-4.250945952,TRUE,FALSE,21,66.9119885,143,4.625517342060105,2,4.704289582428185,4.717615095928929,5.383917084526128,5.123080604477365,5.901047296646541,6.279194591605447,4.638999165211831,4.868601489410794,5.552652495989937,5.429334437823984,6.388960344848109,6.546186974148855
146,482.22356269999995,3.046503600000051,0.01,0.002567646593290717,0.002567646593290717,0,4.60216364179282,0.0031755168480474107,0.0031755168480474107,0,5.027904431438116,9.518163996564953,-4.490259565,TRUE,FALSE,21,66.9119885,143,4.625517342060105,3,4.291332871648959,4.213876918922725,4.817025271449126,4.675623356454292,5.382988017654811,5.54110619204907,4.785536583120783,4.5091232649569655,4.985875348006006,5.019127584749563,6.211485206635869,6.473207832762109
147,485.32677329999996,3.080262300000072,0.01,0.002401840713539145,0.002401840713539145,0,4.502670368916927,0.0030310088020447214,0.0030310088020447214,0,5.092025060152519,9.518163996564953,-4.426138936,TRUE,FALSE,21,66.9119885,143,4.625517342060105,4,4.280305067335646,4.173247762433903,4.780447292925532,4.419830456551276,5.157611494771168,5.141487945373696,4.783332832343524,4.811941505710836,5.5540546418115495,4.862901800155182,5.577751806788002,5.700422584151441
148,488.4438714,3.0929332000000613,0.01,0.0022134991487829177,0.0022134991487829177,0,4.36453759797665,0.0025675010511856493,0.0025675010511856493,0,4.547295095448846,9.518163996564953,-4.970868901,TRUE,FALSE,21,66.9119885,148,4.547295095448846,0,4.192618185433967,4.136732844938545,4.631669295359247,4.2083893598619815,4.85111203969923,4.78536394060245,4.259422856028304,4.051761653458814,4.696741411841719,4.832332945724015,5.460338835586576,5.535532547264708
149,491.56395019999997,3.0811161999999968,0.01,0.0020335312154365587,0.0020335312154365587,0,4.081529050023944,0.003001803790052222,0.003001803790052222,0,5.034954738590146,9.518163996564953,-4.483209258,TRUE,FALSE,21,66.9119885,148,4.547295095448846,1,3.7979446276262547,3.7256521573845456,4.2326545680867405,4.269597828666167,4.881926047060033,4.817868495600356,4.8617174575746835,4.782200876861051,5.11988510788244,5.067582074203774,5.394240821680561,5.915408271850306
150,494.36005399999993,2.7740777000000207,0.01,0.0025882946572464986,0.0025882946572464986,0,4.737001343310777,0.0031170487094135174,0.0031170487094135174,0,5.038162986697951,9.518163996564953,-4.48000101,TRUE,FALSE,21,66.9119885,148,4.547295095448846,2,4.572651444946698,4.49094546988946,5.057880725321173,4.520587913410288,5.044184169277729,5.3065963735451795,4.576024128150973,4.566830654042301,5.417556257011684,5.122750541411231,5.992040737662316,6.103663316596107
151,497.2341955,2.853448299999968,0.01,0.002475612849384284,0.002475612849384284,0,4.48391042034395,0.0029741404784328854,0.0029741404784328854,0,4.845437058923049,9.518163996564953,-4.672726938,TRUE,FALSE,21,66.9119885,148,4.547295095448846,3,4.135194303148187,4.048834537542674,4.673631377818399,4.617651189878962,5.379267683184629,5.540755981117742,4.355141134786709,4.134930619904501,5.232863625839243,5.210563360470948,5.880111360623837,6.237968518025226
152,500.3001347,3.042680099999984,0.01,0.0022265136689200177,0.0022265136689200177,0,4.254067451148612,0.0031607750207991343,0.0031607750207991343,0,5.258974523559387,9.518163996564953,-4.259189473,TRUE,FALSE,21,66.9119885,148,4.547295095448846,4,3.8961707159082377,3.849529527122949,4.450151504189787,4.48087691440386,5.136142681433515,5.123358515480236,5.210114347452722,5.0904350249158385,5.479586516444996,4.781227609406753,5.470323231752791,5.836883146053866
153,503.51801040000004,3.195054099999993,0.01,0.002215949624673435,0.002215949624673435,0,4.314656659310187,0.0027678726529955797,0.0027678726529955797,0,4.719840970728948,9.518163996564953,-4.798323026,TRUE,FALSE,21,66.9119885,148,4.547295095448846,5,4.0832763690030305,4.014989855921965,4.5370055304777495,4.265192088068004,4.911504538381259,5.0360186297549685,4.2022505735822415,4.55779194315049,4.680088432994561,4.789700223060988,5.728103930224627,5.899791739136061
154,506.54377229999994,3.002295600000025,0.01,0.0021581428803014746,0.0021581428803014746,0,4.2341363566302554,0.002871198971989291,0.002871198971989291,0,4.771092287114341,9.518163996564953,-4.747071709,TRUE,FALSE,21,66.9119885,148,4.547295095448846,6,3.9608213209726797,3.901622721620253,4.462745407816506,4.224596465098271,4.916842788957776,5.033761159467779,4.446685275800973,4.118457669973451,4.957187461194657,5.086389073349463,5.698256366443527,6.18204023376561
155,509.5518133,2.9818689999999606,0.01,0.0023535678173721747,0.0023535678173721747,0,4.454518950262916,0.0033967187469465185,0.0033967187469465185,0,5.323947285374729,9.518163996564953,-4.194216711,TRUE,FALSE,21,66.9119885,148,4.547295095448846,7,4.2055432593699,4.156522300284161,4.699517081868702,4.439111069799203,5.015272401730528,5.1674363123655755,5.065234807356672,4.653849102055836,5.911732329046049,5.3666017653088085,5.716406176676111,6.469698029566332
156,512.5789043,3.003085300000066,0.01,0.0026034150053954033,0.0026034150053954033,0,4.6923828458925465,0.002807618172494049,0.002807618172494049,0,4.748264877397094,9.518163996564953,-4.769899119,TRUE,FALSE,21,66.9119885,148,4.547295095448846,8,4.430132455129415,4.432296669248917,4.892149115819976,4.704291411655823,5.187459924871701,5.47283253367782,4.136276161751539,4.392011144022895,5.027376332626702,4.993659880656301,5.617450603355751,5.981143834125917
157,515.601109,2.9975600000000213,0.01,0.0022029793815578932,0.0022029793815578932,0,4.292500397556572,0.0036752937665951797,0.0036752937665951797,0,5.717767858955053,9.518163996564953,-3.800396138,TRUE,FALSE,21,66.9119885,148,4.547295095448846,9,4.026237042333247,3.9651237865738374,4.527278235057749,4.424061769781592,4.883295881845681,4.968468813306308,5.8814938798914325,5.504937481126504,5.9149860272334935,5.00368418042665,5.698585087254636,6.273903607692163
158,518.6852888999999,3.0602190999999266,0.01,0.0026361645030829133,0.0026361645030829133,0,4.820446423869675,0.0032304565902484643,0.0032304565902484643,0,5.244904039204467,9.518163996564953,-4.273259957,TRUE,FALSE,21,66.9119885,148,4.547295095448846,10,4.707079566850426,4.638961376528295,5.1529105914673705,4.451230089120996,5.121004015161377,5.154124630540947,5.094739005246271,4.908719757957741,5.537485080903924,4.943662379778497,5.990456544493707,5.829056557933388
159,521.7047961999999,2.995152200000007,0.01,0.002193219823505614,0.002193219823505614,0,4.271783277158078,0.0025750656577333223,0.0025750656577333223,0,4.477098701706171,9.518163996564953,-5.041065295,TRUE,FALSE,21,66.9119885,159,4.477098701706171,0,4.009969732328076,3.9154086632039675,4.50309748644515,4.387730645249672,4.9602409629039395,4.956538129080059,4.061927325237388,3.7699213338413724,4.753066918674225,4.758261723658502,5.791411047973343,5.708841707313274
160,524.7455336999999,3.0026068999999325,0.01,0.0020291963274230935,0.0020291963274230935,0,4.09305304153168,0.002606116831759549,0.002606116831759549,0,4.615768168531818,9.518163996564953,-4.902395828,TRUE,FALSE,21,66.9119885,159,4.477098701706171,1,3.817465436011779,3.7244695841742606,4.3327976373848776,4.147377433782585,4.912024171240404,4.768267734937442,4.142916680228508,4.352154493815543,4.829997153251199,4.660291007309398,5.466348415603153,5.589718852915601
161,527.7899391000001,3.017958500000077,0.01,0.001961365669525671,0.001961365669525671,0,4.026257745018998,0.0026579074371739274,0.0026579074371739274,0,4.615568813788121,9.518163996564953,-4.902595183,TRUE,FALSE,21,66.9119885,159,4.477098701706171,2,3.7480521506229847,3.653556946267858,4.273306672645671,4.180123502228379,4.727600819738055,4.70121288210598,4.561961424247373,3.8006476248733594,4.822857182350877,4.806658237543113,5.394225257735756,5.928724200993997
162,530.844478,3.0305219999999053,0.01,0.0023890798509164225,0.0023890798509164225,0,4.547326668611003,0.002817864696213651,0.002817864696213651,0,4.75267490710536,9.518163996564953,-4.765489089,TRUE,FALSE,21,66.9119885,159,4.477098701706171,3,4.447415060387419,4.287741360830308,4.7984741598832255,4.356498608663671,5.006100575354445,4.958754687142391,4.299148003105672,4.0271926635778135,5.321056876947073,4.8710874565974915,5.7415541778557015,5.963580502952491
163,534.2898680999999,3.4227354999999307,0.01,0.002178679208994816,0.002178679208994816,0,4.21035330804575,0.0026688173666979975,0.0026688173666979975,0,4.562088432584249,9.518163996564953,-4.956075564,TRUE,FALSE,21,66.9119885,159,4.477098701706171,4,3.92928711652325,3.7596952806773896,4.411013124645435,4.3208608001450255,5.095582121990985,5.1182744025500675,4.130224111172754,4.012233274387649,4.671595251609016,4.703148820555112,5.725246449256682,6.084806388705117
164,537.8854135999999,3.5665959000000385,0.01,0.0021320322024892453,0.0021320322024892453,0,4.218785594130288,0.002667914324153819,0.002667914324153819,0,4.62251367789652,9.518163996564953,-4.895650319,TRUE,FALSE,21,66.9119885,159,4.477098701706171,5,3.9442896664305644,3.8915646881325947,4.4737064290425925,4.2551043510246505,4.889188865626959,4.899648517727705,4.176990670134542,4.125409303755458,4.898307461692575,4.866849400043568,5.635918532700751,5.702181436287021
165,541.3732653000001,3.461243399999944,0.01,0.002035307630657294,0.002035307630657294,0,4.11786441443323,0.0025768739713707147,0.0025768739713707147,0,4.511355985763559,9.518163996564953,-5.006808011,TRUE,FALSE,21,66.9119885,159,4.477098701706171,6,3.9198275969502054,3.7610477413803514,4.314341196028006,4.1615218675380525,4.812810460808952,4.772452664200314,4.164760185440841,4.048932129235245,4.455501422445849,5.006949276813101,5.403395379985818,5.792598228897463
166,544.8950495999999,3.499506999999994,0.01,0.002302519580425828,0.002302519580425828,0,4.456302429441155,0.003095766891052251,0.003095766891052251,0,5.083874061083261,9.518163996564953,-4.434289935,TRUE,FALSE,21,66.9119885,159,4.477098701706171,7,4.2997931329723595,4.214735485768956,4.722636519405215,4.307663559448577,4.935717843709223,4.877303309015139,4.638949187222543,4.810359168896538,5.441484474653506,4.9651180496614895,5.783328852144702,6.009749811329302
167,548.4561296,3.534558700000048,0.01,0.002181986581997366,0.002181986581997366,0,4.24840392600831,0.003073765682287254,0.003073765682287254,0,4.8207841011278845,9.518163996564953,-4.697379895,TRUE,FALSE,21,66.9119885,159,4.477098701706171,8,3.9681066040558064,3.858335474555235,4.495047389745254,4.37696609435369,4.968158758596643,5.006844437684261,3.990996394056091,4.310664265732857,4.8980368046238265,5.272921377299773,6.823059609147118,6.119184250529466
168,552.0297998,3.5422154999999975,0.01,0.0022114965912409445,0.0022114965912409445,0,4.239652520374892,0.0027931155141133097,0.0027931155141133097,0,4.63217144533066,9.518163996564953,-4.885992551,TRUE,FALSE,21,66.9119885,159,4.477098701706171,9,3.876873709266842,3.875591138695684,4.3927625317457135,4.4285411206362255,5.1679456174871135,5.100050544032653,4.018516244975393,4.282740051000655,4.411648205242405,5.201182952174543,5.80302790147747,6.263237569732459
169,555.6216787,3.562966299999971,0.01,0.0022139901098323523,0.0022139901098323523,0,4.330213993126927,0.0027984626528080366,0.0027984626528080366,0,4.764769279,9.518163996564953,-4.753394718,TRUE,FALSE,21,66.9119885,159,4.477098701706171,10,4.135285409762509,4.045992514898023,4.5296326704190335,4.363043514529898,4.794523900283072,4.982221799803664,4.292671327459407,4.241378134769664,5.224406443977705,4.820799303404506,5.80283205029775,5.744436576538522
170,559.1888565999999,3.537597099999971,0.01,0.0022745601057207903,0.0022745601057207903,0,4.336584465129157,0.002704299302517834,0.002704299302517834,0,4.644675195351904,9.518163996564953,-4.873488801,TRUE,FALSE,21,66.9119885,159,4.477098701706171,11,3.99184639366451,4.046401167485978,4.515105674331251,4.426680759284745,5.001755297162711,5.23682860677775,4.424023627695528,4.111494490978657,4.650595266104231,4.87151704482187,5.611409703481979,5.897187251700133
171,562.7746367000001,3.5561172999999826,0.01,0.002238475667509782,0.002238475667509782,0,4.386926530868875,0.002677314196238552,0.002677314196238552,0,4.695335786144626,9.518163996564953,-4.82282821,TRUE,FALSE,21,66.9119885,159,4.477098701706171,12,4.215163359394988,4.10131661185811,4.710615069622741,4.232863733984049,4.780116103341802,4.94248748416786,4.237753059540976,4.435163496115117,4.937334066153581,4.7446968071246935,5.408152674131219,5.680234804385663
172,566.3203075,3.5151161,0.01,0.0020670321404592453,0.0020670321404592453,0,4.194496515414845,0.0025439993271111653,0.0025439993271111653,0,4.553323433105899,9.518163996564953,-4.964840563,TRUE,FALSE,21,66.9119885,159,4.477098701706171,13,3.992962886210992,3.8930093989115027,4.49950827876033,4.130576715547036,4.661114258245257,4.761837719908032,4.223015378256027,3.9789629491200675,4.978698849064313,4.648355116788039,5.292636581837536,5.605979022343772
173,569.8377068000001,3.4884585999999445,0.01,0.002201157419596709,0.002201157419596709,0,4.283596087889814,0.0028174730625797452,0.0028174730625797452,0,4.710924530165103,9.518163996564953,-4.807239466,TRUE,FALSE,21,66.9119885,159,4.477098701706171,14,4.009862003571924,3.9295456416324765,4.552415095566951,4.300424697285062,4.982429441255339,5.009072335689237,4.449241184970742,4.083729789513765,4.757563887126062,4.902076428743932,5.821115948683313,6.1513382804679715
174,573.4018772999999,3.534542800000054,0.01,0.002468784341201899,0.002468784341201899,0,4.528176518547118,0.0026649935951746956,0.0026649935951746956,0,4.581086767293393,9.518163996564953,-4.937077229,TRUE,FALSE,21,66.9119885,159,4.477098701706171,15,4.210153826253152,4.218075392084904,4.726629225326126,4.515850242511333,5.2466683050949285,5.440574077219685,4.321731061889719,3.866210259709553,4.768336243372983,4.823388830651409,5.806755514334922,5.765268447811818
175,576.9439974000001,3.513062899999909,0.01,0.0020599784272390216,0.0020599784272390216,0,4.131049822654871,0.002496509365776516,0.002496509365776516,0,4.4646406598878015,9.518163996564953,-5.053523337,TRUE,FALSE,21,66.9119885,175,4.4646406598878015,0,3.853941830732652,3.779300464778041,4.362347009055673,4.1994019382894985,4.831197474024487,4.883722680586492,4.056742975722017,3.946506000941895,4.727142413748643,4.678995259352762,5.409180238812678,5.622159317572785
176,580.5262795,3.5295184999999947,0.01,0.00207575559866185,0.00207575559866185,0,4.205725393577892,0.002574205499367555,0.002574205499367555,0,4.527129444051042,9.518163996564953,-4.991034553,TRUE,FALSE,21,66.9119885,175,4.4646406598878015,1,4.02015131425274,3.889590486869724,4.5220733575989716,4.111820342497698,4.7180787590927205,4.732703232561918,4.2281424543788235,3.7808278363938075,4.902071126410984,4.761777278951503,5.5250564177972645,5.691183565640164
177,584.1001971,3.544636299999979,0.01,0.0019080300455394268,0.0019080300455394268,0,3.9771673929531812,0.002401106363538294,0.002401106363538294,0,4.411241315838752,9.518163996564953,-5.106922681,TRUE,FALSE,21,66.9119885,177,4.411241315838752,0,3.7385148634437773,3.642540127521409,4.162944389170812,4.073889848777271,4.707134489888178,4.6060877131226,4.012942959045951,4.022152159238348,4.655292022259279,4.500802672552706,5.189182720393544,5.502884706434486
178,587.6467091000001,3.503327499999955,0.01,0.0019428271673247609,0.0019428271673247609,0,4.078429063504319,0.0026636111683392655,0.0026636111683392655,0,4.71497247128476,9.518163996564953,-4.803191525,TRUE,FALSE,21,66.9119885,177,4.411241315838752,1,3.862762547815797,3.84011154556592,4.380417867346594,3.972433759887653,4.556954301428397,4.5226088283466215,4.478747158593819,4.54797392568458,4.682897633301372,4.73134832325529,5.270513904182541,5.607715996075794
179,591.1828274999999,3.5077687000000424,0.01,0.002156397720173159,0.002156397720173159,0,4.316580088417988,0.0024955538599867994,0.0024955538599867994,0,4.536076612412668,9.518163996564953,-4.982087384,TRUE,FALSE,21,66.9119885,177,4.411241315838752,2,4.169792879171326,4.085034439348826,4.5803994888454325,4.168038747318645,4.703558453282479,4.76698207365309,4.24859174464727,4.126160877569285,4.79489925643011,4.714651752815088,5.3197590788915985,5.250214761096948
180,594.7087806999999,3.500294399999916,0.01,0.0017860409673455166,0.0017860409673455166,0,3.84945889194499,0.002702833902246196,0.002702833902246196,0,4.792466833681085,9.518163996564953,-4.725697163,TRUE,FALSE,21,66.9119885,177,4.411241315838752,3,3.616309265874032,3.5272962455310286,4.035515091974843,3.95944015683342,4.4977918679255335,4.482636313632314,4.604226808561792,4.469362083587463,5.148077230302261,4.419667177670323,5.303847442496634,5.577058453014542
181,598.2983054999999,3.5580055999998876,0.01,0.0019294647226646814,0.0019294647226646814,0,4.0196936838754596,0.002565880785224648,0.002565880785224648,0,4.546994592101069,9.518163996564953,-4.971169404,TRUE,FALSE,21,66.9119885,177,4.411241315838752,4,3.795820970117234,3.6794840582087116,4.281468098142473,4.032582148886761,4.6375138644272536,4.644903316594406,4.242882840235866,4.110975784308833,4.626230330248768,4.849877075211331,5.3066683502655625,5.689032187308869
182,601.9206542999999,3.5900980999999774,0.01,0.0020510521110510657,0.0020510521110510657,0,4.170457325797654,0.0025341775574503687,0.0025341775574503687,0,4.507833778515236,9.518163996564953,-5.010330218,TRUE,FALSE,21,66.9119885,177,4.411241315838752,5,3.9773989080436714,3.8979442340891115,4.393762375151257,4.121313403151013,4.7115552221598485,4.735971530493034,4.151574982369944,4.09815135459205,4.573543127506026,4.816566068822571,5.282052176184842,5.720201454828983
183,605.4543837999998,3.505329300000085,0.01,0.0018852427530392582,0.0018852427530392582,0,3.971006696822942,0.002478371857731084,0.002478371857731084,0,4.521203918461094,9.518163996564953,-4.996960078,TRUE,FALSE,21,66.9119885,177,4.411241315838752,6,3.7303231814359314,3.6940889014675813,4.1606512243444564,4.021465003947418,4.557609190204937,4.61074056376836,4.231410300194524,4.085064769267086,4.849908322058015,4.5330549656110115,5.098905716517483,5.531211512429168
184,609.0452735,3.5639278999999533,0.01,0.002027294383945125,0.002027294383945125,0,4.086554480748707,0.0025868944635809086,0.0025868944635809086,0,4.5345033700970605,9.518163996564953,-4.983660626,TRUE,FALSE,21,66.9119885,177,4.411241315838752,7,3.791165458938585,3.7089125991994245,4.331412495569855,4.167952371034184,4.876016653399479,4.832212976667651,4.295415722924167,3.949701257041413,4.647859573020037,4.577030304762828,5.521272516043086,5.9121076171468
185,612.3902548,3.3133433000000423,0.01,0.0020672882696930648,0.0020672882696930648,0,4.160865539805997,0.0029619701012739363,0.0029619701012739363,0,4.991294087292959,9.518163996564953,-4.526869909,TRUE,FALSE,21,66.9119885,177,4.411241315838752,8,3.9481273503738272,3.822560983710218,4.3901546318459665,4.156538640173347,4.904509382563379,4.728094276682309,4.759735550655828,4.80610707078673,5.06862684428646,4.7675973971778065,5.994077374861308,5.504679609104024
186,615.4108345999999,2.995718399999987,0.01,0.0020662610809614283,0.0020662610809614283,0,4.1441481295502305,0.0027692228335883286,0.0027692228335883286,0,4.80047973588347,9.518163996564953,-4.717684261,TRUE,FALSE,21,66.9119885,177,4.411241315838752,9,3.8774454011643895,3.7968249064575623,4.385069711706843,4.196367847914023,4.901538325262457,4.791484768687384,4.256310333785094,4.633641175621434,5.1116176340488515,4.698051466273107,5.592513528716316,5.650083653655788
187,618.9427403999999,3.5063657000000603,0.01,0.0019447953501134754,0.0019447953501134754,0,4.044103764287609,0.002566508287996027,0.002566508287996027,0,4.506072994888463,9.518163996564953,-5.012091002,TRUE,FALSE,21,66.9119885,177,4.411241315838752,10,3.8014724219814062,3.773418322028065,4.263888189115301,4.06411446426281,4.660223487358774,4.603667645058295,4.141957156290828,3.838588637131509,4.807825476321686,4.717455823807909,5.4680918760761985,5.856838833154696
188,622.53553,3.5614029999999275,0.01,0.0020421013439248957,0.0020421013439248957,0,4.141578931680997,0.0031413074752892575,0.0031413074752892575,0,5.105460827944092,9.518163996564953,-4.412703169,TRUE,FALSE,21,66.9119885,177,4.411241315838752,11,3.9104627368360587,3.820204718445884,4.402821539845597,4.094269159220073,4.772889564924055,4.791572211460437,4.559011286565248,4.8100271208084315,5.52137180607969,5.107818781476469,5.816244181115408,6.093055545378287
189,625.9978072,3.4356603000001087,0.01,0.0021857673800771715,0.0021857673800771715,0,4.268526719294154,0.002778321383681028,0.002778321383681028,0,4.72928398553477,9.518163996564953,-4.788880011,TRUE,FALSE,21,66.9119885,177,4.411241315838752,12,4.012902023115046,3.9142639975190034,4.510180205423627,4.295063573950844,4.829602162616304,5.128609878111813,4.166044344915389,4.27435957521654,5.129108411853892,4.79404642881698,5.457660975292334,6.161606824583902
190,629.0484249,3.022173500000008,0.01,0.002178701189752642,0.002178701189752642,0,4.207149701913057,0.0027420509601249195,0.0027420509601249195,0,4.704212290608147,9.518163996564953,-4.813951706,TRUE,FALSE,21,66.9119885,177,4.411241315838752,13,3.8424079242919267,3.848847295568421,4.349436900246721,4.41130372701766,5.0084912800936765,5.185342918851531,4.365451021457919,4.281602995189649,4.793915126029802,5.012348225628503,5.6291031134258445,5.726822617919515
191,632.1194339999998,3.0448670000000675,0.01,0.002024577993520532,0.002024577993520532,0,4.1231646716196595,0.0023442231911411683,0.0023442231911411683,0,4.371211255210399,9.518163996564953,-5.146952741,TRUE,FALSE,21,66.9119885,191,4.371211255210399,0,3.873403232422194,3.86194228721489,4.305280427462416,4.1811373119216055,4.702770232444367,4.76162057749519,4.068028723589055,3.9942950143732183,4.534259699979236,4.492350218797458,5.012774235873355,5.447289470898191
192,635.1687068,3.0105676000000585,0.01,0.0017762181095741067,0.0017762181095741067,0,3.8791332538258874,0.002392451356265886,0.002392451356265886,0,4.437551233592892,9.518163996564953,-5.080612763,TRUE,FALSE,21,66.9119885,191,4.371211255210399,1,3.692686701020849,3.6420580832162686,4.072423046397067,3.8136707497549764,4.34026276176636,4.472673411207725,3.952748070035602,4.0914217386305225,4.861123322610719,4.435457764056039,5.049941395427036,5.4534773853590615
193,638.2578614999999,3.0620239999998375,0.01,0.004434387556704137,0.004434387556704137,0,6.256242333876523,0.014283387180988007,0.014283387180988007,0,11.054101012511389,9.518163996564953,1.5359370159464358,FALSE,FALSE,21,66.9119885,191,4.371211255210399,2,5.509325090289116,5.358542518279822,8.182647247423338,5.2298245146274,6.425684664707289,7.090451184219428,10.0221250325399,9.46401353006542,13.811469244466274,8.941165339849654,11.558358497030397,13.704134321841266
194,641.3003599,3.014785499999789,0.01,0.04232752371284523,0.04232752371284523,0,18.442907113080924,0.048806412776176575,0.048806412776176575,0,19.64158063209281,9.518163996564953,10.123416635527859,FALSE,FALSE,21,66.9119885,191,4.371211255210399,3,16.800915998014116,14.788437290533851,21.350528494781898,17.782384318070108,24.478630232059515,22.206786597023427,17.71463956468595,16.186304832337786,22.02494837230276,19.875006674741293,25.840500644613684,24.112468644696257
195,644.3267850999999,3.0026384999998754,0.01,0.023213391777659735,0.023213391777659735,0,13.714538928832015,0.012476975813352926,0.012476975813352926,0,9.866003566974724,9.518163996564953,0.3478395704097714,FALSE,FALSE,21,66.9119885,191,4.371211255210399,4,12.226310555637166,11.873836230032394,15.323851597200273,13.846211888245321,17.20068280353145,16.639022818093732,8.923562367471657,8.560241112803928,10.196273898623934,10.484240430040295,12.708328698310906,12.65279773072718
196,647.3516243999999,3.0013056000000233,0.01,0.008716377326634743,0.008716377326634743,0,8.333097636305993,0.007427488924332914,0.007427488924332914,0,7.634838369358736,9.518163996564953,-1.883325627,TRUE,FALSE,21,66.9119885,191,4.371211255210399,5,7.50975184343957,7.308179069764946,8.773337577031263,8.852058639601651,10.320009096513044,10.559663895230802,7.049295949480369,6.57820693890884,7.862853377369407,8.217847438724617,9.601146864582319,9.717715374395757
197,650.3594998,2.982033099999853,0.01,0.005659385908316597,0.005659385908316597,0,6.731497789658553,0.005827034518013256,0.005827034518013256,0,6.75596313787184,9.518163996564953,-2.762200859,TRUE,FALSE,21,66.9119885,191,4.371211255210399,6,6.129580958822568,5.910624978362803,7.076121788108675,7.202371067593043,8.321353818503926,8.324790864649408,6.026607043805149,5.924607253777343,7.044179062670736,7.292173168910492,8.513662212745416,8.627550896706602
198,653.3872143999998,3.0024616999999125,0.01,0.004463408627214188,0.004463408627214188,0,5.981751637462736,0.005018770612970465,0.005018770612970465,0,6.340745320599579,9.518163996564953,-3.177418676,TRUE,FALSE,21,66.9119885,191,4.371211255210399,7,5.434384623274846,5.295052558348791,6.261746898250134,6.43989160296212,7.327801549472659,7.3905118699713555,5.9235310329072695,5.653166982409157,6.506661491061999,6.644236222737948,7.716165569205331,7.857278438894297
199,656.4560774999999,3.0445296000000326,0.01,0.0038620640596100275,0.0038620640596100275,0,5.579871406644175,0.004433264047866928,0.004433264047866928,0,5.89903024253084,9.518163996564953,-3.619133754,TRUE,FALSE,21,66.9119885,191,4.371211255210399,8,5.113520675039707,4.942684321650569,5.860424114359629,5.95933718340395,6.781497218572187,6.828245577887401,5.312726969115554,5.177126870062382,6.095969572289416,6.450952482,7.291844478070347,7.557485685494961
200,659.4948292999999,3.0130764999998974,0.01,0.0034942261397208543,0.0034942261397208543,0,5.319234279625857,0.004034216006693074,0.004034216006693074,0,5.622380419381336,9.518163996564953,-3.895783577,TRUE,FALSE,21,66.9119885,191,4.371211255210399,9,4.89868375429389,4.7409718660361255,5.566952371398911,5.687567608077497,6.429792027247803,6.431696336767684,5.0686451158041725,4.903687028352781,5.820077323573134,6.184353127290932,7.0122833673992595,7.1523281710675475
201,662.5859300999999,3.065810099999908,0.01,0.003362676312211042,0.003362676312211042,0,5.306600608757578,0.003914167591477579,0.003914167591477579,0,5.617137372617377,9.518163996564953,-3.901026624,TRUE,FALSE,21,66.9119885,191,4.371211255210399,10,4.995773551304925,4.8720894568583,5.636170436365778,5.388397804699236,6.09508820301823,6.122669175280769,5.183677242321502,4.999249066228032,5.919286368274115,5.874939589649416,6.648173159995642,6.991506281943407
202,666.0023011,3.380618400000003,0.01,0.0028854245453878167,0.0028854245453878167,0,4.8323424188943465,0.003389168324313152,0.003389168324313152,0,5.1343930664840265,9.518163996564953,-4.38377093,TRUE,FALSE,21,66.9119885,191,4.371211255210399,11,4.453603526293456,4.295588203136578,5.064168212382865,5.184922892588184,5.7948711310914165,5.875256854991165,4.673135380317983,4.435916985402676,5.24058514064254,5.641347327806616,6.482135175469581,6.627384116713821
203,669.4363499,3.4066693000002033,0.01,0.002743880518852707,0.002743880518852707,0,4.721642100832762,0.0033202410140568896,0.0033202410140568896,0,5.129979211074416,9.518163996564953,-4.388184785,TRUE,FALSE,21,66.9119885,191,4.371211255210399,12,4.379343439807467,4.209110494765015,4.933934130022024,5.07516188370437,5.628336194898715,5.6842738863417175,4.6993535052229385,4.529337469087426,5.273959489002582,5.62183384128424,6.221680270551898,6.452113310330956
204,672.8655587,3.401395500000035,0.01,0.0027486128458087556,0.0027486128458087556,0,4.792919068096554,0.003247264467139495,0.003247264467139495,0,5.082575253081231,9.518163996564953,-4.435588743,TRUE,FALSE,21,66.9119885,191,4.371211255210399,13,4.521743164374982,4.3774711654088225,5.083657517235804,4.924931721742532,5.50732350986377,5.52012319172679,4.605666339301545,4.488568562610572,5.332005116024627,5.502790584714695,6.167814330048533,6.352562870371907
205,676.359568,3.4566330000000107,0.01,0.0024929918750746624,0.0024929918750746624,0,4.507564178666739,0.003132603710811421,0.003132603710811421,0,4.942965191044444,9.518163996564953,-4.575198806,TRUE,FALSE,21,66.9119885,191,4.371211255210399,14,4.172567109331172,4.0412976546183845,4.721589031344423,4.828199876608713,5.337482450083284,5.40974333338336,4.396100498139873,4.322281104102557,5.133119897377208,5.385931187180903,6.06413064680469,6.521964572370262
206,679.8693064,3.483323599999949,0.01,0.0025539901617661637,0.0025539901617661637,0,4.614378711060938,0.00318034684024153,0.00318034684024153,0,5.062469375207812,9.518163996564953,-4.455694621,TRUE,FALSE,21,66.9119885,191,4.371211255210399,15,4.334705665282606,4.238156671184173,4.8621075031802174,4.74347185178708,5.33440079706609,5.341444516427208,4.660937759200456,4.558879077833292,5.267454711999818,5.316958246407355,6.03371263775157,6.268327090396456
207,683.3688913999998,3.4730657000000065,0.01,0.0024158895082088223,0.0024158895082088223,0,4.483830782706334,0.002971698456561605,0.002971698456561605,0,4.900826978236474,9.518163996564953,-4.617337018,TRUE,FALSE,21,66.9119885,191,4.371211255210399,16,4.222140163906977,4.096685686787893,4.720628720996032,4.641401656798503,5.179370321991022,5.203571113820292,4.451357563063303,4.3688981036471635,5.259599999348619,5.150060307739519,5.770155433340193,6.047301629510663
208,686.8530201999998,3.4549153999998907,0.01,0.002475479973687066,0.002475479973687066,0,4.569538077884976,0.0028874284357498625,0.0028874284357498625,0,4.769651369995203,9.518163996564953,-4.748512627,TRUE,FALSE,21,66.9119885,191,4.371211255210399,17,4.345073492354308,4.240908031364555,4.802847559146507,4.636010658334942,5.136388262739636,5.238394117361583,4.303716198076122,4.303235329790947,4.822089108939124,5.098710444929791,5.911006735702167,6.112951031564622
209,690.3068400999999,3.4261068999999225,0.01,0.0022755073067794304,0.0022755073067794304,0,4.330171638545787,0.0028152705789487704,0.0028152705789487704,0,4.75903295056915,9.518163996564953,-4.759131046,TRUE,FALSE,21,66.9119885,191,4.371211255210399,18,4.020341207232644,3.951959227963986,4.5351741247513555,4.562638030676157,5.035313063334505,5.134307355596304,4.347154486106202,4.28706307899573,4.982698100671365,4.984773897388274,5.655891538170942,5.938934274774424
210,693.7946569,3.4591199999999844,0.01,0.002092170216678794,0.002092170216678794,0,4.156851003165894,0.002813413274169863,0.002813413274169863,0,4.7776072344125105,9.518163996564953,-4.740556762,TRUE,FALSE,21,66.9119885,191,4.371211255210399,19,3.8815446360146137,3.7891394949036905,4.362155483697423,4.350756719331519,4.840712242059044,4.8867789269335615,4.448678737522904,4.3187414931950645,4.9595084068898405,4.974003204115434,5.531392969935983,5.9583187211525726
211,697.2634205999999,3.4375830999999835,0.01,0.0020940731944005136,0.0020940731944005136,0,4.167852376394681,0.0027789261454023,0.0027789261454023,0,4.746855669540354,9.518163996564953,-4.771308327,TRUE,FALSE,21,66.9119885,191,4.371211255210399,20,3.9142828767682603,3.8185441473250674,4.359255768489681,4.3344472609140405,4.812963172298787,4.882361124202863,4.256494266715937,4.3245572915768,5.082862047146993,4.878442690408132,5.599412981425565,5.870177469115231
212,700.7193059999998,3.4258168999999725,0.01,0.002258679185182585,0.002258679185182585,0,4.371803054813575,0.0027748359576135785,0.0027748359576135785,0,4.732569467882016,9.518163996564953,-4.785594529,TRUE,FALSE,21,66.9119885,191,4.371211255210399,21,4.121065191801989,4.064657432735186,4.656985713891735,4.4315873527357725,4.88347095917828,4.974662145905202,4.261696811879417,4.299867558069828,4.9994238700774165,4.961628830214975,5.533664150441318,5.93651616969559
213,703.7630105,3.016862299999957,0.008,0.0017074682752377932,0.0017074682752377932,0,3.7136117801995487,0.002150722347602115,0.002150722347602115,0,4.074430234900294,9.518163996564953,-5.443733762,TRUE,FALSE,21,66.9119885,213,4.074430234900294,0,3.4235575506403055,3.3116894596966846,3.8599670560662895,4.047984078168987,4.452476939641945,4.481308951620358,3.6525246790417896,3.506297285292942,4.1625546419671045,4.566306793514346,5.083383464391473,5.383547671993116
214,706.8538708,3.0489270999999007,0.008,0.00156427686000711,0.00156427686000711,0,3.5418829394597147,0.002158392853322487,0.002158392853322487,0,4.102707328564086,9.518163996564953,-5.415456668,TRUE,FALSE,21,66.9119885,213,4.074430234900294,1,3.2460701291264558,3.1464731463577253,3.6662775445002587,3.900785234383444,4.30093824351339,4.295994040359302,3.6843594830491586,3.6388055207641212,4.14339814251961,4.526301645965099,5.065966111296037,5.347250733642071
215,709.9498963,3.066985100000011,0.008,0.0015596123960629354,0.0015596123960629354,0,3.546798482751857,0.0021408690889128125,0.0021408690889128125,0,4.07618910159574,9.518163996564953,-5.441974895,TRUE,FALSE,21,66.9119885,213,4.074430234900294,2,3.260682975960981,3.1715295884621977,3.6785238704536067,3.8747498484546505,4.251839689456092,4.289221285503894,3.714128049648932,3.473340809960876,4.18969347984852,4.518556165477557,5.0332607461800505,5.376202074359323
216,713.0104831999998,3.030590899999879,0.008,0.001539861139946812,0.001539861139946812,0,3.521392955564285,0.0021168181814062753,0.0021168181814062753,0,4.043303478311405,9.518163996564953,-5.474860518,TRUE,FALSE,21,66.9119885,216,4.043303478311405,0,3.250442718686298,3.1302965536409704,3.6457403494780403,3.8603609092787967,4.222271650818212,4.274108950473229,3.617196921519788,3.504308938945401,4.115835689655369,4.498554420647181,5.060912253996971,5.348651764099206
217,716.0611441999998,3.0125244999999268,0.008,0.0015226660603560422,0.0015226660603560422,0,3.5076191045749807,0.0020973829683260587,0.0020973829683260587,0,4.046237655594311,9.518163996564953,-5.471926341,TRUE,FALSE,21,66.9119885,216,4.043303478311405,1,3.2334621306086593,3.1379064339766534,3.6386894937182244,3.824119517314116,4.202917785361994,4.222712972101739,3.6613242761539557,3.505630322870349,4.162358318557304,4.502065904363369,4.9548957921306345,5.260964941781044
218,719.1173335999998,3.0277369000000363,0.008,0.0014956446170306691,0.0014956446170306691,0,3.4677708492731067,0.002108497930517653,0.002108497930517653,0,4.09298334761783,9.518163996564953,-5.425180649,TRUE,FALSE,21,66.9119885,216,4.043303478311405,2,3.175956173767984,3.099883621798644,3.5799520233381203,3.8362835125289743,4.1683984191723535,4.199425224060163,3.620878956957293,3.76078517205283,4.201130745972538,4.393930351563982,4.920923261933914,5.2173631316247775
219,722.1903114,3.045683399999916,0.008,0.0015398384912398964,0.0015398384912398964,0,3.544730945820566,0.002060053103639419,0.002060053103639419,0,4.001990620696152,9.518163996564953,-5.516173376,TRUE,FALSE,21,66.9119885,219,4.001990620696152,0,3.303010880312196,3.193786702407827,3.680353447934797,3.8163566016952477,4.173899191684251,4.223063319762524,3.593990260974241,3.4623996025274058,4.125661032422712,4.426673484472614,4.934266826925613,5.263584328556758
220,725.2577491999999,3.0245915999998942,0.008,0.0015445005727297149,0.0015445005727297149,0,3.543884559960528,0.0021299127107631166,0.0021299127107631166,0,4.104362791636928,9.518163996564953,-5.413801205,TRUE,FALSE,21,66.9119885,219,4.001990620696152,1,3.2846033292067345,3.1710447023779844,3.7014043492634667,3.8310299646760893,4.210224090919057,4.230067375807703,3.8163294570541586,3.6326438355371216,4.143190997940487,4.387339682020279,5.021432225595922,5.239821556222168
221,728.3766878,3.0918993000000228,0.008,0.0015892494972417999,0.0015892494972417999,0,3.6148570238319957,0.0024367213720541585,0.0024367213720541585,0,4.518493813993709,9.518163996564953,-4.999670183,TRUE,FALSE,21,66.9119885,219,4.001990620696152,2,3.407599861971734,3.276676430860545,3.741208091850614,3.830777724725445,4.213076137234697,4.278421065658563,4.40264745717581,4.094638324348747,4.7452074124543016,4.551633977586808,4.9970146207218,5.305164286262133
222,731.4671075,3.0634353000000374,0.008,0.0017687996284326648,0.0017687996284326648,0,3.8402474138636533,0.002223248228961,0.002223248228961,0,4.166608262838785,9.518163996564953,-5.351555734,TRUE,FALSE,21,66.9119885,219,4.001990620696152,3,3.6261829246070123,3.5137890902432267,4.038626817121831,3.979334224596862,4.438193192789279,4.414471044408173,3.715171508792208,3.616932449079647,4.3514260516376275,4.559815443844931,5.126249479227586,5.456480166806513
223,734.5520825999998,3.059931000000006,0.008,0.0016691703676340569,0.0016691703676340569,0,3.7278451829683235,0.0021163533073086088,0.0021163533073086088,0,4.080202583026654,9.518163996564953,-5.437961414,TRUE,FALSE,21,66.9119885,219,4.001990620696152,4,3.500263196778662,3.4237148996721394,3.919691312852785,3.8612358263208577,4.272407082667869,4.3428933649043655,3.7545156786621874,3.568318548014703,4.175765323674952,4.354271024665534,5.01766276308555,5.28914738347275
224,737.5894617999999,3.007101200000079,0.008,0.0015769771239490704,0.0015769771239490704,0,3.6009827954567664,0.002262296772826567,0.002262296772826567,0,4.284447190418666,9.518163996564953,-5.233716806,TRUE,FALSE,21,66.9119885,219,4.001990620696152,5,3.3676114762956533,3.2652479921082405,3.7605999232114433,3.803315826934276,4.206645711747022,4.261279847889747,3.9976161834200967,4.037912960772562,4.217605294427305,4.398391596361224,5.095700084625757,5.28656175328209
225,740.6157534999999,3.0005696999999145,0.008,0.00152799908593291,0.00152799908593291,0,3.5391169481872007,0.0020155614826587462,0.0020155614826587462,0,3.9591197053184923,9.518163996564953,-5.559044291,TRUE,FALSE,21,66.9119885,225,3.9591197053184923,0,3.310084534780897,3.2223912605666793,3.653951763928989,3.750384586561544,4.158564115001819,4.2089705854347494,3.574364753631469,3.4268278959015035,4.070140781454009,4.304484512041015,4.905620308222063,5.240298125354995
226,743.7149446,3.056082999999944,0.008,0.001615982157241574,0.001615982157241574,0,3.656335189043769,0.0021241330057755322,0.0021241330057755322,0,4.116752493859767,9.518163996564953,-5.401411503,TRUE,FALSE,21,66.9119885,225,3.9591197053184923,1,3.440091065970556,3.3455524051111576,3.8060991105948996,3.7954641158320976,4.290773721161411,4.2636437188847,3.6259666681535165,3.609853264941268,4.483163000085331,4.503817351772763,4.909226637516573,5.130886272951531
227,746.7730561,3.0319649999999,0.008,0.001644786895355493,0.001644786895355493,0,3.7267747510289753,0.002186894770406555,0.002186894770406555,0,4.16501374321158,9.518163996564953,-5.353150253,TRUE,FALSE,21,66.9119885,225,3.9591197053184923,2,3.595410173487622,3.429871088860285,3.9044281075008618,3.7829793335917024,4.197271232933227,4.227940375779428,4.002141817299578,3.5844260751692487,4.2052617290721335,4.394141881582684,5.044256340629414,5.3588557115190785
228,749.8282272999999,3.0283145000000786,0.008,0.0015890226331046098,0.0015890226331046098,0,3.609251940219673,0.0020695925309122654,0.0020695925309122654,0,4.017841900200283,9.518163996564953,-5.500322096,TRUE,FALSE,21,66.9119885,225,3.9591197053184923,3,3.380333675958855,3.258933155804262,3.7529321307635257,3.8262950106777063,4.229433105834414,4.307704551630782,3.5874021055722674,3.453681493275728,4.214035353581712,4.462043136650768,4.930808993441419,5.239780419206929
229,752.9126031,3.05758579999997,0.008,0.001599096311915347,0.001599096311915347,0,3.6157387971346573,0.002177191132313305,0.002177191132313305,0,4.146016943334574,9.518163996564953,-5.372147053,TRUE,FALSE,21,66.9119885,225,3.9591197053184923,4,3.364564769932237,3.2993787866843114,3.71252931229105,3.86718588954909,4.2147977643096715,4.365548357298704,3.7682767262964956,3.649465461351511,4.290348812331169,4.456273535710098,5.035240234046739,5.351058892791208
230,755.9996149999998,3.0573210000000017,0.008,0.0018353033808389068,0.0018353033808389068,0,3.9371151434198213,0.0021437508121275933,0.0021437508121275933,0,4.1126467626724335,9.518163996564953,-5.405517234,TRUE,FALSE,21,66.9119885,225,3.9591197053184923,5,3.7549452911647956,3.6595894082493157,4.131135164663178,3.9586073880048422,4.455604897033655,4.491720863977918,3.651599589886825,3.681348189008868,4.245412321394746,4.537303348123651,4.917751196562191,5.319857922511216
231,759.0496419,3.0243203999998514,0.008,0.0015498904201507876,0.0015498904201507876,0,3.554000437390028,0.002089882841951322,0.002089882841951322,0,4.050480957876154,9.518163996564953,-5.467683039,TRUE,FALSE,21,66.9119885,225,3.9591197053184923,6,3.269885788891686,3.1950208921581034,3.7367740342749896,3.8046999293630237,4.1995674899842825,4.273343717873762,3.6772347959807266,3.4819042857317206,4.220388289909041,4.521800691671459,4.806346955342226,5.313728461884805
232,762.1323670999999,3.053691399999934,0.008,0.0015769024521658326,0.0015769024521658326,0,3.604623154581433,0.0021490105941625944,0.0021490105941625944,0,4.10658198395215,9.518163996564953,-5.411582013,TRUE,FALSE,21,66.9119885,225,3.9591197053184923,7,3.365041024848147,3.2954868670977993,3.746546690270785,3.7992379053375123,4.205802749134463,4.257971386938514,3.7119129895927925,3.7039888937829626,4.080515505755027,4.495911398524602,4.867943355309374,5.483369236608212
233,765.2153281,3.0537208999999166,0.008,0.0017803624274029836,0.0017803624274029836,0,3.901969543205302,0.0024238477830187343,0.0024238477830187343,0,4.512277541990005,9.518163996564953,-5.005886455,TRUE,FALSE,21,66.9119885,225,3.9591197053184923,8,3.763788680692013,3.6644013260720385,4.096075264431413,3.8564841311435276,4.28139259452442,4.402926986430397,4.492319178453768,4.300525733693691,4.3620752697324825,4.368363974421861,5.062123259007126,5.3517843535146294
234,768.2547183,3.01146360000007,0.008,0.0015456221946876987,0.0015456221946876987,0,3.5554044699369536,0.0019705712330655885,0.0019705712330655885,0,3.8874350881993656,9.518163996564953,-5.630728908,TRUE,FALSE,21,66.9119885,234,3.8874350881993656,0,3.27762137720128,3.2546581459608612,3.6844332622275786,3.7668947078505757,4.177563399482845,4.279477759646723,3.474514482505806,3.320902306217013,3.9735238530341923,4.253436691921612,4.980379362383089,5.212459649370909
235,771.3218427999999,3.025206600000047,0.008,0.0015201919476864538,0.0015201919476864538,0,3.5218604856192077,0.001997226495618904,0.001997226495618904,0,3.934107224407277,9.518163996564953,-5.584056772,TRUE,FALSE,21,66.9119885,234,3.8874350881993656,1,3.2762405440132647,3.1886992341986997,3.643552984467003,3.7314923803220794,4.141304646184285,4.272879704851573,3.471676778913118,3.412993130555935,4.086147071793646,4.31261237234479,4.88789903767734,5.242092582282117
236,774.3941062,3.046514699999989,0.008,0.001630069005001662,0.001630069005001662,0,3.6720662692017605,0.002936519849659176,0.002936519849659176,0,5.173433919649213,9.518163996564953,-4.344730077,TRUE,FALSE,21,66.9119885,234,3.8874350881993656,2,3.4383381101763604,3.3618935449951306,3.8299846891525164,3.837631711900455,4.335306015392292,4.249228357743698,5.300137934212623,4.908460919870347,5.710922817854028,4.395287132582906,5.014480237218688,5.291902877231982
237,777.4374024999998,3.01574729999993,0.008,0.001716387708779831,0.001716387708779831,0,3.7894266837792885,0.0020948393073813407,0.0020948393073813407,0,4.037008215533177,9.518163996564953,-5.481155781,TRUE,FALSE,21,66.9119885,234,3.8874350881993656,3,3.5457241457186104,3.5144646367137753,3.9967156999828832,3.8464999973617178,4.3658149278473575,4.383442753802766,3.480472421818876,3.670464745050083,4.087321705607138,4.489229433831491,5.079771186157651,5.217157301881428
238,780.6714472,3.2092953999999736,0.008,0.0015006209439422551,0.0015006209439422551,0,3.498408500561208,0.0019490663874267638,0.0019490663874267638,0,3.883368929587387,9.518163996564953,-5.634795067,TRUE,FALSE,21,66.9119885,238,3.883368929587387,0,3.2446439324739664,3.138724280486577,3.6606216550472794,3.7456337679558067,4.172424159099551,4.156311852563825,3.431873246700048,3.3723910416039686,4.0039436964369814,4.3189180188281275,4.822303778152613,5.1513154519506035
239,783.9978843999999,3.2851605000000745,0.008,0.0014528507656521267,0.0014528507656521267,0,3.45674071489945,0.0019790173107877653,0.0019790173107877653,0,3.925263549198916,9.518163996564953,-5.592900447,TRUE,FALSE,21,66.9119885,238,3.883368929587387,1,3.20253484764761,3.1542977037387123,3.6099468511711836,3.699252549188982,4.042971517659064,4.053862504544721,3.4296474520114333,3.3610757776196163,4.2090386856756234,4.3069860258400645,4.827651948149823,5.180004773225496
240,787.2799199,3.255091900000025,0.008,0.0015619583394599964,0.0015619583394599964,0,3.6261397776865296,0.002161986487142439,0.002161986487142439,0,4.132374013631575,9.518163996564953,-5.385789983,TRUE,FALSE,21,66.9119885,238,3.883368929587387,2,3.4346631127320517,3.3789628084414707,3.7981432619590314,3.676419723675447,4.128500316480981,4.138014070882083,3.6333917689277064,3.8093235915414794,4.1962298527208866,4.418221267470349,5.048354359349896,5.332125244539658
241,790.6901947,3.384550499999932,0.008,0.0014935947305246386,0.0014935947305246386,0,3.4949180126630854,0.002109332953066531,0.002109332953066531,0,4.109349998029247,9.518163996564953,-5.408813999,TRUE,FALSE,21,66.9119885,238,3.883368929587387,3,3.2469106682452753,3.1642572654213184,3.635820814272439,3.711898015068699,4.148537597528536,4.156519378561963,3.8838253293967826,3.5920193271481278,4.25671210994371,4.205892955582134,4.934965429931195,5.252574649476436
242,793.8572057999999,3.1384519000000637,0.008,0.0015571137062527698,0.0015571137062527698,0,3.593012788322695,0.0021470910131349353,0.0021470910131349353,0,4.163988094399597,9.518163996564953,-5.354175902,TRUE,FALSE,21,66.9119885,238,3.883368929587387,4,3.3550990925368356,3.277539121317662,3.7943484337760887,3.736247892250449,4.18809244118832,4.183010818603082,3.7783000082455067,3.812817837522011,4.355342469531084,4.21168396853671,4.869968982600025,5.326136401939889
243,796.7526594,2.8662434000000303,0.008,0.0014470255293146247,0.0014470255293146247,0,3.41392578660406,0.00197385743177419,0.00197385743177419,0,3.9124882943971393,9.518163996564953,-5.605675702,TRUE,FALSE,21,66.9119885,238,3.883368929587387,5,3.1224133460180954,3.0537676827278393,3.5471718303352864,3.670720310272277,4.0813596915052095,4.235133258299642,3.533829690428894,3.3647283147297182,4.02079945530336,4.259554787015906,4.8872242972795705,5.191972024270058
244,799.8837182999999,3.104252600000109,0.008,0.0016049571834906803,0.0016049571834906803,0,3.6638737587123127,0.002094880578631996,0.002094880578631996,0,4.080346889238823,9.518163996564953,-5.437817107,TRUE,FALSE,21,66.9119885,238,3.883368929587387,6,3.4652276735383873,3.387219379785785,3.8295071814464396,3.7352838915262145,4.1637620461152425,4.2856217994535815,3.7079439456499568,3.6154916551650325,4.241471068357909,4.3938036439296635,4.80825062740697,5.284961584304424
245,803.1509791999998,3.238498500000105,0.008,0.0015034408818662556,0.0015034408818662556,0,3.528337887915995,0.002081111919347978,0.002081111919347978,0,4.123750632358999,9.518163996564953,-5.394413364,TRUE,FALSE,21,66.9119885,238,3.883368929587387,7,3.3267993695008053,3.220769292266272,3.6745767125824003,3.6726795908119447,4.073406429259604,4.166813065072786,3.912279447645778,3.724261135843205,4.259253216149878,4.2320384226796435,4.653278242542695,5.17919522711663
246,806.8831835,3.701061299999992,0.008,0.0014836035080282334,0.0014836035080282334,0,3.506374913655682,0.0020118424590963493,0.0020118424590963493,0,3.9911724077641564,9.518163996564953,-5.526991589,TRUE,FALSE,21,66.9119885,238,3.883368929587387,8,3.2887407930082095,3.204170309484753,3.681762425931508,3.612312665636641,4.093855065843363,4.107488540935581,3.651454496942951,3.4194186431462303,4.238303827501779,4.292184306231577,4.7508641116462735,5.186751061506489
247,810.6305365,3.711240000000089,0.008,0.0015439742257690675,0.0015439742257690675,0,3.5913575069286434,0.0018584769279820419,0.0018584769279820419,0,3.8117527320722147,9.518163996564953,-5.706411264,TRUE,FALSE,21,66.9119885,247,3.8117527320722147,0,3.357035024556127,3.3545501051338444,3.7471053438359236,3.6610992146139476,4.121207792430438,4.186711967920135,3.4165788967013206,3.3098553137007825,3.964583195492229,4.182298108706378,4.654991829357661,5.000404450879452
248,814.1534524,3.4715365999998085,0.008,0.0013810604547632814,0.0013810604547632814,0,3.3529673152391166,0.0018868469605191533,0.0018868469605191533,0,3.855972585184579,9.518163996564953,-5.662191411,TRUE,FALSE,21,66.9119885,247,3.8117527320722147,1,3.091324074101205,3.0206169915370906,3.5022818959840043,3.5912507438230987,4.009032465650499,4.001869046272666,3.5085506049338315,3.381209216845374,3.985954785627728,4.152495450379874,4.728615515566351,4.960582256845026
249,817.7280761999999,3.541622499999903,0.008,0.0014013958554439873,0.0014013958554439873,0,3.3941808810178142,0.002138161463396203,0.002138161463396203,0,4.251348723052665,9.518163996564953,-5.266815274,TRUE,FALSE,21,66.9119885,247,3.8117527320722147,2,3.15376586406902,3.095197231849887,3.544473975502507,3.5635585235914133,4.005983447548063,4.007814467635181,4.132809474760569,4.053407555733858,4.292983993291428,4.119397513618023,4.607173354639495,5.061619326171306
250,821.3559388999998,3.5946369999999206,0.008,0.001510619713955561,0.001510619713955561,0,3.5947899348420234,0.0020340699517754795,0.0020340699517754795,0,4.04468295814374,9.518163996564953,-5.473481038,TRUE,FALSE,21,66.9119885,247,3.8117527320722147,3,3.4686537073438446,3.3721193786858983,3.7845683247590647,3.540570515367443,3.953285602889379,4.043153425388041,3.9008580210997486,3.5602107625194925,4.087286106316461,4.19287059121067,4.759529339253036,5.14809831487233
251,824.9686234,3.578644200000099,0.008,0.0014340632261745502,0.0014340632261745502,0,3.451529026196462,0.001904626848006435,0.001904626848006435,0,3.841748455312842,9.518163996564953,-5.676415541,TRUE,FALSE,21,66.9119885,247,3.8117527320722147,4,3.253050738361845,3.1565048261856647,3.616830788513301,3.5644400385825135,3.975463165648381,4.050412265989669,3.401297476638143,3.416983566127153,3.8637869459050997,4.228635306116769,4.836079178603059,5.059496546795664
252,828.5606686999998,3.5579689999999573,0.008,0.0015125756520370031,0.0015125756520370031,0,3.590634765817078,0.00196816183296597,0.00196816183296597,0,3.930843037611066,9.518163996564953,-5.587320959,TRUE,FALSE,21,66.9119885,247,3.8117527320722147,5,3.4754931458857685,3.3538259688802095,3.754217912005907,3.571171214746672,4.0235586928108535,4.004136356258932,3.5287473829944753,3.455742568636147,4.08612530761618,4.175900547368204,4.86907909361042,5.120507679062892
253,832.2120858,3.616739999999936,0.008,0.0014146988387836205,0.0014146988387836205,0,3.371555619352655,0.0020787934403553006,0.0020787934403553006,0,4.032721884625849,9.518163996564953,-5.485442112,TRUE,FALSE,21,66.9119885,247,3.8117527320722147,6,3.0743383490221703,3.0190481410614964,3.4967059372116402,3.598036924370623,4.087224703505489,4.190431322096799,3.69118264968136,3.5654686417463637,4.024850955807578,4.3773318821158345,4.722427190290808,5.516033229257636
254,835.8287618999999,3.5808317999999417,0.008,0.001489981706173399,0.001489981706173399,0,3.4848932014476643,0.0019806256275397087,0.0019806256275397087,0,3.958025470534978,9.518163996564953,-5.560138526,TRUE,FALSE,21,66.9119885,247,3.8117527320722147,7,3.1858158110940358,3.1679317275034493,3.636886003035713,3.7391529593847297,4.135739661303908,4.180188831795506,3.5540657496232324,3.4376145905467186,4.205044246451304,4.298700453284457,4.669222638572899,5.175857089325768
255,839.4386128999998,3.5733388000001014,0.008,0.0014905200131164762,0.0014905200131164762,0,3.501921442746763,0.0020927394970675544,0.0020927394970675544,0,4.1256739091752825,9.518163996564953,-5.392490087,TRUE,FALSE,21,66.9119885,247,3.8117527320722147,8,3.255493966558324,3.167919802605724,3.691455306797785,3.6640249653537458,4.102637586737855,4.169496728024204,3.7820698441793783,3.6930564441798026,4.426271669845665,4.227407309820429,4.790165674167403,5.138700931251765
256,843.0244971999999,3.5491750000001048,0.008,0.001417407995658166,0.001417407995658166,0,3.4026085863611173,0.0019221213457804272,0.0019221213457804272,0,3.893250001714633,9.518163996564953,-5.624913995,TRUE,FALSE,21,66.9119885,247,3.8117527320722147,9,3.1847584154187816,3.0503182119478924,3.5526343515347003,3.5543814841940637,4.029016831977964,4.119299365615234,3.3961123095441548,3.3408037058222173,4.294792755452406,4.167322634930328,4.6922152771299155,5.060528563289784
257,846.3307779,3.2726352000001953,0.008,0.001615022060456157,0.001615022060456157,0,3.758713099656399,0.002043574953506311,0.002043574953506311,0,4.074965170047224,9.518163996564953,-5.443198827,TRUE,FALSE,21,66.9119885,247,3.8117527320722147,10,3.6311784614224254,3.6445137743727067,3.96071774571703,3.579195770143139,3.9917472362746884,4.0795177506851275,3.8089287781648564,3.6361465638960144,4.2951076475973915,4.156140944517869,4.608275876180564,5.219861681417367
258,849.3957196,3.035724099999925,0.008,0.001431189104343532,0.001431189104343532,0,3.4150754870032336,0.0019585852652612614,0.0019585852652612614,0,3.930152951241546,9.518163996564953,-5.588011045,TRUE,FALSE,21,66.9119885,247,3.8117527320722147,11,3.163168358391572,3.0778206814802362,3.5650725859885943,3.5823755185032122,4.071479782915002,4.136885338240013,3.596199157156615,3.4501394316712064,4.021920481339618,4.3021330925568995,4.579952486892376,5.219758618977943
259,852.4048793999999,2.979954399999997,0.008,0.0014074470124790669,0.0014074470124790669,0,3.3932288839258624,0.002362997633275999,0.002362997633275999,0,4.4929122755640565,9.518163996564953,-5.025251721,TRUE,FALSE,21,66.9119885,247,3.8117527320722147,12,3.136977302473513,3.0737715804399537,3.5461663611468346,3.607424394687199,3.9840618495370177,4.074651069115727,4.344133670493455,4.397743129552579,4.508932847792101,4.251276550874096,4.839779597886641,5.246141314750519
260,855.6058288,3.172655900000109,0.008,0.0014970908068402439,0.0014970908068402439,0,3.53688942973672,0.002122754272667786,0.002122754272667786,0,4.1750492978597356,9.518163996564953,-5.343114699,TRUE,FALSE,21,66.9119885,247,3.8117527320722147,13,3.3432115875746597,3.2674294718225703,3.688866509412494,3.6357219857757292,4.073297748331248,4.082127769682811,4.054848267262388,3.640066161621732,4.433425661098411,4.120355249068897,4.890588776829007,5.087545811469186
261,859.1816711999999,3.5409437000000707,0.008,0.001388799854661173,0.001388799854661173,0,3.389850152371924,0.0018795137844795197,0.0018795137844795197,0,3.8601772906740566,9.518163996564953,-5.657986706,TRUE,FALSE,21,66.9119885,247,3.8117527320722147,14,3.167428311701422,3.08414170753589,3.578398587773759,3.513762157118631,3.9492159647219536,3.9842947834915834,3.5014879855648773,3.3603257242467786,4.079148863867696,4.170157599282975,4.620310350323608,4.952761746461895
262,862.8205793999999,3.603839099999959,0.008,0.001445297434208209,0.001445297434208209,0,3.455565685056445,0.002044710146835427,0.002044710146835427,0,4.052023879698551,9.518163996564953,-5.466140117,TRUE,FALSE,21,66.9119885,247,3.8117527320722147,15,3.1952092162800643,3.1764037525580804,3.6273426692500466,3.613058469141012,4.06109599025812,4.036594489712882,3.6621825860847586,3.4394130537650303,4.5290252112743135,4.2490961863526655,4.71032503509807,5.160387491235192
263,866.3820827999999,3.5246038000000226,0.008,0.0013631603164321947,0.0013631603164321947,0,3.3336637568096203,0.0019285676208658617,0.0019285676208658617,0,3.9311123301353925,9.518163996564953,-5.587051666,TRUE,FALSE,21,66.9119885,247,3.8117527320722147,16,3.081005908332694,2.998803060330157,3.486119496547637,3.5705262920694034,3.936286485209576,4.010141603178176,3.5667636609721853,3.43553761913788,4.24866690229705,4.063088968066415,4.632980856394117,5.053244857866195
264,869.9742462,3.5617536999998265,0.008,0.0014080091824420359,0.0014080091824420359,0,3.3887252784851394,0.001959905729814793,0.001959905729814793,0,3.8878143616152077,9.518163996564953,-5.630349635,TRUE,FALSE,21,66.9119885,247,3.8117527320722147,17,3.1508834677854964,3.060984209707538,3.506219632631454,3.6127330683879237,3.975152574716719,4.118849210838713,3.4440275498531854,3.50101009565148,3.78306579161525,4.331278844494469,4.6869189730737855,5.383831797743781
265,873.5598228999999,3.5483034999999745,0.008,0.0014744104169754624,0.0014744104169754624,0,3.5120609684356903,0.001968690965612912,0.001968690965612912,0,3.9787643297438327,9.518163996564953,-5.539399667,TRUE,FALSE,21,66.9119885,247,3.8117527320722147,18,3.292244197103748,3.261071361477951,3.6872928399289138,3.58210057413737,3.9978286607128077,4.10140113794292,3.7504456847337364,3.4562611752046606,4.198458498322672,4.055963834520394,4.634352680685837,5.14515283586362
266,877.141199,3.541332999999895,0.008,0.0013279502928367608,0.0013279502928367608,0,3.3254771625026027,0.0018974569039493692,0.0018974569039493692,0,3.863725264510502,9.518163996564953,-5.654438732,TRUE,FALSE,21,66.9119885,247,3.8117527320722147,19,3.124516323284014,3.0375908439873034,3.5201617431915877,3.422686039476599,3.8319004614180883,3.8672962613794812,3.4240612493388696,3.5621147870511507,3.826093103722962,4.270395324717372,4.670376814480593,5.016092252904802
267,880.7347535,3.559357699999964,0.008,0.0013529183098337392,0.0013529183098337392,0,3.352818244346943,0.002006670987934059,0.002006670987934059,0,4.000337531952153,9.518163996564953,-5.517826465,TRUE,FALSE,21,66.9119885,247,3.8117527320722147,20,3.1227681132490406,3.0801429082813145,3.5370584180591726,3.482074246598487,3.9107863222531387,3.870697935326405,3.7334820866127707,3.6268543385770826,3.9754117807671547,4.166966873187965,4.708956752692702,5.249151383817826
268,884.319245,3.5503429999998843,0.008,0.001327583901214415,0.001327583901214415,0,3.3168144821493177,0.0019202874284539723,0.0019202874284539723,0,3.885118134984659,9.518163996564953,-5.633045862,TRUE,FALSE,21,66.9119885,247,3.8117527320722147,21,3.0853186857822394,3.039875210375527,3.4986159075662875,3.4378908731842155,3.8655765456652667,3.875564687842186,3.4802852103436597,3.372709265548041,4.127507645444057,4.043530913436368,4.937313374403591,4.968886057805612
269,887.8746818999999,3.521254499999941,0.0064,0.0010213633552452154,0.0010213633552452154,0,2.8674527681071083,0.001412205224770914,0.001412205224770914,0,3.315648039650138,9.518163996564953,-6.202515957,TRUE,FALSE,21,66.9119885,269,3.315648039650138,0,2.6386690878413988,2.5504231718822252,2.9793989405467456,3.120056135132954,3.473456394412644,3.4674484063546958,2.9500381706941226,2.948319715814418,3.3550610305390074,3.6360834122081043,4.035423352335683,4.431529152918999
270,891.4901804999998,3.5586318999999094,0.0064,0.0008827998760700187,0.0008827998760700187,0,2.668264015440178,0.0013835185043346043,0.0013835185043346043,0,3.2704212813340563,9.518163996564953,-6.247742715,TRUE,FALSE,21,66.9119885,270,3.2704212813340563,0,2.4586353540876864,2.3915167410214613,2.752240087720455,2.94220344860505,3.202701080463602,3.192949584295559,2.9492642697063447,2.801628132692988,3.3513855377087265,3.6120020543893885,4.00019809255187,4.420255591285474
271,895.1041472999999,3.5587141000000884,0.0064,0.0008869411381087637,0.0008869411381087637,0,2.681389148811311,0.0013819676681416362,0.0013819676681416362,0,3.2548592533161522,9.518163996564953,-6.263304743,TRUE,FALSE,21,66.9119885,271,3.2548592533161522,0,2.4878035013912956,2.4200334508483987,2.7537396284007607,2.934804357392907,3.17785347343719,3.205696929275339,2.8681467554487963,2.7782840028447895,3.363658310971507,3.62615484411894,4.065343824757542,4.416588638320815
272,898.6646029,3.5131083999999646,0.0064,0.0008895355100869498,0.0008895355100869498,0,2.6860688684577596,0.001439451797720519,0.001439451797720519,0,3.364102002668807,9.518163996564953,-6.154061994,TRUE,FALSE,21,66.9119885,271,3.2548592533161522,1,2.488022709572702,2.4215938523711853,2.768624691544686,2.9506658599611346,3.1892298097096323,3.1882620294553097,3.034019441702213,2.937265259505775,3.5116873186992823,3.612907548879162,4.033359342110707,4.448766344585751
273,902.2165530999999,3.5197928999998567,0.0064,0.0008684542334359658,0.0008684542334359658,0,2.646700294302492,0.001393290119329665,0.001393290119329665,0,3.2705437651277514,9.518163996564953,-6.247620231,TRUE,FALSE,21,66.9119885,271,3.2548592533161522,2,2.4462768258426655,2.3644106961491236,2.7281125744314028,2.9380375602797186,3.1475667493717663,3.178043292214647,2.949319932896762,2.805680888687821,3.3006397165559713,3.592640036235628,4.043434285085918,4.497045379192331
274,905.8315517999998,3.580396800000017,0.0064,0.0008994738230123884,0.0008994738230123884,0,2.691956286920177,0.0016267287285807134,0.0016267287285807134,0,3.6535712353589602,9.518163996564953,-5.864592761,TRUE,FALSE,21,66.9119885,271,3.2548592533161522,3,2.4935332431530304,2.4060459966062746,2.763423608672113,2.9602885692395797,3.2140250531997374,3.262034107599718,3.1964030526565326,3.486108800658579,3.8840193861528522,3.656205552097492,4.072150253532085,4.635219294331393
275,909.4061022,3.5440951000000496,0.0064,0.0009600262644600081,0.0009600262644600081,0,2.789111723026588,0.0014177507782043984,0.0014177507782043984,0,3.2991256674896703,9.518163996564953,-6.219038329,TRUE,FALSE,21,66.9119885,271,3.2548592533161522,4,2.5559182652815657,2.5458265603855894,2.8683791330909685,3.0033379085950473,3.31374028765394,3.3803437837953463,2.978627323755085,2.8507231480144557,3.28944789668633,3.655782703199921,4.107366557978306,4.497813609979376
276,912.9461834999998,3.506268599999885,0.0064,0.0009903065975339729,0.0009903065975339729,0,2.85702224348068,0.0015675764438614068,0.0015675764438614068,0,3.5601270277743366,9.518163996564953,-5.958036969,TRUE,FALSE,21,66.9119885,271,3.2548592533161522,5,2.6773973266717768,2.609061352449602,2.970499928668704,3.020772218110094,3.310682239035333,3.3626377978827593,3.2966141541387244,3.1816245871354663,3.74317282021223,3.6944239713402514,4.1212221623305005,4.499157104598176
277,916.0279715999999,3.045560900000055,0.0064,0.0009698777070665325,0.0009698777070665325,0,2.8036704841589306,0.001470296036809464,0.001470296036809464,0,3.3631455549280154,9.518163996564953,-6.155018442,TRUE,FALSE,21,66.9119885,271,3.2548592533161522,6,2.5984801544585654,2.5213318286898807,2.8948458465109463,3.036314328802098,3.3370954366985366,3.3756029272230217,3.0143228670192923,2.9151052719298356,3.39385359513542,3.6695900102063166,4.139961523454232,4.634935844872085
278,919.5167101999999,3.450926299999992,0.0064,0.000993713010149103,0.000993713010149103,0,2.855927926692546,0.0015801979729196769,0.0015801979729196769,0,3.5757954112161685,9.518163996564953,-5.942368585,TRUE,FALSE,21,66.9119885,271,3.2548592533161522,7,2.673799146610095,2.584138473526385,2.9767614470504564,3.0386632631736874,3.3463091325933862,3.3651514076588014,3.383492674401869,3.1977552547873023,3.669892474507086,3.7144974778239623,4.140435010209747,4.5161664876947025
279,923.0250244,3.476140500000156,0.0064,0.0012222519896658167,0.0012222519896658167,0,3.2681389413119315,0.0016646568294030495,0.0016646568294030495,0,3.6320550426896823,9.518163996564953,-5.886108954,TRUE,FALSE,21,66.9119885,271,3.2548592533161522,8,3.183001052136432,3.10695881480171,3.491063597879751,3.1497782708408173,3.4758159461540856,3.5041773150470497,3.3562702103204374,3.256496605240867,3.6252464123911414,3.9430729580401156,4.30699462929432,4.720941660247218
280,926.549617,3.4878025999998954,0.0064,0.0010683954697991171,0.0010683954697991171,0,2.9609922797513466,0.0015107817731795892,0.0015107817731795892,0,3.4014611242173345,9.518163996564953,-6.116702872,TRUE,FALSE,21,66.9119885,271,3.2548592533161522,9,2.776189020458204,2.677814104685907,3.076304675617163,3.1612084519580836,3.4810010948649732,3.4810919943106216,3.0603243491416925,2.9126507161194195,3.4225903621843363,3.7539874063133363,4.2188898727759545,4.696966921805219
281,930.0694637999999,3.4887043000001086,0.0064,0.0010442920667269246,0.0010442920667269246,0,2.8946504877971053,0.001516900229933071,0.001516900229933071,0,3.3990012869628528,9.518163996564953,-6.11916271,TRUE,FALSE,21,66.9119885,271,3.2548592533161522,10,2.6573502024032023,2.6016667382677507,2.956046595984541,3.1462019306644757,3.4778211423607326,3.589847043398097,3.0004828339902114,2.898024613907726,3.44834395426364,3.839396301654865,4.231129511003038,4.695322319308664
282,933.6010832999999,3.4983598999999685,0.0064,0.001057760284357341,0.001057760284357341,0,2.927385103259549,0.0016047295575221552,0.0016047295575221552,0,3.579527034435274,9.518163996564953,-5.938636962,TRUE,FALSE,21,66.9119885,271,3.2548592533161522,11,2.6987173318717126,2.6404711297117767,3.034045475530053,3.1133377495987182,3.5017124298520197,3.5654521686286933,3.236295038599494,3.244993301260478,3.7030797742021746,3.7161342442058305,4.275068442903417,4.611810236587999
283,937.1330499,3.4943238000000747,0.0064,0.001062985554663348,0.001062985554663348,0,2.955999535603963,0.0015255082468331258,0.0015255082468331258,0,3.420670680635337,9.518163996564953,-6.097493316,TRUE,FALSE,21,66.9119885,271,3.2548592533161522,12,2.7248251036183104,2.7131053596913293,3.091473645856482,3.120433641165641,3.473403258284728,3.4829425172138966,3.0457314950012053,2.964838717932112,3.4589720947941367,3.707682187372973,4.183831771524041,4.7955939511004
284,940.6724826999999,3.508192200000167,0.0064,0.0010162680564430352,0.0010162680564430352,0,2.8690629278040403,0.0015307622358718758,0.0015307622358718758,0,3.447725385711659,9.518163996564953,-6.070438611,TRUE,FALSE,21,66.9119885,271,3.2548592533161522,13,2.6377995178795537,2.586398310689311,2.978179917788668,3.0879080160628103,3.450678459965088,3.446211447114475,3.0866828503594657,3.053281105371404,3.4505221919230173,3.8308772681629932,4.1495906069476,4.660267432477568
285,944.2064905999999,3.496253700000125,0.0064,0.0010290436185628866,0.0010290436185628866,0,2.9097224756175732,0.0015025002387133077,0.0015025002387133077,0,3.435153398129003,9.518163996564953,-6.083010598,TRUE,FALSE,21,66.9119885,271,3.2548592533161522,14,2.7255185971027207,2.6621235550082183,3.0030768068955154,3.09439317962571,3.410975553748205,3.406532405494578,3.1882093497361366,3.003780725170981,3.4701934514101804,3.667016567617529,4.121922446976437,4.571977178170067
286,947.7140647,3.4728282000000945,0.0064,0.0010111136472245388,0.0010111136472245388,0,2.8652288877600083,0.0015395347590905495,0.0015395347590905495,0,3.4407423641598003,9.518163996564953,-6.077421632,TRUE,FALSE,21,66.9119885,271,3.2548592533161522,15,2.6442945226330776,2.6027568138276815,2.9509262343111566,3.073745428168509,3.418051531808434,3.4486762520679624,3.026901712198704,2.971023051681331,3.543154572983616,3.7754870477924953,4.279445302330844,4.698475640225799
287,951.2781007999998,3.5300825000001623,0.0064,0.0010983903608319835,0.0010983903608319835,0,3.033449556029538,0.0016334372029257948,0.0016334372029257948,0,3.604565729676218,9.518163996564953,-5.913598267,TRUE,FALSE,21,66.9119885,271,3.2548592533161522,16,2.8619171166448316,2.8268307046303645,3.1660832046514287,3.092214416046689,3.451064218982097,3.5060212316084276,3.2936941837492113,3.13635460531133,3.824336064341239,3.7835042523402778,4.230736546791839,4.727009940808049
288,954.8728341,3.561741500000153,0.0064,0.001088525705453723,0.001088525705453723,0,3.023382541987917,0.001718089413740998,0.001718089413740998,0,3.7572996024963494,9.518163996564953,-5.760864394,TRUE,FALSE,21,66.9119885,271,3.2548592533161522,17,2.8697415244550557,2.800810289411004,3.1680515130693263,3.0975698493475377,3.4136554480413204,3.471398843828603,3.612762447460666,3.3711121674428495,3.9201609200017735,3.7046337708781136,4.3370071318150885,4.63374084728551
289,958.4722421,3.561186599999928,0.0064,0.001023278366823919,0.001023278366823919,0,2.906941682710742,0.001589916699890516,0.001589916699890516,0,3.5194954622542394,9.518163996564953,-5.998668534,TRUE,FALSE,21,66.9119885,271,3.2548592533161522,18,2.7264534919514123,2.6630047292304027,3.011966860334945,3.0921766404801483,3.364581071681895,3.3954250129214034,3.1395166456447874,3.1155077472772286,3.5800684324036562,3.841736755541429,4.370724973976034,4.623414434306302
290,962.0293618,3.5197720999999547,0.0064,0.001081987293409318,0.001081987293409318,0,2.9827731101269195,0.001521275037908481,0.001521275037908481,0,3.435384456807447,9.518163996564953,-6.08277954,TRUE,FALSE,21,66.9119885,271,3.2548592533161522,19,2.7598917546624016,2.7406555005510875,3.095023608180527,3.1891136479898643,3.4609633829074697,3.528736103427505,3.134365987682455,2.934504241441994,3.5128985125662058,3.7815599776592004,4.142509805471682,4.657724959176522
291,965.6109189,3.545147199999974,0.0064,0.0010154875194556025,0.0010154875194556025,0,2.8678839498253117,0.0014898423879994786,0.0014898423879994786,0,3.41000826433949,9.518163996564953,-6.108155732,TRUE,FALSE,21,66.9119885,271,3.2548592533161522,20,2.656605297469893,2.572020590782878,2.969726438702559,3.0799925247466557,3.415348817577711,3.4866461647910936,3.1167097673119746,2.9760445229753674,3.459608427849236,3.6436792188941,4.120425842384132,4.613312477670567
292,969.226411,3.582249900000079,0.0064,0.0011103866972377299,0.0011103866972377299,0,3.0294857554710544,0.0015294437967123579,0.0015294437967123579,0,3.4238980894933753,9.518163996564953,-6.094265907,TRUE,FALSE,21,66.9119885,271,3.2548592533161522,21,2.8376603155189306,2.773114814992963,3.1625840059796344,3.1464453486573896,3.5155820248055525,3.5811227048197565,2.9963197671224964,3.0071153551938847,3.453392499244291,3.7674038628468645,4.289362756570481,4.692213796240666
293,972.7987772999999,3.5336099000001013,0.00512,0.0008342137971975166,0.0008342137971975166,0,2.5764265151306596,0.0012797387802676852,0.0012797387802676852,0,3.148894456985999,9.518163996564953,-6.36926954,TRUE,FALSE,21,66.9119885,293,3.148894456985999,0,2.3414723724538846,2.2754152147580005,2.661710642155725,2.8739400174758614,3.154188683179067,3.1599407300449647,2.811739422774791,2.783806397908198,3.16894739475097,3.430447223102042,3.789025049799645,4.324317959654157
294,976.3750414999998,3.5299938999999085,0.00512,0.0007319608716211355,0.0007319608716211355,0,2.421748101817382,0.0012153831413599632,0.0012153831413599632,0,3.0570814986009043,9.518163996564953,-6.461082498,TRUE,FALSE,21,66.9119885,294,3.0570814986009043,0,2.227635151877158,2.1619215530308327,2.4806278739135,2.6959258136771758,2.9055095784778944,2.944309916039026,2.7451893067830477,2.6295402044617946,3.0952555820310264,3.3805227445380663,3.7230306095482857,4.218951410721225
295,979.6370716,3.2094469999999546,0.00512,0.0007192239743653427,0.0007192239743653427,0,2.4067854397286292,0.0012071564464373632,0.0012071564464373632,0,3.036248128989488,9.518163996564953,-6.481915868,TRUE,FALSE,21,66.9119885,295,3.036248128989488,0,2.209774067148508,2.1664408725198667,2.472068938286859,2.6817723247515346,2.8696353177432896,2.8836132849335065,2.701450347261484,2.614291257918008,3.0561333229227126,3.350747690413787,3.768525155618837,4.223452912012273
296,982.6937953999999,3.009230900000148,0.00512,0.000737851853233306,0.000737851853233306,0,2.451308607608459,0.0012728548415451893,0.0012728548415451893,0,3.1598940094297867,9.518163996564953,-6.358269987,TRUE,FALSE,21,66.9119885,295,3.036248128989488,1,2.2727052893500175,2.218896186941535,2.537245427827654,2.6861872141629424,2.881073906781304,2.8883529587402674,2.8375660721774616,2.786091553786201,3.2627818990607746,3.388840320780134,3.766118212352021,4.237964968845045
297,985.7666218999999,3.0423895999999786,0.00512,0.0007608112880645532,0.0007608112880645532,0,2.482139535298334,0.0012650330899885835,0.0012650330899885835,0,3.1318932453920088,9.518163996564953,-6.386270751,TRUE,FALSE,21,66.9119885,295,3.036248128989488,2,2.2895614072650594,2.248052693951691,2.54946490222162,2.732579481242209,2.943224721882498,2.95993667849261,2.7760389509172367,2.7841014107431534,3.161966299671308,3.3976599543603747,3.7948851381749873,4.28134001849103
298,988.8026349999999,3.0076338999999734,0.00512,0.000763941195920527,0.000763941195920527,0,2.492098274038175,0.0012073768850274363,0.0012073768850274363,0,3.032029566078277,9.518163996564953,-6.48613443,TRUE,FALSE,21,66.9119885,298,3.032029566078277,0,2.3071461852145907,2.2438578422342546,2.5909547249102083,2.7200762051011194,2.9313125642225457,2.9658406088118405,2.6781190503691885,2.5998956733156047,3.0665238994574633,3.363493465073271,3.7788963545533023,4.228344997647218
299,991.8919623999999,3.0459754999999404,0.00512,0.0007688953443059503,0.0007688953443059503,0,2.502100105405203,0.0012721545507916909,0.0012721545507916909,0,3.1396762992996403,9.518163996564953,-6.378487697,TRUE,FALSE,21,66.9119885,298,3.032029566078277,1,2.3306737160452897,2.2564215999015422,2.588933825831945,2.719508134028404,2.9471712221690263,2.966027542231048,2.8082918752123662,2.6879695895593962,3.2819397776073886,3.3576103079151105,3.829422670124516,4.293199642155543
300,994.9436027999999,3.0225910999999996,0.00512,0.0007960132147010933,0.0007960132147010933,0,2.5498917264397747,0.0012664947595952603,0.0012664947595952603,0,3.11439760259501,9.518163996564953,-6.403766394,TRUE,FALSE,21,66.9119885,298,3.032029566078277,2,2.384515315050457,2.2787373784777776,2.677218289675719,2.730285290299083,2.9884883313471913,3.0298665940054526,2.7611472386463536,2.7081406972576385,3.1353458479441083,3.405524530137758,3.8638657911245824,4.321774141136089
301,997.9700142,2.9979565999999522,0.00512,0.0007823502129584222,0.0007823502129584222,0,2.527458546703858,0.0013000636215043744,0.0013000636215043744,0,3.173085287737429,9.518163996564953,-6.345078709,TRUE,FALSE,21,66.9119885,298,3.032029566078277,3,2.3691128124783476,2.2803958215999858,2.6112815405802543,2.7302787681115865,2.9746844115148403,2.9822112926904203,2.8681266534835865,2.806960380251771,3.158153098664127,3.3944652776268214,3.890400074512209,4.342903518681391
302,1001.016164,3.0157925999999406,0.00512,0.0007948080167675734,0.0007948080167675734,0,2.5445112608579494,0.001250118968812488,0.001250118968812488,0,3.0880076954615023,9.518163996564953,-6.430156301,TRUE,FALSE,21,66.9119885,298,3.032029566078277,4,2.3662773878507912,2.3099507578250917,2.619564903323629,2.755090809596005,3.0158883564577517,3.00714095859803,2.686587017163202,2.6898985484922537,3.123342383353484,3.450110022582173,3.793891005390838,4.3165923381805
303,1004.0574304999999,3.012536500000124,0.00512,0.0007937152712952857,0.0007937152712952857,0,2.5353364679006276,0.001274613763887234,0.001274613763887234,0,3.1353453544641017,9.518163996564953,-6.382818642,TRUE,FALSE,21,66.9119885,298,3.032029566078277,5,2.3423713497869567,2.267974915969769,2.6384728728218847,2.770800613952363,2.997704678957048,3.049384844872079,2.793797514130726,2.7499502925529935,3.1546404616525114,3.4381299694388066,3.8363325482968182,4.298582176123871
304,1007.1088630999999,3.020094500000141,0.00512,0.0008082870031532418,0.0008082870031532418,0,2.573554328763257,0.0012965856444544204,0.0012965856444544204,0,3.1626292919075656,9.518163996564953,-6.355534705,TRUE,FALSE,21,66.9119885,298,3.032029566078277,6,2.3887725485041784,2.346816182306977,2.6716063310683724,2.7748647317231296,2.9878653357508194,3.044988054218057,2.8183703799481683,2.7458048177306966,3.220967572941484,3.4665060461874995,3.8739906619347835,4.326205777213045
305,1010.1640652999998,3.0254659000001993,0.00512,0.0008719429099837776,0.0008719429099837776,0,2.7006058334439302,0.0014655378445253085,0.0014655378445253085,0,3.454273580630575,9.518163996564953,-6.063890416,TRUE,FALSE,21,66.9119885,298,3.032029566078277,7,2.546945992993114,2.5185248292366045,2.8069676286295744,2.7969313967250544,3.0710623087371784,3.095825452699096,3.1573869426020815,3.194919978721713,3.5871594784345775,3.5342576687641167,3.9018379587366736,4.403571277312156
306,1013.178927,2.9852387000000817,0.00512,0.0009250754959154463,0.0009250754959154463,0,2.796928936910385,0.0014425406282465405,0.0014425406282465405,0,3.3852424670104444,9.518163996564953,-6.13292153,TRUE,FALSE,21,66.9119885,298,3.032029566078277,8,2.6630569213113358,2.6292476876807753,2.9143411081157162,2.8364491167735273,3.1747067643103066,3.12110468239713,2.9937890617024587,3.110110385768366,3.487119606605614,3.5248225733722176,4.138230251111443,4.34695184558841
307,1016.2168358999999,3.0094662999999855,0.00512,0.0008741134651865575,0.0008741134651865575,0,2.663886324363818,0.0013758634691770147,0.0013758634691770147,0,3.2590014924524624,9.518163996564953,-6.259162504,TRUE,FALSE,21,66.9119885,298,3.032029566078277,9,2.463054175794677,2.4025719281626396,2.7608317829470725,2.8688669606927726,3.1771262258141197,3.191972824927062,2.883679000006344,2.820716713768119,3.3559147810379533,3.5823846449008787,4.001464747362181,4.434034234818367
308,1019.2840135999999,3.038139400000091,0.00512,0.0008461154064177543,0.0008461154064177543,0,2.6191493618154467,0.001323601353267564,0.001323601353267564,0,3.2005409816328503,9.518163996564953,-6.317623015,TRUE,FALSE,21,66.9119885,298,3.032029566078277,10,2.4298972734911066,2.359819809428732,2.697362106397772,2.8407563844197448,3.105389389711882,3.1563712643448816,2.8456247174747897,2.755687467086824,3.3298178772560085,3.44761577101814,3.912428970167815,4.377049286217898
309,1022.358344,3.046164699999963,0.00512,0.0008921355788705617,0.0008921355788705617,0,2.722095459524991,0.0013275855372279683,0.0013275855372279683,0,3.190628436320132,9.518163996564953,-6.32753556,TRUE,FALSE,21,66.9119885,298,3.032029566078277,11,2.5737591708197045,2.488738504353918,2.8480252826371317,2.8272271478337876,3.1450883869599586,3.154512626191358,2.814994130024788,2.7727027040217496,3.2279777668332397,3.5285195750144522,3.910844551930584,4.431866478433038
310,1025.4569526999999,3.068180600000005,0.00512,0.0008663158275155152,0.0008663158275155152,0,2.6595484029193135,0.0013805697584309974,0.0013805697584309974,0,3.3114156270236803,9.518163996564953,-6.20674837,TRUE,FALSE,21,66.9119885,298,3.032029566078277,12,2.4638679570919737,2.41107191930792,2.7588225277686806,2.8903251336471216,3.1119318322721594,3.156874137664102,3.0073060433032377,3.003631357484071,3.359428936133528,3.4981210988856697,3.8727671432501576,4.379041004032142
311,1028.575805,3.0887072000000444,0.00512,0.0008478663503080018,0.0008478663503080018,0,2.6379150054239915,0.0013294418847157844,0.0013294418847157844,0,3.2144989776685255,9.518163996564953,-6.303665019,TRUE,FALSE,21,66.9119885,298,3.032029566078277,13,2.4525316895786826,2.406903346696496,2.739652099312856,2.8376402650329715,3.0801481954737318,3.0932737993955226,2.8133337642772815,2.8487338931422714,3.312127090884475,3.5049847033083816,3.89986972848696,4.341475343000288
312,1031.865471,3.2573787000001175,0.00512,0.0009021546736204489,0.0009021546736204489,0,2.7554594739605953,0.0012987636909986594,0.0012987636909986594,0,3.1879858186845778,9.518163996564953,-6.330178178,TRUE,FALSE,21,66.9119885,298,3.032029566078277,14,2.616508641399704,2.5659313452167756,2.8828685607881708,2.827002490565558,3.130483896829319,3.1047809636046817,2.9082562123803375,2.7851399635265985,3.2543291478718066,3.4213509441269006,3.7932771325474417,4.3133180781915
313,1035.395695,3.49182780000001,0.00512,0.0008404533828246548,0.0008404533828246548,0,2.6106282850341698,0.001310995842675017,0.001310995842675017,0,3.1873822799278035,9.518163996564953,-6.330781717,TRUE,FALSE,21,66.9119885,298,3.032029566078277,15,2.4225284703775505,2.3511405185913827,2.6943593856343666,2.811160936881148,3.1334551665110504,3.121106458555352,2.8577296157758,2.8361574913288,3.171975821665777,3.446956786022428,3.869468385433212,4.370789669652659
314,1038.9783245999997,3.5487954000000173,0.00512,0.0008410187509401768,0.0008410187509401768,0,2.6131165636632034,0.0013130666695389092,0.0013130666695389092,0,3.1773552736516426,9.518163996564953,-6.340808723,TRUE,FALSE,21,66.9119885,298,3.032029566078277,16,2.4175778529340417,2.3554948453974505,2.7127644611166386,2.7984459428415085,3.109356702441598,3.146040442195223,2.800419643690126,2.7076052823171675,3.3197471249748487,3.4795510572647363,3.919787530153745,4.353268042406028
315,1042.567374,3.54830979999997,0.00512,0.0008470655262907914,0.0008470655262907914,0,2.6254836368566683,0.001360044932621285,0.001360044932621285,0,3.278924054985579,9.518163996564953,-6.239239942,TRUE,FALSE,21,66.9119885,298,3.032029566078277,17,2.4368703209910683,2.37186042761422,2.712176824012985,2.850730681225895,3.084727487505708,3.1462055647540197,3.00074136619233,2.851146530461422,3.4326077552917478,3.4422184141490093,3.8998342834991333,4.348936397608431
316,1046.1375345000001,3.536080399999946,0.00512,0.0008184378777944675,0.0008184378777944675,0,2.5707973578622028,0.001324496792888926,0.001324496792888926,0,3.2038912285371945,9.518163996564953,-6.314272768,TRUE,FALSE,21,66.9119885,298,3.032029566078277,18,2.363595320652552,2.308926643097018,2.6584885521143846,2.8115645735726655,3.0602114123844317,3.1142336567509856,2.8592397462303536,2.8077847689053863,3.2530827354777094,3.5108874035761275,3.955878370891689,4.299271380464662
317,1049.673769,3.5015966000000844,0.00512,0.0009213284338818213,0.0009213284338818213,0,2.7689302735482078,0.001322039740624078,0.001322039740624078,0,3.1694635236512685,9.518163996564953,-6.348700473,TRUE,FALSE,21,66.9119885,298,3.032029566078277,19,2.601710244659205,2.562685306396196,2.8773172198828814,2.9097163102825854,3.174853078948108,3.1907115617512276,2.815313695679484,2.705545052820826,3.1772292209051174,3.55182537349134,3.93680607700381,4.443422687009967
318,1053.2565590999998,3.5441768999999113,0.00512,0.0008309786388797679,0.0008309786388797679,0,2.570034399659664,0.0012765309778510691,0.0012765309778510691,0,3.115797461313977,9.518163996564953,-6.402366535,TRUE,FALSE,21,66.9119885,298,3.032029566078277,20,2.3570493191811015,2.2770381882617836,2.609886082154891,2.8659121249022603,3.139000539241415,3.184497459437199,2.771514195820138,2.658984334875685,3.13058044642562,3.4677081135081402,3.901346274517884,4.345160680223754
319,1056.7973251999997,3.4986103999999614,0.00512,0.0008085936656598846,0.0008085936656598846,0,2.568150971518836,0.0012577743918114844,0.0012577743918114844,0,3.1048545935598493,9.518163996564953,-6.413309403,TRUE,FALSE,21,66.9119885,298,3.032029566078277,21,2.387062209281105,2.3214281880440564,2.6705502899050733,2.744551685489995,3.0555906635152805,3.0376037323919327,2.7560240492581483,2.7097145594902083,3.122970246869157,3.3506689444929267,3.8827491732137793,4.300326392156046
320,1059.9520300999998,3.126086600000008,0.004096000000000001,0.0006518663721724071,0.0006518663721724071,0,2.2921626625574287,0.0010890888573326346,0.0010890888573326346,0,2.884687781861077,9.518163996564953,-6.633476215,TRUE,FALSE,21,66.9119885,320,2.884687781861077,0,2.1204996804679896,2.0548900091962863,2.3556104454369695,2.5306315074443506,2.7457379699415077,2.739810582836339,2.5680312241888266,2.4681978201145633,2.92747931211931,3.1719532431165502,3.54197251874365,4.045358817000619
321,1062.8265717999998,2.827094299999999,0.004096000000000001,0.0006004679052013852,0.0006004679052013852,0,2.1969767236339797,0.0010875664197493435,0.0010875664197493435,0,2.8939720274639193,9.518163996564953,-6.624191969,TRUE,FALSE,21,66.9119885,320,2.884687781861077,1,2.024300177107372,1.9677826495648774,2.255024079503111,2.455953797814702,2.6126392522500206,2.6416742075150443,2.5738323331270383,2.5140892196820004,2.9413371781313717,3.1679541287412003,3.4978296139443117,4.023546927410093
322,1065.8074048999997,2.9504124999998567,0.004096000000000001,0.0006090110125326605,0.0006090110125326605,0,2.2199558215686883,0.0010998841920334154,0.0010998841920334154,0,2.9101843731321475,9.518163996564953,-6.607979623,TRUE,FALSE,21,66.9119885,320,2.884687781861077,2,2.0557069204410188,1.9971270845224542,2.2879338373231213,2.4637742164780296,2.6178767285522655,2.636341070169845,2.6052478087757387,2.5172400422276313,2.952099816845222,3.1864920977970383,3.530230171751566,4.033690290024127
323,1069.3063702999998,3.466196699999955,0.004096000000000001,0.0006076690543316413,0.0006076690543316413,0,2.2087832966914487,0.0011114749463660891,0.0011114749463660891,0,2.916979201696824,9.518163996564953,-6.601184795,TRUE,FALSE,21,66.9119885,320,2.884687781861077,3,2.0236467174367743,1.9835265014449082,2.2657645357416123,2.4793195647375463,2.635674050017608,2.6544790942707337,2.579001896134787,2.4840175105905287,3.0042117758135056,3.230772658785753,3.559105721236434,4.067368708150046
324,1072.8796231000001,3.535508899999968,0.004096000000000001,0.000623104564408495,0.000623104564408495,0,2.2312911337864336,0.0010966711229767434,0.0010966711229767434,0,2.8948216810256,9.518163996564953,-6.623342316,TRUE,FALSE,21,66.9119885,320,2.884687781861077,4,2.051810141591109,1.977131496415458,2.2914507121351115,2.5087056983777374,2.6941256124087163,2.6963833835104682,2.5654982374726125,2.505800818566722,2.911499979506828,3.191211051602921,3.5491068688290146,4.0629217977970855
325,1076.510271,3.593621799999937,0.004096000000000001,0.0006356535001748758,0.0006356535001748758,0,2.2658936508057805,0.0012802659367703163,0.0012802659367703163,0,3.2473121229125135,9.518163996564953,-6.270851874,TRUE,FALSE,21,66.9119885,320,2.884687781861077,5,2.091703070460264,2.041304214476628,2.329114225707485,2.5098467322146307,2.6921688384531435,2.7018204045567926,3.0409559469348926,3.030817986842078,3.3448345242764215,3.203261028117587,3.620268470806502,4.094639843932731
326,1080.0833985999998,3.539204900000186,0.004096000000000001,0.0006981562560035387,0.0006981562560035387,0,2.427081803177186,0.0011472436878281606,0.0011472436878281606,0,2.9641944638083997,9.518163996564953,-6.553969533,TRUE,FALSE,21,66.9119885,320,2.884687781861077,6,2.3084227583320054,2.268879039096037,2.5354785330366134,2.52555966519042,2.7029854632841595,2.714338630310305,2.636923181788619,2.581713414864529,2.9609605685566773,3.2798383735698877,3.6506018572654155,4.111249643401527
327,1083.615923,3.4995936000000256,0.004096000000000001,0.0006424271834345848,0.0006424271834345848,0,2.272702991928858,0.001091081272514009,0.001091081272514009,0,2.877563889997036,9.518163996564953,-6.640600107,TRUE,FALSE,21,66.9119885,327,2.877563889997036,0,2.0930017738397706,2.0306250034737743,2.3400477254990433,2.5270665221549806,2.7198458099339113,2.733399786354957,2.535402897470755,2.454993183810504,2.909981544659467,3.207284009802616,3.571579140209001,4.055142060521287
328,1087.162083,3.4971188000001803,0.004096000000000001,0.0006434082890657308,0.0006434082890657308,0,2.276788021550222,0.0011531591496205566,0.0011531591496205566,0,2.968554230010641,9.518163996564953,-6.549609767,TRUE,FALSE,21,66.9119885,327,2.877563889997036,1,2.0967707122641976,2.048493576411503,2.3359881435386054,2.5258745720800566,2.716153952999807,2.731054307127785,2.6173152152700956,2.517540074818287,3.074815192476718,3.2426766479006197,3.628999527634569,4.186359117866924
329,1090.675491,3.4788817999999537,0.004096000000000001,0.0006660102056858663,0.0006660102056858663,0,2.319803987865206,0.0011629123913984962,0.0011629123913984962,0,2.9782394974807693,9.518163996564953,-6.539924499,TRUE,FALSE,21,66.9119885,327,2.877563889997036,2,2.130211674413393,2.1028369523293673,2.3844721884500544,2.546340913072803,2.7543890977455963,2.789458878252894,2.603995546283783,2.5849372747570336,3.017016125483242,3.275112186375177,3.708352995746509,4.159975503462528
330,1094.188211,3.4714758000000074,0.004096000000000001,0.0007129097423493444,0.0007129097423493444,0,2.428735977066755,0.0011609937276465452,0.0011609937276465452,0,2.9880769302487638,9.518163996564953,-6.530087066,TRUE,FALSE,21,66.9119885,327,2.877563889997036,3,2.2752821681209885,2.2364742794411767,2.521798906545099,2.585978478623631,2.7928876392664472,2.810370600468964,2.648886800674546,2.588199967953672,3.0457056022268567,3.2741102586028643,3.647350807753349,4.142169918668066
331,1097.7504470999997,3.523553600000014,0.004096000000000001,0.0006734154132629705,0.0006734154132629705,0,2.3389510108109537,0.0011497966292636846,0.0011497966292636846,0,2.956950594660609,9.518163996564953,-6.561213402,TRUE,FALSE,21,66.9119885,327,2.877563889997036,4,2.155043215578219,2.126343024456295,2.4165241924726075,2.5454481313818373,2.7576741506767584,2.7903628229901956,2.5800637534423845,2.5274768527854445,3.032743520827039,3.2565223125338756,3.6821562131939234,4.158482114919739
332,1101.266081,3.4777970999998615,0.004096000000000001,0.0007149567515954146,0.0007149567515954146,0,2.452512985217354,0.0011597805135544243,0.0011597805135544243,0,2.986089176128185,9.518163996564953,-6.53207482,TRUE,FALSE,21,66.9119885,327,2.877563889997036,5,2.3315556691264816,2.289162802110049,2.5525363652952002,2.553081722453224,2.7449237917446343,2.766966000521441,2.6497080343762214,2.5882426920722663,3.0286731782833747,3.320512692408681,3.652399297670175,4.10183566076032
333,1104.8335226999998,3.5316980999998577,0.004096000000000001,0.0006729404021913911,0.0006729404021913911,0,2.334246621571825,0.0011608107619238259,0.0011608107619238259,0,3.013447848025634,9.518163996564953,-6.504716149,TRUE,FALSE,21,66.9119885,327,2.877563889997036,6,2.1572098592074362,2.1015766367826543,2.40932046106276,2.569732783017682,2.7782974814434183,2.7717221223909254,2.685721504023988,2.6432411365797552,3.135253567413987,3.2205636400810667,3.564853430257938,4.110532054359766
334,1108.248297,3.380999900000006,0.004096000000000001,0.0007054904047247958,0.0007054904047247958,0,2.4183026692161698,0.0011744918244558184,0.0011744918244558184,0,3.0313697130308856,9.518163996564953,-6.486794284,TRUE,FALSE,21,66.9119885,327,2.877563889997036,7,2.2737519114233984,2.221484613481943,2.5182326110333233,2.5694207588129943,2.764214673154692,2.7960442082274737,2.793985093699202,2.617161443338221,3.1026678776420966,3.231208143809985,3.6237149848512713,4.102867362526683
335,1111.753169,3.4673957999998493,0.004096000000000001,0.0007104530094380356,0.0007104530094380356,0,2.431294491574862,0.0011509994116532046,0.0011509994116532046,0,2.978600547145852,9.518163996564953,-6.539563449,TRUE,FALSE,21,66.9119885,327,2.877563889997036,8,2.317035350775791,2.2140910986808975,2.5355835006990746,2.585187004092608,2.754487917983088,2.7908302794681843,2.6864478154536133,2.5590145931036012,3.0222941048257836,3.2663384446179986,3.620871108722464,4.1118526266110855
336,1115.2341043000001,3.445456499999864,0.004096000000000001,0.0006749824572252051,0.0006749824572252051,0,2.3443664162502817,0.0011480609866403682,0.0011480609866403682,0,2.959162588075316,9.518163996564953,-6.559001408,TRUE,FALSE,21,66.9119885,327,2.877563889997036,9,2.1982092369149555,2.1097531374473095,2.4116614604554614,2.561763335151305,2.7618019155400155,2.766876956411784,2.6433310569198265,2.530201424973973,2.9678268171242874,3.328101306972568,3.6282765893400235,4.129713036390514
337,1118.890904,3.6194758999999976,0.004096000000000001,0.000698112843160353,0.000698112843160353,0,2.388712791345982,0.0011658379560827794,0.0011658379560827794,0,3.0014390379612284,9.518163996564953,-6.516724959,TRUE,FALSE,21,66.9119885,327,2.877563889997036,10,2.220922417505461,2.166340013658734,2.476922270521823,2.6017986688544856,2.804563708003173,2.7958175859188166,2.655408993762707,2.6098254240341894,3.091284742679906,3.2448773755306872,3.663056927334581,4.128901327916921
338,1122.5544612999997,3.62772659999996,0.004096000000000001,0.0006912632284023605,0.0006912632284023605,0,2.3727501083476636,0.0011983941332976292,0.0011983941332976292,0,3.0421883561723573,9.518163996564953,-6.47597564,TRUE,FALSE,21,66.9119885,327,2.877563889997036,11,2.196760774625101,2.153195938712462,2.45714663757129,2.5669311877059737,2.81302706188443,2.8023104145152833,2.7651647803383796,2.63362633486934,3.07074310308715,3.2162171556185037,3.6994849734974125,4.252561334686633
339,1126.1871351999998,3.598954000000049,0.004096000000000001,0.0006670985417707313,0.0006670985417707313,0,2.3134423507591855,0.001157735391957106,0.001157735391957106,0,2.9771709280529435,9.518163996564953,-6.540993069,TRUE,FALSE,21,66.9119885,327,2.877563889997036,12,2.124472682513154,2.065598422208471,2.384083767725695,2.542433999672528,2.7879058643465204,2.8161817061116827,2.655144106194048,2.6026353603595473,2.9607454226288143,3.236613377036981,3.659232549698187,4.181187260467107
340,1129.889667,3.6677835000000414,0.004096000000000001,0.000678406505850973,0.000678406505850973,0,2.3266448950882266,0.0011721736932891647,0.0011721736932891647,0,2.987476379527691,9.518163996564953,-6.530687617,TRUE,FALSE,21,66.9119885,327,2.877563889997036,13,2.1060009825230375,2.0808856803686897,2.397769575380105,2.5863738747592078,2.827217612889715,2.84674023600896,2.604254316388411,2.604333771145882,3.0067091432650606,3.296297386877299,3.724237146350271,4.18579033136331
341,1133.392565,3.46244519999982,0.004096000000000001,0.0006833841448054132,0.0006833841448054132,0,2.3494566167494075,0.001124583478028959,0.001124583478028959,0,2.926178148479539,9.518163996564953,-6.591985848,TRUE,FALSE,21,66.9119885,327,2.877563889997036,14,2.171294584917342,2.1146421429992355,2.4182857118182013,2.5612934422712077,2.8090395118557563,2.825886117862587,2.6110948490983446,2.5062944412816335,2.931372097150671,3.2517373129661005,3.6444818080938766,4.078577539159043
342,1137.0136386999998,3.5827504000001227,0.004096000000000001,0.0007005236999738267,0.0007005236999738267,0,2.407787579278214,0.0011731891267324468,0.0011731891267324468,0,3.0085413849050395,9.518163996564953,-6.509622612,TRUE,FALSE,21,66.9119885,327,2.877563889997036,15,2.269505198157623,2.210339250357186,2.49440586762021,2.5600820089742604,2.7653436267109024,2.7882607661991923,2.7175308675868624,2.634281897467736,2.9935595765102585,3.2656136621662943,3.620553709819332,4.202608595134824
343,1140.718666,3.666807100000142,0.004096000000000001,0.0006806212495797523,0.0006806212495797523,0,2.353812147475557,0.0011801164913800807,0.0011801164913800807,0,3.0383827221898603,9.518163996564953,-6.479781274,TRUE,FALSE,21,66.9119885,327,2.877563889997036,16,2.1923255476370866,2.1292992259896626,2.4224023734768894,2.5724763240223782,2.766468478107053,2.7905612967927014,2.799061152332051,2.601902006317006,3.143378124967104,3.2149954893384014,3.630449972429131,4.125937945413707
344,1144.4560815999998,3.7013151000001017,0.004096000000000001,0.0006853469716889859,0.0006853469716889859,0,2.3657380950341067,0.0011775916899932958,0.0011775916899932958,0,2.9975784461929775,9.518163996564953,-6.52058555,TRUE,FALSE,21,66.9119885,327,2.877563889997036,17,2.211943644149074,2.1359781108164464,2.448500814763321,2.564455105880229,2.7677812703801816,2.798092041223952,2.602344516503044,2.5474391664823863,3.1260854039093946,3.3186544328306518,3.659768961854125,4.221319401265075
345,1148.074724,3.581222000000025,0.004096000000000001,0.0006956193276470514,0.0006956193276470514,0,2.361153554748778,0.0011730304072538665,0.0011730304072538665,0,2.98764075890004,9.518163996564953,-6.530523238,TRUE,FALSE,21,66.9119885,327,2.877563889997036,18,2.155207277138733,2.1174946752482056,2.426497439661131,2.6156167544204507,2.8646665246568372,2.8545202757217836,2.65650961783507,2.578664773975057,2.968889167850178,3.3128194158314903,3.7422134409563346,4.1734625265375955
346,1151.6312217999998,3.5163496000000123,0.004096000000000001,0.0006989324159236659,0.0006989324159236659,0,2.3869834500284686,0.0011253030377285423,0.0011253030377285423,0,2.928208721412397,9.518163996564953,-6.589955275,TRUE,FALSE,21,66.9119885,327,2.877563889997036,19,2.212370454829583,2.1642821052603156,2.473904683295445,2.5839220399971197,2.815801731337942,2.824878577798063,2.609377093145352,2.502783506327072,2.95179351897647,3.2196015755978524,3.6370595994388646,4.110487351951568
347,1155.157624,3.4901204000000234,0.004096000000000001,0.0006696527444603541,0.0006696527444603541,0,2.315856128198724,0.0011828538237015887,0.0011828538237015887,0,3.026419398626884,9.518163996564953,-6.491744598,TRUE,FALSE,21,66.9119885,327,2.877563889997036,20,2.116679147277116,2.063037538319877,2.392323765055752,2.5640421455771176,2.8004294459236165,2.814588121448985,2.729161003503023,2.625795540130017,3.0752139205445683,3.2763340171510573,3.7103362115440706,4.122463600397483
348,1158.6235867999999,3.4319809999999507,0.004096000000000001,0.0006664993475744167,0.0006664993475744167,0,2.3266645133448822,0.001179282262982655,0.001179282262982655,0,3.0023858913222288,9.518163996564953,-6.515778105,TRUE,FALSE,21,66.9119885,327,2.877563889997036,21,2.15181608985509,2.104955734684534,2.4027726649725625,2.546323834634202,2.754470163920577,2.7575982176561866,2.703752414370001,2.562422026025528,3.021903920390616,3.2845942850148426,3.7914703431966195,4.129924492141405
349,1162.1545562000001,3.49512720000007,0.0032768000000000007,0.0005900255123370209,0.0005900255123370209,0,2.188790049711681,0.0010275961436438886,0.0010275961436438886,0,2.8117976333986388,9.518163996564953,-6.706366363,TRUE,FALSE,21,66.9119885,349,2.8117976333986388,0,2.037731335318277,1.9700920543946614,2.2574101027307267,2.4120286824844572,2.5873914127380453,2.5766120451755756,2.5023416967905354,2.4238446506085016,2.873071127128731,3.083180346863299,3.3982434167252276,3.9167957378331018
350,1165.6745901999998,3.4605001000002176,0.0032768000000000007,0.0005423100104509347,0.0005423100104509347,0,2.0979506984052936,0.0009886070257005435,0.0009886070257005435,0,2.732678441169453,9.518163996564953,-6.785485555,TRUE,FALSE,21,66.9119885,350,2.732678441169453,0,1.954178518704104,1.8873704622718435,2.163421454002053,2.3223161876766403,2.4668891177066934,2.4702884964347995,2.410650862817341,2.3195887060664284,2.743698199460989,3.057061254824901,3.388255188082776,3.9023591134159687
351,1169.2453508999997,3.5202403999999206,0.0032768000000000007,0.0005341482866592426,0.0005341482866592426,0,2.077456154737243,0.0010140649571907796,0.0010140649571907796,0,2.7726846109884313,9.518163996564953,-6.745479386,TRUE,FALSE,21,66.9119885,350,2.732678441169453,1,1.9236284263296104,1.872107353606868,2.1306887334043596,2.3141008494587467,2.4609153611458576,2.460927635142335,2.4583314498262627,2.3405797963165833,2.808413871233293,3.0990787714501407,3.4381289542010514,3.917556731648019
352,1172.4724860000001,3.1799848999999085,0.0032768000000000007,0.0005384173170471561,0.0005384173170471561,0,2.079504873696432,0.0009917759454770728,0.0009917759454770728,0,2.7444360498453695,9.518163996564953,-6.773727947,TRUE,FALSE,21,66.9119885,350,2.732678441169453,2,1.9154496583736655,1.8594546974919572,2.133058720208283,2.343724576965482,2.481449510741677,2.4823039165948546,2.4158731712085895,2.354803601253992,2.7653192909623705,3.0483626844958036,3.3735427998024163,3.898506974845427
353,1175.5297882999998,3.0246036999999433,0.0032768000000000007,0.0005298863097521522,0.0005298863097521522,0,2.0595535926070556,0.0010014963069224121,0.0010014963069224121,0,2.7608144031595416,9.518163996564953,-6.757349593,TRUE,FALSE,21,66.9119885,350,2.732678441169453,3,1.889353335276938,1.8427881272252138,2.1079857735131426,2.3179084342363017,2.4636896323664765,2.485577092325125,2.456640758329274,2.356310348826298,2.7824029830621115,3.057479115304954,3.3829715624496193,3.909923652644489
354,1178.590247,3.029707599999938,0.0032768000000000007,0.0005442533967839905,0.0005442533967839905,0,2.0995299163235304,0.0010176326795110285,0.0010176326795110285,0,2.7764009575367266,9.518163996564953,-6.741763039,TRUE,FALSE,21,66.9119885,350,2.732678441169453,4,1.9484964991307208,1.8945907093150285,2.1545364060573076,2.3329628319777798,2.4792549600101226,2.4786321467395855,2.429084845539824,2.3859200910269482,2.793161531599627,3.0858066570430074,3.4475880304129523,3.945281254343839
355,1181.6628646999998,3.040871599999946,0.0032768000000000007,0.000560211859439655,0.000560211859439655,0,2.1165305434075345,0.0010230874011026576,0.0010230874011026576,0,2.791093426961354,9.518163996564953,-6.72707057,TRUE,FALSE,21,66.9119885,350,2.732678441169453,5,1.9389312298372263,1.8911550945834004,2.1679402524955393,2.3702158364187786,2.5494907246427294,2.563053982859256,2.458217672922393,2.390270146481916,2.8382242217321814,3.0760603653202163,3.4448233187679,3.9353376991212894
356,1184.7255853000001,3.034771200000023,0.0032768000000000007,0.0005529096945525081,0.0005529096945525081,0,2.1119946667367993,0.001015403059294002,0.001015403059294002,0,2.779368821141957,9.518163996564953,-6.738795175,TRUE,FALSE,21,66.9119885,350,2.732678441169453,6,1.9619303960285197,1.8920517690970542,2.1644752930993785,2.3550900356718216,2.5199333366457712,2.5001518074855995,2.435437316424502,2.356819133028395,2.8689232576741888,3.05101543368342,3.4307539153101168,3.930696175078921
357,1187.772772,3.0171454999999696,0.0032768000000000007,0.0005416276235033311,0.0005416276235033311,0,2.082069307551406,0.0010224475889837714,0.0010224475889837714,0,2.795655886631384,9.518163996564953,-6.72250811,TRUE,FALSE,21,66.9119885,350,2.732678441169453,7,1.9135964343421807,1.8614529095918813,2.1261453019409418,2.3464211475633565,2.50705009663865,2.4983001152073743,2.4660456135242583,2.4541227085915662,2.776826087984616,3.1038667807595686,3.424229284130552,3.913359925202993
358,1190.804111,3.001138800000035,0.0032768000000000007,0.000562435240335002,0.000562435240335002,0,2.136448621998165,0.0010554939392528166,0.0010554939392528166,0,2.846982401309362,9.518163996564953,-6.671181595,TRUE,FALSE,21,66.9119885,350,2.732678441169453,8,1.9900234014270892,1.923364350104419,2.1990648372031028,2.3604343074639416,2.5202137299057434,2.5189239729955086,2.540743577993631,2.4518066462257906,2.8922588682950763,3.1169975562335464,3.4417913649291774,3.9927295805728957
359,1193.9784621999997,3.1380340000000615,0.0032768000000000007,0.000595733073436251,0.000595733073436251,0,2.2349355241397504,0.0010554314783176805,0.0010554314783176805,0,2.8662751591468716,9.518163996564953,-6.651888837,TRUE,FALSE,21,66.9119885,350,2.732678441169453,9,2.1260360912608323,2.0681662083873427,2.3353133535871535,2.345126609634124,2.518465045686823,2.5128286476610544,2.5686691040906027,2.479368209610945,2.9790152193321435,3.07193181287466,3.4355597452084323,3.92455778370782
360,1197.0201303999997,3.008552100000088,0.0032768000000000007,0.000556986304044358,0.000556986304044358,0,2.127105097211468,0.001018749277999362,0.001018749277999362,0,2.790488794879613,9.518163996564953,-6.727675202,TRUE,FALSE,21,66.9119885,350,2.732678441169453,10,1.9668581188522254,1.921089856423525,2.20374536834844,2.350260924069476,2.5056041381578016,2.5000028707881694,2.4443579590516626,2.401390040796198,2.8604662680854136,3.071886663461441,3.4262042641033026,3.9096496516126025
361,1200.1134346999997,3.0607623000000785,0.0032768000000000007,0.0005388058264030629,0.0005388058264030629,0,2.0779476649667106,0.0010057310148848754,0.0010057310148848754,0,2.770028498826311,9.518163996564953,-6.748135498,TRUE,FALSE,21,66.9119885,350,2.732678441169453,11,1.9026568713894658,1.8609556673809553,2.1324430658019535,2.3363224245048313,2.498289500576279,2.4900225598302637,2.4328713783497378,2.393597638976485,2.809888069813064,3.041540168695549,3.3846888128921853,3.922945140124326
362,1203.196366,3.048725599999898,0.0032768000000000007,0.0005575744563034773,0.0005575744563034773,0,2.1190884771969,0.0010743657265026517,0.0010743657265026517,0,2.887613707875118,9.518163996564953,-6.630550289,TRUE,FALSE,21,66.9119885,350,2.732678441169453,12,1.9555385355110229,1.9018264469557455,2.1737592643477863,2.3657876746640927,2.515821544568235,2.5393581670283805,2.5907990511235512,2.5393859554373033,2.9225030948537514,3.1188069358334887,3.4904632421079986,3.9521706367252447
363,1206.2571816999998,3.0294037999999546,0.0032768000000000007,0.0005666562945869869,0.0005666562945869869,0,2.1404507664502104,0.0010361883390770307,0.0010361883390770307,0,2.8056926044417545,9.518163996564953,-6.712471392,TRUE,FALSE,21,66.9119885,350,2.732678441169453,13,1.9839166229593734,1.9249354140859727,2.2001570897140383,2.3693542428393446,2.5453162819777155,2.5393740877959985,2.488277784649279,2.399792860365426,2.8194888592256264,3.105984170274606,3.491845545209906,3.9509992269681744
364,1209.3697716000001,3.0801754999999957,0.0032768000000000007,0.0005519496701025918,0.0005519496701025918,0,2.1026774959541044,0.0010368547152541773,0.0010368547152541773,0,2.8319597994068886,9.518163996564953,-6.686204197,TRUE,FALSE,21,66.9119885,350,2.732678441169453,14,1.9291944319494776,1.8890761800605358,2.143148485859954,2.3589969113846565,2.538798042200304,2.5209877668559764,2.558514362828062,2.433161714515621,2.897953502369776,3.0608535104846437,3.389171913506698,3.941120490443469
365,1213.040265,3.6278875999998945,0.0032768000000000007,0.0005574389873016143,0.0005574389873016143,0,2.121097778304437,0.0010245030684091368,0.0010245030684091368,0,2.7837162517280167,9.518163996564953,-6.734447745,TRUE,FALSE,21,66.9119885,350,2.732678441169453,15,1.9610950075248132,1.9084259339048764,2.177230970911241,2.3531427067474486,2.515564298430514,2.5348805528706606,2.4419505267590886,2.3562118964873577,2.828443617102384,3.1105307427076285,3.4601375660362437,3.9532679844158536
366,1216.7128493999999,3.629002600000149,0.0032768000000000007,0.0005924609470605985,0.0005924609470605985,0,2.1985134879725408,0.0011084748361009302,0.0011084748361009302,0,2.9671420208753543,9.518163996564953,-6.551021976,TRUE,FALSE,21,66.9119885,350,2.732678441169453,16,2.049670589880493,1.9887336601568433,2.276479801698551,2.3889755649758606,2.5763224333201236,2.5922978879874536,2.703042770853124,2.667384113592802,3.036944120467764,3.0884074922297726,3.4512524603424355,3.9756294872108486
367,1220.222285,3.4668871999999737,0.0032768000000000007,0.0005993017915239213,0.0005993017915239213,0,2.2135780091466364,0.0010535241850907833,0.0010535241850907833,0,2.847642557709224,9.518163996564953,-6.670521439,TRUE,FALSE,21,66.9119885,350,2.732678441169453,17,2.074780979258151,1.9994957078626547,2.2933768354404847,2.3907615189262934,2.5821864657637263,2.613114650496851,2.5542483215342924,2.503975934789829,2.828403064439088,3.0792855892099986,3.472378235528147,3.9763470398574094
368,1223.3449938999997,3.08384349999983,0.0032768000000000007,0.0005866907441874811,0.0005866907441874811,0,2.183135426032719,0.001129369400973702,0.001129369400973702,0,2.9969904138034282,9.518163996564953,-6.521173583,TRUE,FALSE,21,66.9119885,350,2.732678441169453,18,2.0443454021615124,1.9759162658964637,2.2266381175385592,2.3841972482588165,2.5935335618396325,2.5759101145034586,2.6730013110396045,2.7845351152701046,3.02325293736154,3.1352034273754983,3.492046742349035,3.97878421953626
369,1226.425041,3.047907599999917,0.0032768000000000007,0.0005909091912833425,0.0005909091912833425,0,2.189931509396469,0.0010591537800633973,0.0010591537800633973,0,2.835517437634737,9.518163996564953,-6.682646559,TRUE,FALSE,21,66.9119885,350,2.732678441169453,19,2.0282289250717738,1.9861462769893063,2.2467897486758694,2.41662379209136,2.5665001069074687,2.608391489242405,2.5250354898432823,2.41973500155065,2.831991023685251,3.161811822165941,3.4975801194123095,4.02015896325439
370,1229.5079504999999,3.0507736999998087,0.0032768000000000007,0.0005687214762037356,0.0005687214762037356,0,2.133256855775127,0.0010272193649514846,0.0010272193649514846,0,2.785747371696399,9.518163996564953,-6.732416625,TRUE,FALSE,21,66.9119885,350,2.732678441169453,20,1.9541032145370014,1.90538334038838,2.184331019889073,2.40151684222554,2.5722158838712894,2.5693608001829626,2.4582133295741526,2.3671005340324403,2.795160444886436,3.0968692147781853,3.4474986997913932,3.999615213609712
371,1232.5813527999999,3.036112000000003,0.0032768000000000007,0.0005695901255260164,0.0005695901255260164,0,2.1448870102159643,0.0010337456646471925,0.0010337456646471925,0,2.80063341996238,9.518163996564953,-6.717530577,TRUE,FALSE,21,66.9119885,350,2.732678441169453,21,1.9818854496676432,1.9206858203047517,2.217136729413841,2.3776165303167627,2.5222852834243525,2.580789937968621,2.45898466027945,2.3943104094252665,2.837115560967681,3.0976421139559704,3.4332139188555164,4.005266594703903
372,1235.635854,3.0219747999999527,0.002621440000000001,0.0004967063877490784,0.0004967063877490784,0,1.9913001922260518,0.0009414083086375626,0.0009414083086375626,0,2.670240339413427,9.518163996564953,-6.847923657,TRUE,FALSE,21,66.9119885,372,2.670240339413427,0,1.830496247001644,1.7738906387329025,2.031032763341904,2.2524728187041414,2.390785392901842,2.4093047113228057,2.3500892972266687,2.276419069256026,2.6937384504619355,2.970505707057237,3.2835288908950386,3.8176083947436017
373,1238.7325953999998,3.042514100000062,0.002621440000000001,0.0004727731635608425,0.0004727731635608425,0,1.9440601534429285,0.0009391227007431662,0.0009391227007431662,0,2.658803372416502,9.518163996564953,-6.859360624,TRUE,FALSE,21,66.9119885,373,2.658803372416502,0,1.7877128202744688,1.7325581638821153,1.985521531101516,2.2161860882105837,2.3308856282459307,2.323417673793292,2.3432302920780366,2.243805437257962,2.66890635525686,2.9652356962994872,3.3044617047888107,3.836569080655066
374,1241.8072283000001,3.026394999999866,0.002621440000000001,0.00047680209395403164,0.00047680209395403164,0,1.954270254914445,0.0009281799216675602,0.0009281799216675602,0,2.6452839363344345,9.518163996564953,-6.87288006,TRUE,FALSE,21,66.9119885,374,2.6452839363344345,0,1.7990145155523496,1.7470006693369438,1.9974525791500104,2.2094929526105056,2.341930080294113,2.3354179083602276,2.3208699763713985,2.2577498010242407,2.6442148340794303,2.94660482355002,3.2637919323531985,3.8250967180090556
375,1244.9448363000001,3.0905623999999534,0.002621440000000001,0.0004730506148377179,0.0004730506148377179,0,1.942170720544641,0.0009456551997451703,0.0009456551997451703,0,2.67252480981334,9.518163996564953,-6.845639187,TRUE,FALSE,21,66.9119885,374,2.6452839363344345,1,1.781511363412716,1.731336459673357,1.9797799032576482,2.203976202761235,2.3386084615648595,2.343984044455093,2.315650235114195,2.2664915724525327,2.7364045948138673,2.976775097553736,3.2971126009311993,3.838058516877765
376,1248.039497,3.0622870999998213,0.002621440000000001,0.0004764659731995826,0.0004764659731995826,0,1.951872626934249,0.0009504500861357596,0.0009504500861357596,0,2.6859029969099444,9.518163996564953,-6.832261,TRUE,FALSE,21,66.9119885,374,2.6452839363344345,2,1.7888578056187847,1.7462874426666548,1.9935503824753578,2.216551162179808,2.331348071865213,2.34916139847146,2.358566873098276,2.3045438249515557,2.707472952947039,2.9885848548449867,3.279318441473126,3.8393894203844336
377,1251.0699753999997,2.999221000000034,0.002621440000000001,0.000477538119599056,0.000477538119599056,0,1.9592985759183308,0.0009431175780452155,0.0009431175780452155,0,2.675561941449571,9.518163996564953,-6.842602055,TRUE,FALSE,21,66.9119885,374,2.6452839363344345,3,1.8093635557495855,1.7594153615787134,2.000407916655335,2.2096279925313294,2.3263275375223236,2.335207545620917,2.361384991493992,2.282763464321081,2.70088331693361,2.972750151475073,3.285446484565868,3.8103956719290135
378,1254.12135,3.017020999999886,0.002621440000000001,0.00048072365460918707,0.00048072365460918707,0,1.9702076443273968,0.0009646288076767206,0.0009646288076767206,0,2.7140799029760085,9.518163996564953,-6.804084094,TRUE,FALSE,21,66.9119885,374,2.6452839363344345,4,1.8275530606212929,1.7709233546997563,2.0197108344661796,2.2086004711564753,2.3264281998874434,2.3303344227459517,2.411906084725547,2.317463818532441,2.7633151377351513,2.9774344115212332,3.3427644941609445,3.807954269736682
379,1257.171977,3.018909399999984,0.002621440000000001,0.0004998218950690075,0.0004998218950690075,0,2.0167947042553735,0.0009558795241613918,0.0009558795241613918,0,2.6939960722780802,9.518163996564953,-6.824167924,TRUE,FALSE,21,66.9119885,374,2.6452839363344345,5,1.8770531600150815,1.8264334830830724,2.0786374876498224,2.2273447507815876,2.3707288938319233,2.352147630626085,2.3681312019803222,2.316903994487415,2.707307162930089,3.0019015505941478,3.320934655851742,3.817482983259261
380,1260.2337967999997,3.0272641999999905,0.002621440000000001,0.0005038928400755487,0.0005038928400755487,0,2.0203684295881144,0.0009608592539196065,0.0009608592539196065,0,2.696023414884462,9.518163996564953,-6.822140582,TRUE,FALSE,21,66.9119885,374,2.6452839363344345,6,1.8698563810876683,1.829663670982927,2.071308608355357,2.253889233658591,2.3816037871311946,2.3778540042367946,2.3632948879309814,2.3192578688418366,2.693177428157612,3.0053072613846923,3.3538963176907863,3.8377216604623494
381,1263.3185379000001,3.0542528999999377,0.002621440000000001,0.0005105939796778342,0.0005105939796778342,0,2.0337036772340262,0.0009449024611366658,0.0009449024611366658,0,2.673155892790434,9.518163996564953,-6.845008104,TRUE,FALSE,21,66.9119885,374,2.6452839363344345,7,1.8828433568859684,1.8402475735420656,2.0891680694160177,2.2483808099027573,2.3902937847226706,2.418840518862858,2.347553893468883,2.27554961288896,2.697126340773636,2.9745209299617352,3.3206917252486186,3.811143549633093
382,1266.4621678999997,3.1105583000000934,0.002621440000000001,0.0004899844105207323,0.0004899844105207323,0,1.9811960336820367,0.000958379645291035,0.000958379645291035,0,2.6978809303217193,9.518163996564953,-6.820283066,TRUE,FALSE,21,66.9119885,374,2.6452839363344345,8,1.8239626223268826,1.7712669406335269,2.0265174990453763,2.2255414990357125,2.370820431251149,2.384407305641906,2.3619381848089684,2.3351588725991426,2.7036494553181916,3.007929341549654,3.3093951553789336,3.834828295136425
383,1269.5499833999997,3.0532838999999967,0.002621440000000001,0.0005225053545753998,0.0005225053545753998,0,2.07862066185499,0.0009978954580210507,0.0009978954580210507,0,2.7861969630267094,9.518163996564953,-6.731967034,TRUE,FALSE,21,66.9119885,374,2.6452839363344345,9,1.9554762049675118,1.9177140953663123,2.1418965979612077,2.243892281433333,2.3802637498471633,2.3810612734323815,2.506186446068252,2.4606617590649575,2.815943370171957,2.9827801364445063,3.3167316754946734,3.850019174649156
384,1272.6103257999998,3.027929299999869,0.002621440000000001,0.0005091370307320902,0.0005091370307320902,0,2.0323693805113745,0.0009775283543834441,0.0009775283543834441,0,2.7386924523256932,9.518163996564953,-6.779471544,TRUE,FALSE,21,66.9119885,374,2.6452839363344345,10,1.886306401610515,1.8428938794570602,2.0818704820264755,2.250654649167859,2.4072963469548583,2.383104997462329,2.451957453338331,2.372710002909031,2.7475276325626186,3.002113260883221,3.344109599806163,3.824434077146831
385,1275.6722513999998,3.0248988999999256,0.002621440000000001,0.0005005983781903071,0.0005005983781903071,0,2.0172711632467544,0.0009580780308788936,0.0009580780308788936,0,2.6953925152999125,9.518163996564953,-6.822771481,TRUE,FALSE,21,66.9119885,374,2.6452839363344345,11,1.8837064186856787,1.821250037567311,2.071576677525989,2.2362189298882886,2.359358205257033,2.371200081900758,2.403813384087863,2.293939693494847,2.6938390215159784,2.9991473632936607,3.335809899648707,3.8220943661382756
386,1278.7016912999998,2.9983594000000267,0.002621440000000001,0.0004930859597824123,0.0004930859597824123,0,1.9942220621959315,0.0009700151245097487,0.0009700151245097487,0,2.72755370888597,9.518163996564953,-6.790610288,TRUE,FALSE,21,66.9119885,374,2.6452839363344345,12,1.853168017010894,1.7898127568616422,2.037926200334561,2.2329775990635694,2.3648136638661508,2.365719431975763,2.4584460940741018,2.3250108514958567,2.7654358149350347,2.99113588616224,3.2839812718016925,3.844680455388974
387,1281.7524855000001,3.01672480000002,0.002621440000000001,0.00049417570448572,0.00049417570448572,0,1.9979867686327695,0.0009674875928425841,0.0009674875928425841,0,2.7160145174019394,9.518163996564953,-6.802149479,TRUE,FALSE,21,66.9119885,374,2.6452839363344345,13,1.8532241803194553,1.7882637314945498,2.0603630419310965,2.2301496381810733,2.3604287401136452,2.368464416494712,2.4237463553902545,2.313684352213235,2.7468630152679934,2.9923917192431286,3.336209195021071,3.831452765383624
388,1285.0113487999997,3.2265981999998985,0.002621440000000001,0.0005176641626911322,0.0005176641626911322,0,2.069061610635067,0.0009696532099931665,0.0009696532099931665,0,2.7242878397803656,9.518163996564953,-6.793876157,TRUE,FALSE,21,66.9119885,374,2.6452839363344345,14,1.954960761175653,1.8956638391010452,2.1417874577691327,2.2244033814011352,2.3608197382040927,2.3826534749087807,2.422294426337909,2.367684216733854,2.7308769149199192,2.98105766257976,3.3004972233845935,3.8558592666808513
389,1288.6119634000001,3.5624542999998994,0.002621440000000001,0.0004968310537517556,0.0004968310537517556,0,2.0047692389503093,0.000978707927850683,0.000978707927850683,0,2.7288233031794333,9.518163996564953,-6.789340693,TRUE,FALSE,21,66.9119885,374,2.6452839363344345,15,1.8601959557784888,1.8030768948653675,2.0618506115052284,2.2270932897457816,2.368544757615921,2.3746509962822087,2.399891197403059,2.343223795466884,2.7694730983121874,2.9826208589993484,3.386435598706108,3.860320893170291
390,1292.1782365999998,3.522066099999847,0.002621440000000001,0.0005058120355703809,0.0005058120355703809,0,2.0264799443437296,0.0009786620148155712,0.0009786620148155712,0,2.736258974087988,9.518163996564953,-6.781905022,TRUE,FALSE,21,66.9119885,374,2.6452839363344345,16,1.885921253592248,1.829896683910591,2.085731130925946,2.232328863003311,2.400113560120617,2.376364150987605,2.4161213282341993,2.39481803579445,2.7419232770795783,2.972179900470462,3.36635326273032,3.850464433969986
391,1295.7387995999998,3.519533200000069,0.002621440000000001,0.0005075375935475935,0.0005075375935475935,0,2.0264364705141777,0.0009838040346557943,0.0009838040346557943,0,2.7384764303961004,9.518163996564953,-6.779687566,TRUE,FALSE,21,66.9119885,374,2.6452839363344345,17,1.8777469859032916,1.8296514650762854,2.0793187187071194,2.2426848984280228,2.394716692622273,2.4076908117652227,2.473509507438683,2.3383632568332673,2.7261931642480866,3.0044991571244095,3.3778576679877874,3.8668400973062713
392,1299.375058,3.5938633999999183,0.002621440000000001,0.0004964713993348,0.0004964713993348,0,1.9994995095058559,0.0009492834253248825,0.0009492834253248825,0,2.6765863480229126,9.518163996564953,-6.841577649,TRUE,FALSE,21,66.9119885,374,2.6452839363344345,18,1.8578684743901606,1.7887358672717266,2.0436387481183096,2.2397686598482074,2.3771855020169848,2.382041002190133,2.354781947915658,2.277259727789981,2.681245275369842,2.9953712519489457,3.3162626726355975,3.8366149048039406
393,1302.9418287999997,3.5258946000001288,0.002621440000000001,0.0004943889864784056,0.0004943889864784056,0,1.9933835225128809,0.0009586720838679881,0.0009586720838679881,0,2.6957698896240347,9.518163996564953,-6.822394107,TRUE,FALSE,21,66.9119885,374,2.6452839363344345,19,1.8386980086056368,1.7875964944553069,2.0377203220403333,2.247045159107929,2.382086700902087,2.369447860208818,2.397249005224654,2.299618462806278,2.6924179738866947,2.987893112263179,3.3347380867193537,3.842093689142999
394,1306.4961981000001,3.5097370000000865,0.002621440000000001,0.00048526463031114703,0.00048526463031114703,0,1.9696285029904625,0.0009396581311958095,0.0009396581311958095,0,2.65899431222746,9.518163996564953,-6.859169684,TRUE,FALSE,21,66.9119885,374,2.6452839363344345,20,1.809450385446006,1.753637265870858,2.018157305312403,2.2205594634249737,2.3674784157391984,2.3742477588052853,2.330803401976533,2.2503918943940016,2.6719572295035654,2.9691018051107867,3.3024075795356267,3.8422521399659404
395,1310.030306,3.493930400000181,0.002621440000000001,0.0004868106746619717,0.0004868106746619717,0,1.9718834202421105,0.0009636905485171821,0.0009636905485171821,0,2.70172336019582,9.518163996564953,-6.816440636,TRUE,FALSE,21,66.9119885,374,2.6452839363344345,21,1.8077728625631333,1.7580732389767608,2.0143769520876553,2.2397044083180684,2.3621764338124907,2.381387212880368,2.3781046361191995,2.2958250298156577,2.735903417015272,2.9920699143851803,3.354504669311601,3.846038608284816
396,1313.575963,3.5020434000000478,0.002097152000000001,0.0004455563801402456,0.0004455563801402456,0,1.8828753134959564,0.0008986287796881146,0.0008986287796881146,0,2.5963202545397115,9.518163996564953,-6.921843742,TRUE,FALSE,21,66.9119885,396,2.5963202545397115,0,1.72282760718756,1.6786432308367132,1.9127862245589111,2.1587343744682985,2.271189642779139,2.267082815914302,2.2736593283337583,2.2008630625946046,2.5898254048227423,2.9018745091726963,3.253148376206231,3.757701643016472
397,1317.121198,3.4871579000000565,0.002097152000000001,0.000428458619115813,0.000428458619115813,0,1.8503448953314836,0.0008892062250372958,0.0008892062250372958,0,2.589558444786573,9.518163996564953,-6.928605552,TRUE,FALSE,21,66.9119885,397,2.589558444786573,0,1.7029173669791824,1.6522186101575587,1.88466900636628,2.1093047981369613,2.2124198913282496,2.2161862881648333,2.276290025860196,2.197472539352512,2.600735962324068,2.8880971965028017,3.200850970388567,3.733368942662619
398,1320.702215,3.527799499999901,0.002097152000000001,0.0004352066686749218,0.0004352066686749218,0,1.8640976759495262,0.0008982782757119695,0.0008982782757119695,0,2.603597048401292,9.518163996564953,-6.914566948,TRUE,FALSE,21,66.9119885,397,2.589558444786573,1,1.7142619862174806,1.6631216933436037,1.8989049978960801,2.1227278317270555,2.2390601758709177,2.2326731161096234,2.303653299540777,2.215939983092495,2.593141194356712,2.902340067348499,3.209755563369432,3.7546414876640366
399,1324.208317,3.4661231999998563,0.002097152000000001,0.00043140606913662395,0.00043140606913662395,0,1.8556533814973888,0.0008924227415731395,0.0008924227415731395,0,2.591242615022673,9.518163996564953,-6.926921382,TRUE,FALSE,21,66.9119885,397,2.589558444786573,2,1.7037174231665533,1.6545756682009451,1.8930157746741783,2.118114431436742,2.226760222941627,2.222785542783932,2.2772527902116884,2.2025579701132116,2.5864251316822844,2.885938279607105,3.2200948227809723,3.748386666902706
400,1327.7441711000001,3.4967344000001503,0.002097152000000001,0.00043642215364004156,0.00043642215364004156,0,1.874415763309644,0.0009092932456170522,0.0009092932456170522,0,2.6309855127930315,9.518163996564953,-6.887178484,TRUE,FALSE,21,66.9119885,397,2.589558444786573,3,1.7382013814853512,1.6807729017783273,1.916967697175127,2.1088926193777304,2.222857944684374,2.222184148408493,2.3168694918445283,2.270033101809068,2.6523378840777454,2.8903278110924417,3.2135777441845836,3.752269598919654
401,1331.3288592999997,3.542419099999961,0.002097152000000001,0.0004362804649394274,0.0004362804649394274,0,1.8674003654313314,0.000900569944397874,0.000900569944397874,0,2.6091659363002213,9.518163996564953,-6.90899806,TRUE,FALSE,21,66.9119885,397,2.589558444786573,4,1.717980148300988,1.665622122579549,1.9060025952639528,2.125094843424235,2.2420615658724423,2.2300805852785506,2.3005498749377873,2.2197943016950883,2.6207137127997724,2.9026866939670533,3.2064396712592966,3.7551572738462475
402,1334.870003,3.4977969999999914,0.002097152000000001,0.00043204492319489203,0.00043204492319489203,0,1.8561796550734908,0.0009030341224790456,0.0009030341224790456,0,2.6096633191862137,9.518163996564953,-6.908500677,TRUE,FALSE,21,66.9119885,397,2.589558444786573,5,1.707436142795923,1.6527130980636986,1.8900371372640767,2.113604605558029,2.23144509164888,2.2318807292356952,2.289458961143396,2.221377595447378,2.61790372176657,2.906929312316495,3.218786167058617,3.7712778897112367
403,1338.420867,3.5079426999998304,0.002097152000000001,0.0004377214235071696,0.0004377214235071696,0,1.8720679093582424,0.0008944016500236162,0.0008944016500236162,0,2.597271825417683,9.518163996564953,-6.920892171,TRUE,FALSE,21,66.9119885,397,2.589558444786573,6,1.7230193040483393,1.674283334250859,1.9126792709573393,2.1194198567352878,2.240074743964483,2.237261023641361,2.290760436755069,2.204856461656068,2.603900393401809,2.8720869212058395,3.2144450904514046,3.7557422955047373
404,1342.0254744999997,3.560448299999962,0.002097152000000001,0.00044465202516844976,0.00044465202516844976,0,1.8893323756362983,0.0009197534453269597,0.0009197534453269597,0,2.6478368755282076,9.518163996564953,-6.870327121,TRUE,FALSE,21,66.9119885,397,2.589558444786573,7,1.7428486406832537,1.691561825763905,1.9343674990558641,2.128055797118572,2.2460226779589094,2.26018765976299,2.348446715859274,2.2856921913086605,2.655920118841324,2.9058119087889236,3.2360997044802997,3.7634543155393394
405,1345.5824705999999,3.51885029999994,0.002097152000000001,0.00045155946831144125,0.00045155946831144125,0,1.9068201680587622,0.0009013727730318795,0.0009013727730318795,0,2.6097039646876077,9.518163996564953,-6.908460032,TRUE,FALSE,21,66.9119885,397,2.589558444786573,8,1.7649737262948015,1.7145129239310282,1.9470508515767686,2.1425810044094398,2.2631381748963917,2.2647630902719094,2.310359575022436,2.209470903539339,2.617275661410411,2.91757860638205,3.2284399664272843,3.7358661693571285
406,1349.088661,3.4620700000000397,0.002097152000000001,0.0004435800619163073,0.0004435800619163073,0,1.8876667904599034,0.0009126851434214375,0.0009126851434214375,0,2.6256553062254615,9.518163996564953,-6.89250869,TRUE,FALSE,21,66.9119885,397,2.589558444786573,9,1.743687770380728,1.6885965375600835,1.9325757814191071,2.1343319151213214,2.2445609323164013,2.245235881292985,2.3121440462773952,2.241631913092307,2.6300832794117226,2.896509487929953,3.240161685221092,3.79411625710628
407,1352.6031475999998,3.472727400000167,0.002097152000000001,0.00046198597968581765,0.00046198597968581765,0,1.941610370354186,0.0009416677406795529,0.0009416677406795529,0,2.697777427874937,9.518163996564953,-6.820386569,TRUE,FALSE,21,66.9119885,397,2.589558444786573,10,1.8142694369910708,1.7633359937376902,1.9982573214703432,2.137291235599501,2.257156196047401,2.2688768767380103,2.445069867096297,2.3263830334469775,2.7365108736618047,2.9112919977154363,3.2228098857176617,3.772785314936216
408,1356.1883230999997,3.5429562000001624,0.002097152000000001,0.0004681047253965379,0.0004681047253965379,0,1.9536702724492558,0.0009142270346371975,0.0009142270346371975,0,2.6332544917640295,9.518163996564953,-6.884909505,TRUE,FALSE,21,66.9119885,397,2.589558444786573,11,1.8252703865428779,1.7738619298343417,2.007507186237568,2.15238731991571,2.27939129792619,2.282280411583621,2.326081740321618,2.256694223626996,2.645414050040384,2.8867413055284374,3.2305090692400706,3.7881242053410134
409,1359.7971711999999,3.564305500000046,0.002097152000000001,0.00044716525133610505,0.00044716525133610505,0,1.8963607882366489,0.0009014391093029772,0.0009014391093029772,0,2.6085801461599867,9.518163996564953,-6.90958385,TRUE,FALSE,21,66.9119885,397,2.589558444786573,12,1.753509372590844,1.696694731853049,1.9439136323804969,2.1380042429331474,2.2520463731258133,2.254449668413002,2.287907451186606,2.221880933769832,2.6152529130979816,2.9312394309893577,3.2019779272491875,3.757555984163321
410,1363.3880325999999,3.5502404999999726,0.002097152000000001,0.00044351134319085334,0.00044351134319085334,0,1.886001181187202,0.0009030505072394304,0.0009030505072394304,0,2.611558070618026,9.518163996564953,-6.906605926,TRUE,FALSE,21,66.9119885,397,2.589558444786573,13,1.7322959480581455,1.69518160828224,1.9257163017167642,2.1321127241380498,2.2522911645899852,2.249879394252851,2.2785220285758587,2.215521716590835,2.6510564263762424,2.9175244541066614,3.2233957113753515,3.748893686510492
411,1366.9942668999997,3.563891399999875,0.002097152000000001,0.0004436418314317925,0.0004436418314317925,0,1.8840341903102256,0.0008915203269626676,0.0008915203269626676,0,2.5912676364267644,9.518163996564953,-6.92689636,TRUE,FALSE,21,66.9119885,397,2.589558444786573,14,1.7282156555539596,1.6832401407759772,1.9289066041102598,2.139966909682436,2.2564884768549103,2.2527469869733108,2.2759437858666325,2.19531157319441,2.603377957182594,2.8880618401897538,3.212239855932146,3.740818082012598
412,1370.6138191999999,3.5748967000001812,0.002097152000000001,0.0004370476802671099,0.0004370476802671099,0,1.8692916758482492,0.0008950839030735912,0.0008950839030735912,0,2.6033819874819586,9.518163996564953,-6.914782009,TRUE,FALSE,21,66.9119885,397,2.589558444786573,15,1.7206944780315911,1.670588985341391,1.9030773197763116,2.1258314553039224,2.2377194972924404,2.2395428265946165,2.3070098425594066,2.2174039810054933,2.6095001082991884,2.884322600467131,3.1965560411875753,3.7399275393548725
413,1374.297568,3.639617600000065,0.002097152000000001,0.0004391029750060912,0.0004391029750060912,0,1.8776633097477038,0.0009019200818971332,0.0009019200818971332,0,2.612508876940223,9.518163996564953,-6.90565512,TRUE,FALSE,21,66.9119885,397,2.589558444786573,16,1.7290067698289324,1.684885663948284,1.9214514015988498,2.1177328305213567,2.2394757751517056,2.235157688403002,2.3293988779468506,2.209353082059601,2.621576603487603,2.875912596043956,3.2277476028808567,3.754858137586285
414,1377.9349889999999,3.597200100000009,0.002097152000000001,0.00044391758898061943,0.00044391758898061943,0,1.891221934935467,0.0009069210228865732,0.0009069210228865732,0,2.6159401957284425,9.518163996564953,-6.902223801,TRUE,FALSE,21,66.9119885,397,2.589558444786573,17,1.7502867185696176,1.6937825695474842,1.9433877247071,2.1243683103533546,2.244357599787462,2.239273828597309,2.265980533082264,2.2450774791177794,2.6334089738548463,2.9358597010493184,3.2195375910365023,3.766081281577686
415,1381.55915,3.5786591999999473,0.002097152000000001,0.0004534641974757045,0.0004534641974757045,0,1.9159253294318845,0.0009321918886163607,0.0009321918886163607,0,2.667777391199159,9.518163996564953,-6.850386605,TRUE,FALSE,21,66.9119885,397,2.589558444786573,18,1.777726105578904,1.72462291718982,1.9720426293213404,2.135565259353055,2.2514110126307396,2.2643562524959697,2.3922902362124137,2.2904125373527013,2.665468323170696,2.9393439119586193,3.2419635287577195,3.7865809901837237
416,1385.1795415000001,3.5714692999999897,0.002097152000000001,0.0004580305717878881,0.0004580305717878881,0,1.9226166431123959,0.0009122082493182659,0.0009122082493182659,0,2.6322071468389745,9.518163996564953,-6.88595685,TRUE,FALSE,21,66.9119885,397,2.589558444786573,19,1.7859465791623896,1.7266330304264121,1.968526360551213,2.1478360815963504,2.2859757832143868,2.270815250353147,2.3528040941423787,2.2312086615794127,2.649220569397981,2.8938505900036557,3.2345560920629173,3.7611698827921693
417,1388.7969841999998,3.5745205000000624,0.002097152000000001,0.00044330980763696617,0.00044330980763696617,0,1.8837240666942017,0.0008961206123883332,0.0008961206123883332,0,2.5953955797483412,9.518163996564953,-6.922768417,TRUE,FALSE,21,66.9119885,397,2.589558444786573,20,1.735330142783682,1.6866337009613812,1.915219206413902,2.1409458543959774,2.2471272671329876,2.2590461938417303,2.2733669503772265,2.198493498517094,2.5996165522730297,2.9061152924075793,3.212612792648269,3.7663586312761406
418,1392.2563507999998,3.4204920999998194,0.002097152000000001,0.00044635513066803006,0.00044635513066803006,0,1.897454325976252,0.0009226588330237694,0.0009226588330237694,0,2.6527773422557734,9.518163996564953,-6.865386654,TRUE,FALSE,21,66.9119885,397,2.589558444786573,21,1.7586620765458865,1.706868506892842,1.9420495582328279,2.122655326995685,2.2473670823395677,2.2503447735545916,2.354905256212724,2.2839651479745324,2.671780606661851,2.892638014550614,3.2252313242667383,3.7920539277392806
419,1395.8095731999997,3.515049900000122,0.001677721600000001,0.0004170321540952566,0.0004170321540952566,0,1.8335462599390708,0.0008640779371961097,0.0008640779371961097,0,2.5563288855652404,9.518163996564953,-6.961835111,TRUE,FALSE,21,66.9119885,419,2.5563288855652404,0,1.699383771462278,1.6520469494164076,1.870202920289029,2.0690669634760224,2.1640730553381187,2.1665486256781565,2.259133411192887,2.182144108464199,2.555334777386021,2.8408289892638035,3.132068175158615,3.6847718943348093
420,1399.3927978000002,3.5158146999999644,0.001677721600000001,0.0003994907744521621,0.0003994907744521621,0,1.78884797742929,0.00085880851760996,0.00085880851760996,0,2.5385209058083813,9.518163996564953,-6.979643091,TRUE,FALSE,21,66.9119885,420,2.5385209058083813,0,1.651957049514025,1.5997167080017656,1.8217713268713687,2.0423282853168674,2.127977822575824,2.1268525813677384,2.2206783319398444,2.1502351814801512,2.5402746478638973,2.8232680803145986,3.1641309877034285,3.695756396406246
421,1403.0024387999997,3.538476599999967,0.001677721600000001,0.00039724591491509606,0.00039724591491509606,0,1.7808255779640587,0.0008692129882034355,0.0008692129882034355,0,2.5665086748228982,9.518163996564953,-6.951655322,TRUE,FALSE,21,66.9119885,420,2.5385209058083813,1,1.639036809319035,1.5884159371030844,1.812958080692801,2.0364553191716106,2.1293612920127543,2.1316068251190745,2.268178502692967,2.1971910865798283,2.5696755187246465,2.8371215672240844,3.1419378402827083,3.6936890308306984
422,1406.6384275999999,3.5938856000000214,0.001677721600000001,0.0004032597048927294,0.0004032597048927294,0,1.7998295809445022,0.0008817254414831977,0.0008817254414831977,0,2.594541969778426,9.518163996564953,-6.923622027,TRUE,FALSE,21,66.9119885,420,2.5385209058083813,2,1.6607766337878624,1.617158342562746,1.8356552094573768,2.0481382968432484,2.130826876425943,2.133249396185429,2.3212464188671746,2.227269041224905,2.60276066350228,2.847694747221147,3.145341333087122,3.6927955074554957
423,1410.2041264999998,3.5246173000000454,0.001677721600000001,0.0004120065370810712,0.0004120065370810712,0,1.8269506401717852,0.000867367718820565,0.000867367718820565,0,2.5607052463496105,9.518163996564953,-6.95745875,TRUE,FALSE,21,66.9119885,420,2.5385209058083813,3,1.7047108238803221,1.6451526458097019,1.8715956746275793,2.0492307660598708,2.1398310911436083,2.141488885434195,2.260723384967731,2.1781098635904916,2.567076261588206,2.856352659405043,3.1377577863927044,3.6894056408721667
424,1413.844708,3.593085199999905,0.001677721600000001,0.00041233667976812175,0.00041233667976812175,0,1.8279456885097505,0.0008650021170969593,0.0008650021170969593,0,2.5522939500201733,9.518163996564953,-6.965870047,TRUE,FALSE,21,66.9119885,420,2.5385209058083813,4,1.701315999285229,1.6504174029857617,1.8732070465904878,2.0499134190740236,2.1440912680314614,2.1379594272784535,2.248199291610908,2.171416913129824,2.5399338666667854,2.8571135024404057,3.1373609970237415,3.704221279553901
425,1417.48149,3.5958431999999902,0.001677721600000001,0.0004070236234065456,0.0004070236234065456,0,1.8110240230375192,0.000873558812728952,0.000873558812728952,0,2.57378689402277,9.518163996564953,-6.944377103,TRUE,FALSE,21,66.9119885,420,2.5385209058083813,5,1.6791309115144815,1.6325855259640483,1.8432536141489813,2.0493797669465983,2.138991175880823,2.136186810841328,2.2745316469177634,2.1997873552087768,2.5884969914226073,2.8313866507614103,3.1657348357846358,3.6924716983653036
426,1421.055163,3.5338354999998955,0.001677721600000001,0.0004109088427832136,0.0004109088427832136,0,1.820807078472623,0.0008828674004901882,0.0008828674004901882,0,2.5973638885688954,9.518163996564953,-6.920800108,TRUE,FALSE,21,66.9119885,420,2.5385209058083813,6,1.695117849500357,1.635767664324133,1.8582684970192835,2.0511736863189354,2.148670174770701,2.1467031869142863,2.317049525252878,2.2392867156075775,2.6082352920412157,2.8414885499975453,3.1505116605621857,3.6917185895661486
427,1424.639535,3.542748000000074,0.001677721600000001,0.00041120516593044765,0.00041120516593044765,0,1.821916423404609,0.0008622417236022777,0.0008622417236022777,0,2.5484727454719702,9.518163996564953,-6.969691251,TRUE,FALSE,21,66.9119885,420,2.5385209058083813,7,1.6893720194101156,1.6412341340037457,1.864421382758478,2.0484824354154925,2.144610313446537,2.1524386248513285,2.2262401401111633,2.176160571030313,2.5515850915026803,2.8420512562871685,3.1455753567027145,3.6916281376973608
428,1428.207287,3.5265260999999555,0.001677721600000001,0.00040122122815760923,0.00040122122815760923,0,1.7928089832661185,0.0008639344605004385,0.0008639344605004385,0,2.551102774689696,9.518163996564953,-6.967061222,TRUE,FALSE,21,66.9119885,420,2.5385209058083813,8,1.6532049418875532,1.6056045929737275,1.82583585900468,2.043080764321554,2.1283151266134333,2.1404598867418034,2.228753718732977,2.1783062354828,2.5540486546732173,2.84611673730823,3.15338102645318,3.6905957808638576
429,1431.77992,3.531305000000202,0.001677721600000001,0.0004077554266591112,0.0004077554266591112,0,1.8134646274349429,0.0008644826404698043,0.0008644826404698043,0,2.555455542975053,9.518163996564953,-6.962708454,TRUE,FALSE,21,66.9119885,420,2.5385209058083813,9,1.678821941353217,1.6340035058453963,1.8539717488782717,2.0470055297314693,2.1421478162413106,2.135681841733295,2.2621594830367915,2.173981336292149,2.552075477000162,2.836855451521491,3.14535639531473,3.6882500201703734
430,1435.3880098999998,3.565644099999872,0.001677721600000001,0.0004048066457420441,0.0004048066457420441,0,1.8026335151633006,0.0008567383094454546,0.0008567383094454546,0,2.538478411052424,9.518163996564953,-6.979685586,TRUE,FALSE,21,66.9119885,430,2.538478411052424,0,1.6680907945394026,1.6139981434894652,1.8376788892006297,2.0485517997733553,2.1377864217116724,2.142091734854967,2.221208090274168,2.151963828394796,2.545357537034396,2.8487171815898917,3.1369121208286472,3.677600141530149
431,1438.927533,3.480046399999992,0.001677721600000001,0.0003964066084116315,0.0003964066084116315,0,1.7793362413916203,0.0008588280451169826,0.0008588280451169826,0,2.541541495083703,9.518163996564953,-6.976622501,TRUE,FALSE,21,66.9119885,430,2.538478411052424,1,1.6379397137992542,1.5912466621538834,1.806643088042343,2.035358244296372,2.125564039445264,2.1290940630531696,2.2361467558080075,2.161120140437581,2.5304977945024807,2.8290444189081754,3.149787539016745,3.689511020673701
432,1442.4640325999999,3.4947222000000693,0.001677721600000001,0.00040290780614962024,0.00040290780614962024,0,1.7914393528653476,0.0008678072170090427,0.0008678072170090427,0,2.5541316637659057,9.518163996564953,-6.964032333,TRUE,FALSE,21,66.9119885,430,2.538478411052424,2,1.6462897737614928,1.5951849380416387,1.8191629808122247,2.0565890324203773,2.1522851245709704,2.1496263495741497,2.2456808448238976,2.1673023047534725,2.5441618935756884,2.855705554310629,3.1635266908711603,3.708414035591097
433,1445.9746096999997,3.4702193999999054,0.001677721600000001,0.0004052152474374986,0.0004052152474374986,0,1.7941750682123054,0.0008617886140272845,0.0008617886140272845,0,2.543062560075872,9.518163996564953,-6.975101436,TRUE,FALSE,21,66.9119885,430,2.538478411052424,3,1.6437296587884263,1.5980362955457394,1.817039300590241,2.0614479720383505,2.1682677299052244,2.1623471849545113,2.212544286189983,2.147499269153055,2.562428806292765,2.8587651855368845,3.1493585623898555,3.696931839766339
434,1449.504425,3.4892778000000817,0.001677721600000001,0.00040698997508639776,0.00040698997508639776,0,1.8058941182583055,0.0008697521246961884,0.0008697521246961884,0,2.5613313347670505,9.518163996564953,-6.956832662,TRUE,FALSE,21,66.9119885,430,2.538478411052424,4,1.6630352463648517,1.6165062632829366,1.8444890295558323,2.052549666556987,2.1509631545633305,2.1523331249012436,2.2623552272763656,2.17854706208963,2.552532732433241,2.8576833276963964,3.150261901959176,3.706467745926002
435,1453.059129,3.511889999999994,0.001677721600000001,0.00040944641711665133,0.00040944641711665133,0,1.812338511676691,0.000868272882180055,0.000868272882180055,0,2.5594483102706107,9.518163996564953,-6.958715686,TRUE,FALSE,21,66.9119885,430,2.538478411052424,5,1.6693792918787829,1.6292099666178284,1.8460224995624421,2.0540040028292434,2.1527684394111417,2.1632292553489796,2.2445241248923162,2.1895170285550476,2.5582468514848307,2.8398828543987795,3.160718050881338,3.7005465072915253
436,1456.617101,3.516497999999956,0.001677721600000001,0.00040865383703791563,0.00040865383703791563,0,1.808255958909014,0.0008710672087197268,0.0008710672087197268,0,2.562889012572496,9.518163996564953,-6.955274984,TRUE,FALSE,21,66.9119885,430,2.538478411052424,6,1.6585155670899017,1.6235751500371733,1.8438054197056117,2.049562743446765,2.160367333443863,2.1671364900085224,2.2395010569357705,2.2041585866739357,2.550202137513947,2.856563829706378,3.151174058960386,3.7154557614516417
437,1460.2043770999999,3.5405812999999853,0.001677721600000001,0.0004059594469940769,0.0004059594469940769,0,1.80124460868626,0.0008594876309914036,0.0008594876309914036,0,2.544582575915841,9.518163996564953,-6.973581421,TRUE,FALSE,21,66.9119885,430,2.538478411052424,7,1.657220697312494,1.6097239862155486,1.8342106188864358,2.0523207823623566,2.1571667098054927,2.1537332216582805,2.224171205951475,2.170955578558216,2.5491315800509335,2.8363324833512005,3.14205446560403,3.6851403190306
438,1463.771028,3.5179485999999542,0.001677721600000001,0.0004057324962851442,0.0004057324962851442,0,1.8015463779550185,0.0008594960803934807,0.0008594960803934807,0,2.54003969433559,9.518163996564953,-6.978124302,TRUE,FALSE,21,66.9119885,430,2.538478411052424,8,1.6601174942360082,1.6075130204598596,1.8379700281269797,2.05204228375451,2.1540594800132395,2.1502612229825995,2.2374153556828102,2.1396357947276967,2.536140925074898,2.8483392590528513,3.145183256795408,3.696407341321639
439,1467.413427,3.593478600000026,0.001677721600000001,0.0004032598826533742,0.0004032598826533742,0,1.7934358301373257,0.0008632482797866929,0.0008632482797866929,0,2.5497335110610755,9.518163996564953,-6.968430486,TRUE,FALSE,21,66.9119885,430,2.538478411052424,9,1.6488018217443612,1.5971478634501817,1.8261878842251784,2.051612417463599,2.1454983424124716,2.156372916017558,2.2348220350868213,2.175943404703732,2.545910862075303,2.8300328761306734,3.153788275053858,3.701262178477445
440,1470.9947208999997,3.5418458999999984,0.001677721600000001,0.0004050986641574731,0.0004050986641574731,0,1.802283489854113,0.000862647187168254,0.000862647187168254,0,2.5500294330391022,9.518163996564953,-6.968134564,TRUE,FALSE,21,66.9119885,430,2.538478411052424,10,1.662623302811666,1.6110926584700462,1.8425071119113074,2.048032942404755,2.146309131530187,2.143175990558622,2.238454441312308,2.1761262612425636,2.545224606707424,2.8437388456653454,3.1433745837270517,3.691831716394378
441,1474.5724827999998,3.5326325999999426,0.001677721600000001,0.00040732666375147827,0.00040732666375147827,0,1.8000340394745862,0.0008635910392471273,0.0008635910392471273,0,2.5456342951843856,9.518163996564953,-6.972529701,TRUE,FALSE,21,66.9119885,430,2.538478411052424,11,1.6462577175879494,1.6070969185253345,1.8253558540384307,2.068197577742931,2.1682305769221,2.167552570124935,2.2141081352111733,2.1581986260619193,2.556411622860022,2.8491412870608572,3.1623514486294053,3.7030910490589535
442,1478.1681924999998,3.552564400000165,0.0013421772800000008,0.00038069188368769675,0.00038069188368769675,0,1.74096740546899,0.0008326332303443256,0.0008326332303443256,0,2.5015057790674327,9.518163996564953,-7.016658217,TRUE,FALSE,21,66.9119885,442,2.5015057790674327,0,1.5973290031367742,1.5489872233349447,1.7724252934169265,2.001717007561694,2.086394673527515,2.090758841263618,2.202573008670924,2.114043107488311,2.4993100994795734,2.788643777162861,3.086781889498148,3.6487485473556553
443,1481.784852,3.5567045000000235,0.0013421772800000008,0.0003742330468500304,0.0003742330468500304,0,1.7270819742177788,0.0008300286906111628,0.0008300286906111628,0,2.496142590115135,9.518163996564953,-7.022021406,TRUE,FALSE,21,66.9119885,443,2.496142590115135,0,1.5890427558538547,1.5391024462102896,1.7542481264536298,1.985756983899557,2.0683304437261416,2.065106138888956,2.187109791392258,2.114118445945286,2.492769716874678,2.792018741872262,3.0853214526307897,3.642141000604894
444,1485.399295,3.5458763999999974,0.0013421772800000008,0.0003774211578504577,0.0003774211578504577,0,1.7367851576334672,0.0008373730463332533,0.0008373730463332533,0,2.5135193703270353,9.518163996564953,-7.004644626,TRUE,FALSE,21,66.9119885,443,2.496142590115135,1,1.601083643475704,1.5506757823937507,1.7673718996393375,1.9897080118939636,2.073970620163586,2.066858139235059,2.2203241633750928,2.134125823478818,2.515840060624306,2.7865006090218833,3.0967234428728183,3.6386022503009556
445,1488.9841479000002,3.5389390000000276,0.0013421772800000008,0.0003747313968938863,0.0003747313968938863,0,1.730021821662685,0.0008346537178560982,0.0008346537178560982,0,2.504721781310885,9.518163996564953,-7.013442215,TRUE,FALSE,21,66.9119885,443,2.496142590115135,2,1.59380303612634,1.5458654041328341,1.7569383065542823,1.9863375397357652,2.066101663578797,2.0605378468907904,2.2021897207201047,2.1165056099067585,2.509695698332268,2.786198696581251,3.1065891757928012,3.640525114851856
446,1492.564044,3.5318569000000934,0.0013421772800000008,0.0003746878505378353,0.0003746878505378353,0,1.7309368974958896,0.0008328414026803815,0.0008328414026803815,0,2.5023400415595294,9.518163996564953,-7.015823955,TRUE,FALSE,21,66.9119885,443,2.496142590115135,3,1.594499221784284,1.54672092243031,1.7634660128786201,1.9820405968811743,2.062187679784725,2.060719937792818,2.19745382806783,2.1236064936350125,2.496316886906008,2.7971144932159158,3.0789758822105115,3.649012193996795
447,1496.1414068999998,3.5298044999999547,0.0013421772800000008,0.0003750157719863526,0.0003750157719863526,0,1.7305910934016886,0.000834769685514843,0.000834769685514843,0,2.5068795984237005,9.518163996564953,-7.011284398,TRUE,FALSE,21,66.9119885,443,2.496142590115135,4,1.597445967446319,1.5433419480369903,1.756808803903932,1.9895164550576192,2.0612606554930517,2.065253188957697,2.194097249127395,2.1259146035881344,2.5210230708607697,2.7947633533089147,3.0865054261935865,3.6431212217254707
448,1499.747479,3.565386399999852,0.0013421772800000008,0.000379101359160291,0.000379101359160291,0,1.7437128430386504,0.0008318857983912604,0.0008318857983912604,0,2.499444652486214,9.518163996564953,-7.018719344,TRUE,FALSE,21,66.9119885,443,2.496142590115135,5,1.6093664734411577,1.5629124157047658,1.7778147750504032,1.9896949737706922,2.068140003624081,2.0679147526216033,2.1832500923760763,2.1235426371343804,2.498418637459964,2.79049881595321,3.0856027218839968,3.6501414576480693
449,1503.313167,3.5231074000000717,0.0013421772800000008,0.00037778954908767584,0.00037778954908767584,0,1.7401852633421488,0.0008350499440247581,0.0008350499440247581,0,2.509217277244379,9.518163996564953,-7.008946719,TRUE,FALSE,21,66.9119885,443,2.496142590115135,6,1.6041968399820465,1.5596690726028053,1.7742653277728695,1.9876645278866665,2.0683460156645364,2.0623869216883683,2.19726842731747,2.1321653407635415,2.5268159908151118,2.7829245451299274,3.0826713515642736,3.6476353171359563
450,1506.8856019999998,3.531258199999911,0.0013421772800000008,0.00037947015285992136,0.00037947015285992136,0,1.7453216051671088,0.0008420579858412228,0.0008420579858412228,0,2.52131546894567,9.518163996564953,-6.996848528,TRUE,FALSE,21,66.9119885,443,2.496142590115135,7,1.6109989229067305,1.5655944987726231,1.781391187087054,1.9880937995805172,2.0723622999471187,2.0632654030463398,2.2300213109330653,2.145472194330474,2.5138895778776873,2.809700741637664,3.103494589476097,3.6386903650122613
451,1510.4978275999997,3.564773400000149,0.0013421772800000008,0.00038251787450540003,0.00038251787450540003,0,1.7529524197962525,0.0008373515919316222,0.0008373515919316222,0,2.5055496278601908,9.518163996564953,-7.012614369,TRUE,FALSE,21,66.9119885,443,2.496142590115135,8,1.6224653289033504,1.5738636964757364,1.7844070649079637,1.993561949358057,2.075975094924369,2.0761618489683586,2.205131847783867,2.1148487055467693,2.488286795151573,2.8192656272821406,3.0931672778385755,3.663502737672375
452,1514.1282989000001,3.5811043000001064,0.0013421772800000008,0.00038108969931355073,0.00038108969931355073,0,1.7518551011478911,0.0008389078794510305,0.0008389078794510305,0,2.516550974286307,9.518163996564953,-7.001613022,TRUE,FALSE,21,66.9119885,443,2.496142590115135,9,1.6234963823261475,1.575879000311263,1.787640290943129,1.9836126306680837,2.069663144107847,2.0658598229713867,2.2211622516956093,2.146969880984943,2.5075886695054272,2.7989910827113778,3.0934481058243275,3.6408211889753037
453,1517.7177299999998,3.5410491000000093,0.0013421772800000008,0.0003801332216117377,0.0003801332216117377,0,1.749535578796399,0.0008310420155515589,0.0008310420155515589,0,2.497187379539782,9.518163996564953,-7.020976617,TRUE,FALSE,21,66.9119885,443,2.496142590115135,10,1.6203544425024554,1.5736644173558134,1.784840379783734,1.988557592492663,2.0628281079418334,2.0616749158331964,2.1936299283264282,2.1103840094726425,2.492391900208761,2.783413431443046,3.0881323612712563,3.653398264521456
454,1521.298383,3.5340790000000197,0.0013421772800000008,0.0003790388570554818,0.0003790388570554818,0,1.7431306649730847,0.000844036257123674,0.000844036257123674,0,2.5209387040059417,9.518163996564953,-6.997225293,TRUE,FALSE,21,66.9119885,443,2.496142590115135,11,1.610778035809473,1.5643468426691527,1.7697896372167625,1.9885166516309691,2.0688089655329422,2.0725387859564184,2.205703572041656,2.1510408924666686,2.5186031803847904,2.8102148210655953,3.1075040973739596,3.6625918502799655
455,1524.8866487999999,3.5469368000001396,0.0013421772800000008,0.0003813346846479005,0.0003813346846479005,0,1.7466969503659606,0.0008397269358619943,0.0008397269358619943,0,2.510391079385911,9.518163996564953,-7.007772917,TRUE,FALSE,21,66.9119885,443,2.496142590115135,12,1.609579558171457,1.5608511108260776,1.7808356127739924,1.9923038625483627,2.0835996552044067,2.082078056446501,2.1870480863211275,2.1433721520438693,2.4968479027917723,2.8051021200684922,3.086035621587612,3.685649169562298
456,1528.445814,3.5177840000001197,0.0013421772800000008,0.0003824355894107368,0.0003824355894107368,0,1.7546943585597041,0.0008298330584805938,0.0008298330584805938,0,2.495782117386996,9.518163996564953,-7.022381879,TRUE,FALSE,21,66.9119885,456,2.495782117386996,0,1.623505829852681,1.5815273670138963,1.7880430000973013,1.9878400643065441,2.071867221211949,2.0730767369527268,2.203310574431906,2.1036164314047734,2.4855897366123885,2.791723496344819,3.0847879011249404,3.641991502206545
457,1532.0305638999998,3.5239615000000413,0.0013421772800000008,0.00037884807909871097,0.00037884807909871097,0,1.7440714316341852,0.0008389232638268343,0.0008389232638268343,0,2.513902024786275,9.518163996564953,-7.004261972,TRUE,FALSE,21,66.9119885,456,2.495782117386996,1,1.6153444392645586,1.5646401445193088,1.773269943066771,1.986911772923004,2.068246224631187,2.063984408677042,2.2124804709849943,2.1320910712979826,2.5136883531734604,2.813876013546118,3.0876881190263306,3.648081059967887
458,1535.5769162000001,3.4970060999999077,0.0013421772800000008,0.00037538299084979436,0.00037538299084979436,0,1.7311489263614168,0.000834319721764594,0.000834319721764594,0,2.508489852517432,9.518163996564953,-7.009674144,TRUE,FALSE,21,66.9119885,456,2.495782117386996,2,1.5927483021364894,1.5477002279808372,1.7575882521828092,1.9859669214264342,2.0708057854785276,2.0652917396812054,2.2150227009803283,2.136282581231749,2.5004431434336643,2.7791854270779464,3.082237085845911,3.6462346520931046
459,1539.1330534999997,3.5098709999999755,0.0013421772800000008,0.0003752453917983003,0.0003752453917983003,0,1.7301790641973662,0.0008323678914161473,0.0008323678914161473,0,2.496479040292261,9.518163996564953,-7.021684956,TRUE,FALSE,21,66.9119885,456,2.495782117386996,3,1.591953754476676,1.5429207854120663,1.760205938836129,1.9795209191877625,2.0750424931381217,2.068591459207525,2.1845004356811226,2.1087167150657105,2.48513238112779,2.8101401703321547,3.100196855264599,3.6470998968699875
460,1542.7718559999998,3.594971199999918,0.0013421772800000008,0.00037653698948521806,0.00037653698948521806,0,1.734294465240713,0.0008263750090914951,0.0008263750090914951,0,2.4885078893026074,9.518163996564953,-7.029656107,TRUE,FALSE,21,66.9119885,460,2.4885078893026074,0,1.598014047059726,1.5459117757211946,1.766844423018854,1.9854098419988726,2.074243612242769,2.067579545636006,2.176109774447114,2.1092614436554626,2.4774088672517056,2.7848515898707253,3.079016777036461,3.6470205632393045
461,1546.360378,3.5297860000000583,0.0013421772800000008,0.0003725339290372956,0.0003725339290372956,0,1.7253388742180742,0.0008350110890876292,0.0008350110890876292,0,2.5117924329700796,9.518163996564953,-7.006371564,TRUE,FALSE,21,66.9119885,460,2.4885078893026074,1,1.588541552853338,1.541487108066592,1.755557310180133,1.9766258419587581,2.0627269529968357,2.0537372952586197,2.2083998485652083,2.139681542292135,2.528304866281881,2.7675666230838827,3.0893105248388943,3.6369883905673563
462,1549.957537,3.5542861000001267,0.0013421772800000008,0.0003763269375804395,0.0003763269375804395,0,1.7352553595903857,0.0008337440973985362,0.0008337440973985362,0,2.502953904972478,9.518163996564953,-7.015210092,TRUE,FALSE,21,66.9119885,460,2.4885078893026074,2,1.6001804968043956,1.5546069248491432,1.7631590298155055,1.979732783837236,2.0740565374149518,2.0626962067499113,2.19441491600477,2.122596798778841,2.498830829494294,2.800996438142561,3.085617195057286,3.649613869396357
463,1553.534517,3.5356367000001683,0.0013421772800000008,0.0003753903105868214,0.0003753903105868214,0,1.7304761989679236,0.0008329363191694341,0.0008329363191694341,0,2.4986458197144676,9.518163996564953,-7.019518177,TRUE,FALSE,21,66.9119885,460,2.4885078893026074,3,1.591442786721714,1.5447922329801362,1.7577789011215625,1.9845906737602794,2.070243196993676,2.0717641531469795,2.188313318203208,2.1169172885187613,2.483840490472937,2.8041000332149775,3.0935318310750493,3.654095225188276
464,1557.169311,3.5842402000000675,0.0013421772800000008,0.00037476323990462857,0.00037476323990462857,0,1.7290555596960178,0.0008319680607848889,0.0008319680607848889,0,2.4986845959277786,9.518163996564953,-7.019479401,TRUE,FALSE,21,66.9119885,460,2.4885078893026074,4,1.589914726733306,1.5430600348082124,1.756586044009126,1.987066618331244,2.066875197637973,2.067850320541279,2.1890508291995885,2.114406945450159,2.494599907429624,2.798174864966484,3.094519324067567,3.6437806852364565
465,1560.6723422999999,3.4545893000001797,0.0013421772800000008,0.0003813772048402292,0.0003813772048402292,0,1.7552525016264968,0.0008423830000182421,0.0008423830000182421,0,2.5259246722914463,9.518163996564953,-6.992239324,TRUE,FALSE,21,66.9119885,460,2.4885078893026074,5,1.6274105430508112,1.5846310098231502,1.7937300926952646,1.9835851427816271,2.061521875901309,2.0611589411096647,2.224643229629035,2.177389372915086,2.5159952400802337,2.7876319471168496,3.0854833074592904,3.6515605720972726
466,1564.24776,3.5324966000000586,0.0013421772800000008,0.0003896436862119085,0.0003896436862119085,0,1.7783448742849701,0.0008730748759183297,0.0008730748759183297,0,2.5952470502283007,9.518163996564953,-6.922916946,TRUE,FALSE,21,66.9119885,460,2.4885078893026074,6,1.6588792968267323,1.6105896650636375,1.8188189563240582,1.9872802908209248,2.0814308541740845,2.0758319344699627,2.3580052207454387,2.246108860227372,2.5998872825039414,2.8123131379428923,3.099774307119937,3.6484051047621917
467,1567.4573747999998,3.1672737000001234,0.0013421772800000008,0.0003880746776482619,0.0003880746776482619,0,1.7769002754364862,0.0008408405116498398,0.0008408405116498398,0,2.5236050923410227,9.518163996564953,-6.994558904,TRUE,FALSE,21,66.9119885,460,2.4885078893026074,7,1.6608748129005153,1.6104321547758704,1.819829209243579,1.9871947102649385,2.0691282399898996,2.0633808194302214,2.228230896512883,2.1698919570166715,2.5137021133061026,2.7834014160008382,3.092284608472734,3.6425948700660666
468,1570.7281530999999,3.2350572000000284,0.0013421772800000008,0.0003844221838929025,0.0003844221838929025,0,1.7661500749959325,0.0008590928669232852,0.0008590928669232852,0,2.564499943640914,9.518163996564953,-6.953664053,TRUE,FALSE,21,66.9119885,460,2.4885078893026074,8,1.6483397946766545,1.59611448258332,1.8088118274111764,1.9759050243772465,2.0690150699280823,2.0590680783486714,2.298569952436216,2.1999629218378907,2.585130639163267,2.8081432755438414,3.0947077912263437,3.638418698454865
469,1574.15738,3.3875661000001855,0.0013421772800000008,0.0003852802760797465,0.0003852802760797465,0,1.7697450507296284,0.0008385056294281393,0.0008385056294281393,0,2.518749683698844,9.518163996564953,-6.999414313,TRUE,FALSE,21,66.9119885,460,2.4885078893026074,9,1.646761410274313,1.6039930700698466,1.8197594078920607,1.9758478166944013,2.0637408551930614,2.060568648364251,2.219015016866795,2.139014058280612,2.542486297856514,2.7901668468893677,3.0753602129265944,3.642626583624827
470,1577.6144507999998,3.422331299999996,0.0013421772800000008,0.00037774543789909987,0.00037774543789909987,0,1.7449570701929669,0.0008438850112874408,0.0008438850112874408,0,2.5325538158184413,9.518163996564953,-6.985610181,TRUE,FALSE,21,66.9119885,460,2.4885078893026074,10,1.6151181858530907,1.5702343454076613,1.7849758108625828,1.977299737782676,2.0568209363706966,2.0540828570308047,2.2428297129988333,2.1717011759267693,2.5440379682197136,2.786267848211698,3.087492469794606,3.6341005793830163
471,1581.039316,3.381153099999892,0.0013421772800000008,0.00038198729245510514,0.00038198729245510514,0,1.7565344228832214,0.000827997463586149,0.000827997463586149,0,2.4974475421833757,9.518163996564953,-7.020716454,TRUE,FALSE,21,66.9119885,460,2.4885078893026074,11,1.6349289413698658,1.580668964574141,1.7953824496570996,1.9746783723811623,2.069721919097693,2.065834115815723,2.189098776268634,2.1319193501531086,2.495203450119071,2.7710159533022845,3.0652092381965987,3.641609407649507
472,1584.422259,3.3443818000000647,0.0013421772800000008,0.00037064544150146935,0.00037064544150146935,0,1.7237514118628667,0.0008295029561936898,0.0008295029561936898,0,2.5020869956486385,9.518163996564953,-7.016077001,TRUE,FALSE,21,66.9119885,460,2.4885078893026074,12,1.590126550779014,1.5436770998837799,1.758334253143385,1.968006334353218,2.0456481108355673,2.045966491703075,2.1831328382408977,2.1491537699159857,2.5022113705326827,2.7839663786078073,3.0664784263742266,3.630302992787757
473,1587.8186845999999,3.3585582000000613,0.0013421772800000008,0.0003740021873307288,0.0003740021873307288,0,1.7318203985160774,0.0008290363768250758,0.0008290363768250758,0,2.4964150549118056,9.518163996564953,-7.021748942,TRUE,FALSE,21,66.9119885,460,2.4885078893026074,13,1.6055087785573192,1.5479440599773597,1.7623407995664253,1.9722064662733356,2.0619104571859155,2.051539842186316,2.181475183350627,2.126880567402843,2.493476295689499,2.7789179444208294,3.0826841556329327,3.6411969213217334
474,1591.264886,3.395750399999997,0.0013421772800000008,0.0003788162591737667,0.0003788162591737667,0,1.7489121743223375,0.0008445156783522026,0.0008445156783522026,0,2.5354007647151606,9.518163996564953,-6.982763232,TRUE,FALSE,21,66.9119885,460,2.4885078893026074,14,1.6254855131223267,1.5724563848741622,1.7899098704843213,1.9735874560569338,2.0585105013031386,2.0548655112785874,2.260503800288911,2.1848712890934556,2.5262029826263728,2.771645097256112,3.077935151632752,3.646645816659591
475,1594.7105864999999,3.408027299999958,0.0013421772800000008,0.00038345946917798976,0.00038345946917798976,0,1.7644287682673843,0.0008365008494933428,0.0008365008494933428,0,2.5077190922433386,9.518163996564953,-7.010444904,TRUE,FALSE,21,66.9119885,460,2.4885078893026074,15,1.646277251790171,1.599816842536326,1.8027868450289368,1.9718013382754467,2.062470158834741,2.059702371376003,2.1881235330723277,2.131232314644575,2.513936366580654,2.7979325551054264,3.084845458721186,3.663021453222335
476,1598.1604521999998,3.41145819999997,0.0013421772800000008,0.0003783795512887436,0.0003783795512887436,0,1.7462668765186478,0.0008338200312053995,0.0008338200312053995,0,2.508117389847364,9.518163996564953,-7.010046607,TRUE,FALSE,21,66.9119885,460,2.4885078893026074,16,1.6217512894134218,1.5714558723901404,1.778795547620498,1.976821413365392,2.0585871878328668,2.0600185015609687,2.208454945217349,2.1418270992622714,2.5008052970850585,2.7772092327347018,3.080816675163466,3.646588240298248
477,1601.644325,3.4425407000001087,0.0013421772800000008,0.000375838452482843,0.000375838452482843,0,1.735869686454406,0.0008319084840354529,0.0008319084840354529,0,2.5024906668214753,9.518163996564953,-7.01567333,TRUE,FALSE,21,66.9119885,460,2.4885078893026074,17,1.605112501723261,1.5566216329692562,1.764353102011944,1.9728386682251364,2.0617153221680264,2.0680188140590623,2.208435956097447,2.1250477171399624,2.488411887283308,2.7964184434026627,3.082413721452517,3.6357759671122056
478,1605.112954,3.429538500000035,0.0013421772800000008,0.00037343843137343553,0.00037343843137343553,0,1.729791819131959,0.0008241958728975893,0.0008241958728975893,0,2.4894593196101873,9.518163996564953,-7.028704677,TRUE,FALSE,21,66.9119885,460,2.4885078893026074,18,1.5930049865875109,1.5563196509887989,1.7562439705697688,1.9714973254169008,2.0543133788727928,2.061288842454285,2.1871467385665486,2.1205685317914864,2.4711179519718174,2.788723150285376,3.068346552576997,3.622356988216216
479,1608.580331,3.4208143999999265,0.0013421772800000008,0.000370312768226192,0.000370312768226192,0,1.7229253437522156,0.0008241421014568298,0.0008241421014568298,0,2.4897907009622364,9.518163996564953,-7.028373296,TRUE,FALSE,21,66.9119885,460,2.4885078893026074,19,1.5909065373567344,1.5460881550927186,1.7508700189828623,1.9658813284261136,2.051312368801842,2.0416301775383077,2.1888981295056777,2.1052878625485665,2.494903773192319,2.7753168622597135,3.0547525894868914,3.6373357747921804
480,1612.0331009000001,3.413756899999953,0.0013421772800000008,0.0003727011109999053,0.0003727011109999053,0,1.7304967721687607,0.0008298679857539523,0.0008298679857539523,0,2.4941348464797928,9.518163996564953,-7.02402915,TRUE,FALSE,21,66.9119885,460,2.4885078893026074,20,1.5986737549429604,1.5544960670390098,1.7655870378759604,1.9660838443481001,2.0522938729941016,2.045874436629317,2.1767347885358257,2.121143189830708,2.485191077689306,2.7708650918888864,3.1028224900579495,3.6503535690727764
481,1615.4912842999997,3.4235970999998244,0.0013421772800000008,0.0003739500295872512,0.0003739500295872512,0,1.7314901366516415,0.0008289079243667592,0.0008289079243667592,0,2.4964791619279354,9.518163996564953,-7.021684835,TRUE,FALSE,21,66.9119885,460,2.4885078893026074,21,1.6002109904629307,1.5512211284053223,1.7628006345281773,1.9693109832701203,2.0625101645277795,2.05507091139629,2.2012956286175998,2.1142165212761457,2.487886586026394,2.779527185508592,3.0914823602053594,3.630798020045152
482,1618.9662836999996,3.4349797999998373,0.0010737418240000006,0.0003565033813620618,0.0003565033813620618,0,1.6901369056722415,0.0008071871218607846,0.0008071871218607846,0,2.464694554721172,9.518163996564953,-7.053469442,TRUE,FALSE,21,66.9119885,482,2.464694554721172,0,1.5639235680162893,1.514448860872699,1.7146951757202422,1.9383759406788017,2.005162733712251,2.0009657904352043,2.1715005273834906,2.080545694512831,2.470844682207433,2.748455784227654,3.0211898437036613,3.597783629867693
483,1622.573816,3.5410408999996434,0.0010737418240000006,0.00035001047104080065,0.00035001047104080065,0,1.6745214099705321,0.0008118494711458601,0.0008118494711458601,0,2.4722904169092317,9.518163996564953,-7.04587358,TRUE,FALSE,21,66.9119885,482,2.464694554721172,1,1.5486431288917264,1.4995587442508658,1.7017779532349016,1.9182249310055415,1.9848938441808806,1.9853202484526593,2.1722229026529467,2.1010378809949244,2.4707258139189747,2.7476466576040917,3.0370516542778025,3.6076323058607738
484,1626.094583,3.4747521999997844,0.0010737418240000006,0.0003498372348276589,0.0003498372348276589,0,1.674277261241429,0.0008027621653758516,0.0008027621653758516,0,2.452298280772081,9.518163996564953,-7.065865716,TRUE,FALSE,21,66.9119885,484,2.452298280772081,0,1.5461912744213577,1.4993753954357427,1.705486225217644,1.9143928898062057,1.9857208715133288,1.9854773209951482,2.1418712040832433,2.072496371516872,2.448673888664452,2.75094943896217,3.0284021608457268,3.5980339284584257
485,1629.6377894999996,3.4791300000001684,0.0010737418240000006,0.000349832192504607,0.000349832192504607,0,1.6734225414883948,0.0008082695041183389,0.0008082695041183389,0,2.467466057165271,9.518163996564953,-7.050697939,TRUE,FALSE,21,66.9119885,484,2.452298280772081,1,1.5463204695128245,1.4970480991139967,1.7012813544756544,1.9169620552417765,1.9881594591105685,1.9863415562902678,2.174390188928273,2.1013791509032185,2.454514375109276,2.7472258937588205,3.02275878239903,3.5995003180737872
486,1633.130172,3.4499958000001243,0.0010737418240000006,0.000349564589629169,0.000349564589629169,0,1.6727311130440479,0.0008044987437435148,0.0008044987437435148,0,2.4560387205828325,9.518163996564953,-7.062125276,TRUE,FALSE,21,66.9119885,484,2.452298280772081,2,1.5445944103280136,1.498765006609333,1.6992878347233624,1.9135127556913347,1.9908822770518233,1.9845663035952987,2.1622406101372933,2.072153373651014,2.443232711674678,2.748136647287587,3.02490787980747,3.60540654172945
487,1636.60176,3.4310655999997834,0.0010737418240000006,0.0003497248920239674,0.0003497248920239674,0,1.6727530557735855,0.0008090254039421196,0.0008090254039421196,0,2.4676865050155325,9.518163996564953,-7.050477492,TRUE,FALSE,21,66.9119885,484,2.452298280772081,3,1.5441616244572356,1.4963221882021067,1.7005784271640974,1.9176828893354272,1.9881054357222372,1.9876953955806347,2.1607200357986893,2.0964380712967596,2.474034769537868,2.7461657225657943,3.029130888251616,3.602073245440144
488,1640.0004488999998,3.3602710999998635,0.0010737418240000006,0.00034814939827489225,0.00034814939827489225,0,1.6667698807726252,0.0008091123389012683,0.0008091123389012683,0,2.465363182872845,9.518163996564953,-7.052800814,TRUE,FALSE,21,66.9119885,484,2.452298280772081,4,1.5365581012531695,1.4891056198145487,1.6893847897910792,1.9177394391160076,1.9882523793921552,1.9878171983414388,2.168025617945429,2.0896463606879285,2.45546520041148,2.7443608674205717,3.036117349504125,3.6111080141734204
489,1643.4178892999998,3.3715078000000176,0.0010737418240000006,0.0003477341647991918,0.0003477341647991918,0,1.6661963918817975,0.0008032128740278503,0.0008032128740278503,0,2.4523151297359327,9.518163996564953,-7.065848867,TRUE,FALSE,21,66.9119885,484,2.452298280772081,5,1.5347032590813643,1.4885561673795054,1.6919811281427741,1.9172886383521923,1.9919553101576042,1.9789788258419219,2.1442470598112653,2.0746676412793468,2.441296754267359,2.7452480432670106,3.025142542877316,3.610136653861555
490,1646.8612524999999,3.4026506000000154,0.0010737418240000006,0.00034876599646957446,0.00034876599646957446,0,1.6683420516188232,0.0008064661216074047,0.0008064661216074047,0,2.460653961613513,9.518163996564953,-7.057510035,TRUE,FALSE,21,66.9119885,484,2.452298280772081,6,1.5383193595337725,1.490500841467477,1.6913640439024138,1.916561967930989,1.9929766342741442,1.9889831955417416,2.1601666429172393,2.0818660429507845,2.4569997556996137,2.740670056912565,3.0259314622744005,3.6114463807187787
491,1650.290944,3.3913258000002315,0.0010737418240000006,0.00034871718616681055,0.00034871718616681055,0,1.669433077221907,0.0008021926695196428,0.0008021926695196428,0,2.4525875749897086,9.518163996564953,-7.065576422,TRUE,FALSE,21,66.9119885,484,2.452298280772081,7,1.537390386768322,1.4949890859019828,1.6944658428497703,1.9200968613884206,1.9899342844486696,1.9819890055883853,2.150906729803474,2.0748287997220842,2.441609252363586,2.74816286062609,3.0239379264602237,3.595484525141008
492,1653.799986,3.4630546999997023,0.0010737418240000006,0.00034830161563845897,0.00034830161563845897,0,1.666488299590158,0.0008040500420168911,0.0008040500420168911,0,2.45373400688423,9.518163996564953,-7.06442999,TRUE,FALSE,21,66.9119885,484,2.452298280772081,8,1.5325205392015884,1.488993620460878,1.6902198918058595,1.9179038127356047,1.9942076193932616,1.9882576339917155,2.1511421528593626,2.075390191889036,2.438837897197328,2.7396820761384095,3.042281647008141,3.602874240707923
493,1657.232183,3.390433999999914,0.0010737418240000006,0.0003498938673683203,0.0003498938673683203,0,1.6744202346309842,0.0008035582129414507,0.0008035582129414507,0,2.4550159235095523,9.518163996564953,-7.063148073,TRUE,FALSE,21,66.9119885,484,2.452298280772081,9,1.5458184568866276,1.5010787234692162,1.7036423162758627,1.915309581600067,1.9865684160815953,1.9853838175820067,2.147913704573033,2.0758237873287575,2.452021835339575,2.756686032808823,3.0289086684158373,3.590219384851593
494,1660.654367,3.375057199999901,0.0010737418240000006,0.00034970842607852615,0.00034970842607852615,0,1.6710170264218844,0.000800030345942912,0.000800030345942912,0,2.447833251670234,9.518163996564953,-7.070330745,TRUE,FALSE,21,66.9119885,494,2.447833251670234,0,1.5414086735323138,1.491429742213632,1.6952798775886777,1.925494875396576,1.9961132427332537,1.984427341980265,2.134782769135909,2.0757623575676813,2.437584674976012,2.7435673791443813,3.027063304049513,3.593367869431674
495,1664.1198150999999,3.4071391000002222,0.0010737418240000006,0.00034733164236388386,0.00034733164236388386,0,1.6649832478994124,0.0008038608338943859,0.0008038608338943859,0,2.4540217493749865,9.518163996564953,-7.064142247,TRUE,FALSE,21,66.9119885,494,2.447833251670234,1,1.5343403980268173,1.4862496609505809,1.6910442553661613,1.9118724213080067,1.985696926001344,1.988310859003155,2.150775894885158,2.071172718221674,2.4477785637602967,2.7401836914385225,3.032144877587877,3.6072720511392666
496,1667.578775,3.4172168999998576,0.0010737418240000006,0.00034783595816271264,0.00034783595816271264,0,1.6662713943320528,0.0008051255077693572,0.0008051255077693572,0,2.4592063339212724,9.518163996564953,-7.058957663,TRUE,FALSE,21,66.9119885,494,2.447833251670234,2,1.5338113144956473,1.4892335827841334,1.6919753776004605,1.9155624208871798,1.987666353600495,1.9868402734547645,2.1471750752563326,2.0921278793370437,2.4562966594798388,2.743835628509016,3.037863536196697,3.590635788510841
497,1670.976654,3.3590595999999096,0.0010737418240000006,0.00035068521774354785,0.00035068521774354785,0,1.674241020267955,0.0008004893069981778,0.0008004893069981778,0,2.445553795492921,9.518163996564953,-7.072610201,TRUE,FALSE,21,66.9119885,497,2.445553795492921,0,1.5430098657993365,1.4958210003464834,1.7036766225462698,1.9195177849440002,1.9954834609854346,1.9926603657950195,2.134185065399035,2.0601076823638764,2.4352169477156393,2.756340293551621,3.0332285547591034,3.595982449159608
498,1674.4703115999996,3.4237920000000486,0.0010737418240000006,0.00034983577003377427,0.00034983577003377427,0,1.6718553577790827,0.0008070611595905482,0.0008070611595905482,0,2.464321421432124,9.518163996564953,-7.053842575,TRUE,FALSE,21,66.9119885,497,2.445553795492921,1,1.5391877243387588,1.496987152091906,1.6977113533511508,1.9154525767741337,1.9956306525443157,1.9915865107876431,2.1557575719509394,2.0890603504563927,2.4766224330562148,2.742727399143339,3.029606152844557,3.5967273470699133
499,1677.8987893999997,3.386811200000011,0.0010737418240000006,0.0003501109635196028,0.0003501109635196028,0,1.6726072032632104,0.0008061679362057966,0.0008061679362057966,0,2.45691618820799,9.518163996564953,-7.061247808,TRUE,FALSE,21,66.9119885,497,2.445553795492921,2,1.539465772812091,1.4941984443003868,1.7039648714810909,1.916401859497753,1.997741465812598,1.9898406629393022,2.137660446002819,2.074164364410965,2.4632254415615553,2.755926488256493,3.0418170406808307,3.60296218152356
500,1681.333476,3.394535100000212,0.0010737418240000006,0.0003485913516379899,0.0003485913516379899,0,1.6684396453092123,0.0008076329301673892,0.0008076329301673892,0,2.4635306962213317,9.518163996564953,-7.0546333,TRUE,FALSE,21,66.9119885,497,2.445553795492921,3,1.5359638545912662,1.491472566443811,1.6945198942927155,1.9182367353860492,1.9924044298649202,1.984925901286963,2.156230987233442,2.0925818388060553,2.462898527298398,2.736079786650876,3.0404455698350383,3.6036188010307266
