Case,Method,Point_Index,True_Strain,True_Stress
01_001_20.csv,BI,1,0.0,0.0
01_001_20.csv,BI,2,0.0001874824257014,12.818358153662112
01_001_20.csv,BI,3,0.0003749297083315,25.635706511819446
01_001_20.csv,BI,4,0.0005623418319753,38.45204466583655
01_001_20.csv,BI,5,0.0007497188970603,51.26737221369762
01_001_20.csv,BI,6,0.000937060800405,64.08169542893722
01_001_20.csv,BI,7,0.0011243676133349,76.895003414249
01_001_20.csv,BI,8,0.001311639407124,89.70730818780679
01_001_20.csv,BI,9,0.0014988761367548,102.51860648860884
01_001_20.csv,BI,10,0.0016860778153555,115.32888741711092
01_001_20.csv,BI,11,0.0018732443398492,128.13817062795587
01_001_20.csv,BI,12,0.0020603759557662,140.94644525561495
01_001_20.csv,BI,13,0.0022474724438391,153.7537080158419
01_001_20.csv,BI,14,0.0024345341656288,166.5599557092305
01_001_20.csv,BI,15,0.0026215606696539,179.36520030723696
01_001_20.csv,BI,16,0.0028085524334842,192.1694386457984
01_001_20.csv,BI,17,0.0029955090057975,204.97268269881053
01_001_20.csv,BI,18,0.0031824306318841,217.77491396468383
01_001_20.csv,BI,19,0.0033693175568537,230.57612925252437
01_001_20.csv,BI,20,0.0035561693296224,243.3763405270325
01_001_20.csv,BI,21,0.0037429861953284,256.17554460293644
01_001_20.csv,BI,22,0.0039297683989294,268.9737536256709
01_001_20.csv,BI,23,0.0041165154895796,281.7709336027366
01_001_20.csv,BI,24,0.0043032277122653,294.56714264752804
01_001_20.csv,BI,25,0.0044899050800047,307.3623162401645
01_001_20.csv,BI,26,0.0046765480692973,320.1564819452656
01_001_20.csv,BI,27,0.0048631557660827,332.9496669110731
01_001_20.csv,BI,28,0.0050497286469324,345.7417760537863
01_001_20.csv,BI,29,0.0052362667248354,358.53274475624954
01_001_20.csv,BI,30,0.0054227700127735,371.3222628873915
01_001_20.csv,BI,31,0.0056092389867777,384.10955992653095
01_001_20.csv,BI,32,0.0057956727336157,396.892820624382
01_001_20.csv,BI,33,0.0059820717293904,409.6685710661603
01_001_20.csv,BI,34,0.0061684359870545,422.4302639381793
01_001_20.csv,BI,35,0.0063547655195536,435.167200914334
01_001_20.csv,BI,36,0.0065410603398257,447.8638530010286
01_001_20.csv,BI,37,0.0067273209233412,460.49939540479465
01_001_20.csv,BI,38,0.0069135463578593,473.0478861408641
01_001_20.csv,BI,39,0.0070997371189219,485.4792460650282
01_001_20.csv,BI,40,0.0072858932194383,497.7632197604504
01_001_20.csv,BI,41,0.0074720146723108,509.87272696594346
01_001_20.csv,BI,42,0.0076581019525431,521.786049197476
01_001_20.csv,BI,43,0.0078441541487192,533.4871721327784
01_001_20.csv,BI,44,0.0080301712739777,544.9660074570281
01_001_20.csv,BI,45,0.0082161547270027,556.2183063870817
01_001_20.csv,BI,46,0.0084021035966148,567.2463401391544
01_001_20.csv,BI,47,0.0085880169723143,578.0576144086397
01_001_20.csv,BI,48,0.0087738967138422,588.664383281987
01_001_20.csv,BI,49,0.0089597409874974,599.0808786151831
01_001_20.csv,BI,50,0.00914555165232,609.3240553238707
01_001_20.csv,BI,51,0.0093313277979533,619.4121115109544
01_001_20.csv,BI,52,0.0095170685147195,629.3643679762954
01_001_20.csv,BI,53,0.0097027756606084,639.1983127646722
01_001_20.csv,BI,54,0.0098884474035979,648.9305200195936
01_001_20.csv,BI,55,0.0100740856009782,658.5752974361174
01_001_20.csv,BI,56,0.0102596893432143,668.142953399813
01_001_20.csv,BI,57,0.0104452577214485,677.6423237270906
01_001_20.csv,BI,58,0.0106307925919229,687.0812656917133
01_001_20.csv,BI,59,0.0108162921242912,696.4637528971971
01_001_20.csv,BI,60,0.0110017581740972,705.7917280131178
01_001_20.csv,BI,61,0.011187189832626,715.0655902208882
01_001_20.csv,BI,62,0.0113725861918385,724.2857389885684
01_001_20.csv,BI,63,0.0115579491062325,733.4489331603777
01_001_20.csv,BI,64,0.0117432767471344,742.5519265326137
01_001_20.csv,BI,65,0.011928570968345,751.5852964641856
01_001_20.csv,BI,66,0.0121138299418591,760.5388692739391
01_001_20.csv,BI,67,0.0122990555207813,769.3986355310087
01_001_20.csv,BI,68,0.0124842467975419,778.1477922898883
01_001_20.csv,BI,69,0.0126694028652458,786.7630955789427
01_001_20.csv,BI,70,0.0128545255759542,795.2194935040786
01_001_20.csv,BI,71,0.0130396131033302,803.48993402407
01_001_20.csv,BI,72,0.01322466729874,811.5482139310573
01_001_20.csv,BI,73,0.0134096872554305,819.3740469749988
01_001_20.csv,BI,74,0.0135946720673218,826.9464513777937
01_001_20.csv,BI,75,0.0137796235847385,834.2488877127466
01_001_20.csv,BI,76,0.0139645399830094,841.2701861152038
01_001_20.csv,BI,77,0.0141494231117654,848.0018954530067
01_001_20.csv,BI,78,0.0143342720650685,854.4322745877962
01_001_20.csv,BI,79,0.0145190859376526,860.5470347578291
01_001_20.csv,BI,80,0.0147038665781091,866.3286582883956
01_001_20.csv,BI,81,0.0148886121634293,871.7633285694599
01_001_20.csv,BI,82,0.0150733245415122,876.8384613423223
01_001_20.csv,BI,83,0.0152580028072333,881.546108820552
01_001_20.csv,BI,84,0.015442646056139,885.8877392007313
01_001_20.csv,BI,85,0.0156272561350908,889.8749297720984
01_001_20.csv,BI,86,0.0158118312227394,893.5242859126606
01_001_20.csv,BI,87,0.0159963722487118,896.8599321879481
01_001_20.csv,BI,88,0.0161808810583257,899.9142620400424
01_001_20.csv,BI,89,0.0163653539983085,902.7179508178176
01_001_20.csv,BI,90,0.0165497929143022,905.3031287934618
01_001_20.csv,BI,91,0.0167341996505896,907.6997157169676
01_001_20.csv,BI,92,0.0169185705559054,909.9337376859984
01_001_20.csv,BI,93,0.0171029074748565,912.0292582337804
01_001_20.csv,BI,94,0.0172872122506923,914.0075642396542
01_001_20.csv,BI,95,0.0174714812341524,915.8854192174748
01_001_20.csv,BI,96,0.0176557162688098,917.6787965094404
01_001_20.csv,BI,97,0.0178399173671714,919.3996409017528
01_001_20.csv,BI,98,0.0180240863711105,921.0564897125624
01_001_20.csv,BI,99,0.0182082196340365,922.6565762346684
01_001_20.csv,BI,100,0.0183923189981457,924.2061494762928
01_001_20.csv,BI,101,0.0185763863042807,925.7120848750131
01_001_20.csv,BI,102,0.0187604179078508,927.1801384361584
01_001_20.csv,BI,103,0.0189444156500212,928.609979654604
01_001_20.csv,BI,104,0.0191283795432505,930.00867956007
01_001_20.csv,BI,105,0.0193123114270087,931.3770935682384
01_001_20.csv,BI,106,0.0194962076593681,932.7177530260816
01_001_20.csv,BI,107,0.0196800700801209,934.0302083429706
01_001_20.csv,BI,108,0.019863900527709,935.3189903902093
01_001_20.csv,BI,109,0.0200476953621996,936.5820275205368
01_001_20.csv,BI,110,0.0202314564223564,937.8227948437882
01_001_20.csv,BI,111,0.0204151855455944,939.043960219081
01_001_20.csv,BI,112,0.0205988790939733,940.2446992292904
01_001_20.csv,BI,113,0.0207825389052297,941.426933943045
01_001_20.csv,BI,114,0.0209661649917536,942.5922121661606
01_001_20.csv,BI,115,0.0211497591895925,943.7394039592692
01_001_20.csv,BI,116,0.0213333178634595,944.868183963528
01_001_20.csv,BI,117,0.0215168428497233,945.981661697783
01_001_20.csv,BI,118,0.0217003359834072,947.0778966732976
01_001_20.csv,BI,119,0.0218837936312117,948.1601198067176
01_001_20.csv,BI,120,0.0220672176284811,949.2275761621254
01_001_20.csv,BI,121,0.0222506098092155,950.2794478524048
01_001_20.csv,BI,122,0.0224339665421008,951.3180946181257
01_001_20.csv,BI,123,0.0226172896614578,952.3426991313304
01_001_20.csv,BI,124,0.0228005791796085,953.3551892217836
01_001_20.csv,BI,125,0.0229838369291908,954.3541858016964
01_001_20.csv,BI,126,0.0231670592815343,955.3420515060424
01_001_20.csv,BI,127,0.0233502480695971,956.316969951524
01_001_20.csv,BI,128,0.0235334051249966,957.2801228838828
01_001_20.csv,BI,129,0.0237165268210428,958.2298751952172
01_001_20.csv,BI,130,0.023899614989673,959.1672838014982
01_001_20.csv,BI,131,0.0240826696431617,960.0932170880606
01_001_20.csv,BI,132,0.0242656926117679,961.0074202102292
01_001_20.csv,BI,133,0.0244486802714385,961.9103834495528
01_001_20.csv,BI,134,0.0246316344527515,962.8031657074188
01_001_20.csv,BI,135,0.0248145569849479,963.6853250207124
01_001_20.csv,BI,136,0.0249974442459501,964.5564764342266
01_001_20.csv,BI,137,0.025180298065318,965.4178673489514
01_001_20.csv,BI,138,0.025363120271276,966.2698696444622
01_001_20.csv,BI,139,0.0255459072437197,967.1121614531228
01_001_20.csv,BI,140,0.0257286608111919,967.9445511919788
01_001_20.csv,BI,141,0.0259113809859003,968.7667827499018
01_001_20.csv,BI,142,0.0260940695947154,969.58048105532
01_001_20.csv,BI,143,0.0262767230201604,970.3865776871908
01_001_20.csv,BI,144,0.0264593430894242,971.1841300373852
01_001_20.csv,BI,145,0.0266419316283633,971.972320181872
01_001_20.csv,BI,146,0.026824485021469,972.7522678451248
01_001_20.csv,BI,147,0.027007005094916,973.5238447420484
01_001_20.csv,BI,148,0.027189493673548,974.2860444562034
01_001_20.csv,BI,149,0.0273719471438223,975.0407400701216
01_001_20.csv,BI,150,0.0275543673309004,975.7899995567128
01_001_20.csv,BI,151,0.0277367542469231,976.5332550601516
01_001_20.csv,BI,152,0.0279191097153855,977.2686848185322
01_001_20.csv,BI,153,0.028101430125363,977.9975991657808
01_001_20.csv,BI,154,0.0282837173006679,978.7171708229298
01_001_20.csv,BI,155,0.0284659730637852,979.4322945532372
01_001_20.csv,BI,156,0.0286481938057512,980.1397610122992
01_001_20.csv,BI,157,0.0288303813493678,980.8415779346632
01_001_20.csv,BI,158,0.0290125357067294,981.5364226579868
01_001_20.csv,BI,159,0.0291946586989758,982.2250471651696
01_001_20.csv,BI,160,0.0293767467197549,982.9066901442466
01_001_20.csv,BI,161,0.0295588015905227,983.5817895207998
01_001_20.csv,BI,162,0.0297408251314117,984.2510350550804
01_001_20.csv,BI,163,0.0299228137380258,984.914294114698
01_001_20.csv,BI,164,0.0301047692308132,985.5714393127168
01_001_20.csv,BI,165,0.0302866934288996,986.222091526175
01_001_20.csv,BI,166,0.0304685827298433,986.867690791265
01_001_20.csv,BI,167,0.0306504389530855,987.5064738632312
01_001_20.csv,BI,168,0.0308322621106549,988.1378704143262
01_001_20.csv,BI,169,0.0310140540203371,988.7641445896528
01_001_20.csv,BI,170,0.0311958128877276,989.3840953064783
01_001_20.csv,BI,171,0.031377535114621,989.9990380481375
01_001_20.csv,BI,172,0.0315592279341053,990.6089141539342
01_001_20.csv,BI,173,0.0317408841384027,991.213461610377
01_001_20.csv,BI,174,0.0319225109579646,991.8132517182684
01_001_20.csv,BI,175,0.0321041047952152,992.406828616161
01_001_20.csv,BI,176,0.0322856620551936,992.9945004441634
01_001_20.csv,BI,177,0.0324671899643999,993.5773429066236
01_001_20.csv,BI,178,0.0326486849272049,994.1559172579182
01_001_20.csv,BI,179,0.0328301433505914,994.7292714257268
01_001_20.csv,BI,180,0.0330115724571126,995.2975358296328
01_001_20.csv,BI,181,0.0331929686530839,995.860388560016
01_001_20.csv,BI,182,0.0333743283474299,996.418327857803
01_001_20.csv,BI,183,0.0335556587587609,996.9704113855532
01_001_20.csv,BI,184,0.0337369562953349,997.518336787408
01_001_20.csv,BI,185,0.0339182173680161,998.0617192894658
01_001_20.csv,BI,186,0.0340994491914765,998.6003109287274
01_001_20.csv,BI,187,0.0342806481759144,999.1344844170324
01_001_20.csv,BI,188,0.0344618107341315,999.6637282829402
01_001_20.csv,BI,189,0.0346429440768659,1000.1883629076156
01_001_20.csv,BI,190,0.0348240410184606,1000.7090736981288
01_001_20.csv,BI,191,0.0350051087670332,1001.225107142277
01_001_20.csv,BI,192,0.0351861437360115,1001.738037556112
01_001_20.csv,BI,193,0.0353671423414218,1002.2469743308476
01_001_20.csv,BI,194,0.0355481117874548,1002.7529343434016
01_001_20.csv,BI,195,0.0357290484894729,1003.255153245018
01_001_20.csv,BI,196,0.0359099488654345,1003.7515375311498
01_001_20.csv,BI,197,0.0360908201156077,1004.2444957597064
01_001_20.csv,BI,198,0.0362716586572876,1004.734338850039
01_001_20.csv,BI,199,0.0364524609103626,1005.2199220209418
01_001_20.csv,BI,200,0.0366332340711824,1005.7013134363042
01_001_20.csv,BI,201,0.0368139745589728,1006.1797103074368
01_001_20.csv,BI,202,0.0369946787955499,1006.6532072756028
01_001_20.csv,BI,203,0.0371753539733493,1007.123265833104
01_001_20.csv,BI,204,0.0373559965135257,1007.5893102197264
01_001_20.csv,BI,205,0.0375366028398207,1008.0534257887012
01_001_20.csv,BI,206,0.0377171801407603,1008.5142242879774
01_001_20.csv,BI,207,0.0378977212526733,1008.9699850274826
01_001_20.csv,BI,208,0.0380782333614816,1009.4230584142492
01_001_20.csv,BI,209,0.0382587128915491,1009.871473438354
01_001_20.csv,BI,210,0.0384391562698229,1010.3179512628368
01_001_20.csv,BI,211,0.0386195706783219,1010.7593895493542
01_001_20.csv,BI,212,0.0387999525433333,1011.1988909392458
01_001_20.csv,BI,213,0.0389802982937244,1011.6348007154136
01_001_20.csv,BI,214,0.0391606151076155,1012.067378025782
01_001_20.csv,BI,215,0.0393408994132149,1012.4968078453226
01_001_20.csv,BI,216,0.0395211476413081,1012.9228308133224
01_001_20.csv,BI,217,0.0397013669661212,1013.347548028696
01_001_20.csv,BI,218,0.0398815538177815,1013.7693036281598
01_001_20.csv,BI,219,0.0400617046289906,1014.1881558639432
01_001_20.csv,BI,220,0.0402418265700846,1014.6030301771292
01_001_20.csv,BI,221,0.0404219160731076,1015.016272197196
01_001_20.csv,BI,222,0.0406019695726755,1015.4276866720124
01_001_20.csv,BI,223,0.0407819942352385,1015.8357540174228
01_001_20.csv,BI,224,0.0409619864947556,1016.2405323352268
01_001_20.csv,BI,225,0.0411419427877547,1016.642779354762
01_001_20.csv,BI,226,0.0413218702768044,1017.041610395813
01_001_20.csv,BI,227,0.0415017618239282,1017.4380342444092
01_001_20.csv,BI,228,0.0416816245891093,1017.831738668342
01_001_20.csv,BI,229,0.0418614550094937,1018.223418610076
01_001_20.csv,BI,230,0.0420412495247914,1018.611859837022
01_001_20.csv,BI,231,0.0422210152911113,1018.9975771783486
01_001_20.csv,BI,232,0.0424007487475085,1019.380501807016
01_001_20.csv,BI,233,0.0425804463355999,1019.7617749608588
01_001_20.csv,BI,234,0.0427601152076237,1020.1402563639544
01_001_20.csv,BI,235,0.0429397518045428,1020.5163868230184
01_001_20.csv,BI,236,0.0431193525698784,1020.8911809830896
01_001_20.csv,BI,237,0.0432989246520027,1021.2629245024287
01_001_20.csv,BI,238,0.0434784644937837,1021.6327595101228
01_001_20.csv,BI,239,0.0436579685406454,1021.9994061202542
01_001_20.csv,BI,240,0.0438374439370978,1022.3649105198456
01_001_20.csv,BI,241,0.0440168871279124,1022.7292046308904
01_001_20.csv,BI,242,0.0441962945604136,1023.0915186020122
01_001_20.csv,BI,243,0.0443756733752537,1023.4516672131316
01_001_20.csv,BI,244,0.0445550164561521,1023.808876176081
01_001_20.csv,BI,245,0.0447343309411915,1024.16410858491
01_001_20.csv,BI,246,0.0449136132783108,1024.5161467535968
01_001_20.csv,BI,247,0.0450928599179977,1024.8664538408632
01_001_20.csv,BI,248,0.0452720779944841,1025.213184190427
01_001_20.csv,BI,249,0.0454512639576067,1025.5581206484908
01_001_20.csv,BI,250,0.0456304142597483,1025.9017057612473
01_001_20.csv,BI,251,0.0458095360312942,1026.2436265945437
01_001_20.csv,BI,252,0.0459886257239769,1026.5838785706592
01_001_20.csv,BI,253,0.0461676797920724,1026.9212426473566
01_001_20.csv,BI,254,0.0463467053621233,1027.2574506745675
01_001_20.csv,BI,255,0.0465256988877562,1027.5903882630075
01_001_20.csv,BI,256,0.046704656825138,1027.9213929942102
01_001_20.csv,BI,257,0.046883586296973,1028.2502152531197
01_001_20.csv,BI,258,0.0470624837587796,1028.5789614015516
01_001_20.csv,BI,259,0.0472413456686138,1028.905900045965
01_001_20.csv,BI,260,0.0474201791453457,1029.231037502433
01_001_20.csv,BI,261,0.0475989770942592,1029.553469313927
01_001_20.csv,BI,262,0.0477777466316703,1029.8746098032825
01_001_20.csv,BI,263,0.0479564842162459,1030.1925335876558
01_001_20.csv,BI,264,0.0481351863091865,1030.5089644712732
01_001_20.csv,BI,265,0.0483138600229804,1030.823204326396
01_001_20.csv,BI,266,0.0484925018181813,1031.1347357505974
01_001_20.csv,BI,267,0.0486711081578731,1031.4446429555271
01_001_20.csv,BI,268,0.0488496861507212,1031.7539578195474
01_001_20.csv,BI,269,0.0490282322591635,1032.0622276246745
01_001_20.csv,BI,270,0.0492067429481658,1032.3684223081725
01_001_20.csv,BI,271,0.0493852253225744,1032.6728686843685
01_001_20.csv,BI,272,0.0495636758467095,1032.9756904041844
01_001_20.csv,BI,273,0.049742090987417,1033.2770753563527
01_001_20.csv,BI,274,0.0499204778457277,1033.5769659163643
01_001_20.csv,BI,275,0.0500988328878428,1033.8745875481327
01_001_20.csv,BI,276,0.0502771525824855,1034.1698711697309
01_001_20.csv,BI,277,0.050455444026876,1034.463785743705
01_001_20.csv,BI,278,0.0506337001477329,1034.7563873921822
01_001_20.csv,BI,279,0.050811928039738,1035.0477469393063
01_001_20.csv,BI,280,0.0509901241722219,1035.337410437959
01_001_20.csv,BI,281,0.0511682850170334,1035.6241527450643
01_001_20.csv,BI,282,0.0513464176650499,1035.9094573838508
01_001_20.csv,BI,283,0.0515245185874775,1036.1940267857665
01_001_20.csv,BI,284,0.0517025842580371,1036.4765071216823
01_001_20.csv,BI,285,0.0518806217638065,1036.7581260118077
01_001_20.csv,BI,286,0.0520586275778646,1037.036757517375
01_001_20.csv,BI,287,0.0522365981758031,1037.313103746973
01_001_20.csv,BI,288,0.0524145406409037,1037.588071274096
01_001_20.csv,BI,289,0.0525924514481166,1037.8619130003565
01_001_20.csv,BI,290,0.052770327074902,1038.1350106941975
01_001_20.csv,BI,291,0.0529481746007496,1038.4072425725626
01_001_20.csv,BI,292,0.0531259905024789,1038.6779608326738
01_001_20.csv,BI,293,0.0533037712594167,1038.9474184883989
01_001_20.csv,BI,294,0.0534815239472649,1039.216072909673
01_001_20.csv,BI,295,0.0536592450447102,1039.4827607860468
01_001_20.csv,BI,296,0.0538369310329441,1039.7483147279909
01_001_20.csv,BI,297,0.0540145889838846,1040.0122904996824
01_001_20.csv,BI,298,0.0541922118493024,1040.2759041488207
01_001_20.csv,BI,299,0.0543698066985955,1040.535940536167
01_001_20.csv,BI,300,0.0545473700135584,1040.7947789752432
01_001_20.csv,BI,301,0.0547248982784857,1041.0518993949722
01_001_20.csv,BI,302,0.0549023985589981,1041.307437171159
01_001_20.csv,BI,303,0.0550798673387523,1041.5622261605945
01_001_20.csv,BI,304,0.0552573011039023,1041.816520289724
01_001_20.csv,BI,305,0.0554347069162957,1042.0699395435415
01_001_20.csv,BI,306,0.0556120812614493,1042.3213828339342
01_001_20.csv,BI,307,0.0557894206273744,1042.571103571654
01_001_20.csv,BI,308,0.0559667320721499,1042.8184626908442
01_001_20.csv,BI,309,0.0561440120831504,1043.064488207282
01_001_20.csv,BI,310,0.0563212571502428,1043.3111128676217
01_001_20.csv,BI,311,0.0564984743277409,1043.5557610152205
01_001_20.csv,BI,312,0.0566756601048757,1043.7989446663523
01_001_20.csv,BI,313,0.0568528109733674,1044.0415638369473
01_001_20.csv,BI,314,0.0570299339837691,1044.2818162862254
01_001_20.csv,BI,315,0.057207022109007,1044.5213737385209
01_001_20.csv,BI,316,0.0573840823971291,1044.7601138854793
01_001_20.csv,BI,317,0.0575611113404554,1044.9975153942644
01_001_20.csv,BI,318,0.057738105433791,1045.233897183214
01_001_20.csv,BI,319,0.0579150717214297,1045.469136704769
01_001_20.csv,BI,320,0.0580920066975425,1045.7026474933837
01_001_20.csv,BI,321,0.0582689068587828,1045.9348778270812
01_001_20.csv,BI,322,0.0584457792456941,1046.1670638362534
01_001_20.csv,BI,323,0.0586226203542963,1046.3981015682582
01_001_20.csv,BI,324,0.0587994266830893,1046.6273394127877
01_001_20.csv,BI,325,0.0589762052688703,1046.8559491358224
01_001_20.csv,BI,326,0.0591529526095062,1047.084768526171
01_001_20.csv,BI,327,0.0593296652053415,1047.3124339254953
01_001_20.csv,BI,328,0.059506350089431,1047.53862818239
01_001_20.csv,BI,329,0.0596830037614868,1047.7638003522873
01_001_20.csv,BI,330,0.0598596227236957,1047.986391002349
01_001_20.csv,BI,331,0.0600362140053745,1048.2089337701382
01_001_20.csv,BI,332,0.0602127706004784,1048.4301896269017
01_001_20.csv,BI,333,0.0603892995358345,1048.6510729251395
01_001_20.csv,BI,334,0.0605657973142255,1048.8697640924215
01_001_20.csv,BI,335,0.0607422604409048,1049.0889822978934
01_001_20.csv,BI,336,0.0609186959389675,1049.3069188418112
01_001_20.csv,BI,337,0.0610951003130366,1049.5225961542403
01_001_20.csv,BI,338,0.0612714735740908,1049.737959788003
01_001_20.csv,BI,339,0.0614478157331033,1049.9521658290628
01_001_20.csv,BI,340,0.0616241197957356,1050.1639080086416
01_001_20.csv,BI,341,0.0618003997847954,1050.3759266335635
01_001_20.csv,BI,342,0.0619766487046975,1050.5862663568796
01_001_20.csv,BI,343,0.0621528665663918,1050.7956407253369
01_001_20.csv,BI,344,0.0623290533808222,1051.0043740263473
01_001_20.csv,BI,345,0.0625052021597909,1051.2120687274646
01_001_20.csv,BI,346,0.0626813269137356,1051.418868961107
01_001_20.csv,BI,347,0.0628574206532136,1051.6244419151403
01_001_20.csv,BI,348,0.063033483389146,1051.8289819560157
01_001_20.csv,BI,349,0.063209515132448,1052.0325535521124
01_001_20.csv,BI,350,0.0633855158940291,1052.234440867854
01_001_20.csv,BI,351,0.0635614786930456,1052.436196626355
01_001_20.csv,BI,352,0.0637374175251201,1052.6371199032146
01_001_20.csv,BI,353,0.063913325408167,1052.8378535286238
01_001_20.csv,BI,354,0.0640892023530727,1053.0373562008535
01_001_20.csv,BI,355,0.064265048370718,1053.2371242539784
01_001_20.csv,BI,356,0.0644408634719778,1053.4345539129663
01_001_20.csv,BI,357,0.0646166406833477,1053.6293110366396
01_001_20.csv,BI,358,0.0647923939856659,1053.8228415905314
01_001_20.csv,BI,359,0.0649681164041887,1054.01572375272
01_001_20.csv,BI,360,0.0651438079497681,1054.207566318369
01_001_20.csv,BI,361,0.0653194686332505,1054.3973262576856
01_001_20.csv,BI,362,0.0654950914872355,1054.5870152735506
01_001_20.csv,BI,363,0.0656706904802651,1054.7769739395117
01_001_20.csv,BI,364,0.065846258643702,1054.966347572068
01_001_20.csv,BI,365,0.0660217959883695,1055.1552662638387
01_001_20.csv,BI,366,0.0661973025250855,1055.3428168029975
01_001_20.csv,BI,367,0.0663727782646621,1055.5292593633385
01_001_20.csv,BI,368,0.0665482162470099,1055.714259826243
01_001_20.csv,BI,369,0.066723630425944,1055.8986151139388
01_001_20.csv,BI,370,0.0668990138401403,1056.081469169486
01_001_20.csv,BI,371,0.0670743665003883,1056.2638002452904
01_001_20.csv,BI,372,0.0672496884174717,1056.4453469430346
01_001_20.csv,BI,373,0.0674249796021684,1056.6257170965764
01_001_20.csv,BI,374,0.0676002331016847,1056.8048374249977
01_001_20.csv,BI,375,0.0677754628551397,1056.9840282992218
01_001_20.csv,BI,376,0.0679506619085077,1057.1628904342651
01_001_20.csv,BI,377,0.0681258302725441,1057.3411623059255
01_001_20.csv,BI,378,0.0683009679579985,1057.5186475564733
01_001_20.csv,BI,379,0.0684760680181451,1057.6946848048074
01_001_20.csv,BI,380,0.0686511443798803,1057.8690918960433
01_001_20.csv,BI,381,0.0688261900952483,1058.0428413715915
01_001_20.csv,BI,382,0.0690012051749765,1058.2158674927723
01_001_20.csv,BI,383,0.0691761896297862,1058.3872541867354
01_001_20.csv,BI,384,0.0693511434703935,1058.5581781235528
01_001_20.csv,BI,385,0.0695260597573401,1058.7290242826784
01_001_20.csv,BI,386,0.069700952402883,1058.8981058771517
01_001_20.csv,BI,387,0.069875814466337,1059.066920030789
01_001_20.csv,BI,388,0.0700506459583954,1059.2348774300835
01_001_20.csv,BI,389,0.0702254468897461,1059.4021740551034
01_001_20.csv,BI,390,0.0704002172710713,1059.5682201803502
01_001_20.csv,BI,391,0.0705749501701652,1059.7341212678866
01_001_20.csv,BI,392,0.0707496594846765,1059.898712788072
01_001_20.csv,BI,393,0.070924338281175,1060.0627074301551
01_001_20.csv,BI,394,0.0710989865703204,1060.226039352459
01_001_20.csv,BI,395,0.071273604362767,1060.3891670205594
01_001_20.csv,BI,396,0.0714481847323413,1060.5516896411627
01_001_20.csv,BI,397,0.0716227415645415,1060.7130315160066
01_001_20.csv,BI,398,0.0717972679319718,1060.8731846700905
01_001_20.csv,BI,399,0.0719717638452642,1061.032542024857
01_001_20.csv,BI,400,0.0721462293150451,1061.1922183912502
01_001_20.csv,BI,401,0.0723206643519351,1061.350704846689
01_001_20.csv,BI,402,0.0724950620369858,1061.5082559143484
01_001_20.csv,BI,403,0.0726694362411429,1061.6649514610303
01_001_20.csv,BI,404,0.072843780044238,1061.821177567183
01_001_20.csv,BI,405,0.0730180934568697,1061.9764087239237
01_001_20.csv,BI,406,0.0731923764896312,1062.1305130762375
01_001_20.csv,BI,407,0.07336662915311,1062.2842782179646
01_001_20.csv,BI,408,0.073540844535567,1062.4371053867944
01_001_20.csv,BI,409,0.0737150364934265,1062.5900600808927
01_001_20.csv,BI,410,0.0738891981137323,1062.742477856273
01_001_20.csv,BI,411,0.0740633294070498,1062.894358438274
01_001_20.csv,BI,412,0.074237430383939,1063.0450441654557
01_001_20.csv,BI,413,0.0744114941386575,1063.19511881756
01_001_20.csv,BI,414,0.0745855345155513,1063.3443995078878
01_001_20.csv,BI,415,0.074759544607663,1063.4921549677224
01_001_20.csv,BI,416,0.0749335244255304,1063.6398316654115
01_001_20.csv,BI,417,0.0751074739796861,1063.786771607638
01_001_20.csv,BI,418,0.0752813932806568,1063.9342905635976
01_001_20.csv,BI,419,0.0754552754298826,1064.0803411080724
01_001_20.csv,BI,420,0.0756291342572432,1064.2254638315062
01_001_20.csv,BI,421,0.0758029628629662,1064.370309317905
01_001_20.csv,BI,422,0.0759767612575566,1064.514548164343
01_001_20.csv,BI,423,0.0761505294515137,1064.6567969060034
01_001_20.csv,BI,424,0.0763242674553315,1064.7980426530194
01_001_20.csv,BI,425,0.0764979683776177,1064.938738752483
01_001_20.csv,BI,426,0.0766716460338158,1065.0784383379382
01_001_20.csv,BI,427,0.0768452935313235,1065.2179903784229
01_001_20.csv,BI,428,0.0770189108806129,1065.356735587436
01_001_20.csv,BI,429,0.0771924980921507,1065.4955306849483
01_001_20.csv,BI,430,0.0773660482805059,1065.6342364674492
01_001_20.csv,BI,431,0.0775395752491152,1065.7714825194962
01_001_20.csv,BI,432,0.0777130721113399,1065.9068649315975
01_001_20.csv,BI,433,0.0778865388776249,1066.041438406506
01_001_20.csv,BI,434,0.0780599755584097,1066.1752025322312
01_001_20.csv,BI,435,0.0782333821641282,1066.3093449308435
01_001_20.csv,BI,436,0.0784067518164897,1066.4433303552178
01_001_20.csv,BI,437,0.0785800983045504,1066.5768433059975
01_001_20.csv,BI,438,0.078753414748814,1066.7102724134215
01_001_20.csv,BI,439,0.0789267011596929,1066.8437497384944
01_001_20.csv,BI,440,0.0790999575475942,1066.9767468426471
01_001_20.csv,BI,441,0.0792731839229193,1067.1098581205638
01_001_20.csv,BI,442,0.0794463734145029,1067.2412920825957
01_001_20.csv,BI,443,0.0796195397970503,1067.3700050642656
01_001_20.csv,BI,444,0.0797926761981934,1067.498632508843
01_001_20.csv,BI,445,0.079965782628312,1067.6261826369991
01_001_20.csv,BI,446,0.0801388590977808,1067.7536468160724
01_001_20.csv,BI,447,0.0803119056169689,1067.880958872509
01_001_20.csv,BI,448,0.0804849153218217,1068.0073837383925
01_001_20.csv,BI,449,0.0806579019727236,1068.133200300104
01_001_20.csv,BI,450,0.0808308587044196,1068.2587317740872
01_001_20.csv,BI,451,0.0810037855272574,1068.3841103930076
01_001_20.csv,BI,452,0.0811766824515794,1068.5095346775256
01_001_20.csv,BI,453,0.0813495426192452,1068.63334212494
01_001_20.csv,BI,454,0.0815223797787279,1068.7560101267754
01_001_20.csv,BI,455,0.081695187070689,1068.878457989911
01_001_20.csv,BI,456,0.0818679645054494,1069.0002881580413
01_001_20.csv,BI,457,0.0820407120933247,1069.1219640978088
01_001_20.csv,BI,458,0.082213429844625,1069.2432869452296
01_001_20.csv,BI,459,0.0823861109082939,1069.364713127197
01_001_20.csv,BI,460,0.0825587690185379,1069.4860585234223
01_001_20.csv,BI,461,0.082731397323105,1069.6056582758793
01_001_20.csv,BI,462,0.082903995832284,1069.7256334401668
01_001_20.csv,BI,463,0.0830765645563584,1069.8440608748028
01_001_20.csv,BI,464,0.0832491035056065,1069.961337792765
01_001_20.csv,BI,465,0.083421605836041,1070.078385108818
01_001_20.csv,BI,466,0.0835940852676316,1070.1948192496657
01_001_20.csv,BI,467,0.0837665349551981,1070.311296252287
01_001_20.csv,BI,468,0.0839389549089973,1070.4278825305628
01_001_20.csv,BI,469,0.0841113451392809,1070.5435822882864
01_001_20.csv,BI,470,0.0842836988079417,1070.6579893322778
01_001_20.csv,BI,471,0.0844560296231078,1070.772180297265
01_001_20.csv,BI,472,0.084628330745481,1070.886280598173
01_001_20.csv,BI,473,0.0848006021852917,1070.999625832993
01_001_20.csv,BI,474,0.084972843952765,1071.1114846937376
01_001_20.csv,BI,475,0.0851450560581208,1071.222653940963
01_001_20.csv,BI,476,0.0853172316702946,1071.3335247286532
01_001_20.csv,BI,477,0.0854893844832316,1071.444111578567
01_001_20.csv,BI,478,0.0856615076646788,1071.5543405295905
01_001_20.csv,BI,479,0.0858336012248347,1071.6642114100614
01_001_20.csv,BI,480,0.086005665173893,1071.7737905651938
01_001_20.csv,BI,481,0.0861776995220419,1071.8843418957476
01_001_20.csv,BI,482,0.086349697445245,1071.9940620168209
01_001_20.csv,BI,483,0.0865216726232941,1072.102100003715
01_001_20.csv,BI,484,0.0866936182309666,1072.209912049721
01_001_20.csv,BI,485,0.0868655342784298,1072.3167657367771
01_001_20.csv,BI,486,0.0870374207758456,1072.4227271697691
01_001_20.csv,BI,487,0.0872092709050235,1072.5277885787818
01_001_20.csv,BI,488,0.087381098333983,1072.6324304242262
01_001_20.csv,BI,489,0.0875528962433493,1072.7361788368626
01_001_20.csv,BI,490,0.0877246646432636,1072.8383670571966
01_001_20.csv,BI,491,0.0878964035438616,1072.942059862602
01_001_20.csv,BI,492,0.088068112955274,1073.0455250333837
01_001_20.csv,BI,493,0.0882397860663119,1073.149355137101
01_001_20.csv,BI,494,0.0884114365308949,1073.2516980622595
01_001_20.csv,BI,495,0.0885830575366524,1073.353746126381
01_001_20.csv,BI,496,0.0887546490936943,1073.4548321923194
01_001_20.csv,BI,497,0.088926211212125,1073.5557563165294
01_001_20.csv,BI,498,0.0890977439020441,1073.656251538866
01_001_20.csv,BI,499,0.0892692403592498,1073.7563770707548
01_001_20.csv,BI,500,0.089440714223591,1073.855346425799
01_001_20.csv,BI,501,0.0896121586896871,1073.9533519744873
01_001_20.csv,BI,502,0.0897835737676166,1074.0520624523217
01_001_20.csv,BI,503,0.0899549594674529,1074.1492744939733
01_001_20.csv,BI,504,0.0901263089908063,1074.2459819031887
01_001_20.csv,BI,505,0.0902976359658222,1074.342666689004
01_001_20.csv,BI,506,0.0904689335929338,1074.439321536866
01_001_20.csv,BI,507,0.0906402018821937,1074.5358796209075
01_001_20.csv,BI,508,0.0908114408436496,1074.6314720217547
01_001_20.csv,BI,509,0.0909826504873438,1074.725897712487
01_001_20.csv,BI,510,0.0911538240218479,1074.8190150787086
01_001_20.csv,BI,511,0.0913249750612894,1074.9116405491332
01_001_20.csv,BI,512,0.0914960968130652,1075.0055724158228
01_001_20.csv,BI,513,0.0916671892871969,1075.0991390021454
01_001_20.csv,BI,514,0.0918382524937014,1075.1912696408308
01_001_20.csv,BI,515,0.0920092864425901,1075.2843057205837
01_001_20.csv,BI,516,0.0921802843493815,1075.3756971186071
01_001_20.csv,BI,517,0.0923512598142142,1075.4659262069672
01_001_20.csv,BI,518,0.0925222060514345,1075.5555876605208
01_001_20.csv,BI,519,0.0926931230710333,1075.6461543949172
01_001_20.csv,BI,520,0.0928640108829965,1075.73561765161
01_001_20.csv,BI,521,0.093034862708621,1075.8247734108554
01_001_20.csv,BI,522,0.0932056921364099,1075.9137031403643
01_001_20.csv,BI,523,0.0933764923864896,1076.003069522783
01_001_20.csv,BI,524,0.0935472634688258,1076.0920015330285
01_001_20.csv,BI,525,0.0937180053933786,1076.180565996965
01_001_20.csv,BI,526,0.0938887181701033,1076.268829786235
01_001_20.csv,BI,527,0.0940593950272177,1076.3555114237265
01_001_20.csv,BI,528,0.0942300495392887,1076.4409600505323
01_001_20.csv,BI,529,0.0944006749333662,1076.526710534098
01_001_20.csv,BI,530,0.0945712712193851,1076.611622531712
01_001_20.csv,BI,531,0.0947418384072751,1076.6962324355836
01_001_20.csv,BI,532,0.094912376506961,1076.7815467879211
01_001_20.csv,BI,533,0.0950828787535675,1076.86581346209
01_001_20.csv,BI,534,0.0952533587077537,1076.9493150743
01_001_20.csv,BI,535,0.0954238096034789,1077.031842511772
01_001_20.csv,BI,536,0.0955942314506476,1077.1144026600325
01_001_20.csv,BI,537,0.095764624259159,1077.1971298917924
01_001_20.csv,BI,538,0.095934981269883,1077.2786734052488
01_001_20.csv,BI,539,0.0961053160319105,1077.3600550828603
01_001_20.csv,BI,540,0.0962756217849481,1077.4410659525815
01_001_20.csv,BI,541,0.0964458985388748,1077.5216386277834
01_001_20.csv,BI,542,0.0966161463035648,1077.6019073552911
01_001_20.csv,BI,543,0.0967863650888869,1077.6813340949411
01_001_20.csv,BI,544,0.0969565481425923,1077.7610543848732
01_001_20.csv,BI,545,0.0971267089999163,1077.8405448873964
01_001_20.csv,BI,546,0.0972968409074491,1077.919461849939
01_001_20.csv,BI,547,0.0974669438750394,1077.9979395651008
01_001_20.csv,BI,548,0.0976370179125311,1078.0757759416638
01_001_20.csv,BI,549,0.0978070630297632,1078.1535091227852
01_001_20.csv,BI,550,0.0979770724813537,1078.2311991084111
01_001_20.csv,BI,551,0.098147059788711,1078.308389160777
01_001_20.csv,BI,552,0.0983170182052946,1078.3858798453675
01_001_20.csv,BI,553,0.0984869477409234,1078.4621222310602
01_001_20.csv,BI,554,0.098656848405411,1078.5380587922182
01_001_20.csv,BI,555,0.0988267134590878,1078.6130757347855
01_001_20.csv,BI,556,0.0989965564118609,1078.6885349058684
01_001_20.csv,BI,557,0.0991663705229039,1078.762542118994
01_001_20.csv,BI,558,0.0993361558020106,1078.836310024457
01_001_20.csv,BI,559,0.0995059122589697,1078.908624941987
01_001_20.csv,BI,560,0.0996756399035652,1078.98144169031
01_001_20.csv,BI,561,0.0998453320029691,1079.054281161512
01_001_20.csv,BI,562,0.1000150020533127,1079.1261461125714
01_001_20.csv,BI,563,0.100184643320614,1079.1979733207522
01_001_20.csv,BI,564,0.1003542558146367,1079.2693579169745
01_001_20.csv,BI,565,0.1005238395451399,1079.3405696537395
01_001_20.csv,BI,566,0.1006933945218775,1079.4107309484948
01_001_20.csv,BI,567,0.1008629140188495,1079.4799015276585
01_001_20.csv,BI,568,0.1010324115184397,1079.5496485045533
01_001_20.csv,BI,569,0.1012018802934963,1079.619222026895
01_001_20.csv,BI,570,0.1013713203537534,1079.688081651262
01_001_20.csv,BI,571,0.1015407317089402,1079.757375525238
01_001_20.csv,BI,572,0.1017101143687809,1079.8256173550262
01_001_20.csv,BI,573,0.1018794616140895,1079.8933400085557
01_001_20.csv,BI,574,0.1020487869135306,1079.9610985202437
01_001_20.csv,BI,575,0.1022180835467684,1080.0286152408871
01_001_20.csv,BI,576,0.1023873515235077,1080.095281527907
01_001_20.csv,BI,577,0.1025565908534479,1080.161570357986
01_001_20.csv,BI,578,0.1027257948230708,1080.22706846648
01_001_20.csv,BI,579,0.1028949768896294,1080.292398850289
01_001_20.csv,BI,580,0.1030641303384579,1080.356877564509
01_001_20.csv,BI,581,0.1032332551792363,1080.42192532447
01_001_20.csv,BI,582,0.1034023514216395,1080.4864594923856
01_001_20.csv,BI,583,0.1035714190753378,1080.5503444366925
01_001_20.csv,BI,584,0.1037404514336015,1080.615062145925
01_001_20.csv,BI,585,0.1039094619400154,1080.679070057235
01_001_20.csv,BI,586,0.1040784438867049,1080.7432410580168
01_001_20.csv,BI,587,0.1042473972833205,1080.8067623545385
01_001_20.csv,BI,588,0.1044163221395078,1080.869498132131
01_001_20.csv,BI,589,0.1045852184649075,1080.9323289488084
01_001_20.csv,BI,590,0.1047540795595654,1080.9943665357605
01_001_20.csv,BI,591,0.1049229188534255,1081.055963958053
01_001_20.csv,BI,592,0.1050917296453906,1081.1169103600105
01_001_20.csv,BI,593,0.105260511945082,1081.1780191533437
01_001_20.csv,BI,594,0.105429265762116,1081.2389513335356
01_001_20.csv,BI,595,0.1055979844021737,1081.2984785899257
01_001_20.csv,BI,596,0.1057666812838534,1081.3582429999738
01_001_20.csv,BI,597,0.1059353497116951,1081.4185088745758
01_001_20.csv,BI,598,0.106103989695296,1081.4775119391356
01_001_20.csv,BI,599,0.1062726012442478,1081.5357946054542
01_001_20.csv,BI,600,0.106441184368138,1081.593967541713
01_001_20.csv,BI,601,0.1066097323793977,1081.652227174426
01_001_20.csv,BI,602,0.1067782586830353,1081.7103843218993
01_001_20.csv,BI,603,0.1069467565903432,1081.7683637804812
01_001_20.csv,BI,604,0.1071152261108895,1081.825757865845
01_001_20.csv,BI,605,0.107283667254237,1081.881886829452
01_001_20.csv,BI,606,0.1074520800299439,1081.9383810652853
01_001_20.csv,BI,607,0.1076204577571781,1081.9940780456873
01_001_20.csv,BI,608,0.1077888138273854,1082.0498076524054
01_001_20.csv,BI,609,0.1079571415585973,1082.1045427825077
01_001_20.csv,BI,610,0.1081254409603527,1082.1591670152452
01_001_20.csv,BI,611,0.1082937120421855,1082.2125920594476
01_001_20.csv,BI,612,0.1084619481288672,1082.265762481729
01_001_20.csv,BI,613,0.1086301626005624,1082.3180122599224
01_001_20.csv,BI,614,0.1087983487809082,1082.369401762542
01_001_20.csv,BI,615,0.1089665066794191,1082.4217682469716
01_001_20.csv,BI,616,0.1091346363056055,1082.4749080083802
01_001_20.csv,BI,617,0.1093027376689723,1082.5281406115882
01_001_20.csv,BI,618,0.1094708041010027,1082.5814588957628
01_001_20.csv,BI,619,0.1096388489683493,1082.6340600981644
01_001_20.csv,BI,620,0.109806865601363,1082.683756835541
01_001_20.csv,BI,621,0.10997485400953,1082.7344992345347
01_001_20.csv,BI,622,0.1101428142023314,1082.785470141216
01_001_20.csv,BI,623,0.1103107461892439,1082.8359200057184
01_001_20.csv,BI,624,0.1104786433084487,1082.886318517245
01_001_20.csv,BI,625,0.1106465189131136,1082.9359983624763
01_001_20.csv,BI,626,0.1108143663402901,1082.9852929115295
01_001_20.csv,BI,627,0.1109821855994356,1083.0341337935845
01_001_20.csv,BI,628,0.1111499767000029,1083.0827936450532
01_001_20.csv,BI,629,0.1113177329857449,1083.130992289266
01_001_20.csv,BI,630,0.1114854677986127,1083.1789486612315
01_001_20.csv,BI,631,0.1116531744812314,1083.2261094777691
01_001_20.csv,BI,632,0.1118208530430347,1083.2739760015415
01_001_20.csv,BI,633,0.1119885034934515,1083.3210467181143
01_001_20.csv,BI,634,0.112156125841906,1083.3680723217617
01_001_20.csv,BI,635,0.1123237134388249,1083.4145675630589
01_001_20.csv,BI,636,0.1124912796127242,1083.4602051207085
01_001_20.csv,BI,637,0.1126588177129051,1083.5052506217653
01_001_20.csv,BI,638,0.1128263277487727,1083.5502503919115
01_001_20.csv,BI,639,0.1129938097297276,1083.5954777770949
01_001_20.csv,BI,640,0.1131612636651655,1083.6404544791276
01_001_20.csv,BI,641,0.1133286829121737,1083.6840794360114
01_001_20.csv,BI,642,0.1134960807858599,1083.7275970890882
01_001_20.csv,BI,643,0.1136634506421881,1083.77223107485
01_001_20.csv,BI,644,0.113830792490535,1083.8164089216802
01_001_20.csv,BI,645,0.113998106340273,1083.860267233887
01_001_20.csv,BI,646,0.1141653855540292,1083.904072336094
01_001_20.csv,BI,647,0.1143326434357589,1083.946470077285
01_001_20.csv,BI,648,0.1144998733469678,1083.9882738392698
01_001_20.csv,BI,649,0.1146670752970094,1084.03064701316
01_001_20.csv,BI,650,0.1148342492952325,1084.072768359485
01_001_20.csv,BI,651,0.115001395350981,1084.1127889822128
01_001_20.csv,BI,652,0.1151685068335182,1084.1537824892162
01_001_20.csv,BI,653,0.1153355970334406,1084.1948048402787
01_001_20.csv,BI,654,0.1155026593188923,1084.2353693129012
01_001_20.csv,BI,655,0.1156696936991986,1084.2757497794578
01_001_20.csv,BI,656,0.1158367001836802,1084.315329391955
01_001_20.csv,BI,657,0.1160036787816531,1084.3543819426577
01_001_20.csv,BI,658,0.1161706228690032,1084.3933798754697
01_001_20.csv,BI,659,0.1163375457229953,1084.4314462280272
01_001_20.csv,BI,660,0.1165044407183983,1084.469533435201
01_001_20.csv,BI,661,0.1166713078645097,1084.507230001782
01_001_20.csv,BI,662,0.1168381471706222,1084.5446729555097
01_001_20.csv,BI,663,0.1170049520181305,1084.581786393749
01_001_20.csv,BI,664,0.11717173567321,1084.6088401494762
01_001_20.csv,BI,665,0.1173384915161404,1084.6439414054475
01_001_20.csv,BI,666,0.1175052195561959,1084.6803669561232
01_001_20.csv,BI,667,0.1176719198026459,1084.7164010651163
01_001_20.csv,BI,668,0.117838585642385,1084.7523797189606
01_001_20.csv,BI,669,0.1180052303305177,1084.7878365272136
01_001_20.csv,BI,670,0.1181718472528252,1084.823450977492
01_001_20.csv,BI,671,0.1183384364185585,1084.8589483620026
01_001_20.csv,BI,672,0.1185049978369641,1084.8949470736898
01_001_20.csv,BI,673,0.1186715315172836,1084.9305539545949
01_001_20.csv,BI,674,0.1188380374687541,1084.9648752516623
01_001_20.csv,BI,675,0.1190045157006082,1085.0001790465622
01_001_20.csv,BI,676,0.1191709662220737,1085.0349531360737
01_001_20.csv,BI,677,0.119337389042374,1085.06472714129
01_001_20.csv,BI,678,0.1195037709480234,1085.0983572244286
01_001_20.csv,BI,679,0.1196701383958441,1085.1313336196908
01_001_20.csv,BI,680,0.1198364781701411,1085.1643297251503
01_001_20.csv,BI,681,0.1200027902801191,1085.1973455751397
01_001_20.csv,BI,682,0.1201690747349785,1085.2303123754082
01_001_20.csv,BI,683,0.1203353315439151,1085.2632301259564
01_001_20.csv,BI,684,0.1205015607161198,1085.2952037576606
01_001_20.csv,BI,685,0.1206677622607793,1085.3276789454176
01_001_20.csv,BI,686,0.1208339361870755,1085.3592096023403
01_001_20.csv,BI,687,0.1210000825041858,1085.390759683356
01_001_20.csv,BI,688,0.121166201221283,1085.422122531054
01_001_20.csv,BI,689,0.1213322791489868,1085.453766111198
01_001_20.csv,BI,690,0.1214983426957495,1085.4843408475335
01_001_20.csv,BI,691,0.1216643786699894,1085.5154173230212
01_001_20.csv,BI,692,0.1218303870808609,1085.5456169518511
01_001_20.csv,BI,693,0.1219963679375142,1085.574939322033
01_001_20.csv,BI,694,0.1221623212490946,1085.6044185102546
01_001_20.csv,BI,695,0.1223282470247429,1085.632950981817
01_001_20.csv,BI,696,0.1224941452735956,1085.6615021336002
01_001_20.csv,BI,697,0.1226600160047844,1085.6905550016472
01_001_20.csv,BI,698,0.1228258592274365,1085.718798638536
01_001_20.csv,BI,699,0.1229916749506746,1085.747475082998
01_001_20.csv,BI,700,0.1231574500091361,1085.7758799250578
01_001_20.csv,BI,701,0.1233232107630799,1085.803696442685
01_001_20.csv,BI,702,0.1234889440449498,1085.830771939759
01_001_20.csv,BI,703,0.1236546498638505,1085.8578658309489
01_001_20.csv,BI,704,0.123820328228882,1085.8842873470603
01_001_20.csv,BI,705,0.1239859791491398,1085.9104507298816
01_001_20.csv,BI,706,0.1241516026337149,1085.9354575342822
01_001_20.csv,BI,707,0.1243171986916937,1085.960896848701
01_001_20.csv,BI,708,0.1244827673321583,1085.9865615350773
01_001_20.csv,BI,709,0.1246483085641862,1086.0118986301532
01_001_20.csv,BI,710,0.1248138223968502,1086.035386718209
01_001_20.csv,BI,711,0.1249793088392188,1086.060206287846
01_001_20.csv,BI,712,0.1251447547520308,1086.084545275964
01_001_20.csv,BI,713,0.1253101864431709,1086.1089855057962
01_001_20.csv,BI,714,0.1254755907711933,1086.1329592054244
01_001_20.csv,BI,715,0.1256409677451483,1086.1570890249925
01_001_20.csv,BI,716,0.125806317374082,1086.180406019952
01_001_20.csv,BI,717,0.1259716396670359,1086.202355979638
01_001_20.csv,BI,718,0.1261369346330468,1086.2246000254163
01_001_20.csv,BI,719,0.1263022022811475,1086.2463073047777
01_001_20.csv,BI,720,0.1264674426203658,1086.267061996643
01_001_20.csv,BI,721,0.1266326556597254,1086.2888033519648
01_001_20.csv,BI,722,0.1267978414082454,1086.3106311632218
01_001_20.csv,BI,723,0.1269629867505003,1086.3324619437826
01_001_20.csv,BI,724,0.1271281179465475,1086.3537004619493
01_001_20.csv,BI,725,0.1272932218787849,1086.373985580096
01_001_20.csv,BI,726,0.1274582985562136,1086.3906128991175
01_001_20.csv,BI,727,0.1276233479878304,1086.4103069597022
01_001_20.csv,BI,728,0.1277883701826278,1086.429809621298
01_001_20.csv,BI,729,0.1279533651495935,1086.449953212701
01_001_20.csv,BI,730,0.128118332897711,1086.4696974087474
01_001_20.csv,BI,731,0.1282832734359593,1086.489319595148
01_001_20.csv,BI,732,0.1284481867733129,1086.507986928119
01_001_20.csv,BI,733,0.1286130729187418,1086.5275036793646
01_001_20.csv,BI,734,0.1287779187805702,1086.546398163557
01_001_20.csv,BI,735,0.1289427505712018,1086.5656706687214
01_001_20.csv,BI,736,0.1291075551967918,1086.5850988246093
01_001_20.csv,BI,737,0.1292723326662926,1086.6045438182027
01_001_20.csv,BI,738,0.129437082988652,1086.6239362143824
01_001_20.csv,BI,739,0.1296018061728138,1086.6426506850848
01_001_20.csv,BI,740,0.1297665022277169,1086.6611733676982
01_001_20.csv,BI,741,0.129931171162296,1086.6792956822046
01_001_20.csv,BI,742,0.1300958129854815,1086.6971564873984
01_001_20.csv,BI,743,0.1302604277061992,1086.7144080469188
01_001_20.csv,BI,744,0.1304250153333705,1086.7315368529237
01_001_20.csv,BI,745,0.1305895758759126,1086.747916925031
01_001_20.csv,BI,746,0.1307540962679599,1086.7643684427749
01_001_20.csv,BI,747,0.1309186026701276,1086.780711178002
01_001_20.csv,BI,748,0.1310830820143902,1086.7972092206246
01_001_20.csv,BI,749,0.131247534309647,1086.8135146969562
01_001_20.csv,BI,750,0.1314119595647931,1086.829349111208
01_001_20.csv,BI,751,0.1315763577887192,1086.845199584961
01_001_20.csv,BI,752,0.1317407289903117,1086.8614143008936
01_001_20.csv,BI,753,0.1319050731784525,1086.8772274127532
01_001_20.csv,BI,754,0.132069390362019,1086.8925690963197
01_001_20.csv,BI,755,0.1322336805498845,1086.9079964576122
01_001_20.csv,BI,756,0.1323979437509178,1086.922812810836
01_001_20.csv,BI,757,0.132562166922824,1086.9379793119924
01_001_20.csv,BI,758,0.1327263761789248,1086.95261846247
01_001_20.csv,BI,759,0.1328905584747728,1086.967203802452
01_001_20.csv,BI,760,0.1330547138192194,1086.9822931017115
01_001_20.csv,BI,761,0.1332188422211117,1086.9961433182616
01_001_20.csv,BI,762,0.1333829436892921,1087.0089631007795
01_001_20.csv,BI,763,0.133547018232599,1087.0220773241408
01_001_20.csv,BI,764,0.1337110658598664,1087.033602451051
01_001_20.csv,BI,765,0.1338750865799237,1087.0458404147994
01_001_20.csv,BI,766,0.1340390804015963,1087.0573957953093
01_001_20.csv,BI,767,0.134203047333705,1087.0681286809258
01_001_20.csv,BI,768,0.1343669873850663,1087.0799236389194
01_001_20.csv,BI,769,0.134530887539002,1087.0927670586934
01_001_20.csv,BI,770,0.1346947738574356,1087.1055006052777
01_001_20.csv,BI,771,0.1348586333215447,1087.118529164909
01_001_20.csv,BI,772,0.1350224659401288,1087.130316021131
01_001_20.csv,BI,773,0.1351862717219825,1087.1405811103104
01_001_20.csv,BI,774,0.1353500506758966,1087.151000866006
01_001_20.csv,BI,775,0.1355138028106574,1087.1593388189467
01_001_20.csv,BI,776,0.1356775281350467,1087.1692989028506
01_001_20.csv,BI,777,0.1358412266578421,1087.177386153111
01_001_20.csv,BI,778,0.1360048983878171,1087.1878652372534
01_001_20.csv,BI,779,0.1361685433337406,1087.1988490130934
01_001_20.csv,BI,780,0.1363321485023281,1087.2103236193288
01_001_20.csv,BI,781,0.1364957399085654,1087.2206385275604
01_001_20.csv,BI,782,0.1366593045570318,1087.231528375134
01_001_20.csv,BI,783,0.1368228424564791,1087.2415237978894
01_001_20.csv,BI,784,0.1369863536156548,1087.2513943385163
01_001_20.csv,BI,785,0.1371498380433022,1087.2607199187378
01_001_20.csv,BI,786,0.1373132957481602,1087.2700604483723
01_001_20.csv,BI,787,0.1374767267389635,1087.277735236652
01_001_20.csv,BI,788,0.1376401310244425,1087.2871054934512
01_001_20.csv,BI,789,0.1378035086133232,1087.296911121267
01_001_20.csv,BI,790,0.1379668595143276,1087.303438939538
01_001_20.csv,BI,791,0.1381301707574806,1087.310737664473
01_001_20.csv,BI,792,0.1382934683109997,1087.317924797382
01_001_20.csv,BI,793,0.1384567392027816,1087.3247057943445
01_001_20.csv,BI,794,0.138619983441531,1087.325401547709
01_001_20.csv,BI,795,0.1387832010359483,1087.3303871261014
01_001_20.csv,BI,796,0.1389463919947299,1087.3356670652147
01_001_20.csv,BI,797,0.1391095563265677,1087.3399789329503
01_001_20.csv,BI,798,0.1392726940401494,1087.3452164976195
01_001_20.csv,BI,799,0.1394358051441584,1087.3506083969187
01_001_20.csv,BI,800,0.139598889647274,1087.3533475744098
01_001_20.csv,BI,801,0.1397619475581712,1087.3567317100024
01_001_20.csv,BI,802,0.1399249788855207,1087.3605505413989
01_001_20.csv,BI,803,0.1400879706846814,1087.3650008639088
01_001_20.csv,BI,804,0.1402509488730417,1087.3701814177948
01_001_20.csv,BI,805,0.1404139005038403,1087.3734797538873
01_001_20.csv,BI,806,0.1405768255857311,1087.379531324441
01_001_20.csv,BI,807,0.1407397241273635,1087.3840516980115
01_001_20.csv,BI,808,0.140902596137383,1087.389499622459
01_001_20.csv,BI,809,0.1410654416244307,1087.3944699387876
01_001_20.csv,BI,810,0.1412282605971433,1087.3987515607223
01_001_20.csv,BI,811,0.1413910530641537,1087.4028363133666
01_001_20.csv,BI,812,0.1415538190340902,1087.4065834954254
01_001_20.csv,BI,813,0.1417165585155771,1087.4090787086989
01_001_20.csv,BI,814,0.1418792585871092,1087.408689507526
01_001_20.csv,BI,815,0.1420419451196562,1087.4112113946212
01_001_20.csv,BI,816,0.1422046051896003,1087.414943059147
01_001_20.csv,BI,817,0.142367238805549,1087.4163664423395
01_001_20.csv,BI,818,0.1425298459761056,1087.4173104550164
01_001_20.csv,BI,819,0.142692426709869,1087.418971630379
01_001_20.csv,BI,820,0.142854981015434,1087.421350346085
01_001_20.csv,BI,821,0.1430175089013914,1087.4236019480522
01_001_20.csv,BI,822,0.1431800103763275,1087.4263602787505
01_001_20.csv,BI,823,0.1433424854488246,1087.4282167688398
01_001_20.csv,BI,824,0.1435049341274609,1087.4286778308206
01_001_20.csv,BI,825,0.1436673435137844,1087.4297017993658
01_001_20.csv,BI,826,0.1438297394325123,1087.4315989628194
01_001_20.csv,BI,827,0.1439921089830877,1087.4340737778512
01_001_20.csv,BI,828,0.1441544521740721,1087.4374790505535
01_001_20.csv,BI,829,0.1443167690140228,1087.4400524899784
01_001_20.csv,BI,830,0.1444790595114926,1087.44130006231
01_001_20.csv,BI,831,0.1446413236750306,1087.4445362359293
01_001_20.csv,BI,832,0.1448035615131815,1087.4465169274335
01_001_20.csv,BI,833,0.1449657730344857,1087.4471004398883
01_001_20.csv,BI,834,0.1451279582474798,1087.4476269145907
01_001_20.csv,BI,835,0.1452901171606959,1087.4480963515407
01_001_20.csv,BI,836,0.1454522497826621,1087.4482969778182
01_001_20.csv,BI,837,0.1456143432399823,1087.4487088989208
01_001_20.csv,BI,838,0.1457764233071044,1087.44703001389
01_001_20.csv,BI,839,0.1459384771085354,1087.4471297081618
01_001_20.csv,BI,840,0.1461005046527869,1087.447454865901
01_001_20.csv,BI,841,0.1462625059483662,1087.4468046051516
01_001_20.csv,BI,842,0.1464244810037766,1087.4464503530653
01_001_20.csv,BI,843,0.1465864298275173,1087.446321610223
01_001_20.csv,BI,844,0.1467483524280832,1087.4443687207067
01_001_20.csv,BI,845,0.1469102488139652,1087.4432771970623
01_001_20.csv,BI,846,0.1470721189936501,1087.4420576098146
01_001_20.csv,BI,847,0.1472339629756205,1087.4410635089223
01_001_20.csv,BI,848,0.1473957679093625,1087.4402810483298
01_001_20.csv,BI,849,0.1475575595234156,1087.4366257855954
01_001_20.csv,BI,850,0.1477193249651768,1087.435317949814
01_001_20.csv,BI,851,0.1478810642431121,1087.434377354536
01_001_20.csv,BI,852,0.1480427773656838,1087.4336626576005
01_001_20.csv,BI,853,0.1482044643413496,1087.433598709472
01_001_20.csv,BI,854,0.1483661251785636,1087.4327699141431
01_001_20.csv,BI,855,0.1485277598857753,1087.4324504796832
01_001_20.csv,BI,856,0.1486893684714307,1087.4225134414935
01_001_20.csv,BI,857,0.1488509509439711,1087.417474581006
01_001_20.csv,BI,858,0.149012507311834,1087.4172654587528
01_001_20.csv,BI,859,0.1491740247473068,1087.415497608581
01_001_20.csv,BI,860,0.1493355289331839,1087.413048615822
01_001_20.csv,BI,861,0.1494970070396709,1087.41075473588
01_001_20.csv,BI,862,0.1496584590751888,1087.408261629157
01_001_20.csv,BI,863,0.1498198850481547,1087.405994626768
01_001_20.csv,BI,864,0.1499812849669816,1087.4034574861907
01_001_20.csv,BI,865,0.1501426588400785,1087.4001536444666
01_001_20.csv,LI-WARM,1,0.0,0.0
01_001_20.csv,LI-WARM,2,0.0059820717293904,408.39446199627
01_001_20.csv,LI-WARM,3,0.011928570968345,743.5912129672679
01_001_20.csv,LI-WARM,4,0.0178399173671714,899.6375543689433
01_001_20.csv,LI-WARM,5,0.0237165268210428,949.3143751934008
01_001_20.csv,LI-WARM,6,0.0295588015905227,977.0643865709412
01_001_20.csv,LI-WARM,7,0.0353671423414218,996.8996613505652
01_001_20.csv,LI-WARM,8,0.0411419427877547,1012.2266174919276
01_001_20.csv,LI-WARM,9,0.046883586296973,1024.5597635914942
01_001_20.csv,LI-WARM,10,0.0525924514481166,1034.762828767722
01_001_20.csv,LI-WARM,11,0.0582689068587828,1043.2870775374624
01_001_20.csv,LI-WARM,12,0.063913325408167,1050.5493758682587
01_001_20.csv,LI-WARM,13,0.0695260597573401,1056.803232296059
01_001_20.csv,LI-WARM,14,0.0751074739796861,1062.178851439222
01_001_20.csv,LI-WARM,15,0.0806579019727236,1066.8258370202198
01_001_20.csv,LI-WARM,16,0.0861776995220419,1070.8587413064452
01_001_20.csv,LI-WARM,17,0.0916671892871969,1074.3515257203262
01_001_20.csv,LI-WARM,18,0.0971267089999163,1077.3366274077998
01_001_20.csv,LI-WARM,19,0.1025565908534479,1079.9002598104505
01_001_20.csv,LI-WARM,20,0.1079571415585973,1082.0602792327004
01_001_20.csv,LI-WARM,21,0.1133286829121737,1083.8672142011978
01_001_20.csv,LI-WARM,22,0.1186715315172836,1085.3400897219335
01_001_20.csv,LI-WARM,23,0.1239859791491398,1086.51251664747
01_001_20.csv,LI-WARM,24,0.1292723326662926,1087.4046306077644
01_001_20.csv,LI-WARM,25,0.134530887539002,1088.0447504519725
01_001_20.csv,LI-WARM,26,0.1397619475581712,1088.4759883076003
01_001_20.csv,LI-WARM,27,0.1449657730344857,1088.7104170937964
01_001_20.csv,LI-WARM,28,0.1501426588400785,1088.7575461010783
02_001_500.csv,BI,1,0.0,0.0
02_001_500.csv,BI,2,0.0001874824257014,12.853576318940604
02_001_500.csv,BI,3,0.0003749297083315,25.706135058009934
02_001_500.csv,BI,4,0.0005623418319753,38.55768343045382
02_001_500.csv,BI,5,0.0007497188970603,51.40822102675549
02_001_500.csv,BI,6,0.000937060800405,64.25774838551465
02_001_500.csv,BI,7,0.0011243676133349,77.10626223667988
02_001_500.csv,BI,8,0.001311639407124,89.95374785407364
02_001_500.csv,BI,9,0.0014988761367548,102.8002019552263
02_001_500.csv,BI,10,0.0016860778153555,115.6455524809828
02_001_500.csv,BI,11,0.0018732443398492,128.48964322506336
02_001_500.csv,BI,12,0.0020603759557662,141.33208091101378
02_001_500.csv,BI,13,0.0022474724438391,154.1720666431208
02_001_500.csv,BI,14,0.0024345341656288,167.0078832567078
02_001_500.csv,BI,15,0.0026215606696539,179.83635878691086
02_001_500.csv,BI,16,0.0028085524334842,192.65182487727455
02_001_500.csv,BI,17,0.0029955090057975,205.44476732406696
02_001_500.csv,BI,18,0.0031824306318841,218.2003838829096
02_001_500.csv,BI,19,0.0033693175568537,230.89729315292772
02_001_500.csv,BI,20,0.0035561693296224,243.5070688757648
02_001_500.csv,BI,21,0.0037429861953284,255.9950454307408
02_001_500.csv,BI,22,0.0039297683989294,268.3228241784558
02_001_500.csv,BI,23,0.0041165154895796,280.45182444520367
02_001_500.csv,BI,24,0.0043032277122653,292.3471302175758
02_001_500.csv,BI,25,0.0044899050800047,303.98098800900505
02_001_500.csv,BI,26,0.0046765480692973,315.3344234574331
02_001_500.csv,BI,27,0.0048631557660827,326.39767828584456
02_001_500.csv,BI,28,0.0050497286469324,337.1691155807893
02_001_500.csv,BI,29,0.0052362667248354,347.6532327483486
02_001_500.csv,BI,30,0.0054227700127735,357.8582433792175
02_001_500.csv,BI,31,0.0056092389867777,367.7938098771281
02_001_500.csv,BI,32,0.0057956727336157,377.4685885298164
02_001_500.csv,BI,33,0.0059820717293904,386.88838753226446
02_001_500.csv,BI,34,0.0061684359870545,396.0549046956652
02_001_500.csv,BI,35,0.0063547655195536,404.9644952942849
02_001_500.csv,BI,36,0.0065410603398257,413.6081056515868
02_001_500.csv,BI,37,0.0067273209233412,421.97129902358233
02_001_500.csv,BI,38,0.0069135463578593,430.03495658878137
02_001_500.csv,BI,39,0.0070997371189219,437.7767188050251
02_001_500.csv,BI,40,0.0072858932194383,445.1723034877975
02_001_500.csv,BI,41,0.0074720146723108,452.19759498701467
02_001_500.csv,BI,42,0.0076581019525431,458.8304281972714
02_001_500.csv,BI,43,0.0078441541487192,465.0525888073752
02_001_500.csv,BI,44,0.0080301712739777,470.8514485092172
02_001_500.csv,BI,45,0.0082161547270027,476.2210473803137
02_001_500.csv,BI,46,0.0084021035966148,481.1625599744257
02_001_500.csv,BI,47,0.0085880169723143,485.6844877079993
02_001_500.csv,BI,48,0.0087738967138422,489.801866580438
02_001_500.csv,BI,49,0.0089597409874974,493.535377129831
02_001_500.csv,BI,50,0.00914555165232,496.90996736159633
02_001_500.csv,BI,51,0.0093313277979533,499.9535289702229
02_001_500.csv,BI,52,0.0095170685147195,502.6954841734289
02_001_500.csv,BI,53,0.0097027756606084,505.16558672478624
02_001_500.csv,BI,54,0.0098884474035979,507.392840226674
02_001_500.csv,BI,55,0.0100740856009782,509.4049154279321
02_001_500.csv,BI,56,0.0102596893432143,511.2274673914202
02_001_500.csv,BI,57,0.0104452577214485,512.8839808088874
02_001_500.csv,BI,58,0.0106307925919229,514.3955226433172
02_001_500.csv,BI,59,0.0108162921242912,515.780859959202
02_001_500.csv,BI,60,0.0110017581740972,517.0563998527124
02_001_500.csv,BI,61,0.011187189832626,518.2364925386628
02_001_500.csv,BI,62,0.0113725861918385,519.3335234526064
02_001_500.csv,BI,63,0.0115579491062325,520.3582524535061
02_001_500.csv,BI,64,0.0117432767471344,521.3197780829098
02_001_500.csv,BI,65,0.011928570968345,522.2259722217952
02_001_500.csv,BI,66,0.0121138299418591,523.0834133317537
02_001_500.csv,BI,67,0.0122990555207813,523.8978834186685
02_001_500.csv,BI,68,0.0124842467975419,524.6742403202275
02_001_500.csv,BI,69,0.0126694028652458,525.4165419142719
02_001_500.csv,BI,70,0.0128545255759542,526.128294125652
02_001_500.csv,BI,71,0.0130396131033302,526.8125707021406
02_001_500.csv,BI,72,0.01322466729874,527.471892986043
02_001_500.csv,BI,73,0.0134096872554305,528.1084734490698
02_001_500.csv,BI,74,0.0135946720673218,528.724154985407
02_001_500.csv,BI,75,0.0137796235847385,529.3205976733107
02_001_500.csv,BI,76,0.0139645399830094,529.8992133101259
02_001_500.csv,BI,77,0.0141494231117654,530.4612309761867
02_001_500.csv,BI,78,0.0143342720650685,531.0076934591787
02_001_500.csv,BI,79,0.0145190859376526,531.539582395514
02_001_500.csv,BI,80,0.0147038665781091,532.0576338603828
02_001_500.csv,BI,81,0.0148886121634293,532.5626444774035
02_001_500.csv,BI,82,0.0150733245415122,533.0552275320179
02_001_500.csv,BI,83,0.0152580028072333,533.5359333286215
02_001_500.csv,BI,84,0.015442646056139,534.0052505971568
02_001_500.csv,BI,85,0.0156272561350908,534.4637938954979
02_001_500.csv,BI,86,0.0158118312227394,534.9118042330383
02_001_500.csv,BI,87,0.0159963722487118,535.3498343684868
02_001_500.csv,BI,88,0.0161808810583257,535.7781898416063
02_001_500.csv,BI,89,0.0163653539983085,536.1971734757876
02_001_500.csv,BI,90,0.0165497929143022,536.6070912679527
02_001_500.csv,BI,91,0.0167341996505896,537.0082494462184
02_001_500.csv,BI,92,0.0169185705559054,537.4008894405824
02_001_500.csv,BI,93,0.0171029074748565,537.7852558140262
02_001_500.csv,BI,94,0.0172872122506923,538.1616554142141
02_001_500.csv,BI,95,0.0174714812341524,538.5302681407104
02_001_500.csv,BI,96,0.0176557162688098,538.8913391074254
02_001_500.csv,BI,97,0.0178399173671714,539.2449883590798
02_001_500.csv,BI,98,0.0180240863711105,539.5915855999933
02_001_500.csv,BI,99,0.0182082196340365,539.9311249081762
02_001_500.csv,BI,100,0.0183923189981457,540.2638519945758
02_001_500.csv,BI,101,0.0185763863042807,540.5899505754116
02_001_500.csv,BI,102,0.0187604179078508,540.9096637304594
02_001_500.csv,BI,103,0.0189444156500212,541.2230510796071
02_001_500.csv,BI,104,0.0191283795432505,541.5302957283336
02_001_500.csv,BI,105,0.0193123114270087,541.8315819093829
02_001_500.csv,BI,106,0.0194962076593681,542.1270910233766
02_001_500.csv,BI,107,0.0196800700801209,542.416883080888
02_001_500.csv,BI,108,0.019863900527709,542.7011426590252
02_001_500.csv,BI,109,0.0200476953621996,542.9799269573809
02_001_500.csv,BI,110,0.0202314564223564,543.2534830412818
02_001_500.csv,BI,111,0.0204151855455944,543.5218712784291
02_001_500.csv,BI,112,0.0205988790939733,543.7851491068091
02_001_500.csv,BI,113,0.0207825389052297,544.0435639360514
02_001_500.csv,BI,114,0.0209661649917536,544.2971130539145
02_001_500.csv,BI,115,0.0211497591895925,544.5459817605733
02_001_500.csv,BI,116,0.0213333178634595,544.7902278121344
02_001_500.csv,BI,117,0.0215168428497233,545.0299743518237
02_001_500.csv,BI,118,0.0217003359834072,545.2653446154561
02_001_500.csv,BI,119,0.0218837936312117,545.4964589491367
02_001_500.csv,BI,120,0.0220672176284811,545.7233783745355
02_001_500.csv,BI,121,0.0222506098092155,545.946163960039
02_001_500.csv,BI,122,0.0224339665421008,546.164936256336
02_001_500.csv,BI,123,0.0226172896614578,546.3797564574741
02_001_500.csv,BI,124,0.0228005791796085,546.5906848089736
02_001_500.csv,BI,125,0.0229838369291908,546.7979075059269
02_001_500.csv,BI,126,0.0231670592815343,547.0013580322266
02_001_500.csv,BI,127,0.0233502480695971,547.201222720099
02_001_500.csv,BI,128,0.0235334051249966,547.3975005741709
02_001_500.csv,BI,129,0.0237165268210428,547.5903751115588
02_001_500.csv,BI,130,0.023899614989673,547.7797829282672
02_001_500.csv,BI,131,0.0240826696431617,547.9658471474704
02_001_500.csv,BI,132,0.0242656926117679,548.1486919804247
02_001_500.csv,BI,133,0.0244486802714385,548.3282511031663
02_001_500.csv,BI,134,0.0246316344527515,548.5047113641303
02_001_500.csv,BI,135,0.0248145569849479,548.6780720436525
02_001_500.csv,BI,136,0.0249974442459501,548.848392011471
02_001_500.csv,BI,137,0.025180298065318,549.0157331736737
02_001_500.csv,BI,138,0.025363120271276,549.1801574826222
02_001_500.csv,BI,139,0.0255459072437197,549.3417239446377
02_001_500.csv,BI,140,0.0257286608111919,549.5004319776331
02_001_500.csv,BI,141,0.0259113809859003,549.6564052769864
02_001_500.csv,BI,142,0.0260940695947154,549.8096433298051
02_001_500.csv,BI,143,0.0262767230201604,549.9601426301183
02_001_500.csv,BI,144,0.0264593430894242,550.1080906799215
02_001_500.csv,BI,145,0.0266419316283633,550.253361703366
02_001_500.csv,BI,146,0.026824485021469,550.3962030064804
02_001_500.csv,BI,147,0.027007005094916,550.5364888362227
02_001_500.csv,BI,148,0.027189493673548,550.674406935485
02_001_500.csv,BI,149,0.0273719471438223,550.809828545548
02_001_500.csv,BI,150,0.0275543673309004,550.942941512233
02_001_500.csv,BI,151,0.0277367542469231,551.0736818134794
02_001_500.csv,BI,152,0.0279191097153855,551.2021746695189
02_001_500.csv,BI,153,0.028101430125363,551.3284168475874
02_001_500.csv,BI,154,0.0282837173006679,551.4524708962044
02_001_500.csv,BI,155,0.0284659730637852,551.5743994098443
02_001_500.csv,BI,156,0.0286481938057512,551.6941364151493
02_001_500.csv,BI,157,0.0288303813493678,551.8118073498777
02_001_500.csv,BI,158,0.0290125357067294,551.9273482491891
02_001_500.csv,BI,159,0.0291946586989758,552.0408846311057
02_001_500.csv,BI,160,0.0293767467197549,552.1524133996763
02_001_500.csv,BI,161,0.0295588015905227,552.2619973211296
02_001_500.csv,BI,162,0.0297408251314117,552.3695734522327
02_001_500.csv,BI,163,0.0299228137380258,552.4753273642232
02_001_500.csv,BI,164,0.0301047692308132,552.5791332590886
02_001_500.csv,BI,165,0.0302866934288996,552.6812427192184
02_001_500.csv,BI,166,0.0304685827298433,552.7814640498736
02_001_500.csv,BI,167,0.0306504389530855,552.8799860244505
02_001_500.csv,BI,168,0.0308322621106549,552.9767447696609
02_001_500.csv,BI,169,0.0310140540203371,553.0718032806842
02_001_500.csv,BI,170,0.0311958128877276,553.165159631809
02_001_500.csv,BI,171,0.031377535114621,553.2568108986816
02_001_500.csv,BI,172,0.0315592279341053,553.3468861333058
02_001_500.csv,BI,173,0.0317408841384027,553.4351914720464
02_001_500.csv,BI,174,0.0319225109579646,553.5219820081679
02_001_500.csv,BI,175,0.0321041047952152,553.6071288674952
02_001_500.csv,BI,176,0.0322856620551936,553.6908182738721
02_001_500.csv,BI,177,0.0324671899643999,553.7729273333402
02_001_500.csv,BI,178,0.0326486849272049,553.853579311919
02_001_500.csv,BI,179,0.0328301433505914,553.9328344952517
02_001_500.csv,BI,180,0.0330115724571126,554.0105699546343
02_001_500.csv,BI,181,0.0331929686530839,554.0869090592821
02_001_500.csv,BI,182,0.0333743283474299,554.1619121637641
02_001_500.csv,BI,183,0.0335556587587609,554.2355194225183
02_001_500.csv,BI,184,0.0337369562953349,554.307728083485
02_001_500.csv,BI,185,0.0339182173680161,554.3785985358709
02_001_500.csv,BI,186,0.0340994491914765,554.4480708991857
02_001_500.csv,BI,187,0.0342806481759144,554.5162687491752
02_001_500.csv,BI,188,0.0344618107341315,554.5831894031903
02_001_500.csv,BI,189,0.0346429440768659,554.648899353349
02_001_500.csv,BI,190,0.0348240410184606,554.7133307573802
02_001_500.csv,BI,191,0.0350051087670332,554.7764237107222
02_001_500.csv,BI,192,0.0351861437360115,554.838365159452
02_001_500.csv,BI,193,0.0353671423414218,554.8991524902558
02_001_500.csv,BI,194,0.0355481117874548,554.9587890759522
02_001_500.csv,BI,195,0.0357290484894729,555.0172723030846
02_001_500.csv,BI,196,0.0359099488654345,555.0745995587915
02_001_500.csv,BI,197,0.0360908201156077,555.1309007713958
02_001_500.csv,BI,198,0.0362716586572876,555.1860468172611
02_001_500.csv,BI,199,0.0364524609103626,555.2399717829271
02_001_500.csv,BI,200,0.0366332340711824,555.2928689426158
02_001_500.csv,BI,201,0.0368139745589728,555.3446091045021
02_001_500.csv,BI,202,0.0369946787955499,555.3953796629921
02_001_500.csv,BI,203,0.0371753539733493,555.4450573972845
02_001_500.csv,BI,204,0.0373559965135257,555.4937030879901
02_001_500.csv,BI,205,0.0375366028398207,555.5413141924801
02_001_500.csv,BI,206,0.0377171801407603,555.5880842918295
02_001_500.csv,BI,207,0.0378977212526733,555.6339455606576
02_001_500.csv,BI,208,0.0380782333614816,555.6787746961834
02_001_500.csv,BI,209,0.0382587128915491,555.7226325714976
02_001_500.csv,BI,210,0.0384391562698229,555.7655801062697
02_001_500.csv,BI,211,0.0386195706783219,555.8076208046818
02_001_500.csv,BI,212,0.0387999525433333,555.84856184398
02_001_500.csv,BI,213,0.0389802982937244,555.8886544940492
02_001_500.csv,BI,214,0.0391606151076155,555.9278388193925
02_001_500.csv,BI,215,0.0393408994132149,555.9661758316536
02_001_500.csv,BI,216,0.0395211476413081,556.0035995978615
02_001_500.csv,BI,217,0.0397013669661212,556.0401136196133
02_001_500.csv,BI,218,0.0398815538177815,556.0758424620653
02_001_500.csv,BI,219,0.0400617046289906,556.1106566629712
02_001_500.csv,BI,220,0.0402418265700846,556.1446868053763
02_001_500.csv,BI,221,0.0404219160731076,556.1779304867371
02_001_500.csv,BI,222,0.0406019695726755,556.2103217411618
02_001_500.csv,BI,223,0.0407819942352385,556.2419276775195
02_001_500.csv,BI,224,0.0409619864947556,556.2727458939767
02_001_500.csv,BI,225,0.0411419427877547,556.3027739896859
02_001_500.csv,BI,226,0.0413218702768044,556.3321427507788
02_001_500.csv,BI,227,0.0415017618239282,556.360784234952
02_001_500.csv,BI,228,0.0416816245891093,556.388638408539
02_001_500.csv,BI,229,0.0418614550094937,556.4157665153543
02_001_500.csv,BI,230,0.0420412495247914,556.4421025343197
02_001_500.csv,BI,231,0.0422210152911113,556.4677773634401
02_001_500.csv,BI,232,0.0424007487475085,556.4926613140767
02_001_500.csv,BI,233,0.0425804463355999,556.5168793678481
02_001_500.csv,BI,234,0.0427601152076237,556.5404988568571
02_001_500.csv,BI,235,0.0429397518045428,556.5633263458562
02_001_500.csv,BI,236,0.0431193525698784,556.5854231614364
02_001_500.csv,BI,237,0.0432989246520027,556.6068566340562
02_001_500.csv,BI,238,0.0434784644937837,556.6276881815816
02_001_500.csv,BI,239,0.0436579685406454,556.6478517510795
02_001_500.csv,BI,240,0.0438374439370978,556.6672871993978
02_001_500.csv,BI,241,0.0440168871279124,556.6861197269809
02_001_500.csv,BI,242,0.0441962945604136,556.7043470406129
02_001_500.csv,BI,243,0.0443756733752537,556.7219089954142
02_001_500.csv,BI,244,0.0445550164561521,556.7391203602633
02_001_500.csv,BI,245,0.0447343309411915,556.7556657934911
02_001_500.csv,BI,246,0.0449136132783108,556.7716068068012
02_001_500.csv,BI,247,0.0450928599179977,556.7868772580591
02_001_500.csv,BI,248,0.0452720779944841,556.8015446315678
02_001_500.csv,BI,249,0.0454512639576067,556.8156066352947
02_001_500.csv,BI,250,0.0456304142597483,556.8291887478936
02_001_500.csv,BI,251,0.0458095360312942,556.842230796814
02_001_500.csv,BI,252,0.0459886257239769,556.8546027100183
02_001_500.csv,BI,253,0.0461676797920724,556.8664300014245
02_001_500.csv,BI,254,0.0463467053621233,556.8777163584709
02_001_500.csv,BI,255,0.0465256988877562,556.8883316413815
02_001_500.csv,BI,256,0.046704656825138,556.8985293404876
02_001_500.csv,BI,257,0.046883586296973,556.9081213154677
02_001_500.csv,BI,258,0.0470624837587796,556.9171692533564
02_001_500.csv,BI,259,0.0472413456686138,556.9255429250529
02_001_500.csv,BI,260,0.0474201791453457,556.9334379430395
02_001_500.csv,BI,261,0.0475989770942592,556.9409141199849
02_001_500.csv,BI,262,0.0477777466316703,556.9477831406766
02_001_500.csv,BI,263,0.0479564842162459,556.9542348179966
02_001_500.csv,BI,264,0.0481351863091865,556.960202923666
02_001_500.csv,BI,265,0.0483138600229804,556.9656911723534
02_001_500.csv,BI,266,0.0484925018181813,556.9706973460679
02_001_500.csv,BI,267,0.0486711081578731,556.9752192281567
02_001_500.csv,BI,268,0.0488496861507212,556.9791964405522
02_001_500.csv,BI,269,0.0490282322591635,556.9827549362781
02_001_500.csv,BI,270,0.0492067429481658,556.9857001931839
02_001_500.csv,BI,271,0.0493852253225744,556.9882923534735
02_001_500.csv,BI,272,0.0495636758467095,556.9903368603225
02_001_500.csv,BI,273,0.049742090987417,556.9918956127513
02_001_500.csv,BI,274,0.0499204778457277,556.9931006381048
02_001_500.csv,BI,275,0.0500988328878428,556.9937572775925
02_001_500.csv,BI,276,0.0502771525824855,556.9939916478975
02_001_500.csv,BI,277,0.050455444026876,556.9938074898173
02_001_500.csv,BI,278,0.0506337001477329,556.9931364461022
02_001_500.csv,BI,279,0.050811928039738,556.9920464384213
02_001_500.csv,BI,280,0.0509901241722219,556.9906637440276
02_001_500.csv,BI,281,0.0511682850170334,556.9887292961389
02_001_500.csv,BI,282,0.0513464176650499,556.9864395161808
02_001_500.csv,BI,283,0.0515245185874775,556.9837279982985
02_001_500.csv,BI,284,0.0517025842580371,556.980656839969
02_001_500.csv,BI,285,0.0518806217638065,556.9771012400606
02_001_500.csv,BI,286,0.0520586275778646,556.9731232842441
02_001_500.csv,BI,287,0.0522365981758031,556.9687851054227
02_001_500.csv,BI,288,0.0524145406409037,556.9639618316164
02_001_500.csv,BI,289,0.0525924514481166,556.9587155839181
02_001_500.csv,BI,290,0.052770327074902,556.9531085306694
02_001_500.csv,BI,291,0.0529481746007496,556.9471444369033
02_001_500.csv,BI,292,0.0531259905024789,556.9406924316509
02_001_500.csv,BI,293,0.0533037712594167,556.9339434380333
02_001_500.csv,BI,294,0.0534815239472649,556.9267724766346
02_001_500.csv,BI,295,0.0536592450447102,556.9193705731991
02_001_500.csv,BI,296,0.0538369310329441,556.9114780141581
02_001_500.csv,BI,297,0.0540145889838846,556.9032917592194
02_001_500.csv,BI,298,0.0541922118493024,556.8946144374445
02_001_500.csv,BI,299,0.0543698066985955,556.8856430756923
02_001_500.csv,BI,300,0.0545473700135584,556.8762466572143
02_001_500.csv,BI,301,0.0547248982784857,556.8664874803858
02_001_500.csv,BI,302,0.0549023985589981,556.8564337817834
02_001_500.csv,BI,303,0.0550798673387523,556.8461479509524
02_001_500.csv,BI,304,0.0552573011039023,556.8355634193199
02_001_500.csv,BI,305,0.0554347069162957,556.8246839756607
02_001_500.csv,BI,306,0.0556120812614493,556.8134429937957
02_001_500.csv,BI,307,0.0557894206273744,556.8019028774142
02_001_500.csv,BI,308,0.0559667320721499,556.7900028644763
02_001_500.csv,BI,309,0.0561440120831504,556.7778699411074
02_001_500.csv,BI,310,0.0563212571502428,556.7653083296432
02_001_500.csv,BI,311,0.0564984743277409,556.7523217455307
02_001_500.csv,BI,312,0.0566756601048757,556.7390372103964
02_001_500.csv,BI,313,0.0568528109733674,556.725388021855
02_001_500.csv,BI,314,0.0570299339837691,556.7114425444815
02_001_500.csv,BI,315,0.057207022109007,556.6971320940586
02_001_500.csv,BI,316,0.0573840823971291,556.6825250564648
02_001_500.csv,BI,317,0.0575611113404554,556.6675546839347
02_001_500.csv,BI,318,0.057738105433791,556.6523481733211
02_001_500.csv,BI,319,0.0579150717214297,556.6369093367302
02_001_500.csv,BI,320,0.0580920066975425,556.6211714275914
02_001_500.csv,BI,321,0.0582689068587828,556.6049382606311
02_001_500.csv,BI,322,0.0584457792456941,556.5886017604771
02_001_500.csv,BI,323,0.0586226203542963,556.5719657757859
02_001_500.csv,BI,324,0.0587994266830893,556.5550929458918
02_001_500.csv,BI,325,0.0589762052688703,556.5379870780703
02_001_500.csv,BI,326,0.0591529526095062,556.5206461139851
02_001_500.csv,BI,327,0.0593296652053415,556.5029384650638
02_001_500.csv,BI,328,0.059506350089431,556.484867867481
02_001_500.csv,BI,329,0.0596830037614868,556.4665617730891
02_001_500.csv,BI,330,0.0598596227236957,556.4480181264043
02_001_500.csv,BI,331,0.0600362140053745,556.429175918106
02_001_500.csv,BI,332,0.0602127706004784,556.4100959294544
02_001_500.csv,BI,333,0.0603892995358345,556.3906522920029
02_001_500.csv,BI,334,0.0605657973142255,556.370972574091
02_001_500.csv,BI,335,0.0607422604409048,556.3509898648144
02_001_500.csv,BI,336,0.0609186959389675,556.3308376659597
02_001_500.csv,BI,337,0.0610951003130366,556.3102544365393
02_001_500.csv,BI,338,0.0612714735740908,556.2894995378192
02_001_500.csv,BI,339,0.0614478157331033,556.2685079978751
02_001_500.csv,BI,340,0.0616241197957356,556.2472109023238
02_001_500.csv,BI,341,0.0618003997847954,556.2258106864792
02_001_500.csv,BI,342,0.0619766487046975,556.2041735433077
02_001_500.csv,BI,343,0.0621528665663918,556.1822993698115
02_001_500.csv,BI,344,0.0623290533808222,556.1601880629933
02_001_500.csv,BI,345,0.0625052021597909,556.1377056835236
02_001_500.csv,BI,346,0.0626813269137356,556.1149898122881
02_001_500.csv,BI,347,0.0628574206532136,556.0920364529625
02_001_500.csv,BI,348,0.063033483389146,556.0687804962931
02_001_500.csv,BI,349,0.063209515132448,556.04522180495
02_001_500.csv,BI,350,0.0633855158940291,556.0214902998919
02_001_500.csv,BI,351,0.0635614786930456,555.9974519438829
02_001_500.csv,BI,352,0.0637374175251201,555.9733095313313
02_001_500.csv,BI,353,0.063913325408167,555.9488639492292
02_001_500.csv,BI,354,0.0640892023530727,555.924245210088
02_001_500.csv,BI,355,0.064265048370718,555.8994532452425
02_001_500.csv,BI,356,0.0644408634719778,555.8743577904097
02_001_500.csv,BI,357,0.0646166406833477,555.849150153761
02_001_500.csv,BI,358,0.0647923939856659,555.8237078249454
02_001_500.csv,BI,359,0.0649681164041887,555.7978965535663
02_001_500.csv,BI,360,0.0651438079497681,555.771911598717
02_001_500.csv,BI,361,0.0653194686332505,555.7456877367031
02_001_500.csv,BI,362,0.0654950914872355,555.719090653638
02_001_500.csv,BI,363,0.0656706904802651,555.692388646281
02_001_500.csv,BI,364,0.065846258643702,555.6655126121295
02_001_500.csv,BI,365,0.0660217959883695,555.6384624825187
02_001_500.csv,BI,366,0.0661973025250855,555.6111729765335
02_001_500.csv,BI,367,0.0663727782646621,555.5837092148704
02_001_500.csv,BI,368,0.0665482162470099,555.5561324912787
02_001_500.csv,BI,369,0.066723630425944,555.5283200245822
02_001_500.csv,BI,370,0.0668990138401403,555.5003330962136
02_001_500.csv,BI,371,0.0670743665003883,555.4721063680377
02_001_500.csv,BI,372,0.0672496884174717,555.4435744561424
02_001_500.csv,BI,373,0.0674249796021684,555.4148025155564
02_001_500.csv,BI,374,0.0676002331016847,555.3858518796187
02_001_500.csv,BI,375,0.0677754628551397,555.3566649002305
02_001_500.csv,BI,376,0.0679506619085077,555.3273029327393
02_001_500.csv,BI,377,0.0681258302725441,555.2978965847497
02_001_500.csv,BI,378,0.0683009679579985,555.2683805066827
02_001_500.csv,BI,379,0.0684760680181451,555.2386200791034
02_001_500.csv,BI,380,0.0686511443798803,555.2086882984781
02_001_500.csv,BI,381,0.0688261900952483,555.1785812322023
02_001_500.csv,BI,382,0.0690012051749765,555.1481680209004
02_001_500.csv,BI,383,0.0691761896297862,555.1175793408411
02_001_500.csv,BI,384,0.0693511434703935,555.0868151233594
02_001_500.csv,BI,385,0.0695260597573401,555.0557405826839
02_001_500.csv,BI,386,0.069700952402883,555.024494180102
02_001_500.csv,BI,387,0.069875814466337,554.9930719883268
02_001_500.csv,BI,388,0.0700506459583954,554.9615394027132
02_001_500.csv,BI,389,0.0702254468897461,554.9296999625367
02_001_500.csv,BI,390,0.0704002172710713,554.8976190173753
02_001_500.csv,BI,391,0.0705749501701652,554.8654236085708
02_001_500.csv,BI,392,0.0707496594846765,554.8331214074187
02_001_500.csv,BI,393,0.070924338281175,554.8006430050841
02_001_500.csv,BI,394,0.0710989865703204,554.7679228002175
02_001_500.csv,BI,395,0.071273604362767,554.7351573222072
02_001_500.csv,BI,396,0.0714481847323413,554.702211612037
02_001_500.csv,BI,397,0.0716227415645415,554.6691588647009
02_001_500.csv,BI,398,0.0717972679319718,554.636060775556
02_001_500.csv,BI,399,0.0719717638452642,554.6027861647926
02_001_500.csv,BI,400,0.0721462293150451,554.5693349637459
02_001_500.csv,BI,401,0.0723206643519351,554.5356414909575
02_001_500.csv,BI,402,0.0724950620369858,554.5018986736854
02_001_500.csv,BI,403,0.0726694362411429,554.4678516550225
02_001_500.csv,BI,404,0.072843780044238,554.433759042779
02_001_500.csv,BI,405,0.0730180934568697,554.3995551783855
02_001_500.csv,BI,406,0.0731923764896312,554.365174357496
02_001_500.csv,BI,407,0.07336662915311,554.3306165114454
02_001_500.csv,BI,408,0.073540844535567,554.2959434274562
02_001_500.csv,BI,409,0.0737150364934265,554.2610970417882
02_001_500.csv,BI,410,0.0738891981137323,554.226139163643
02_001_500.csv,BI,411,0.0740633294070498,554.1911354859221
02_001_500.csv,BI,412,0.074237430383939,554.1558887925912
02_001_500.csv,BI,413,0.0744114941386575,554.1205923985572
02_001_500.csv,BI,414,0.0745855345155513,554.0850566849581
02_001_500.csv,BI,415,0.074759544607663,554.0494750344533
02_001_500.csv,BI,416,0.0749335244255304,554.0136500936796
02_001_500.csv,BI,417,0.0751074739796861,553.9777133514367
02_001_500.csv,BI,418,0.0752813932806568,553.941664773392
02_001_500.csv,BI,419,0.0754552754298826,553.905237223089
02_001_500.csv,BI,420,0.0756291342572432,553.8686356744292
02_001_500.csv,BI,421,0.0758029628629662,553.8319220725289
02_001_500.csv,BI,422,0.0759767612575566,553.7948988236985
02_001_500.csv,BI,423,0.0761505294515137,553.75802684255
02_001_500.csv,BI,424,0.0763242674553315,553.720910976037
02_001_500.csv,BI,425,0.0764979683776177,553.6836790746061
02_001_500.csv,BI,426,0.0766716460338158,553.646404646659
02_001_500.csv,BI,427,0.0768452935313235,553.6089520491373
02_001_500.csv,BI,428,0.0770189108806129,553.571453056943
02_001_500.csv,BI,429,0.0771924980921507,553.5338417368484
02_001_500.csv,BI,430,0.0773660482805059,553.4959823483287
02_001_500.csv,BI,431,0.0775395752491152,553.457948379124
02_001_500.csv,BI,432,0.0777130721113399,553.4197359427972
02_001_500.csv,BI,433,0.0778865388776249,553.3815099181929
02_001_500.csv,BI,434,0.0780599755584097,553.3431053463573
02_001_500.csv,BI,435,0.0782333821641282,553.3046211614637
02_001_500.csv,BI,436,0.0784067518164897,553.2660205283833
02_001_500.csv,BI,437,0.0785800983045504,553.2272450115192
02_001_500.csv,BI,438,0.078753414748814,553.1883567662098
02_001_500.csv,BI,439,0.0789267011596929,553.1493887819568
02_001_500.csv,BI,440,0.0790999575475942,553.1101428642557
02_001_500.csv,BI,441,0.0792731839229193,553.0707840693351
02_001_500.csv,BI,442,0.0794463734145029,553.0313085571433
02_001_500.csv,BI,443,0.0796195397970503,552.9916247655501
02_001_500.csv,BI,444,0.0797926761981934,552.9518610118521
02_001_500.csv,BI,445,0.079965782628312,552.9119511625499
02_001_500.csv,BI,446,0.0801388590977808,552.8720274216994
02_001_500.csv,BI,447,0.0803119056169689,552.8318583191917
02_001_500.csv,BI,448,0.0804849153218217,552.7917376299029
02_001_500.csv,BI,449,0.0806579019727236,552.7515076012344
02_001_500.csv,BI,450,0.0808308587044196,552.7111643977987
02_001_500.csv,BI,451,0.0810037855272574,552.6706748927645
02_001_500.csv,BI,452,0.0811766824515794,552.6300721328539
02_001_500.csv,BI,453,0.0813495426192452,552.5895178080009
02_001_500.csv,BI,454,0.0815223797787279,552.5488209035461
02_001_500.csv,BI,455,0.081695187070689,552.5079444562207
02_001_500.csv,BI,456,0.0818679645054494,552.4670540029047
02_001_500.csv,BI,457,0.0820407120933247,552.4259176729465
02_001_500.csv,BI,458,0.082213429844625,552.3846016284551
02_001_500.csv,BI,459,0.0823861109082939,552.3431020109399
02_001_500.csv,BI,460,0.0825587690185379,552.3013600443328
02_001_500.csv,BI,461,0.082731397323105,552.2594712840291
02_001_500.csv,BI,462,0.082903995832284,552.2175683002954
02_001_500.csv,BI,463,0.0830765645563584,552.1754853044808
02_001_500.csv,BI,464,0.0832491035056065,552.1332222279204
02_001_500.csv,BI,465,0.083421605836041,552.0908747355975
02_001_500.csv,BI,466,0.0835940852676316,552.0484835579673
02_001_500.csv,BI,467,0.0837665349551981,552.0060449099124
02_001_500.csv,BI,468,0.0839389549089973,551.9633264630174
02_001_500.csv,BI,469,0.0841113451392809,551.9205604655886
02_001_500.csv,BI,470,0.0842836988079417,551.8777431381718
02_001_500.csv,BI,471,0.0844560296231078,551.8347492128612
02_001_500.csv,BI,472,0.084628330745481,551.7916744785782
02_001_500.csv,BI,473,0.0848006021852917,551.7486850100756
02_001_500.csv,BI,474,0.084972843952765,551.7056479795949
02_001_500.csv,BI,475,0.0851450560581208,551.662629846792
02_001_500.csv,BI,476,0.0853172316702946,551.6194939300162
02_001_500.csv,BI,477,0.0854893844832316,551.5761812609026
02_001_500.csv,BI,478,0.0856615076646788,551.532754490046
02_001_500.csv,BI,479,0.0858336012248347,551.4892135831142
02_001_500.csv,BI,480,0.086005665173893,551.4454587304599
02_001_500.csv,BI,481,0.0861776995220419,551.4015896387327
02_001_500.csv,BI,482,0.086349697445245,551.3576690452655
02_001_500.csv,BI,483,0.0865216726232941,551.3137044872053
02_001_500.csv,BI,484,0.0866936182309666,551.2695923515255
02_001_500.csv,BI,485,0.0868655342784298,551.2253325867273
02_001_500.csv,BI,486,0.0870374207758456,551.1811248979348
02_001_500.csv,BI,487,0.0872092709050235,551.1366991853533
02_001_500.csv,BI,488,0.087381098333983,551.0922627160953
02_001_500.csv,BI,489,0.0875528962433493,551.0478450529604
02_001_500.csv,BI,490,0.0877246646432636,551.0033129676467
02_001_500.csv,BI,491,0.0878964035438616,550.9585331402991
02_001_500.csv,BI,492,0.088068112955274,550.9135387950228
02_001_500.csv,BI,493,0.0882397860663119,550.8685927509373
02_001_500.csv,BI,494,0.0884114365308949,550.8234358674147
02_001_500.csv,BI,495,0.0885830575366524,550.778364398443
02_001_500.csv,BI,496,0.0887546490936943,550.7331449627513
02_001_500.csv,BI,497,0.088926211212125,550.6879776431185
02_001_500.csv,BI,498,0.0890977439020441,550.6426289609981
02_001_500.csv,BI,499,0.0892692403592498,550.5973620330487
02_001_500.csv,BI,500,0.089440714223591,550.5518507039633
02_001_500.csv,BI,501,0.0896121586896871,550.5062580108643
02_001_500.csv,BI,502,0.0897835737676166,550.4604170149696
02_001_500.csv,BI,503,0.0899549594674529,550.4144611734628
02_001_500.csv,BI,504,0.0901263089908063,550.3683867048512
02_001_500.csv,BI,505,0.0902976359658222,550.3221676685896
02_001_500.csv,BI,506,0.0904689335929338,550.2759004866971
02_001_500.csv,BI,507,0.0906402018821937,550.2295851591737
02_001_500.csv,BI,508,0.0908114408436496,550.1830880113976
02_001_500.csv,BI,509,0.0909826504873438,550.1365092478363
02_001_500.csv,BI,510,0.0911538240218479,550.0899119701053
02_001_500.csv,BI,511,0.0913249750612894,550.0432702433418
02_001_500.csv,BI,512,0.0914960968130652,549.9964465589965
02_001_500.csv,BI,513,0.0916671892871969,549.9496080847325
02_001_500.csv,BI,514,0.0918382524937014,549.9026879317407
02_001_500.csv,BI,515,0.0920092864425901,549.855853376404
02_001_500.csv,BI,516,0.0921802843493815,549.8089334295576
02_001_500.csv,BI,517,0.0923512598142142,549.7619355463335
02_001_500.csv,BI,518,0.0925222060514345,549.7147890211859
02_001_500.csv,BI,519,0.0926931230710333,549.667527284214
02_001_500.csv,BI,520,0.0928640108829965,549.6201837884053
02_001_500.csv,BI,521,0.093034862708621,549.5728887578853
02_001_500.csv,BI,522,0.0932056921364099,549.5255492105721
02_001_500.csv,BI,523,0.0933764923864896,549.4780944056583
02_001_500.csv,BI,524,0.0935472634688258,549.4307253700604
02_001_500.csv,BI,525,0.0937180053933786,549.3832745927921
02_001_500.csv,BI,526,0.0938887181701033,549.3356414917303
02_001_500.csv,BI,527,0.0940593950272177,549.2878558004611
02_001_500.csv,BI,528,0.0942300495392887,549.2398578525003
02_001_500.csv,BI,529,0.0944006749333662,549.1918115300252
02_001_500.csv,BI,530,0.0945712712193851,549.1436161994145
02_001_500.csv,BI,531,0.0947418384072751,549.0951711583818
02_001_500.csv,BI,532,0.094912376506961,549.0467447518065
02_001_500.csv,BI,533,0.0950828787535675,548.9981990478441
02_001_500.csv,BI,534,0.0952533587077537,548.9496085866831
02_001_500.csv,BI,535,0.0954238096034789,548.9009696480102
02_001_500.csv,BI,536,0.0955942314506476,548.8523158106982
02_001_500.csv,BI,537,0.095764624259159,548.8037142611029
02_001_500.csv,BI,538,0.095934981269883,548.7548926136526
02_001_500.csv,BI,539,0.0961053160319105,548.7057910204737
02_001_500.csv,BI,540,0.0962756217849481,548.6567416635121
02_001_500.csv,BI,541,0.0964458985388748,548.6076101643348
02_001_500.csv,BI,542,0.0966161463035648,548.5585309585956
02_001_500.csv,BI,543,0.0967863650888869,548.5092687653037
02_001_500.csv,BI,544,0.0969565481425923,548.4601560535361
02_001_500.csv,BI,545,0.0971267089999163,548.4110658232676
02_001_500.csv,BI,546,0.0972968409074491,548.361859854745
02_001_500.csv,BI,547,0.0974669438750394,548.3124035463752
02_001_500.csv,BI,548,0.0976370179125311,548.2628986803843
02_001_500.csv,BI,549,0.0978070630297632,548.2134125632911
02_001_500.csv,BI,550,0.0979770724813537,548.1637732315562
02_001_500.csv,BI,551,0.098147059788711,548.1140553699822
02_001_500.csv,BI,552,0.0983170182052946,548.0641879166226
02_001_500.csv,BI,553,0.0984869477409234,548.014271848421
02_001_500.csv,BI,554,0.098656848405411,547.9642734835079
02_001_500.csv,BI,555,0.0988267134590878,547.9142227941734
02_001_500.csv,BI,556,0.0989965564118609,547.8639924044
02_001_500.csv,BI,557,0.0991663705229039,547.8136122454571
02_001_500.csv,BI,558,0.0993361558020106,547.7632507896342
02_001_500.csv,BI,559,0.0995059122589697,547.7128406503043
02_001_500.csv,BI,560,0.0996756399035652,547.66224696266
02_001_500.csv,BI,561,0.0998453320029691,547.611634575326
02_001_500.csv,BI,562,0.1000150020533127,547.5609771634504
02_001_500.csv,BI,563,0.100184643320614,547.5103385004711
02_001_500.csv,BI,564,0.1003542558146367,547.4596174034507
02_001_500.csv,BI,565,0.1005238395451399,547.408847600035
02_001_500.csv,BI,566,0.1006933945218775,547.3579615891556
02_001_500.csv,BI,567,0.1008629140188495,547.3069894062137
02_001_500.csv,BI,568,0.1010324115184397,547.2559046460788
02_001_500.csv,BI,569,0.1012018802934963,547.204838657728
02_001_500.csv,BI,570,0.1013713203537534,547.1538927957608
02_001_500.csv,BI,571,0.1015407317089402,547.102830691998
02_001_500.csv,BI,572,0.1017101143687809,547.0517874515726
02_001_500.csv,BI,573,0.1018794616140895,547.0004553128063
02_001_500.csv,BI,574,0.1020487869135306,546.9491794810381
02_001_500.csv,BI,575,0.1022180835467684,546.8979225240512
02_001_500.csv,BI,576,0.1023873515235077,546.8465830529144
02_001_500.csv,BI,577,0.1025565908534479,546.7952286774148
02_001_500.csv,BI,578,0.1027257948230708,546.7438895580417
02_001_500.csv,BI,579,0.1028949768896294,546.6924377821633
02_001_500.csv,BI,580,0.1030641303384579,546.6409372998896
02_001_500.csv,BI,581,0.1032332551792363,546.5894896203149
02_001_500.csv,BI,582,0.1034023514216395,546.5378917424168
02_001_500.csv,BI,583,0.1035714190753378,546.4862790059324
02_001_500.csv,BI,584,0.1037404514336015,546.4342753691183
02_001_500.csv,BI,585,0.1039094619400154,546.3821588754436
02_001_500.csv,BI,586,0.1040784438867049,546.3300274144626
02_001_500.csv,BI,587,0.1042473972833205,546.2779826154328
02_001_500.csv,BI,588,0.1044163221395078,546.2259906706001
02_001_500.csv,BI,589,0.1045852184649075,546.1738822207572
02_001_500.csv,BI,590,0.1047540795595654,546.1216196794558
02_001_500.csv,BI,591,0.1049229188534255,546.0693458990127
02_001_500.csv,BI,592,0.1050917296453906,546.0169894327578
02_001_500.csv,BI,593,0.105260511945082,545.9646180735836
02_001_500.csv,BI,594,0.105429265762116,545.9124013924134
02_001_500.csv,BI,595,0.1055979844021737,545.8601323339954
02_001_500.csv,BI,596,0.1057666812838534,545.8077842959187
02_001_500.csv,BI,597,0.1059353497116951,545.7553875285585
02_001_500.csv,BI,598,0.106103989695296,545.7027384300773
02_001_500.csv,BI,599,0.1062726012442478,545.650074473009
02_001_500.csv,BI,600,0.106441184368138,545.5974975097711
02_001_500.csv,BI,601,0.1066097323793977,545.5448342014033
02_001_500.csv,BI,602,0.1067782586830353,545.492057882373
02_001_500.csv,BI,603,0.1069467565903432,545.4391648637829
02_001_500.csv,BI,604,0.1071152261108895,545.3860871753568
02_001_500.csv,BI,605,0.107283667254237,545.3329946168992
02_001_500.csv,BI,606,0.1074520800299439,545.2800571026564
02_001_500.csv,BI,607,0.1076204577571781,545.227101162156
02_001_500.csv,BI,608,0.1077888138273854,545.1741680999517
02_001_500.csv,BI,609,0.1079571415585973,545.1209823289714
02_001_500.csv,BI,610,0.1081254409603527,545.0677817623466
02_001_500.csv,BI,611,0.1082937120421855,545.0144643931649
02_001_500.csv,BI,612,0.1084619481288672,544.9611285854053
02_001_500.csv,BI,613,0.1086301626005624,544.9077476235998
02_001_500.csv,BI,614,0.1087983487809082,544.8543178638456
02_001_500.csv,BI,615,0.1089665066794191,544.8007031824854
02_001_500.csv,BI,616,0.1091346363056055,544.7470056207635
02_001_500.csv,BI,617,0.1093027376689723,544.6932251615135
02_001_500.csv,BI,618,0.1094708041010027,544.6393921985384
02_001_500.csv,BI,619,0.1096388489683493,544.5855140070319
02_001_500.csv,BI,620,0.109806865601363,544.5315188298625
02_001_500.csv,BI,621,0.10997485400953,544.4770659802318
02_001_500.csv,BI,622,0.1101428142023314,544.4230751682994
02_001_500.csv,BI,623,0.1103107461892439,544.3689673478159
02_001_500.csv,BI,624,0.1104786433084487,544.3149433476428
02_001_500.csv,BI,625,0.1106465189131136,544.2608741474419
02_001_500.csv,BI,626,0.1108143663402901,544.2066879272461
02_001_500.csv,BI,627,0.1109821855994356,544.1524528518808
02_001_500.csv,BI,628,0.1111499767000029,544.0981348160449
02_001_500.csv,BI,629,0.1113177329857449,544.043866620234
02_001_500.csv,BI,630,0.1114854677986127,543.9894849860527
02_001_500.csv,BI,631,0.1116531744812314,543.9350544967019
02_001_500.csv,BI,632,0.1118208530430347,543.8806775367489
02_001_500.csv,BI,633,0.1119885034934515,543.8262176220476
02_001_500.csv,BI,634,0.112156125841906,543.7717771543316
02_001_500.csv,BI,635,0.1123237134388249,543.717454983389
02_001_500.csv,BI,636,0.1124912796127242,543.6628827753902
02_001_500.csv,BI,637,0.1126588177129051,543.6082617465545
02_001_500.csv,BI,638,0.1128263277487727,543.5535235718389
02_001_500.csv,BI,639,0.1129938097297276,543.498736553398
02_001_500.csv,BI,640,0.1131612636651655,543.4439690391628
02_001_500.csv,BI,641,0.1133286829121737,543.3890807299258
02_001_500.csv,BI,642,0.1134960807858599,543.3341813781328
02_001_500.csv,BI,643,0.1136634506421881,543.2792673851902
02_001_500.csv,BI,644,0.113830792490535,543.2243045714106
02_001_500.csv,BI,645,0.113998106340273,543.1693613419454
02_001_500.csv,BI,646,0.1141653855540292,543.1142630796985
02_001_500.csv,BI,647,0.1143326434357589,543.0590853820604
02_001_500.csv,BI,648,0.1144998733469678,543.0037904012133
02_001_500.csv,BI,649,0.1146670752970094,542.9483781028248
02_001_500.csv,BI,650,0.1148342492952325,542.8929169149342
02_001_500.csv,BI,651,0.115001395350981,542.8373726006334
02_001_500.csv,BI,652,0.1151685068335182,542.7819812370535
02_001_500.csv,BI,653,0.1153355970334406,542.7265103979244
02_001_500.csv,BI,654,0.1155026593188923,542.6711277313661
02_001_500.csv,BI,655,0.1156696936991986,542.6157647864516
02_001_500.csv,BI,656,0.1158367001836802,542.5604558630314
02_001_500.csv,BI,657,0.1160036787816531,542.5049268426817
02_001_500.csv,BI,658,0.1161706228690032,542.4493111491238
02_001_500.csv,BI,659,0.1163375457229953,542.3936159627556
02_001_500.csv,BI,660,0.1165044407183983,542.3379062439567
02_001_500.csv,BI,661,0.1166713078645097,542.2822505981503
02_001_500.csv,BI,662,0.1168381471706222,542.2264775775825
02_001_500.csv,BI,663,0.1170049520181305,542.1705835544719
02_001_500.csv,BI,664,0.11717173567321,542.1147472388266
02_001_500.csv,BI,665,0.1173384915161404,542.0587248686104
02_001_500.csv,BI,666,0.1175052195561959,542.0026193433744
02_001_500.csv,BI,667,0.1176719198026459,541.9465336313344
02_001_500.csv,BI,668,0.117838585642385,541.8904641782237
02_001_500.csv,BI,669,0.1180052303305177,541.8343838566379
02_001_500.csv,BI,670,0.1181718472528252,541.7782547485476
02_001_500.csv,BI,671,0.1183384364185585,541.7220768539528
02_001_500.csv,BI,672,0.1185049978369641,541.6658845299244
02_001_500.csv,BI,673,0.1186715315172836,541.6097808820077
02_001_500.csv,BI,674,0.1188380374687541,541.5536972418377
02_001_500.csv,BI,675,0.1190045157006082,541.4975648952723
02_001_500.csv,BI,676,0.1191709662220737,541.4416245020266
02_001_500.csv,BI,677,0.119337389042374,541.3856354824948
02_001_500.csv,BI,678,0.1195037709480234,541.3294187218207
02_001_500.csv,BI,679,0.1196701383958441,541.2730916431628
02_001_500.csv,BI,680,0.1198364781701411,541.216784663804
02_001_500.csv,BI,681,0.1200027902801191,541.1604290009382
02_001_500.csv,BI,682,0.1201690747349785,541.1041278974394
02_001_500.csv,BI,683,0.1203353315439151,541.0477093047393
02_001_500.csv,BI,684,0.1205015607161198,540.9912076142409
02_001_500.csv,BI,685,0.1206677622607793,540.934794966066
02_001_500.csv,BI,686,0.1208339361870755,540.878299242981
02_001_500.csv,BI,687,0.1210000825041858,540.8217548707216
02_001_500.csv,BI,688,0.121166201221283,540.7652307465355
02_001_500.csv,BI,689,0.1213322791489868,540.7085819508029
02_001_500.csv,BI,690,0.1214983426957495,540.6519950246002
02_001_500.csv,BI,691,0.1216643786699894,540.5956007440832
02_001_500.csv,BI,692,0.1218303870808609,540.5389166282512
02_001_500.csv,BI,693,0.1219963679375142,540.4822528520449
02_001_500.csv,BI,694,0.1221623212490946,540.4255749668409
02_001_500.csv,BI,695,0.1223282470247429,540.3687795237715
02_001_500.csv,BI,696,0.1224941452735956,540.3119009829043
02_001_500.csv,BI,697,0.1226600160047844,540.2549048269507
02_001_500.csv,BI,698,0.1228258592274365,540.1978255274225
02_001_500.csv,BI,699,0.1229916749506746,540.140801113419
02_001_500.csv,BI,700,0.1231574500091361,540.0835829000989
02_001_500.csv,BI,701,0.1233232107630799,540.026495758465
02_001_500.csv,BI,702,0.1234889440449498,539.969290955969
02_001_500.csv,BI,703,0.1236546498638505,539.9120375271868
02_001_500.csv,BI,704,0.123820328228882,539.8547700122949
02_001_500.csv,BI,705,0.1239859791491398,539.7976611579516
02_001_500.csv,BI,706,0.1241516026337149,539.7404001025698
02_001_500.csv,BI,707,0.1243171986916937,539.6830904666786
02_001_500.csv,BI,708,0.1244827673321583,539.6258359394719
02_001_500.csv,BI,709,0.1246483085641862,539.5683600221546
02_001_500.csv,BI,710,0.1248138223968502,539.5110775230014
02_001_500.csv,BI,711,0.1249793088392188,539.4538848214834
02_001_500.csv,BI,712,0.1251447547520308,539.3967403081488
02_001_500.csv,BI,713,0.1253101864431709,539.3396582207474
02_001_500.csv,BI,714,0.1254755907711933,539.282562321896
02_001_500.csv,BI,715,0.1256409677451483,539.225383422523
02_001_500.csv,BI,716,0.125806317374082,539.1680176789396
02_001_500.csv,BI,717,0.1259716396670359,539.1107765535476
02_001_500.csv,BI,718,0.1261369346330468,539.0534177901827
02_001_500.csv,BI,719,0.1263022022811475,538.9959759805197
02_001_500.csv,BI,720,0.1264674426203658,538.9385203708507
02_001_500.csv,BI,721,0.1266326556597254,538.881050978342
02_001_500.csv,BI,722,0.1267978414082454,538.8234985338131
02_001_500.csv,BI,723,0.1269629867505003,538.7657520024122
02_001_500.csv,BI,724,0.1271281179465475,538.7078947686341
02_001_500.csv,BI,725,0.1272932218787849,538.6499890458999
02_001_500.csv,BI,726,0.1274582985562136,538.5921041663323
02_001_500.csv,BI,727,0.1276233479878304,538.5342054924804
02_001_500.csv,BI,728,0.1277883701826278,538.4763970740269
02_001_500.csv,BI,729,0.1279533651495935,538.4187136628643
02_001_500.csv,BI,730,0.128118332897711,538.3609819000758
02_001_500.csv,BI,731,0.1282832734359593,538.303236480333
02_001_500.csv,BI,732,0.1284481867733129,538.2452692184393
02_001_500.csv,BI,733,0.1286130729187418,538.1868370857519
02_001_500.csv,BI,734,0.1287779187805702,538.1284535040177
02_001_500.csv,BI,735,0.1289427505712018,538.0702020614367
02_001_500.csv,BI,736,0.1291075551967918,538.0118674523947
02_001_500.csv,BI,737,0.1292723326662926,537.9537622207595
02_001_500.csv,BI,738,0.129437082988652,537.8955391566024
02_001_500.csv,BI,739,0.1296018061728138,537.8372329660388
02_001_500.csv,BI,740,0.1297665022277169,537.7788436319024
02_001_500.csv,BI,741,0.129931171162296,537.7204058889192
02_001_500.csv,BI,742,0.1300958129854815,537.6617111914038
02_001_500.csv,BI,743,0.1302604277061992,537.6029332530402
02_001_500.csv,BI,744,0.1304250153333705,537.5442459019541
02_001_500.csv,BI,745,0.1305895758759126,537.4857187563716
02_001_500.csv,BI,746,0.1307540962679599,537.4271709900363
02_001_500.csv,BI,747,0.1309186026701276,537.3686862479663
02_001_500.csv,BI,748,0.1310830820143902,537.3102923449437
02_001_500.csv,BI,749,0.131247534309647,537.2517805636235
02_001_500.csv,BI,750,0.1314119595647931,537.1932204764539
02_001_500.csv,BI,751,0.1315763577887192,537.1346468925476
02_001_500.csv,BI,752,0.1317407289903117,537.0761642735747
02_001_500.csv,BI,753,0.1319050731784525,537.0174941237465
02_001_500.csv,BI,754,0.132069390362019,536.9587756795131
02_001_500.csv,BI,755,0.1322336805498845,536.90021793288
02_001_500.csv,BI,756,0.1323979437509178,536.8416816359527
02_001_500.csv,BI,757,0.132562166922824,536.7828810698643
02_001_500.csv,BI,758,0.1327263761789248,536.7238649939827
02_001_500.csv,BI,759,0.1328905584747728,536.6649748638074
02_001_500.csv,BI,760,0.1330547138192194,536.6061410439479
02_001_500.csv,BI,761,0.1332188422211117,536.5473984522359
02_001_500.csv,BI,762,0.1333829436892921,536.4885030529513
02_001_500.csv,BI,763,0.133547018232599,536.429419916818
02_001_500.csv,BI,764,0.1337110658598664,536.3706024606608
02_001_500.csv,BI,765,0.1338750865799237,536.3116670575419
02_001_500.csv,BI,766,0.1340390804015963,536.2526834630153
02_001_500.csv,BI,767,0.134203047333705,536.1936865777466
02_001_500.csv,BI,768,0.1343669873850663,536.1347113252896
02_001_500.csv,BI,769,0.134530887539002,536.0754365483444
02_001_500.csv,BI,770,0.1346947738574356,536.0162601901025
02_001_500.csv,BI,771,0.1348586333215447,535.9569657933462
02_001_500.csv,BI,772,0.1350224659401288,535.8974485359167
02_001_500.csv,BI,773,0.1351862717219825,535.8380926169557
02_001_500.csv,BI,774,0.1353500506758966,535.7787583765821
02_001_500.csv,BI,775,0.1355138028106574,535.7192361704783
02_001_500.csv,BI,776,0.1356775281350467,535.6596307864706
02_001_500.csv,BI,777,0.1358412266578421,535.6002568283657
02_001_500.csv,BI,778,0.1360048983878171,535.5410095426696
02_001_500.csv,BI,779,0.1361685433337406,535.4815742912433
02_001_500.csv,BI,780,0.1363321485023281,535.4220489689942
02_001_500.csv,BI,781,0.1364957399085654,535.3627623108014
02_001_500.csv,BI,782,0.1366593045570318,535.3034975715227
02_001_500.csv,BI,783,0.1368228424564791,535.2442197932728
02_001_500.csv,BI,784,0.1369863536156548,535.1848239993978
02_001_500.csv,BI,785,0.1371498380433022,535.1253451592274
02_001_500.csv,BI,786,0.1373132957481602,535.0657132368269
02_001_500.csv,BI,787,0.1374767267389635,535.0061732864415
02_001_500.csv,BI,788,0.1376401310244425,534.9463401476241
02_001_500.csv,BI,789,0.1378035086133232,534.886598992266
02_001_500.csv,BI,790,0.1379668595143276,534.8269498890322
02_001_500.csv,BI,791,0.1381301707574806,534.7671757380413
02_001_500.csv,BI,792,0.1382934683109997,534.707360475461
02_001_500.csv,BI,793,0.1384567392027816,534.6472167632965
02_001_500.csv,BI,794,0.138619983441531,534.5873404019449
02_001_500.csv,BI,795,0.1387832010359483,534.5274861197249
02_001_500.csv,BI,796,0.1389463919947299,534.4680396836197
02_001_500.csv,BI,797,0.1391095563265677,534.4085804488705
02_001_500.csv,BI,798,0.1392726940401494,534.348862886302
02_001_500.csv,BI,799,0.1394358051441584,534.2893780657087
02_001_500.csv,BI,800,0.139598889647274,534.2297752294912
02_001_500.csv,BI,801,0.1397619475581712,534.1693524390166
02_001_500.csv,BI,802,0.1399249788855207,534.1095835559859
02_001_500.csv,BI,803,0.1400879706846814,534.0498300861468
02_001_500.csv,BI,804,0.1402509488730417,533.989965451633
02_001_500.csv,BI,805,0.1404139005038403,533.9301231709101
02_001_500.csv,BI,806,0.1405768255857311,533.8701979068355
02_001_500.csv,BI,807,0.1407397241273635,533.810154512696
02_001_500.csv,BI,808,0.140902596137383,533.7503443068508
02_001_500.csv,BI,809,0.1410654416244307,533.6905214396911
02_001_500.csv,BI,810,0.1412282605971433,533.6306156349565
02_001_500.csv,BI,811,0.1413910530641537,533.5707674852224
02_001_500.csv,BI,812,0.1415538190340902,533.5108364093576
02_001_500.csv,BI,813,0.1417165585155771,533.4509630457142
02_001_500.csv,BI,814,0.1418792585871092,533.390894361768
02_001_500.csv,BI,815,0.1420419451196562,533.3309958376103
02_001_500.csv,BI,816,0.1422046051896003,533.2710144102107
02_001_500.csv,BI,817,0.142367238805549,533.2115130506827
02_001_500.csv,BI,818,0.1425298459761056,533.151928936687
02_001_500.csv,BI,819,0.142692426709869,533.0922620510573
02_001_500.csv,BI,820,0.142854981015434,533.0326531923624
02_001_500.csv,BI,821,0.1430175089013914,532.9728911541661
02_001_500.csv,BI,822,0.1431800103763275,532.9133280387487
02_001_500.csv,BI,823,0.1433424854488246,532.853928745174
02_001_500.csv,BI,824,0.1435049341274609,532.7945172423292
02_001_500.csv,BI,825,0.1436673435137844,532.7350514388113
02_001_500.csv,BI,826,0.1438297394325123,532.6754041354916
02_001_500.csv,BI,827,0.1439921089830877,532.6157798497229
02_001_500.csv,BI,828,0.1441544521740721,532.5561786158378
02_001_500.csv,BI,829,0.1443167690140228,532.496212658416
02_001_500.csv,BI,830,0.1444790595114926,532.4361286510402
02_001_500.csv,BI,831,0.1446413236750306,532.3763144950167
02_001_500.csv,BI,832,0.1448035615131815,532.3165587092517
02_001_500.csv,BI,833,0.1449657730344857,532.2565791186807
02_001_500.csv,BI,834,0.1451279582474798,532.196552057685
02_001_500.csv,BI,835,0.1452901171606959,532.1364069467354
02_001_500.csv,BI,836,0.1454522497826621,532.076284933446
02_001_500.csv,BI,837,0.1456143432399823,532.0160732951344
02_001_500.csv,BI,838,0.1457764233071044,531.955785723299
02_001_500.csv,BI,839,0.1459384771085354,531.8953094075405
02_001_500.csv,BI,840,0.1461005046527869,531.8349974629396
02_001_500.csv,BI,841,0.1462625059483662,531.7746027238172
02_001_500.csv,BI,842,0.1464244810037766,531.7142311624634
02_001_500.csv,BI,843,0.1465864298275173,531.653812142129
02_001_500.csv,BI,844,0.1467483524280832,531.5934516866027
02_001_500.csv,BI,845,0.1469102488139652,531.5331498473834
02_001_500.csv,BI,846,0.1470721189936501,531.4727299124343
02_001_500.csv,BI,847,0.1472339629756205,531.4123332811396
02_001_500.csv,BI,848,0.1473957679093625,531.3520238834826
02_001_500.csv,BI,849,0.1475575595234156,531.2917093456927
02_001_500.csv,BI,850,0.1477193249651768,531.231312099213
02_001_500.csv,BI,851,0.1478810642431121,531.1708675081945
02_001_500.csv,BI,852,0.1480427773656838,531.1101986374415
02_001_500.csv,BI,853,0.1482044643413496,531.0497301142573
02_001_500.csv,BI,854,0.1483661251785636,530.9894620588057
02_001_500.csv,BI,855,0.1485277598857753,530.9293591870451
02_001_500.csv,BI,856,0.1486893684714307,530.8691383225532
02_001_500.csv,BI,857,0.1488509509439711,530.8086577683994
02_001_500.csv,BI,858,0.149012507311834,530.7483070566741
02_001_500.csv,BI,859,0.1491740247473068,530.6880440341256
02_001_500.csv,BI,860,0.1493355289331839,530.6277406640083
02_001_500.csv,BI,861,0.1494970070396709,530.5672483783092
02_001_500.csv,BI,862,0.1496584590751888,530.5064253313249
02_001_500.csv,BI,863,0.1498198850481547,530.4458031354498
02_001_500.csv,BI,864,0.1499812849669816,530.3853464551439
02_001_500.csv,BI,865,0.1501426588400785,530.3249490091275
02_001_500.csv,LI-WARM,1,0.0,0.0
02_001_500.csv,LI-WARM,2,0.0059820717293904,369.7757957955375
02_001_500.csv,LI-WARM,3,0.011928570968345,503.3858417266893
02_001_500.csv,LI-WARM,4,0.0178399173671714,535.5485871167762
02_001_500.csv,LI-WARM,5,0.0237165268210428,546.7675626113912
02_001_500.csv,LI-WARM,6,0.0295588015905227,552.3241720037063
02_001_500.csv,LI-WARM,7,0.0353671423414218,555.4342884757834
02_001_500.csv,LI-WARM,8,0.0411419427877547,557.1604651513292
02_001_500.csv,LI-WARM,9,0.046883586296973,558.0016003198093
02_001_500.csv,LI-WARM,10,0.0525924514481166,558.2373596285861
02_001_500.csv,LI-WARM,11,0.0582689068587828,558.033130397496
02_001_500.csv,LI-WARM,12,0.063913325408167,557.4971795004676
02_001_500.csv,LI-WARM,13,0.0695260597573401,556.7056155779137
02_001_500.csv,LI-WARM,14,0.0751074739796861,555.7137381343018
02_001_500.csv,LI-WARM,15,0.0806579019727236,554.5625299382095
02_001_500.csv,LI-WARM,16,0.0861776995220419,553.2843411097538
02_001_500.csv,LI-WARM,17,0.0916671892871969,551.893329033478
02_001_500.csv,LI-WARM,18,0.0971267089999163,550.4106604242988
02_001_500.csv,LI-WARM,19,0.1025565908534479,548.8509189902295
02_001_500.csv,LI-WARM,20,0.1079571415585973,547.2232969653144
02_001_500.csv,LI-WARM,21,0.1133286829121737,545.5349840450992
02_001_500.csv,LI-WARM,22,0.1186715315172836,543.7996185934685
02_001_500.csv,LI-WARM,23,0.1239859791491398,542.0233843010765
02_001_500.csv,LI-WARM,24,0.1292723326662926,540.214134162135
02_001_500.csv,LI-WARM,25,0.134530887539002,538.3737356081565
02_001_500.csv,LI-WARM,26,0.1397619475581712,536.5020260961264
02_001_500.csv,LI-WARM,27,0.1449657730344857,534.6121125725049
02_001_500.csv,LI-WARM,28,0.1501426588400785,532.7020347644975
05_001_800.csv,BI,1,0.0,0.0
05_001_800.csv,BI,2,0.0001874824257014,14.738154502773458
05_001_800.csv,BI,3,0.0003749297083315,29.36422553548844
05_001_800.csv,BI,4,0.0005623418319753,43.33287849607503
05_001_800.csv,BI,5,0.0007497188970603,55.78332606828789
05_001_800.csv,BI,6,0.000937060800405,66.10011882643602
05_001_800.csv,BI,7,0.0011243676133349,74.0630322697098
05_001_800.csv,BI,8,0.001311639407124,79.82606992961959
05_001_800.csv,BI,9,0.0014988761367548,83.81718022646353
05_001_800.csv,BI,10,0.0016860778153555,86.53856430336504
05_001_800.csv,BI,11,0.0018732443398492,88.41601909267598
05_001_800.csv,BI,12,0.0020603759557662,89.75320114703214
05_001_800.csv,BI,13,0.0022474724438391,90.74720274048248
05_001_800.csv,BI,14,0.0024345341656288,91.52001532870725
05_001_800.csv,BI,15,0.0026215606696539,92.14572923716496
05_001_800.csv,BI,16,0.0028085524334842,92.66944010575222
05_001_800.csv,BI,17,0.0029955090057975,93.11901372770176
05_001_800.csv,BI,18,0.0031824306318841,93.51221863143354
05_001_800.csv,BI,19,0.0033693175568537,93.86078144224848
05_001_800.csv,BI,20,0.0035561693296224,94.17283891933754
05_001_800.csv,BI,21,0.0037429861953284,94.45429019139227
05_001_800.csv,BI,22,0.0039297683989294,94.7095299017569
05_001_800.csv,BI,23,0.0041165154895796,94.9420519416656
05_001_800.csv,BI,24,0.0043032277122653,95.15469393135744
05_001_800.csv,BI,25,0.0044899050800047,95.34978212806593
05_001_800.csv,BI,26,0.0046765480692973,95.52926132065868
05_001_800.csv,BI,27,0.0048631557660827,95.69480929378877
05_001_800.csv,BI,28,0.0050497286469324,95.8477985029126
05_001_800.csv,BI,29,0.0052362667248354,95.98952569476413
05_001_800.csv,BI,30,0.0054227700127735,96.12103544980567
05_001_800.csv,BI,31,0.0056092389867777,96.24330412619672
05_001_800.csv,BI,32,0.0057956727336157,96.35713985857596
05_001_800.csv,BI,33,0.0059820717293904,96.4632747700156
05_001_800.csv,BI,34,0.0061684359870545,96.56235704577074
05_001_800.csv,BI,35,0.0063547655195536,96.65495089911906
05_001_800.csv,BI,36,0.0065410603398257,96.74163632569424
05_001_800.csv,BI,37,0.0067273209233412,96.82276337400138
05_001_800.csv,BI,38,0.0069135463578593,96.89885891487282
05_001_800.csv,BI,39,0.0070997371189219,96.97020446813212
05_001_800.csv,BI,40,0.0072858932194383,97.03718931314604
05_001_800.csv,BI,41,0.0074720146723108,97.10008003526562
05_001_800.csv,BI,42,0.0076581019525431,97.15914346501164
05_001_800.csv,BI,43,0.0078441541487192,97.2146849458794
05_001_800.csv,BI,44,0.0080301712739777,97.26684863093594
05_001_800.csv,BI,45,0.0082161547270027,97.31587891719404
05_001_800.csv,BI,46,0.0084021035966148,97.36196630377049
05_001_800.csv,BI,47,0.0085880169723143,97.40529373752624
05_001_800.csv,BI,48,0.0087738967138422,97.44593681965084
05_001_800.csv,BI,49,0.0089597409874974,97.4841248099807
05_001_800.csv,BI,50,0.00914555165232,97.5200105049563
05_001_800.csv,BI,51,0.0093313277979533,97.5536772372751
05_001_800.csv,BI,52,0.0095170685147195,97.58523921191797
05_001_800.csv,BI,53,0.0097027756606084,97.6148032859724
05_001_800.csv,BI,54,0.0098884474035979,97.6425145626065
05_001_800.csv,BI,55,0.0100740856009782,97.6684030142036
05_001_800.csv,BI,56,0.0102596893432143,97.69259857087022
05_001_800.csv,BI,57,0.0104452577214485,97.71513103642094
05_001_800.csv,BI,58,0.0106307925919229,97.73613846080366
05_001_800.csv,BI,59,0.0108162921242912,97.75568151308916
05_001_800.csv,BI,60,0.0110017581740972,97.7737364166255
05_001_800.csv,BI,61,0.011187189832626,97.79045655758792
05_001_800.csv,BI,62,0.0113725861918385,97.80591827003808
05_001_800.csv,BI,63,0.0115579491062325,97.82009788031692
05_001_800.csv,BI,64,0.0117432767471344,97.83314116673496
05_001_800.csv,BI,65,0.011928570968345,97.84497819001665
05_001_800.csv,BI,66,0.0121138299418591,97.85573165863268
05_001_800.csv,BI,67,0.0122990555207813,97.86541659946724
05_001_800.csv,BI,68,0.0124842467975419,97.87411730786944
05_001_800.csv,BI,69,0.0126694028652458,97.88186405547869
05_001_800.csv,BI,70,0.0128545255759542,97.888586941571
05_001_800.csv,BI,71,0.0130396131033302,97.89442435119716
05_001_800.csv,BI,72,0.01322466729874,97.89928320358356
05_001_800.csv,BI,73,0.0134096872554305,97.90334071299556
05_001_800.csv,BI,74,0.0135946720673218,97.90661954891844
05_001_800.csv,BI,75,0.0137796235847385,97.90915040312456
05_001_800.csv,BI,76,0.0139645399830094,97.91085531690976
05_001_800.csv,BI,77,0.0141494231117654,97.91177270579738
05_001_800.csv,BI,78,0.0143342720650685,97.91202587910716
05_001_800.csv,BI,79,0.0145190859376526,97.91163760510828
05_001_800.csv,BI,80,0.0147038665781091,97.91056125722795
05_001_800.csv,BI,81,0.0148886121634293,97.90878079041256
05_001_800.csv,BI,82,0.0150733245415122,97.90640443183966
05_001_800.csv,BI,83,0.0152580028072333,97.90335429853194
05_001_800.csv,BI,84,0.015442646056139,97.8997306572885
05_001_800.csv,BI,85,0.0156272561350908,97.89559537086517
05_001_800.csv,BI,86,0.0158118312227394,97.89101773966688
05_001_800.csv,BI,87,0.0159963722487118,97.88584256477726
05_001_800.csv,BI,88,0.0161808810583257,97.88011622252436
05_001_800.csv,BI,89,0.0163653539983085,97.87388458535506
05_001_800.csv,BI,90,0.0165497929143022,97.867116531205
05_001_800.csv,BI,91,0.0167341996505896,97.85986625448786
05_001_800.csv,BI,92,0.0169185705559054,97.85213313486702
05_001_800.csv,BI,93,0.0171029074748565,97.84397141687036
05_001_800.csv,BI,94,0.0172872122506923,97.83531894840829
05_001_800.csv,BI,95,0.0174714812341524,97.82633038239038
05_001_800.csv,BI,96,0.0176557162688098,97.81684264657537
05_001_800.csv,BI,97,0.0178399173671714,97.8069331378336
05_001_800.csv,BI,98,0.0180240863711105,97.79657073500437
05_001_800.csv,BI,99,0.0182082196340365,97.7858247618672
05_001_800.csv,BI,100,0.0183923189981457,97.77477290153904
05_001_800.csv,BI,101,0.0185763863042807,97.76333744523228
05_001_800.csv,BI,102,0.0187604179078508,97.75151782940554
05_001_800.csv,BI,103,0.0189444156500212,97.73929847625313
05_001_800.csv,BI,104,0.0191283795432505,97.72671027814772
05_001_800.csv,BI,105,0.0193123114270087,97.7137843288751
05_001_800.csv,BI,106,0.0194962076593681,97.70044229510216
05_001_800.csv,BI,107,0.0196800700801209,97.6867697235673
05_001_800.csv,BI,108,0.019863900527709,97.67270435699552
05_001_800.csv,BI,109,0.0200476953621996,97.65834681890726
05_001_800.csv,BI,110,0.0202314564223564,97.64365820661628
05_001_800.csv,BI,111,0.0204151855455944,97.62864630909364
05_001_800.csv,BI,112,0.0205988790939733,97.61341184462933
05_001_800.csv,BI,113,0.0207825389052297,97.59794708597332
05_001_800.csv,BI,114,0.0209661649917536,97.58219737566674
05_001_800.csv,BI,115,0.0211497591895925,97.56617832637994
05_001_800.csv,BI,116,0.0213333178634595,97.54985826496105
05_001_800.csv,BI,117,0.0215168428497233,97.53319823394426
05_001_800.csv,BI,118,0.0217003359834072,97.51630738552596
05_001_800.csv,BI,119,0.0218837936312117,97.49919304219632
05_001_800.csv,BI,120,0.0220672176284811,97.48176167038208
05_001_800.csv,BI,121,0.0222506098092155,97.4640834897632
05_001_800.csv,BI,122,0.0224339665421008,97.44617362140926
05_001_800.csv,BI,123,0.0226172896614578,97.42797749535012
05_001_800.csv,BI,124,0.0228005791796085,97.40958862555176
05_001_800.csv,BI,125,0.0229838369291908,97.3909758634804
05_001_800.csv,BI,126,0.0231670592815343,97.37210750579834
05_001_800.csv,BI,127,0.0233502480695971,97.3530616932075
05_001_800.csv,BI,128,0.0235334051249966,97.3337760241116
05_001_800.csv,BI,129,0.0237165268210428,97.31430470732552
05_001_800.csv,BI,130,0.023899614989673,97.29456187234928
05_001_800.csv,BI,131,0.0240826696431617,97.2744926700355
05_001_800.csv,BI,132,0.0242656926117679,97.25421435740344
05_001_800.csv,BI,133,0.0244486802714385,97.23367956414867
05_001_800.csv,BI,134,0.0246316344527515,97.21306818611922
05_001_800.csv,BI,135,0.0248145569849479,97.1923803655808
05_001_800.csv,BI,136,0.0249974442459501,97.1714592646638
05_001_800.csv,BI,137,0.025180298065318,97.1503831793143
05_001_800.csv,BI,138,0.025363120271276,97.12908960567428
05_001_800.csv,BI,139,0.0255459072437197,97.10766417417688
05_001_800.csv,BI,140,0.0257286608111919,97.0859817451364
05_001_800.csv,BI,141,0.0259113809859003,97.06412048217692
05_001_800.csv,BI,142,0.0260940695947154,97.04203348469592
05_001_800.csv,BI,143,0.0262767230201604,97.01974378213264
05_001_800.csv,BI,144,0.0264593430894242,96.99730628536577
05_001_800.csv,BI,145,0.0266419316283633,96.97468975576736
05_001_800.csv,BI,146,0.026824485021469,96.95194860911158
05_001_800.csv,BI,147,0.027007005094916,96.92909079952014
05_001_800.csv,BI,148,0.027189493673548,96.90599101198772
05_001_800.csv,BI,149,0.0273719471438223,96.88282911620148
05_001_800.csv,BI,150,0.0275543673309004,96.8594640964128
05_001_800.csv,BI,151,0.0277367542469231,96.83594291345258
05_001_800.csv,BI,152,0.0279191097153855,96.81217936601598
05_001_800.csv,BI,153,0.028101430125363,96.7882671408371
05_001_800.csv,BI,154,0.0282837173006679,96.76419064387136
05_001_800.csv,BI,155,0.0284659730637852,96.74002846564804
05_001_800.csv,BI,156,0.0286481938057512,96.71557608797792
05_001_800.csv,BI,157,0.0288303813493678,96.69103770228102
05_001_800.csv,BI,158,0.0290125357067294,96.66631902211572
05_001_800.csv,BI,159,0.0291946586989758,96.6415143971736
05_001_800.csv,BI,160,0.0293767467197549,96.61664700963264
05_001_800.csv,BI,161,0.0295588015905227,96.59162270933356
05_001_800.csv,BI,162,0.0297408251314117,96.56640229509291
05_001_800.csv,BI,163,0.0299228137380258,96.54116612509148
05_001_800.csv,BI,164,0.0301047692308132,96.5157649852148
05_001_800.csv,BI,165,0.0302866934288996,96.49023042428291
05_001_800.csv,BI,166,0.0304685827298433,96.46453843282752
05_001_800.csv,BI,167,0.0306504389530855,96.43873630920096
05_001_800.csv,BI,168,0.0308322621106549,96.41264303123636
05_001_800.csv,BI,169,0.0310140540203371,96.38643962635192
05_001_800.csv,BI,170,0.0311958128877276,96.36015735344388
05_001_800.csv,BI,171,0.031377535114621,96.33382732071992
05_001_800.csv,BI,172,0.0315592279341053,96.30747382877983
05_001_800.csv,BI,173,0.0317408841384027,96.2810095480514
05_001_800.csv,BI,174,0.0319225109579646,96.25435635340236
05_001_800.csv,BI,175,0.0321041047952152,96.22763197734383
05_001_800.csv,BI,176,0.0322856620551936,96.20078088470626
05_001_800.csv,BI,177,0.0324671899643999,96.17377218489024
05_001_800.csv,BI,178,0.0326486849272049,96.1467000446384
05_001_800.csv,BI,179,0.0328301433505914,96.11930391884916
05_001_800.csv,BI,180,0.0330115724571126,96.09190763702904
05_001_800.csv,BI,181,0.0331929686530839,96.06439255779276
05_001_800.csv,BI,182,0.0333743283474299,96.0367819442796
05_001_800.csv,BI,183,0.0335556587587609,96.0090685560324
05_001_800.csv,BI,184,0.0337369562953349,95.98120465259105
05_001_800.csv,BI,185,0.0339182173680161,95.9532529563354
05_001_800.csv,BI,186,0.0340994491914765,95.92522201390985
05_001_800.csv,BI,187,0.0342806481759144,95.89713513169468
05_001_800.csv,BI,188,0.0344618107341315,95.86892876798896
05_001_800.csv,BI,189,0.0346429440768659,95.84060355724988
05_001_800.csv,BI,190,0.0348240410184606,95.81228514994814
05_001_800.csv,BI,191,0.0350051087670332,95.78377671875558
05_001_800.csv,BI,192,0.0351861437360115,95.75523587682522
05_001_800.csv,BI,193,0.0353671423414218,95.72656742272352
05_001_800.csv,BI,194,0.0355481117874548,95.69776407948598
05_001_800.csv,BI,195,0.0357290484894729,95.66884125218382
05_001_800.csv,BI,196,0.0359099488654345,95.63979063296368
05_001_800.csv,BI,197,0.0360908201156077,95.61065239822204
05_001_800.csv,BI,198,0.0362716586572876,95.58121256290636
05_001_800.csv,BI,199,0.0364524609103626,95.5517633968296
05_001_800.csv,BI,200,0.0366332340711824,95.52254301287292
05_001_800.csv,BI,201,0.0368139745589728,95.49320291882998
05_001_800.csv,BI,202,0.0369946787955499,95.46367146385036
05_001_800.csv,BI,203,0.0371753539733493,95.43402842269444
05_001_800.csv,BI,204,0.0373559965135257,95.4042258822514
05_001_800.csv,BI,205,0.0375366028398207,95.37434263525438
05_001_800.csv,BI,206,0.0377171801407603,95.34452986229384
05_001_800.csv,BI,207,0.0378977212526733,95.31458090025282
05_001_800.csv,BI,208,0.0380782333614816,95.28448844315662
05_001_800.csv,BI,209,0.0382587128915491,95.2542362264194
05_001_800.csv,BI,210,0.0384391562698229,95.22391897189068
05_001_800.csv,BI,211,0.0386195706783219,95.19352940690897
05_001_800.csv,BI,212,0.0387999525433333,95.1630750911358
05_001_800.csv,BI,213,0.0389802982937244,95.13254772531111
05_001_800.csv,BI,214,0.0391606151076155,95.10180514757786
05_001_800.csv,BI,215,0.0393408994132149,95.07103736220428
05_001_800.csv,BI,216,0.0395211476413081,95.04021227674798
05_001_800.csv,BI,217,0.0397013669661212,95.00898920003306
05_001_800.csv,BI,218,0.0398815538177815,94.9778280948608
05_001_800.csv,BI,219,0.0400617046289906,94.94667307561043
05_001_800.csv,BI,220,0.0402418265700846,94.91547717889812
05_001_800.csv,BI,221,0.0404219160731076,94.884311548826
05_001_800.csv,BI,222,0.0406019695726755,94.8530090155586
05_001_800.csv,BI,223,0.0407819942352385,94.8216496631677
05_001_800.csv,BI,224,0.0409619864947556,94.79013774994372
05_001_800.csv,BI,225,0.0411419427877547,94.7585205631303
05_001_800.csv,BI,226,0.0413218702768044,94.72693390465707
05_001_800.csv,BI,227,0.0415017618239282,94.69528964330677
05_001_800.csv,BI,228,0.0416816245891093,94.66358843464889
05_001_800.csv,BI,229,0.0418614550094937,94.63213222956892
05_001_800.csv,BI,230,0.0420412495247914,94.60041158495602
05_001_800.csv,BI,231,0.0422210152911113,94.56857029517607
05_001_800.csv,BI,232,0.0424007487475085,94.53661592620216
05_001_800.csv,BI,233,0.0425804463355999,94.50452420533514
05_001_800.csv,BI,234,0.0427601152076237,94.472367407472
05_001_800.csv,BI,235,0.0429397518045428,94.4401451693074
05_001_800.csv,BI,236,0.0431193525698784,94.40778543815546
05_001_800.csv,BI,237,0.0432989246520027,94.37537646047431
05_001_800.csv,BI,238,0.0434784644937837,94.34284616623609
05_001_800.csv,BI,239,0.0436579685406454,94.3103296508824
05_001_800.csv,BI,240,0.0438374439370978,94.27771600639062
05_001_800.csv,BI,241,0.0440168871279124,94.24498093519196
05_001_800.csv,BI,242,0.0441962945604136,94.21204430422436
05_001_800.csv,BI,243,0.0443756733752537,94.17910607600504
05_001_800.csv,BI,244,0.0445550164561521,94.14613367967236
05_001_800.csv,BI,245,0.0447343309411915,94.11314373457606
05_001_800.csv,BI,246,0.0449136132783108,94.08005610640174
05_001_800.csv,BI,247,0.0450928599179977,94.04678262302556
05_001_800.csv,BI,248,0.0452720779944841,94.0136671217392
05_001_800.csv,BI,249,0.0454512639576067,93.9804778211942
05_001_800.csv,BI,250,0.0456304142597483,93.9472462993474
05_001_800.csv,BI,251,0.0458095360312942,93.91390931606291
05_001_800.csv,BI,252,0.0459886257239769,93.8803546512446
05_001_800.csv,BI,253,0.0461676797920724,93.8461823696004
05_001_800.csv,BI,254,0.0463467053621233,93.81279928836074
05_001_800.csv,BI,255,0.0465256988877562,93.77921440664878
05_001_800.csv,BI,256,0.046704656825138,93.7456031643141
05_001_800.csv,BI,257,0.046883586296973,93.71179032051192
05_001_800.csv,BI,258,0.0470624837587796,93.67804734228685
05_001_800.csv,BI,259,0.0472413456686138,93.64407800083067
05_001_800.csv,BI,260,0.0474201791453457,93.61012284716276
05_001_800.csv,BI,261,0.0475989770942592,93.57610121984544
05_001_800.csv,BI,262,0.0477777466316703,93.5418697084533
05_001_800.csv,BI,263,0.0479564842162459,93.50771602820214
05_001_800.csv,BI,264,0.0481351863091865,93.47351180883412
05_001_800.csv,BI,265,0.0483138600229804,93.43912958427404
05_001_800.csv,BI,266,0.0484925018181813,93.40483321650092
05_001_800.csv,BI,267,0.0486711081578731,93.37014183536206
05_001_800.csv,BI,268,0.0488496861507212,93.3356247071692
05_001_800.csv,BI,269,0.0490282322591635,93.30120948848604
05_001_800.csv,BI,270,0.0492067429481658,93.26661541584892
05_001_800.csv,BI,271,0.0493852253225744,93.23187512766413
05_001_800.csv,BI,272,0.0495636758467095,93.19715658264867
05_001_800.csv,BI,273,0.049742090987417,93.16246749053788
05_001_800.csv,BI,274,0.0499204778457277,93.12767219898444
05_001_800.csv,BI,275,0.0500988328878428,93.09276230902832
05_001_800.csv,BI,276,0.0502771525824855,93.05780162178368
05_001_800.csv,BI,277,0.050455444026876,93.02269448901616
05_001_800.csv,BI,278,0.0506337001477329,92.98759267018488
05_001_800.csv,BI,279,0.050811928039738,92.95253697233636
05_001_800.csv,BI,280,0.0509901241722219,92.91736653017269
05_001_800.csv,BI,281,0.0511682850170334,92.88209702331731
05_001_800.csv,BI,282,0.0513464176650499,92.84675316064964
05_001_800.csv,BI,283,0.0515245185874775,92.81130245199684
05_001_800.csv,BI,284,0.0517025842580371,92.77582486424308
05_001_800.csv,BI,285,0.0518806217638065,92.740401406282
05_001_800.csv,BI,286,0.0520586275778646,92.70483086109424
05_001_800.csv,BI,287,0.0522365981758031,92.66934594946898
05_001_800.csv,BI,288,0.0524145406409037,92.63363382457824
05_001_800.csv,BI,289,0.0525924514481166,92.5980317850451
05_001_800.csv,BI,290,0.052770327074902,92.5620167896348
05_001_800.csv,BI,291,0.0529481746007496,92.52614433519676
05_001_800.csv,BI,292,0.0531259905024789,92.49027740383336
05_001_800.csv,BI,293,0.0533037712594167,92.45454443553996
05_001_800.csv,BI,294,0.0534815239472649,92.41866446641978
05_001_800.csv,BI,295,0.0536592450447102,92.38273370066072
05_001_800.csv,BI,296,0.0538369310329441,92.34671958952754
05_001_800.csv,BI,297,0.0540145889838846,92.31052611693622
05_001_800.csv,BI,298,0.0541922118493024,92.27432973890927
05_001_800.csv,BI,299,0.0543698066985955,92.23809889269944
05_001_800.csv,BI,300,0.0545473700135584,92.2017204442775
05_001_800.csv,BI,301,0.0547248982784857,92.16533905378412
05_001_800.csv,BI,302,0.0549023985589981,92.12901179995409
05_001_800.csv,BI,303,0.0550798673387523,92.0926739048952
05_001_800.csv,BI,304,0.0552573011039023,92.05626860852178
05_001_800.csv,BI,305,0.0554347069162957,92.01975621292166
05_001_800.csv,BI,306,0.0556120812614493,91.9831766747038
05_001_800.csv,BI,307,0.0557894206273744,91.94631183163948
05_001_800.csv,BI,308,0.0559667320721499,91.90963016674688
05_001_800.csv,BI,309,0.0561440120831504,91.87297006334552
05_001_800.csv,BI,310,0.0563212571502428,91.83625857670904
05_001_800.csv,BI,311,0.0564984743277409,91.79943982664795
05_001_800.csv,BI,312,0.0566756601048757,91.76232773386448
05_001_800.csv,BI,313,0.0568528109733674,91.72524485819253
05_001_800.csv,BI,314,0.0570299339837691,91.68808686832546
05_001_800.csv,BI,315,0.057207022109007,91.65100658170137
05_001_800.csv,BI,316,0.0573840823971291,91.61393197484102
05_001_800.csv,BI,317,0.0575611113404554,91.5769516337866
05_001_800.csv,BI,318,0.057738105433791,91.53975814780551
05_001_800.csv,BI,319,0.0579150717214297,91.50257841817051
05_001_800.csv,BI,320,0.0580920066975425,91.46556576880596
05_001_800.csv,BI,321,0.0582689068587828,91.4282347476069
05_001_800.csv,BI,322,0.0584457792456941,91.3909417365133
05_001_800.csv,BI,323,0.0586226203542963,91.35371880413734
05_001_800.csv,BI,324,0.0587994266830893,91.31646048808476
05_001_800.csv,BI,325,0.0589762052688703,91.27945876515838
05_001_800.csv,BI,326,0.0591529526095062,91.24232493341208
05_001_800.csv,BI,327,0.0593296652053415,91.20453238938823
05_001_800.csv,BI,328,0.059506350089431,91.16670491685568
05_001_800.csv,BI,329,0.0596830037614868,91.12916613094262
05_001_800.csv,BI,330,0.0598596227236957,91.09171337428164
05_001_800.csv,BI,331,0.0600362140053745,91.05413670405652
05_001_800.csv,BI,332,0.0602127706004784,91.01617613281157
05_001_800.csv,BI,333,0.0603892995358345,90.97802660989788
05_001_800.csv,BI,334,0.0605657973142255,90.94023891708515
05_001_800.csv,BI,335,0.0607422604409048,90.90220489849366
05_001_800.csv,BI,336,0.0609186959389675,90.86412778690637
05_001_800.csv,BI,337,0.0610951003130366,90.82585315969766
05_001_800.csv,BI,338,0.0612714735740908,90.78751881756074
05_001_800.csv,BI,339,0.0614478157331033,90.749611513484
05_001_800.csv,BI,340,0.0616241197957356,90.71144924365352
05_001_800.csv,BI,341,0.0618003997847954,90.67332532258116
05_001_800.csv,BI,342,0.0619766487046975,90.6349063393102
05_001_800.csv,BI,343,0.0621528665663918,90.5964762999588
05_001_800.csv,BI,344,0.0623290533808222,90.55802708875854
05_001_800.csv,BI,345,0.0625052021597909,90.51950122171752
05_001_800.csv,BI,346,0.0626813269137356,90.4811679926853
05_001_800.csv,BI,347,0.0628574206532136,90.44255566691618
05_001_800.csv,BI,348,0.063033483389146,90.40398913836076
05_001_800.csv,BI,349,0.063209515132448,90.3650458262996
05_001_800.csv,BI,350,0.0633855158940291,90.32616448862905
05_001_800.csv,BI,351,0.0635614786930456,90.28745835802783
05_001_800.csv,BI,352,0.0637374175251201,90.2488637483757
05_001_800.csv,BI,353,0.063913325408167,90.21014424158636
05_001_800.csv,BI,354,0.0640892023530727,90.17113709456773
05_001_800.csv,BI,355,0.064265048370718,90.13215946172691
05_001_800.csv,BI,356,0.0644408634719778,90.0931381337782
05_001_800.csv,BI,357,0.0646166406833477,90.05403991424919
05_001_800.csv,BI,358,0.0647923939856659,90.01524861551968
05_001_800.csv,BI,359,0.0649681164041887,89.97636484553317
05_001_800.csv,BI,360,0.0651438079497681,89.93714427722074
05_001_800.csv,BI,361,0.0653194686332505,89.89781478581449
05_001_800.csv,BI,362,0.0654950914872355,89.85852232161847
05_001_800.csv,BI,363,0.0656706904802651,89.81905634093505
05_001_800.csv,BI,364,0.065846258643702,89.77969318957219
05_001_800.csv,BI,365,0.0660217959883695,89.74044108200405
05_001_800.csv,BI,366,0.0661973025250855,89.70111260167732
05_001_800.csv,BI,367,0.0663727782646621,89.66151204746893
05_001_800.csv,BI,368,0.0665482162470099,89.62191591093273
05_001_800.csv,BI,369,0.066723630425944,89.58243963633737
05_001_800.csv,BI,370,0.0668990138401403,89.54295215545653
05_001_800.csv,BI,371,0.0670743665003883,89.50335556837638
05_001_800.csv,BI,372,0.0672496884174717,89.46345398514637
05_001_800.csv,BI,373,0.0674249796021684,89.42347577881691
05_001_800.csv,BI,374,0.0676002331016847,89.3840406830418
05_001_800.csv,BI,375,0.0677754628551397,89.34412968845561
05_001_800.csv,BI,376,0.0679506619085077,89.30428087711334
05_001_800.csv,BI,377,0.0681258302725441,89.26454329553178
05_001_800.csv,BI,378,0.0683009679579985,89.22463110796775
05_001_800.csv,BI,379,0.0684760680181451,89.18467433442822
05_001_800.csv,BI,380,0.0686511443798803,89.14484580615039
05_001_800.csv,BI,381,0.0688261900952483,89.10480171396284
05_001_800.csv,BI,382,0.0690012051749765,89.06479536186964
05_001_800.csv,BI,383,0.0691761896297862,89.02453244931434
05_001_800.csv,BI,384,0.0693511434703935,88.98420092929189
05_001_800.csv,BI,385,0.0695260597573401,88.94399644694045
05_001_800.csv,BI,386,0.069700952402883,88.90375671341758
05_001_800.csv,BI,387,0.069875814466337,88.86352200943656
05_001_800.csv,BI,388,0.0700506459583954,88.82331689687953
05_001_800.csv,BI,389,0.0702254468897461,88.78301863500087
05_001_800.csv,BI,390,0.0704002172710713,88.7423570516803
05_001_800.csv,BI,391,0.0705749501701652,88.70161790611871
05_001_800.csv,BI,392,0.0707496594846765,88.66104806209108
05_001_800.csv,BI,393,0.070924338281175,88.62046681865735
05_001_800.csv,BI,394,0.0710989865703204,88.57949736717376
05_001_800.csv,BI,395,0.071273604362767,88.53872941167708
05_001_800.csv,BI,396,0.0714481847323413,88.4984246764327
05_001_800.csv,BI,397,0.0716227415645415,88.45806830256743
05_001_800.csv,BI,398,0.0717972679319718,88.41745472594084
05_001_800.csv,BI,399,0.0719717638452642,88.37659202083569
05_001_800.csv,BI,400,0.0721462293150451,88.33546366675091
05_001_800.csv,BI,401,0.0723206643519351,88.29470105807366
05_001_800.csv,BI,402,0.0724950620369858,88.25374597893023
05_001_800.csv,BI,403,0.0726694362411429,88.21274724299178
05_001_800.csv,BI,404,0.072843780044238,88.17161396063597
05_001_800.csv,BI,405,0.0730180934568697,88.13051842552551
05_001_800.csv,BI,406,0.0731923764896312,88.08941962394289
05_001_800.csv,BI,407,0.07336662915311,88.04834219501788
05_001_800.csv,BI,408,0.073540844535567,88.0072116464795
05_001_800.csv,BI,409,0.0737150364934265,87.96560210173448
05_001_800.csv,BI,410,0.0738891981137323,87.92416165427426
05_001_800.csv,BI,411,0.0740633294070498,87.88285753918785
05_001_800.csv,BI,412,0.074237430383939,87.84145153530676
05_001_800.csv,BI,413,0.0744114941386575,87.80018955542181
05_001_800.csv,BI,414,0.0745855345155513,87.7588673953648
05_001_800.csv,BI,415,0.074759544607663,87.71719666911503
05_001_800.csv,BI,416,0.0749335244255304,87.67576104204238
05_001_800.csv,BI,417,0.0751074739796861,87.63445372885025
05_001_800.csv,BI,418,0.0752813932806568,87.59284705905918
05_001_800.csv,BI,419,0.0754552754298826,87.55100610064585
05_001_800.csv,BI,420,0.0756291342572432,87.50943390772773
05_001_800.csv,BI,421,0.0758029628629662,87.4676279824481
05_001_800.csv,BI,422,0.0759767612575566,87.42596686866023
05_001_800.csv,BI,423,0.0761505294515137,87.38417072780214
05_001_800.csv,BI,424,0.0763242674553315,87.3422724377956
05_001_800.csv,BI,425,0.0764979683776177,87.30009839862998
05_001_800.csv,BI,426,0.0766716460338158,87.25837457058105
05_001_800.csv,BI,427,0.0768452935313235,87.21668041692396
05_001_800.csv,BI,428,0.0770189108806129,87.17498300251634
05_001_800.csv,BI,429,0.0771924980921507,87.13310101956517
05_001_800.csv,BI,430,0.0773660482805059,87.09134701885796
05_001_800.csv,BI,431,0.0775395752491152,87.04932654248569
05_001_800.csv,BI,432,0.0777130721113399,87.00731097692062
05_001_800.csv,BI,433,0.0778865388776249,86.96496219264236
05_001_800.csv,BI,434,0.0780599755584097,86.92297292627643
05_001_800.csv,BI,435,0.0782333821641282,86.88102986624654
05_001_800.csv,BI,436,0.0784067518164897,86.83874462032588
05_001_800.csv,BI,437,0.0785800983045504,86.79626677371158
05_001_800.csv,BI,438,0.078753414748814,86.75397534596783
05_001_800.csv,BI,439,0.0789267011596929,86.71162276562688
05_001_800.csv,BI,440,0.0790999575475942,86.66906037822741
05_001_800.csv,BI,441,0.0792731839229193,86.62686620243579
05_001_800.csv,BI,442,0.0794463734145029,86.58455248936116
05_001_800.csv,BI,443,0.0796195397970503,86.54227735150494
05_001_800.csv,BI,444,0.0797926761981934,86.50018895867674
05_001_800.csv,BI,445,0.079965782628312,86.45789072016726
05_001_800.csv,BI,446,0.0801388590977808,86.41548999490851
05_001_800.csv,BI,447,0.0803119056169689,86.37292060076345
05_001_800.csv,BI,448,0.0804849153218217,86.33020667351354
05_001_800.csv,BI,449,0.0806579019727236,86.28746511981376
05_001_800.csv,BI,450,0.0808308587044196,86.24483596030734
05_001_800.csv,BI,451,0.0810037855272574,86.20222825928755
05_001_800.csv,BI,452,0.0811766824515794,86.159815803872
05_001_800.csv,BI,453,0.0813495426192452,86.11734155858812
05_001_800.csv,BI,454,0.0815223797787279,86.0748480724435
05_001_800.csv,BI,455,0.081695187070689,86.03226852277521
05_001_800.csv,BI,456,0.0818679645054494,85.98942898942835
05_001_800.csv,BI,457,0.0820407120933247,85.94650326381088
05_001_800.csv,BI,458,0.082213429844625,85.90323453430301
05_001_800.csv,BI,459,0.0823861109082939,85.86050849327762
05_001_800.csv,BI,460,0.0825587690185379,85.81811946120996
05_001_800.csv,BI,461,0.082731397323105,85.77526315243108
05_001_800.csv,BI,462,0.082903995832284,85.73245324453688
05_001_800.csv,BI,463,0.0830765645563584,85.68921722528142
05_001_800.csv,BI,464,0.0832491035056065,85.64620163864504
05_001_800.csv,BI,465,0.083421605836041,85.60362993743468
05_001_800.csv,BI,466,0.0835940852676316,85.56099756634308
05_001_800.csv,BI,467,0.0837665349551981,85.51807162840919
05_001_800.csv,BI,468,0.0839389549089973,85.47452838171876
05_001_800.csv,BI,469,0.0841113451392809,85.4313965776455
05_001_800.csv,BI,470,0.0842836988079417,85.38877545823158
05_001_800.csv,BI,471,0.0844560296231078,85.3460189327484
05_001_800.csv,BI,472,0.084628330745481,85.30303502112906
05_001_800.csv,BI,473,0.0848006021852917,85.25998140340755
05_001_800.csv,BI,474,0.084972843952765,85.21611881747839
05_001_800.csv,BI,475,0.0851450560581208,85.17252682505222
05_001_800.csv,BI,476,0.0853172316702946,85.12944595167744
05_001_800.csv,BI,477,0.0854893844832316,85.08641225938732
05_001_800.csv,BI,478,0.0856615076646788,85.04356649944953
05_001_800.csv,BI,479,0.0858336012248347,85.00069263649857
05_001_800.csv,BI,480,0.086005665173893,84.95739987959428
05_001_800.csv,BI,481,0.0861776995220419,84.91363812650116
05_001_800.csv,BI,482,0.086349697445245,84.86994720104309
05_001_800.csv,BI,483,0.0865216726232941,84.82687735833423
05_001_800.csv,BI,484,0.0866936182309666,84.78416209779641
05_001_800.csv,BI,485,0.0868655342784298,84.74106097572354
05_001_800.csv,BI,486,0.0870374207758456,84.69794002376193
05_001_800.csv,BI,487,0.0872092709050235,84.65447400355902
05_001_800.csv,BI,488,0.087381098333983,84.61038081842003
05_001_800.csv,BI,489,0.0875528962433493,84.56685873432832
05_001_800.csv,BI,490,0.0877246646432636,84.52371649094812
05_001_800.csv,BI,491,0.0878964035438616,84.48050445563547
05_001_800.csv,BI,492,0.088068112955274,84.43719760731392
05_001_800.csv,BI,493,0.0882397860663119,84.39398699542431
05_001_800.csv,BI,494,0.0884114365308949,84.3505154424202
05_001_800.csv,BI,495,0.0885830575366524,84.30709068226093
05_001_800.csv,BI,496,0.0887546490936943,84.26244544962589
05_001_800.csv,BI,497,0.088926211212125,84.2190974828581
05_001_800.csv,BI,498,0.0890977439020441,84.17572968334053
05_001_800.csv,BI,499,0.0892692403592498,84.13242489566278
05_001_800.csv,BI,500,0.089440714223591,84.08828324200715
05_001_800.csv,BI,501,0.0896121586896871,84.0450644493103
05_001_800.csv,BI,502,0.0897835737676166,84.00171739633947
05_001_800.csv,BI,503,0.0899549594674529,83.95834219744006
05_001_800.csv,BI,504,0.0901263089908063,83.914721204503
05_001_800.csv,BI,505,0.0902976359658222,83.87118110923183
05_001_800.csv,BI,506,0.0904689335929338,83.82671917506224
05_001_800.csv,BI,507,0.0906402018821937,83.7832144160069
05_001_800.csv,BI,508,0.0908114408436496,83.73984022245651
05_001_800.csv,BI,509,0.0909826504873438,83.69637105711087
05_001_800.csv,BI,510,0.0911538240218479,83.6528230274339
05_001_800.csv,BI,511,0.0913249750612894,83.60926411334526
05_001_800.csv,BI,512,0.0914960968130652,83.56504163968157
05_001_800.csv,BI,513,0.0916671892871969,83.52161859386456
05_001_800.csv,BI,514,0.0918382524937014,83.47817579826801
05_001_800.csv,BI,515,0.0920092864425901,83.43452086531045
05_001_800.csv,BI,516,0.0921802843493815,83.3906112991495
05_001_800.csv,BI,517,0.0923512598142142,83.34681628490267
05_001_800.csv,BI,518,0.0925222060514345,83.30287588620536
05_001_800.csv,BI,519,0.0926931230710333,83.25848870430264
05_001_800.csv,BI,520,0.0928640108829965,83.21516144972583
05_001_800.csv,BI,521,0.093034862708621,83.17167161542352
05_001_800.csv,BI,522,0.0932056921364099,83.12791976179233
05_001_800.csv,BI,523,0.0933764923864896,83.08444964725732
05_001_800.csv,BI,524,0.0935472634688258,83.04075039564066
05_001_800.csv,BI,525,0.0937180053933786,82.99705651116483
05_001_800.csv,BI,526,0.0938887181701033,82.95340990876991
05_001_800.csv,BI,527,0.0940593950272177,82.9096927147067
05_001_800.csv,BI,528,0.0942300495392887,82.8660485438204
05_001_800.csv,BI,529,0.0944006749333662,82.82228403244892
05_001_800.csv,BI,530,0.0945712712193851,82.77851653498499
05_001_800.csv,BI,531,0.0947418384072751,82.73448604547724
05_001_800.csv,BI,532,0.094912376506961,82.69068739024317
05_001_800.csv,BI,533,0.0950828787535675,82.64690198702044
05_001_800.csv,BI,534,0.0952533587077537,82.60315614877027
05_001_800.csv,BI,535,0.0954238096034789,82.55878627550067
05_001_800.csv,BI,536,0.0955942314506476,82.51470708250054
05_001_800.csv,BI,537,0.095764624259159,82.47108665153178
05_001_800.csv,BI,538,0.095934981269883,82.42732844113618
05_001_800.csv,BI,539,0.0961053160319105,82.38359308871321
05_001_800.csv,BI,540,0.0962756217849481,82.33981285385511
05_001_800.csv,BI,541,0.0964458985388748,82.29605493865301
05_001_800.csv,BI,542,0.0966161463035648,82.25231936456476
05_001_800.csv,BI,543,0.0967863650888869,82.20838763002206
05_001_800.csv,BI,544,0.0969565481425923,82.16449446184072
05_001_800.csv,BI,545,0.0971267089999163,82.12079233833356
05_001_800.csv,BI,546,0.0972968409074491,82.0769276318149
05_001_800.csv,BI,547,0.0974669438750394,82.03302642613517
05_001_800.csv,BI,548,0.0976370179125311,81.98941677619985
05_001_800.csv,BI,549,0.0978070630297632,81.94575389488818
05_001_800.csv,BI,550,0.0979770724813537,81.9019446495696
05_001_800.csv,BI,551,0.098147059788711,81.85788067250633
05_001_800.csv,BI,552,0.0983170182052946,81.81397375259047
05_001_800.csv,BI,553,0.0984869477409234,81.77005559920741
05_001_800.csv,BI,554,0.098656848405411,81.7259493868334
05_001_800.csv,BI,555,0.0988267134590878,81.68199977614086
05_001_800.csv,BI,556,0.0989965564118609,81.63823323024872
05_001_800.csv,BI,557,0.0991663705229039,81.59424491202594
05_001_800.csv,BI,558,0.0993361558020106,81.55043917556736
05_001_800.csv,BI,559,0.0995059122589697,81.50668128195139
05_001_800.csv,BI,560,0.0996756399035652,81.46291226215726
05_001_800.csv,BI,561,0.0998453320029691,81.41806933090191
05_001_800.csv,BI,562,0.1000150020533127,81.37407552589394
05_001_800.csv,BI,563,0.100184643320614,81.33055123941
05_001_800.csv,BI,564,0.1003542558146367,81.2868303733336
05_001_800.csv,BI,565,0.1005238395451399,81.24262600663928
05_001_800.csv,BI,566,0.1006933945218775,81.19857072580646
05_001_800.csv,BI,567,0.1008629140188495,81.15384548082056
05_001_800.csv,BI,568,0.1010324115184397,81.1097761925339
05_001_800.csv,BI,569,0.1012018802934963,81.06578016441745
05_001_800.csv,BI,570,0.1013713203537534,81.021806783545
05_001_800.csv,BI,571,0.1015407317089402,80.97814319410145
05_001_800.csv,BI,572,0.1017101143687809,80.93435880641061
05_001_800.csv,BI,573,0.1018794616140895,80.89008977584524
05_001_800.csv,BI,574,0.1020487869135306,80.84593683987549
05_001_800.csv,BI,575,0.1022180835467684,80.80162065570659
05_001_800.csv,BI,576,0.1023873515235077,80.75747922792755
05_001_800.csv,BI,577,0.1025565908534479,80.71359718893598
05_001_800.csv,BI,578,0.1027257948230708,80.66931466362121
05_001_800.csv,BI,579,0.1028949768896294,80.62533441107121
05_001_800.csv,BI,580,0.1030641303384579,80.58119088028207
05_001_800.csv,BI,581,0.1032332551792363,80.53657101192312
05_001_800.csv,BI,582,0.1034023514216395,80.49237138955141
05_001_800.csv,BI,583,0.1035714190753378,80.44846530704478
05_001_800.csv,BI,584,0.1037404514336015,80.40447999432166
05_001_800.csv,BI,585,0.1039094619400154,80.35987475373861
05_001_800.csv,BI,586,0.1040784438867049,80.31575781810972
05_001_800.csv,BI,587,0.1042473972833205,80.27097784122907
05_001_800.csv,BI,588,0.1044163221395078,80.22623743263489
05_001_800.csv,BI,589,0.1045852184649075,80.18224814733384
05_001_800.csv,BI,590,0.1047540795595654,80.138247361239
05_001_800.csv,BI,591,0.1049229188534255,80.09383790479183
05_001_800.csv,BI,592,0.1050917296453906,80.05004449654393
05_001_800.csv,BI,593,0.105260511945082,80.0064945030399
05_001_800.csv,BI,594,0.105429265762116,79.96234028853257
05_001_800.csv,BI,595,0.1055979844021737,79.9178608320467
05_001_800.csv,BI,596,0.1057666812838534,79.87366765052087
05_001_800.csv,BI,597,0.1059353497116951,79.82953983083553
05_001_800.csv,BI,598,0.106103989695296,79.78557921682494
05_001_800.csv,BI,599,0.1062726012442478,79.74185378162679
05_001_800.csv,BI,600,0.106441184368138,79.69816846975664
05_001_800.csv,BI,601,0.1066097323793977,79.65389468789397
05_001_800.csv,BI,602,0.1067782586830353,79.60988212899406
05_001_800.csv,BI,603,0.1069467565903432,79.56541719359325
05_001_800.csv,BI,604,0.1071152261108895,79.52104315037104
05_001_800.csv,BI,605,0.107283667254237,79.47704883151607
05_001_800.csv,BI,606,0.1074520800299439,79.43307765486384
05_001_800.csv,BI,607,0.1076204577571781,79.38887422219432
05_001_800.csv,BI,608,0.1077888138273854,79.3447624020589
05_001_800.csv,BI,609,0.1079571415585973,79.3006057323924
05_001_800.csv,BI,610,0.1081254409603527,79.25682922912159
05_001_800.csv,BI,611,0.1082937120421855,79.21281244747178
05_001_800.csv,BI,612,0.1084619481288672,79.16832515384021
05_001_800.csv,BI,613,0.1086301626005624,79.12379342298254
05_001_800.csv,BI,614,0.1087983487809082,79.07937833207961
05_001_800.csv,BI,615,0.1089665066794191,79.0353181661967
05_001_800.csv,BI,616,0.1091346363056055,78.99124722032127
05_001_800.csv,BI,617,0.1093027376689723,78.94764209176378
05_001_800.csv,BI,618,0.1094708041010027,78.90411945731381
05_001_800.csv,BI,619,0.1096388489683493,78.86049312678148
05_001_800.csv,BI,620,0.109806865601363,78.8168221341167
05_001_800.csv,BI,621,0.10997485400953,78.77262103668062
05_001_800.csv,BI,622,0.1101428142023314,78.72813659150239
05_001_800.csv,BI,623,0.1103107461892439,78.68364127906978
05_001_800.csv,BI,624,0.1104786433084487,78.63973954187418
05_001_800.csv,BI,625,0.1106465189131136,78.59575097584775
05_001_800.csv,BI,626,0.1108143663402901,78.55207562446594
05_001_800.csv,BI,627,0.1109821855994356,78.50844938336331
05_001_800.csv,BI,628,0.1111499767000029,78.46476144464418
05_001_800.csv,BI,629,0.1113177329857449,78.42083218125026
05_001_800.csv,BI,630,0.1114854677986127,78.37688428628366
05_001_800.csv,BI,631,0.1116531744812314,78.33191062385754
05_001_800.csv,BI,632,0.1118208530430347,78.28768535340049
05_001_800.csv,BI,633,0.1119885034934515,78.2437565868301
05_001_800.csv,BI,634,0.112156125841906,78.19968066770173
05_001_800.csv,BI,635,0.1123237134388249,78.15482532213537
05_001_800.csv,BI,636,0.1124912796127242,78.11136834061017
05_001_800.csv,BI,637,0.1126588177129051,78.06809734833223
05_001_800.csv,BI,638,0.1128263277487727,78.02468790434591
05_001_800.csv,BI,639,0.1129938097297276,77.9809520232302
05_001_800.csv,BI,640,0.1131612636651655,77.93672722415238
05_001_800.csv,BI,641,0.1133286829121737,77.89291851463162
05_001_800.csv,BI,642,0.1134960807858599,77.8489972764005
05_001_800.csv,BI,643,0.1136634506421881,77.80468941465347
05_001_800.csv,BI,644,0.113830792490535,77.76073852642071
05_001_800.csv,BI,645,0.113998106340273,77.71722175632652
05_001_800.csv,BI,646,0.1141653855540292,77.67342044129396
05_001_800.csv,BI,647,0.1143326434357589,77.62990001253911
05_001_800.csv,BI,648,0.1144998733469678,77.58626657658351
05_001_800.csv,BI,649,0.1146670752970094,77.5426741008074
05_001_800.csv,BI,650,0.1148342492952325,77.49866049424122
05_001_800.csv,BI,651,0.115001395350981,77.45470487189414
05_001_800.csv,BI,652,0.1151685068335182,77.41084100100647
05_001_800.csv,BI,653,0.1153355970334406,77.3672412075328
05_001_800.csv,BI,654,0.1155026593188923,77.32349406981467
05_001_800.csv,BI,655,0.1156696936991986,77.27995925133837
05_001_800.csv,BI,656,0.1158367001836802,77.23647410676443
05_001_800.csv,BI,657,0.1160036787816531,77.19303867042538
05_001_800.csv,BI,658,0.1161706228690032,77.14945537235462
05_001_800.csv,BI,659,0.1163375457229953,77.10554518799199
05_001_800.csv,BI,660,0.1165044407183983,77.06171891157783
05_001_800.csv,BI,661,0.1166713078645097,77.0179765946109
05_001_800.csv,BI,662,0.1168381471706222,76.97394956519668
05_001_800.csv,BI,663,0.1170049520181305,76.9304262085804
05_001_800.csv,BI,664,0.11717173567321,76.88732202845472
05_001_800.csv,BI,665,0.1173384915161404,76.84402760638505
05_001_800.csv,BI,666,0.1175052195561959,76.8008345998187
05_001_800.csv,BI,667,0.1176719198026459,76.75734829153902
05_001_800.csv,BI,668,0.117838585642385,76.71327619563817
05_001_800.csv,BI,669,0.1180052303305177,76.66967499736984
05_001_800.csv,BI,670,0.1181718472528252,76.62595197089104
05_001_800.csv,BI,671,0.1183384364185585,76.58203836200528
05_001_800.csv,BI,672,0.1185049978369641,76.53863840483564
05_001_800.csv,BI,673,0.1186715315172836,76.49524551426191
05_001_800.csv,BI,674,0.1188380374687541,76.45221198043873
05_001_800.csv,BI,675,0.1190045157006082,76.4089364430439
05_001_800.csv,BI,676,0.1191709662220737,76.36565945021175
05_001_800.csv,BI,677,0.119337389042374,76.32161592911484
05_001_800.csv,BI,678,0.1195037709480234,76.27799100120512
05_001_800.csv,BI,679,0.1196701383958441,76.23438273707416
05_001_800.csv,BI,680,0.1198364781701411,76.18985266695654
05_001_800.csv,BI,681,0.1200027902801191,76.14600894085106
05_001_800.csv,BI,682,0.1201690747349785,76.10311862142396
05_001_800.csv,BI,683,0.1203353315439151,76.06004633317866
05_001_800.csv,BI,684,0.1205015607161198,76.01701576185633
05_001_800.csv,BI,685,0.1206677622607793,75.97302842522731
05_001_800.csv,BI,686,0.1208339361870755,75.92944412410895
05_001_800.csv,BI,687,0.1210000825041858,75.88653861200214
05_001_800.csv,BI,688,0.121166201221283,75.84355436679857
05_001_800.csv,BI,689,0.1213322791489868,75.80043006289623
05_001_800.csv,BI,690,0.1214983426957495,75.75679719613504
05_001_800.csv,BI,691,0.1216643786699894,75.71338691873518
05_001_800.csv,BI,692,0.1218303870808609,75.67028552963984
05_001_800.csv,BI,693,0.1219963679375142,75.6266915962417
05_001_800.csv,BI,694,0.1221623212490946,75.5834410941859
05_001_800.csv,BI,695,0.1223282470247429,75.54029278297207
05_001_800.csv,BI,696,0.1224941452735956,75.49728121708222
05_001_800.csv,BI,697,0.1226600160047844,75.4539752222372
05_001_800.csv,BI,698,0.1228258592274365,75.41110791029769
05_001_800.csv,BI,699,0.1229916749506746,75.36793751003995
05_001_800.csv,BI,700,0.1231574500091361,75.3243852235837
05_001_800.csv,BI,701,0.1233232107630799,75.28097070129684
05_001_800.csv,BI,702,0.1234889440449498,75.23728731472659
05_001_800.csv,BI,703,0.1236546498638505,75.19459544699748
05_001_800.csv,BI,704,0.123820328228882,75.151893935109
05_001_800.csv,BI,705,0.1239859791491398,75.10896687148761
05_001_800.csv,BI,706,0.1241516026337149,75.0661337556254
05_001_800.csv,BI,707,0.1243171986916937,75.02330824995624
05_001_800.csv,BI,708,0.1244827673321583,74.9803348335638
05_001_800.csv,BI,709,0.1246483085641862,74.9367121946666
05_001_800.csv,BI,710,0.1248138223968502,74.89293270673147
05_001_800.csv,BI,711,0.1249793088392188,74.8499991277904
05_001_800.csv,BI,712,0.1251447547520308,74.80739211411264
05_001_800.csv,BI,713,0.1253101864431709,74.76483707186594
05_001_800.csv,BI,714,0.1254755907711933,74.72228115497273
05_001_800.csv,BI,715,0.1256409677451483,74.67958595954087
05_001_800.csv,BI,716,0.125806317374082,74.63679468653959
05_001_800.csv,BI,717,0.1259716396670359,74.59385537550031
05_001_800.csv,BI,718,0.1261369346330468,74.55005824620548
05_001_800.csv,BI,719,0.1263022022811475,74.50691777018676
05_001_800.csv,BI,720,0.1264674426203658,74.46419186008143
05_001_800.csv,BI,721,0.1266326556597254,74.42171620257386
05_001_800.csv,BI,722,0.1267978414082454,74.37913583817499
05_001_800.csv,BI,723,0.1269629867505003,74.33534098370319
05_001_800.csv,BI,724,0.1271281179465475,74.29291476787057
05_001_800.csv,BI,725,0.1272932218787849,74.24984660130667
05_001_800.csv,BI,726,0.1274582985562136,74.20704615912825
05_001_800.csv,BI,727,0.1276233479878304,74.16446157528185
05_001_800.csv,BI,728,0.1277883701826278,74.12123469737901
05_001_800.csv,BI,729,0.1279533651495935,74.078015526944
05_001_800.csv,BI,730,0.128118332897711,74.03542847794529
05_001_800.csv,BI,731,0.1282832734359593,73.99297079950998
05_001_800.csv,BI,732,0.1284481867733129,73.95053846341318
05_001_800.csv,BI,733,0.1286130729187418,73.90807075540988
05_001_800.csv,BI,734,0.1287779187805702,73.86492453023607
05_001_800.csv,BI,735,0.1289427505712018,73.821960657423
05_001_800.csv,BI,736,0.1291075551967918,73.77795427159344
05_001_800.csv,BI,737,0.1292723326662926,73.73548349487498
05_001_800.csv,BI,738,0.129437082988652,73.69331601268868
05_001_800.csv,BI,739,0.1296018061728138,73.6512261709106
05_001_800.csv,BI,740,0.1297665022277169,73.60843222792164
05_001_800.csv,BI,741,0.129931171162296,73.56499466049945
05_001_800.csv,BI,742,0.1300958129854815,73.52242511587042
05_001_800.csv,BI,743,0.1302604277061992,73.48021127256345
05_001_800.csv,BI,744,0.1304250153333705,73.437936086415
05_001_800.csv,BI,745,0.1305895758759126,73.3956690855282
05_001_800.csv,BI,746,0.1307540962679599,73.35320933581102
05_001_800.csv,BI,747,0.1309186026701276,73.30954986979941
05_001_800.csv,BI,748,0.1310830820143902,73.26550675478848
05_001_800.csv,BI,749,0.131247534309647,73.2233503583941
05_001_800.csv,BI,750,0.1314119595647931,73.18068018652696
05_001_800.csv,BI,751,0.1315763577887192,73.13845324516296
05_001_800.csv,BI,752,0.1317407289903117,73.09551216850343
05_001_800.csv,BI,753,0.1319050731784525,73.05259655005352
05_001_800.csv,BI,754,0.132069390362019,73.00955839958613
05_001_800.csv,BI,755,0.1322336805498845,72.96681564961318
05_001_800.csv,BI,756,0.1323979437509178,72.92439458292324
05_001_800.csv,BI,757,0.132562166922824,72.88135799811499
05_001_800.csv,BI,758,0.1327263761789248,72.838522103586
05_001_800.csv,BI,759,0.1328905584747728,72.79613439580373
05_001_800.csv,BI,760,0.1330547138192194,72.7535327527604
05_001_800.csv,BI,761,0.1332188422211117,72.71042071406572
05_001_800.csv,BI,762,0.1333829436892921,72.66720778389299
05_001_800.csv,BI,763,0.133547018232599,72.62446504507278
05_001_800.csv,BI,764,0.1337110658598664,72.58194419300082
05_001_800.csv,BI,765,0.1338750865799237,72.5392572031082
05_001_800.csv,BI,766,0.1340390804015963,72.49650868726849
05_001_800.csv,BI,767,0.134203047333705,72.4521673573264
05_001_800.csv,BI,768,0.1343669873850663,72.40885478101961
05_001_800.csv,BI,769,0.134530887539002,72.3667450912717
05_001_800.csv,BI,770,0.1346947738574356,72.32438732008688
05_001_800.csv,BI,771,0.1348586333215447,72.281645081654
05_001_800.csv,BI,772,0.1350224659401288,72.23864481435083
05_001_800.csv,BI,773,0.1351862717219825,72.1955086726507
05_001_800.csv,BI,774,0.1353500506758966,72.15183478034191
05_001_800.csv,BI,775,0.1355138028106574,72.10828686446871
05_001_800.csv,BI,776,0.1356775281350467,72.06347127831089
05_001_800.csv,BI,777,0.1358412266578421,72.01973395626396
05_001_800.csv,BI,778,0.1360048983878171,71.97617075356334
05_001_800.csv,BI,779,0.1361685433337406,71.93269871246457
05_001_800.csv,BI,780,0.1363321485023281,71.8883944849158
05_001_800.csv,BI,781,0.1364957399085654,71.84344319099637
05_001_800.csv,BI,782,0.1366593045570318,71.79902438052295
05_001_800.csv,BI,783,0.1368228424564791,71.75412354954403
05_001_800.csv,BI,784,0.1369863536156548,71.70864860101415
05_001_800.csv,BI,785,0.1371498380433022,71.66311119097725
05_001_800.csv,BI,786,0.1373132957481602,71.61742815068806
05_001_800.csv,BI,787,0.1374767267389635,71.57040890430545
05_001_800.csv,BI,788,0.1376401310244425,71.52234610538653
05_001_800.csv,BI,789,0.1378035086133232,71.47353259917827
05_001_800.csv,BI,790,0.1379668595143276,71.42137126013336
05_001_800.csv,BI,791,0.1381301707574806,71.3770322716116
05_001_800.csv,BI,792,0.1382934683109997,71.30406710426354
05_001_800.csv,BI,793,0.1384567392027816,71.24845444233756
05_001_800.csv,BI,794,0.138619983441531,71.18750019988198
05_001_800.csv,BI,795,0.1387832010359483,71.11652114410208
05_001_800.csv,BI,796,0.1389463919947299,71.04536171088876
05_001_800.csv,BI,797,0.1391095563265677,70.97999288875724
05_001_800.csv,BI,798,0.1392726940401494,70.90338274772762
05_001_800.csv,BI,799,0.1394358051441584,70.82937511743353
05_001_800.csv,BI,800,0.139598889647274,70.77924429043901
05_001_800.csv,BI,801,0.1397619475581712,70.73019445839236
05_001_800.csv,BI,802,0.1399249788855207,70.67962430292152
05_001_800.csv,BI,803,0.1400879706846814,70.63047235797853
05_001_800.csv,BI,804,0.1402509488730417,70.58266215508684
05_001_800.csv,BI,805,0.1404139005038403,70.53778253791165
05_001_800.csv,BI,806,0.1405768255857311,70.49743747293428
05_001_800.csv,BI,807,0.1407397241273635,70.49788287792404
05_001_800.csv,BI,808,0.140902596137383,70.47233337121259
05_001_800.csv,BI,809,0.1410654416244307,70.4361987565992
05_001_800.csv,BI,810,0.1412282605971433,70.39448666917679
05_001_800.csv,BI,811,0.1413910530641537,70.35184769602512
05_001_800.csv,BI,812,0.1415538190340902,70.30627737798886
05_001_800.csv,BI,813,0.1417165585155771,70.26206868121079
05_001_800.csv,BI,814,0.1418792585871092,70.21832015049159
05_001_800.csv,BI,815,0.1420419451196562,70.1744182681341
05_001_800.csv,BI,816,0.1422046051896003,70.13040603528066
05_001_800.csv,BI,817,0.142367238805549,70.08579958881683
05_001_800.csv,BI,818,0.1425298459761056,70.04163242702646
05_001_800.csv,BI,819,0.142692426709869,69.99793117172965
05_001_800.csv,BI,820,0.142854981015434,69.95448483535995
05_001_800.csv,BI,821,0.1430175089013914,69.91002160213884
05_001_800.csv,BI,822,0.1431800103763275,69.86616529428034
05_001_800.csv,BI,823,0.1433424854488246,69.82267407142297
05_001_800.csv,BI,824,0.1435049341274609,69.77780439255622
05_001_800.csv,BI,825,0.1436673435137844,69.73400776046316
05_001_800.csv,BI,826,0.1438297394325123,69.69033947971889
05_001_800.csv,BI,827,0.1439921089830877,69.64640663099868
05_001_800.csv,BI,828,0.1441544521740721,69.60242940482613
05_001_800.csv,BI,829,0.1443167690140228,69.55846948533264
05_001_800.csv,BI,830,0.1444790595114926,69.51386574304411
05_001_800.csv,BI,831,0.1446413236750306,69.46948191172731
05_001_800.csv,BI,832,0.1448035615131815,69.42514174426287
05_001_800.csv,BI,833,0.1449657730344857,69.38129065948692
05_001_800.csv,BI,834,0.1451279582474798,69.33699828754357
05_001_800.csv,BI,835,0.1452901171606959,69.29268348839213
05_001_800.csv,BI,836,0.1454522497826621,69.24760064273096
05_001_800.csv,BI,837,0.1456143432399823,69.20348266618339
05_001_800.csv,BI,838,0.1457764233071044,69.15872535557406
05_001_800.csv,BI,839,0.1459384771085354,69.11438689573515
05_001_800.csv,BI,840,0.1461005046527869,69.07001277502667
05_001_800.csv,BI,841,0.1462625059483662,69.02542194887019
05_001_800.csv,BI,842,0.1464244810037766,68.98046416897591
05_001_800.csv,BI,843,0.1465864298275173,68.93547937040739
05_001_800.csv,BI,844,0.1467483524280832,68.89018481876985
05_001_800.csv,BI,845,0.1469102488139652,68.84313998280345
05_001_800.csv,BI,846,0.1470721189936501,68.79786603480369
05_001_800.csv,BI,847,0.1472339629756205,68.7527903937148
05_001_800.csv,BI,848,0.1473957679093625,68.70640488423817
05_001_800.csv,BI,849,0.1475575595234156,68.65989995952725
05_001_800.csv,BI,850,0.1477193249651768,68.61263792528507
05_001_800.csv,BI,851,0.1478810642431121,68.56425576466626
05_001_800.csv,BI,852,0.1480427773656838,68.51193082700013
05_001_800.csv,BI,853,0.1482044643413496,68.46676126371534
05_001_800.csv,BI,854,0.1483661251785636,68.41950712631751
05_001_800.csv,BI,855,0.1485277598857753,68.37791650818139
05_001_800.csv,BI,856,0.1486893684714307,68.33521116337943
05_001_800.csv,BI,857,0.1488509509439711,68.29083719023322
05_001_800.csv,BI,858,0.149012507311834,68.2431378392414
05_001_800.csv,BI,859,0.1491740247473068,68.1895333111446
05_001_800.csv,BI,860,0.1493355289331839,68.13942991816475
05_001_800.csv,BI,861,0.1494970070396709,68.09045410806903
05_001_800.csv,BI,862,0.1496584590751888,68.04138360966095
05_001_800.csv,BI,863,0.1498198850481547,67.99210317402196
05_001_800.csv,BI,864,0.1499812849669816,67.94265259655009
05_001_800.csv,BI,865,0.1501426588400785,67.89264172860499
05_001_800.csv,LI-WARM,1,0.0,0.0
05_001_800.csv,LI-WARM,2,0.0059820717293904,92.08971678639044
05_001_800.csv,LI-WARM,3,0.011928570968345,98.32988456213694
05_001_800.csv,LI-WARM,4,0.0178399173671714,98.4946609815484
05_001_800.csv,LI-WARM,5,0.0237165268210428,98.20366408250672
05_001_800.csv,LI-WARM,6,0.0295588015905227,97.60922234856366
05_001_800.csv,LI-WARM,7,0.0353671423414218,96.83530051432672
05_001_800.csv,LI-WARM,8,0.0411419427877547,95.94103379185782
05_001_800.csv,LI-WARM,9,0.046883586296973,94.9562263561636
05_001_800.csv,LI-WARM,10,0.0525924514481166,93.90000387845016
05_001_800.csv,LI-WARM,11,0.0582689068587828,92.78439456644772
05_001_800.csv,LI-WARM,12,0.063913325408167,91.6204520261474
05_001_800.csv,LI-WARM,13,0.0695260597573401,90.40746226302169
05_001_800.csv,LI-WARM,14,0.0751074739796861,89.15285035282113
05_001_800.csv,LI-WARM,15,0.0806579019727236,87.85682208228553
05_001_800.csv,LI-WARM,16,0.0861776995220419,86.52462140815396
05_001_800.csv,LI-WARM,17,0.0916671892871969,85.16713208388694
05_001_800.csv,LI-WARM,18,0.0971267089999163,83.7896490554158
05_001_800.csv,LI-WARM,19,0.1025565908534479,82.4036708321251
05_001_800.csv,LI-WARM,20,0.1079571415585973,81.01099077276712
05_001_800.csv,LI-WARM,21,0.1133286829121737,79.61437847144651
05_001_800.csv,LI-WARM,22,0.1186715315172836,78.22274902689253
05_001_800.csv,LI-WARM,23,0.1239859791491398,76.841521405305
05_001_800.csv,LI-WARM,24,0.1292723326662926,75.47156034812156
05_001_800.csv,LI-WARM,25,0.134530887539002,74.12080800901322
05_001_800.csv,LI-WARM,26,0.1397619475581712,72.78881835517063
05_001_800.csv,LI-WARM,27,0.1449657730344857,71.47200740114795
05_001_800.csv,LI-WARM,28,0.1501426588400785,70.14377736490474
06_01_20.csv,BI,1,0.0,0.0
06_01_20.csv,BI,2,0.0001874824257014,12.81835719980898
06_01_20.csv,BI,3,0.0003749297083315,25.635706511819446
06_01_20.csv,BI,4,0.0005623418319753,38.45204466583655
06_01_20.csv,BI,5,0.0007497188970603,51.26737221369762
06_01_20.csv,BI,6,0.000937060800405,64.08169542893722
06_01_20.csv,BI,7,0.0011243676133349,76.895003414249
06_01_20.csv,BI,8,0.001311639407124,89.70730818780679
06_01_20.csv,BI,9,0.0014988761367548,102.51860648860884
06_01_20.csv,BI,10,0.0016860778153555,115.32888741711092
06_01_20.csv,BI,11,0.0018732443398492,128.13817062795587
06_01_20.csv,BI,12,0.0020603759557662,140.94644525561495
06_01_20.csv,BI,13,0.0022474724438391,153.7537080158419
06_01_20.csv,BI,14,0.0024345341656288,166.5599557092305
06_01_20.csv,BI,15,0.0026215606696539,179.36520030723696
06_01_20.csv,BI,16,0.0028085524334842,192.1694539475028
06_01_20.csv,BI,17,0.0029955090057975,204.97268269881053
06_01_20.csv,BI,18,0.0031824306318841,217.77491396468383
06_01_20.csv,BI,19,0.0033693175568537,230.57612925252437
06_01_20.csv,BI,20,0.0035561693296224,243.3763405270325
06_01_20.csv,BI,21,0.0037429861953284,256.17554460293644
06_01_20.csv,BI,22,0.0039297683989294,268.9737536256709
06_01_20.csv,BI,23,0.0041165154895796,281.7709336027366
06_01_20.csv,BI,24,0.0043032277122653,294.56714264752804
06_01_20.csv,BI,25,0.0044899050800047,307.3623162401645
06_01_20.csv,BI,26,0.0046765480692973,320.1565126058949
06_01_20.csv,BI,27,0.0048631557660827,332.9496669110731
06_01_20.csv,BI,28,0.0050497286469324,345.741837397933
06_01_20.csv,BI,29,0.0052362667248354,358.5329901786128
06_01_20.csv,BI,30,0.0054227700127735,371.3230606588452
06_01_20.csv,BI,31,0.0056092389867777,384.11198437645214
06_01_20.csv,BI,32,0.0057956727336157,396.8994200411156
06_01_20.csv,BI,33,0.0059820717293904,409.6845354216299
06_01_20.csv,BI,34,0.0061684359870545,422.46576054309753
06_01_20.csv,BI,35,0.0063547655195536,435.2399579448124
06_01_20.csv,BI,36,0.0065410603398257,448.0015304034969
06_01_20.csv,BI,37,0.0067273209233412,460.7414049797269
06_01_20.csv,BI,38,0.0069135463578593,473.4465987282561
06_01_20.csv,BI,39,0.0070997371189219,486.0998167704443
06_01_20.csv,BI,40,0.0072858932194383,498.6793244909819
06_01_20.csv,BI,41,0.0074720146723108,511.1594970615545
06_01_20.csv,BI,42,0.0076581019525431,523.5130917393438
06_01_20.csv,BI,43,0.0078441541487192,535.7144749971329
06_01_20.csv,BI,44,0.0080301712739777,547.7418094387384
06_01_20.csv,BI,45,0.0082161547270027,559.5780730495304
06_01_20.csv,BI,46,0.0084021035966148,571.2110308829652
06_01_20.csv,BI,47,0.0085880169723143,582.6331791735897
06_01_20.csv,BI,48,0.0087738967138422,593.8423671199561
06_01_20.csv,BI,49,0.0089597409874974,604.841120678401
06_01_20.csv,BI,50,0.00914555165232,615.6370824272481
06_01_20.csv,BI,51,0.0093313277979533,626.2411642478498
06_01_20.csv,BI,52,0.0095170685147195,636.6661963594015
06_01_20.csv,BI,53,0.0097027756606084,646.9269925147471
06_01_20.csv,BI,54,0.0098884474035979,657.0395463877842
06_01_20.csv,BI,55,0.0100740856009782,667.0207907835345
06_01_20.csv,BI,56,0.0102596893432143,676.8864360503014
06_01_20.csv,BI,57,0.0104452577214485,686.652450923094
06_01_20.csv,BI,58,0.0106307925919229,696.331486805193
06_01_20.csv,BI,59,0.0108162921242912,705.9347829235621
06_01_20.csv,BI,60,0.0110017581740972,715.4702570893822
06_01_20.csv,BI,61,0.011187189832626,724.9454607544305
06_01_20.csv,BI,62,0.0113725861918385,734.3656051030989
06_01_20.csv,BI,63,0.0115579491062325,743.7337461667205
06_01_20.csv,BI,64,0.0117432767471344,753.0512103890061
06_01_20.csv,BI,65,0.011928570968345,762.3175366996668
06_01_20.csv,BI,66,0.0121138299418591,771.5341760851841
06_01_20.csv,BI,67,0.0122990555207813,780.6980727327139
06_01_20.csv,BI,68,0.0124842467975419,789.8054248504063
06_01_20.csv,BI,69,0.0126694028652458,798.8483481395742
06_01_20.csv,BI,70,0.0128545255759542,807.8179654868879
06_01_20.csv,BI,71,0.0130396131033302,816.7027313362305
06_01_20.csv,BI,72,0.01322466729874,825.4888680711197
06_01_20.csv,BI,73,0.0134096872554305,834.1567090589638
06_01_20.csv,BI,74,0.0135946720673218,842.6837270781007
06_01_20.csv,BI,75,0.0137796235847385,851.047751897228
06_01_20.csv,BI,76,0.0139645399830094,859.2252321901508
06_01_20.csv,BI,77,0.0141494231117654,867.1935928866194
06_01_20.csv,BI,78,0.0143342720650685,874.9353170875395
06_01_20.csv,BI,79,0.0145190859376526,882.4339897027186
06_01_20.csv,BI,80,0.0147038665781091,889.675477778077
06_01_20.csv,BI,81,0.0148886121634293,896.6525732511798
06_01_20.csv,BI,82,0.0150733245415122,903.3565790154564
06_01_20.csv,BI,83,0.0152580028072333,909.7769299840932
06_01_20.csv,BI,84,0.015442646056139,915.9009458658418
06_01_20.csv,BI,85,0.0156272561350908,921.7142037363376
06_01_20.csv,BI,86,0.0158118312227394,927.2038789890236
06_01_20.csv,BI,87,0.0159963722487118,932.3589387653304
06_01_20.csv,BI,88,0.0161808810583257,937.1694596277764
06_01_20.csv,BI,89,0.0163653539983085,941.636052987246
06_01_20.csv,BI,90,0.0165497929143022,945.7660998372968
06_01_20.csv,BI,91,0.0167341996505896,949.5702762380472
06_01_20.csv,BI,92,0.0169185705559054,953.06795176805
06_01_20.csv,BI,93,0.0171029074748565,956.2842898159328
06_01_20.csv,BI,94,0.0172872122506923,959.2479500400076
06_01_20.csv,BI,95,0.0174714812341524,961.9864900788835
06_01_20.csv,BI,96,0.0176557162688098,964.5273690012884
06_01_20.csv,BI,97,0.0178399173671714,966.896883907592
06_01_20.csv,BI,98,0.0180240863711105,969.1168786691578
06_01_20.csv,BI,99,0.0182082196340365,971.2088972178448
06_01_20.csv,BI,100,0.0183923189981457,973.190588135432
06_01_20.csv,BI,101,0.0185763863042807,975.077934215316
06_01_20.csv,BI,102,0.0187604179078508,976.8856187045498
06_01_20.csv,BI,103,0.0189444156500212,978.6224318083796
06_01_20.csv,BI,104,0.0191283795432505,980.299159297328
06_01_20.csv,BI,105,0.0193123114270087,981.9202497161144
06_01_20.csv,BI,106,0.0194962076593681,983.491332024857
06_01_20.csv,BI,107,0.0196800700801209,985.0200989176968
06_01_20.csv,BI,108,0.019863900527709,986.5102018962416
06_01_20.csv,BI,109,0.0200476953621996,987.9647915921424
06_01_20.csv,BI,110,0.0202314564223564,989.3865903931284
06_01_20.csv,BI,111,0.0204151855455944,990.7786341803018
06_01_20.csv,BI,112,0.0205988790939733,992.142709546424
06_01_20.csv,BI,113,0.0207825389052297,993.4821677542938
06_01_20.csv,BI,114,0.0209661649917536,994.7958730922828
06_01_20.csv,BI,115,0.0211497591895925,996.0854961315345
06_01_20.csv,BI,116,0.0213333178634595,997.3514562070146
06_01_20.csv,BI,117,0.0215168428497233,998.596298750516
06_01_20.csv,BI,118,0.0217003359834072,999.823319567868
06_01_20.csv,BI,119,0.0218837936312117,1001.0303214966992
06_01_20.csv,BI,120,0.0220672176284811,1002.2197286139476
06_01_20.csv,BI,121,0.0222506098092155,1003.3950277328332
06_01_20.csv,BI,122,0.0224339665421008,1004.552898980143
06_01_20.csv,BI,123,0.0226172896614578,1005.6931471032376
06_01_20.csv,BI,124,0.0228005791796085,1006.816324199466
06_01_20.csv,BI,125,0.0229838369291908,1007.9255452360792
06_01_20.csv,BI,126,0.0231670592815343,1009.0189871788024
06_01_20.csv,BI,127,0.0233502480695971,1010.0986422705788
06_01_20.csv,BI,128,0.0235334051249966,1011.1643796148592
06_01_20.csv,BI,129,0.0237165268210428,1012.2166877062156
06_01_20.csv,BI,130,0.023899614989673,1013.2556858524904
06_01_20.csv,BI,131,0.0240826696431617,1014.282867118584
06_01_20.csv,BI,132,0.0242656926117679,1015.2976013465344
06_01_20.csv,BI,133,0.0244486802714385,1016.2999403882357
06_01_20.csv,BI,134,0.0246316344527515,1017.29131793462
06_01_20.csv,BI,135,0.0248145569849479,1018.2714168127656
06_01_20.csv,BI,136,0.0249974442459501,1019.2396011711714
06_01_20.csv,BI,137,0.025180298065318,1020.1946143327586
06_01_20.csv,BI,138,0.025363120271276,1021.1388296843716
06_01_20.csv,BI,139,0.0255459072437197,1022.071799140715
06_01_20.csv,BI,140,0.0257286608111919,1022.9939566188727
06_01_20.csv,BI,141,0.0259113809859003,1023.9050454927336
06_01_20.csv,BI,142,0.0260940695947154,1024.8061264370017
06_01_20.csv,BI,143,0.0262767230201604,1025.6968768020215
06_01_20.csv,BI,144,0.0264593430894242,1026.5782327189647
06_01_20.csv,BI,145,0.0266419316283633,1027.448686369606
06_01_20.csv,BI,146,0.026824485021469,1028.3114253391466
06_01_20.csv,BI,147,0.027007005094916,1029.164252419844
06_01_20.csv,BI,148,0.027189493673548,1030.0069130472111
06_01_20.csv,BI,149,0.0273719471438223,1030.8419069443971
06_01_20.csv,BI,150,0.0275543673309004,1031.6662201157933
06_01_20.csv,BI,151,0.0277367542469231,1032.4826704172503
06_01_20.csv,BI,152,0.0279191097153855,1033.2920712133648
06_01_20.csv,BI,153,0.028101430125363,1034.0931592862223
06_01_20.csv,BI,154,0.0282837173006679,1034.8869364148236
06_01_20.csv,BI,155,0.0284659730637852,1035.6723327959708
06_01_20.csv,BI,156,0.0286481938057512,1036.4494655953
06_01_20.csv,BI,157,0.0288303813493678,1037.2184576927075
06_01_20.csv,BI,158,0.0290125357067294,1037.9788018669856
06_01_20.csv,BI,159,0.0291946586989758,1038.7327575160343
06_01_20.csv,BI,160,0.0293767467197549,1039.481700082613
06_01_20.csv,BI,161,0.0295588015905227,1040.2246227358771
06_01_20.csv,BI,162,0.0297408251314117,1040.96058079424
06_01_20.csv,BI,163,0.0299228137380258,1041.6888748004717
06_01_20.csv,BI,164,0.0301047692308132,1042.4107603550492
06_01_20.csv,BI,165,0.0302866934288996,1043.1276198018263
06_01_20.csv,BI,166,0.0304685827298433,1043.837936359797
06_01_20.csv,BI,167,0.0306504389530855,1044.5431557416136
06_01_20.csv,BI,168,0.0308322621106549,1045.2409460495517
06_01_20.csv,BI,169,0.0310140540203371,1045.9314938914133
06_01_20.csv,BI,170,0.0311958128877276,1046.6158638056118
06_01_20.csv,BI,171,0.031377535114621,1047.2934817177402
06_01_20.csv,BI,172,0.0315592279341053,1047.9661781821796
06_01_20.csv,BI,173,0.0317408841384027,1048.6331238083642
06_01_20.csv,BI,174,0.0319225109579646,1049.294511981122
06_01_20.csv,BI,175,0.0321041047952152,1049.9490122385048
06_01_20.csv,BI,176,0.0322856620551936,1050.59819289264
06_01_20.csv,BI,177,0.0324671899643999,1051.2439500133405
06_01_20.csv,BI,178,0.0326486849272049,1051.8821789064282
06_01_20.csv,BI,179,0.0328301433505914,1052.514448394167
06_01_20.csv,BI,180,0.0330115724571126,1053.141330486147
06_01_20.csv,BI,181,0.0331929686530839,1053.762565988039
06_01_20.csv,BI,182,0.0333743283474299,1054.3784003684605
06_01_20.csv,BI,183,0.0335556587587609,1054.9903530340616
06_01_20.csv,BI,184,0.0337369562953349,1055.5967766250988
06_01_20.csv,BI,185,0.0339182173680161,1056.1991796290788
06_01_20.csv,BI,186,0.0340994491914765,1056.794914988294
06_01_20.csv,BI,187,0.0342806481759144,1057.3856806143335
06_01_20.csv,BI,188,0.0344618107341315,1057.97140674332
06_01_20.csv,BI,189,0.0346429440768659,1058.552793227172
06_01_20.csv,BI,190,0.0348240410184606,1059.1294508228902
06_01_20.csv,BI,191,0.0350051087670332,1059.7017637637637
06_01_20.csv,BI,192,0.0351861437360115,1060.2694096981504
06_01_20.csv,BI,193,0.0353671423414218,1060.8309278564948
06_01_20.csv,BI,194,0.0355481117874548,1061.3884095153044
06_01_20.csv,BI,195,0.0357290484894729,1061.941405808213
06_01_20.csv,BI,196,0.0359099488654345,1062.4899736772304
06_01_20.csv,BI,197,0.0360908201156077,1063.0346245116784
06_01_20.csv,BI,198,0.0362716586572876,1063.5735801870987
06_01_20.csv,BI,199,0.0364524609103626,1064.1067071205198
06_01_20.csv,BI,200,0.0366332340711824,1064.6367954792397
06_01_20.csv,BI,201,0.0368139745589728,1065.162446598206
06_01_20.csv,BI,202,0.0369946787955499,1065.6847942172171
06_01_20.csv,BI,203,0.0371753539733493,1066.2027038892156
06_01_20.csv,BI,204,0.0373559965135257,1066.7173097671698
06_01_20.csv,BI,205,0.0375366028398207,1067.22949334437
06_01_20.csv,BI,206,0.0377171801407603,1067.7379932810163
06_01_20.csv,BI,207,0.0378977212526733,1068.2433069986246
06_01_20.csv,BI,208,0.0380782333614816,1068.7436650595123
06_01_20.csv,BI,209,0.0382587128915491,1069.2390608866754
06_01_20.csv,BI,210,0.0384391562698229,1069.7311369999898
06_01_20.csv,BI,211,0.0386195706783219,1070.2191379530204
06_01_20.csv,BI,212,0.0387999525433333,1070.7039459441455
06_01_20.csv,BI,213,0.0389802982937244,1071.1844130466898
06_01_20.csv,BI,214,0.0391606151076155,1071.660925368681
06_01_20.csv,BI,215,0.0393408994132149,1072.1348735281758
06_01_20.csv,BI,216,0.0395211476413081,1072.605744277189
06_01_20.csv,BI,217,0.0397013669661212,1073.0736705941326
06_01_20.csv,BI,218,0.0398815538177815,1073.5382658799645
06_01_20.csv,BI,219,0.0400617046289906,1074.0005409163768
06_01_20.csv,BI,220,0.0402418265700846,1074.4585958431026
06_01_20.csv,BI,221,0.0404219160731076,1074.9117889540807
06_01_20.csv,BI,222,0.0406019695726755,1075.3616392679533
06_01_20.csv,BI,223,0.0407819942352385,1075.8087883805847
06_01_20.csv,BI,224,0.0409619864947556,1076.252467889356
06_01_20.csv,BI,225,0.0411419427877547,1076.6930536141217
06_01_20.csv,BI,226,0.0413218702768044,1077.1311876367995
06_01_20.csv,BI,227,0.0415017618239282,1077.5664791554627
06_01_20.csv,BI,228,0.0416816245891093,1077.9986797602214
06_01_20.csv,BI,229,0.0418614550094937,1078.4272747289797
06_01_20.csv,BI,230,0.0420412495247914,1078.8518762817575
06_01_20.csv,BI,231,0.0422210152911113,1079.2756732924795
06_01_20.csv,BI,232,0.0424007487475085,1079.696623708012
06_01_20.csv,BI,233,0.0425804463355999,1080.1145947126834
06_01_20.csv,BI,234,0.0427601152076237,1080.5298471762717
06_01_20.csv,BI,235,0.0429397518045428,1080.9430128636795
06_01_20.csv,BI,236,0.0431193525698784,1081.354086749252
06_01_20.csv,BI,237,0.0432989246520027,1081.7633303254638
06_01_20.csv,BI,238,0.0434784644937837,1082.1698462410786
06_01_20.csv,BI,239,0.0436579685406454,1082.5727365009443
06_01_20.csv,BI,240,0.0438374439370978,1082.9728996183983
06_01_20.csv,BI,241,0.0440168871279124,1083.3709680403208
06_01_20.csv,BI,242,0.0441962945604136,1083.7664263911506
06_01_20.csv,BI,243,0.0443756733752537,1084.1599190000693
06_01_20.csv,BI,244,0.0445550164561521,1084.5504159850252
06_01_20.csv,BI,245,0.0447343309411915,1084.9376681157164
06_01_20.csv,BI,246,0.0449136132783108,1085.3234572341944
06_01_20.csv,BI,247,0.0450928599179977,1085.7079063510382
06_01_20.csv,BI,248,0.0452720779944841,1086.0880847977965
06_01_20.csv,BI,249,0.0454512639576067,1086.4655193332735
06_01_20.csv,BI,250,0.0456304142597483,1086.8422488901615
06_01_20.csv,BI,251,0.0458095360312942,1087.214958190918
06_01_20.csv,BI,252,0.0459886257239769,1087.5860696603922
06_01_20.csv,BI,253,0.0461676797920724,1087.9554506977156
06_01_20.csv,BI,254,0.0463467053621233,1088.3227244980703
06_01_20.csv,BI,255,0.0465256988877562,1088.6877581407723
06_01_20.csv,BI,256,0.046704656825138,1089.0515697723413
06_01_20.csv,BI,257,0.046883586296973,1089.415701605596
06_01_20.csv,BI,258,0.0470624837587796,1089.7772069973144
06_01_20.csv,BI,259,0.0472413456686138,1090.1349288526726
06_01_20.csv,BI,260,0.0474201791453457,1090.4896408486277
06_01_20.csv,BI,261,0.0475989770942592,1090.842997865433
06_01_20.csv,BI,262,0.0477777466316703,1091.1947508085796
06_01_20.csv,BI,263,0.0479564842162459,1091.545022978191
06_01_20.csv,BI,264,0.0481351863091865,1091.8912478757316
06_01_20.csv,BI,265,0.0483138600229804,1092.2357370865798
06_01_20.csv,BI,266,0.0484925018181813,1092.577845095101
06_01_20.csv,BI,267,0.0486711081578731,1092.9174385600718
06_01_20.csv,BI,268,0.0488496861507212,1093.2559338597575
06_01_20.csv,BI,269,0.0490282322591635,1093.5939675203963
06_01_20.csv,BI,270,0.0492067429481658,1093.930381342686
06_01_20.csv,BI,271,0.0493852253225744,1094.2647974421884
06_01_20.csv,BI,272,0.0495636758467095,1094.5952867460733
06_01_20.csv,BI,273,0.049742090987417,1094.9241525709222
06_01_20.csv,BI,274,0.0499204778457277,1095.2528132922362
06_01_20.csv,BI,275,0.0500988328878428,1095.5806231838033
06_01_20.csv,BI,276,0.0502771525824855,1095.9059091432623
06_01_20.csv,BI,277,0.050455444026876,1096.2293194988824
06_01_20.csv,BI,278,0.0506337001477329,1096.549047710736
06_01_20.csv,BI,279,0.050811928039738,1096.8675397849838
06_01_20.csv,BI,280,0.0509901241722219,1097.1851765204874
06_01_20.csv,BI,281,0.0511682850170334,1097.501182677996
06_01_20.csv,BI,282,0.0513464176650499,1097.8153081298003
06_01_20.csv,BI,283,0.0515245185874775,1098.1266482883188
06_01_20.csv,BI,284,0.0517025842580371,1098.4375116151496
06_01_20.csv,BI,285,0.0518806217638065,1098.7463627601628
06_01_20.csv,BI,286,0.0520586275778646,1099.053068145873
06_01_20.csv,BI,287,0.0522365981758031,1099.3577513343212
06_01_20.csv,BI,288,0.0524145406409037,1099.661448114232
06_01_20.csv,BI,289,0.0525924514481166,1099.963510739136
06_01_20.csv,BI,290,0.052770327074902,1100.263162318288
06_01_20.csv,BI,291,0.0529481746007496,1100.5616964017763
06_01_20.csv,BI,292,0.0531259905024789,1100.8584648300002
06_01_20.csv,BI,293,0.0533037712594167,1101.1533339988036
06_01_20.csv,BI,294,0.0534815239472649,1101.4479847513885
06_01_20.csv,BI,295,0.0536592450447102,1101.7412538666435
06_01_20.csv,BI,296,0.0538369310329441,1102.0328790543845
06_01_20.csv,BI,297,0.0540145889838846,1102.3228672020632
06_01_20.csv,BI,298,0.0541922118493024,1102.6117251086953
06_01_20.csv,BI,299,0.0543698066985955,1102.8984288097931
06_01_20.csv,BI,300,0.0545473700135584,1103.1836178169017
06_01_20.csv,BI,301,0.0547248982784857,1103.466642730382
06_01_20.csv,BI,302,0.0549023985589981,1103.7490576821356
06_01_20.csv,BI,303,0.0550798673387523,1104.030600472238
06_01_20.csv,BI,304,0.0552573011039023,1104.3097186621253
06_01_20.csv,BI,305,0.0554347069162957,1104.587321930558
06_01_20.csv,BI,306,0.0556120812614493,1104.8627603050868
06_01_20.csv,BI,307,0.0557894206273744,1105.1360287248465
06_01_20.csv,BI,308,0.0559667320721499,1105.4081665852646
06_01_20.csv,BI,309,0.0561440120831504,1105.6786528955763
06_01_20.csv,BI,310,0.0563212571502428,1105.9478702970728
06_01_20.csv,BI,311,0.0564984743277409,1106.2153092289486
06_01_20.csv,BI,312,0.0566756601048757,1106.4836777950973
06_01_20.csv,BI,313,0.0568528109733674,1106.7512928325275
06_01_20.csv,BI,314,0.0570299339837691,1107.018161719213
06_01_20.csv,BI,315,0.057207022109007,1107.2824666518795
06_01_20.csv,BI,316,0.0573840823971291,1107.5444726083674
06_01_20.csv,BI,317,0.0575611113404554,1107.8053381841582
06_01_20.csv,BI,318,0.057738105433791,1108.0642829097887
06_01_20.csv,BI,319,0.0579150717214297,1108.3223483376603
06_01_20.csv,BI,320,0.0580920066975425,1108.5791419761335
06_01_20.csv,BI,321,0.0582689068587828,1108.8334946908617
06_01_20.csv,BI,322,0.0584457792456941,1109.086836562451
06_01_20.csv,BI,323,0.0586226203542963,1109.339680906105
06_01_20.csv,BI,324,0.0587994266830893,1109.590211064915
06_01_20.csv,BI,325,0.0589762052688703,1109.8394694864055
06_01_20.csv,BI,326,0.0591529526095062,1110.0882286404485
06_01_20.csv,BI,327,0.0593296652053415,1110.3358366950256
06_01_20.csv,BI,328,0.059506350089431,1110.5823008280845
06_01_20.csv,BI,329,0.0596830037614868,1110.8283939895873
06_01_20.csv,BI,330,0.0598596227236957,1111.072686469186
06_01_20.csv,BI,331,0.0600362140053745,1111.316481336689
06_01_20.csv,BI,332,0.0602127706004784,1111.5588629960166
06_01_20.csv,BI,333,0.0603892995358345,1111.800097827882
06_01_20.csv,BI,334,0.0605657973142255,1112.04121885218
06_01_20.csv,BI,335,0.0607422604409048,1112.2798872314888
06_01_20.csv,BI,336,0.0609186959389675,1112.516239197622
06_01_20.csv,BI,337,0.0610951003130366,1112.7518267442974
06_01_20.csv,BI,338,0.0612714735740908,1112.9872983776786
06_01_20.csv,BI,339,0.0614478157331033,1113.2221348030243
06_01_20.csv,BI,340,0.0616241197957356,1113.4556787298752
06_01_20.csv,BI,341,0.0618003997847954,1113.6878152192294
06_01_20.csv,BI,342,0.0619766487046975,1113.918665591118
06_01_20.csv,BI,343,0.0621528665663918,1114.1478394646765
06_01_20.csv,BI,344,0.0623290533808222,1114.3767650778173
06_01_20.csv,BI,345,0.0625052021597909,1114.6036152780734
06_01_20.csv,BI,346,0.0626813269137356,1114.8291843695442
06_01_20.csv,BI,347,0.0628574206532136,1115.0547637607697
06_01_20.csv,BI,348,0.063033483389146,1115.2803534517498
06_01_20.csv,BI,349,0.063209515132448,1115.5051732300808
06_01_20.csv,BI,350,0.0633855158940291,1115.7284423340388
06_01_20.csv,BI,351,0.0635614786930456,1115.949761893673
06_01_20.csv,BI,352,0.0637374175251201,1116.1695367959182
06_01_20.csv,BI,353,0.063913325408167,1116.389189811014
06_01_20.csv,BI,354,0.0640892023530727,1116.6076796715645
06_01_20.csv,BI,355,0.064265048370718,1116.825786795962
06_01_20.csv,BI,356,0.0644408634719778,1117.0429901957395
06_01_20.csv,BI,357,0.0646166406833477,1117.25915136838
06_01_20.csv,BI,358,0.0647923939856659,1117.4741551297493
06_01_20.csv,BI,359,0.0649681164041887,1117.6869509443868
06_01_20.csv,BI,360,0.0651438079497681,1117.8988405166929
06_01_20.csv,BI,361,0.0653194686332505,1118.1094324358355
06_01_20.csv,BI,362,0.0654950914872355,1118.319500208945
06_01_20.csv,BI,363,0.0656706904802651,1118.5291895249102
06_01_20.csv,BI,364,0.065846258643702,1118.7371885866978
06_01_20.csv,BI,365,0.0660217959883695,1118.9432356984398
06_01_20.csv,BI,366,0.0661973025250855,1119.1483732261586
06_01_20.csv,BI,367,0.0663727782646621,1119.3542965052438
06_01_20.csv,BI,368,0.0665482162470099,1119.5591715594855
06_01_20.csv,BI,369,0.066723630425944,1119.765101338794
06_01_20.csv,BI,370,0.0668990138401403,1119.9694682671743
06_01_20.csv,BI,371,0.0670743665003883,1120.171749364884
06_01_20.csv,BI,372,0.0672496884174717,1120.3718129714534
06_01_20.csv,BI,373,0.0674249796021684,1120.571747275053
06_01_20.csv,BI,374,0.0676002331016847,1120.7711525796367
06_01_20.csv,BI,375,0.0677754628551397,1120.9693910671904
06_01_20.csv,BI,376,0.0679506619085077,1121.166584968567
06_01_20.csv,BI,377,0.0681258302725441,1121.362733734446
06_01_20.csv,BI,378,0.0683009679579985,1121.557314018875
06_01_20.csv,BI,379,0.0684760680181451,1121.749925027194
06_01_20.csv,BI,380,0.0686511443798803,1121.941365808152
06_01_20.csv,BI,381,0.0688261900952483,1122.1324125461297
06_01_20.csv,BI,382,0.0690012051749765,1122.322411081579
06_01_20.csv,BI,383,0.0691761896297862,1122.512276560372
06_01_20.csv,BI,384,0.0693511434703935,1122.70122389492
06_01_20.csv,BI,385,0.0695260597573401,1122.8895065190482
06_01_20.csv,BI,386,0.069700952402883,1123.0777941093493
06_01_20.csv,BI,387,0.069875814466337,1123.2658170511932
06_01_20.csv,BI,388,0.0700506459583954,1123.4521349988136
06_01_20.csv,BI,389,0.0702254468897461,1123.636878010493
06_01_20.csv,BI,390,0.0704002172710713,1123.8213550004148
06_01_20.csv,BI,391,0.0705749501701652,1124.0052960340026
06_01_20.csv,BI,392,0.0707496594846765,1124.188323385583
06_01_20.csv,BI,393,0.070924338281175,1124.369642515696
06_01_20.csv,BI,394,0.0710989865703204,1124.5500389239078
06_01_20.csv,BI,395,0.071273604362767,1124.7300364825924
06_01_20.csv,BI,396,0.0714481847323413,1124.9083160710106
06_01_20.csv,BI,397,0.0716227415645415,1125.0872528158252
06_01_20.csv,BI,398,0.0717972679319718,1125.2653965308127
06_01_20.csv,BI,399,0.0719717638452642,1125.4424844443638
06_01_20.csv,BI,400,0.0721462293150451,1125.618647209856
06_01_20.csv,BI,401,0.0723206643519351,1125.793621895462
06_01_20.csv,BI,402,0.0724950620369858,1125.9675313292064
06_01_20.csv,BI,403,0.0726694362411429,1126.1409156523086
06_01_20.csv,BI,404,0.072843780044238,1126.3148171414923
06_01_20.csv,BI,405,0.0730180934568697,1126.486215777226
06_01_20.csv,BI,406,0.0731923764896312,1126.6574743753615
06_01_20.csv,BI,407,0.07336662915311,1126.8271478751649
06_01_20.csv,BI,408,0.073540844535567,1126.9958845802466
06_01_20.csv,BI,409,0.0737150364934265,1127.1642252477686
06_01_20.csv,BI,410,0.0738891981137323,1127.3317675753788
06_01_20.csv,BI,411,0.0740633294070498,1127.4990369689583
06_01_20.csv,BI,412,0.074237430383939,1127.6659018138216
06_01_20.csv,BI,413,0.0744114941386575,1127.832222603306
06_01_20.csv,BI,414,0.0745855345155513,1127.997488571279
06_01_20.csv,BI,415,0.074759544607663,1128.162743735954
06_01_20.csv,BI,416,0.0749335244255304,1128.3264092704258
06_01_20.csv,BI,417,0.0751074739796861,1128.4888791261055
06_01_20.csv,BI,418,0.0752813932806568,1128.6500210703225
06_01_20.csv,BI,419,0.0754552754298826,1128.8107480803974
06_01_20.csv,BI,420,0.0756291342572432,1128.9705489068292
06_01_20.csv,BI,421,0.0758029628629662,1129.1292835863223
06_01_20.csv,BI,422,0.0759767612575566,1129.2877418069838
06_01_20.csv,BI,423,0.0761505294515137,1129.4451330567265
06_01_20.csv,BI,424,0.0763242674553315,1129.6017202902583
06_01_20.csv,BI,425,0.0764979683776177,1129.7584177224526
06_01_20.csv,BI,426,0.0766716460338158,1129.9148456237908
06_01_20.csv,BI,427,0.0768452935313235,1130.0695460317463
06_01_20.csv,BI,428,0.0770189108806129,1130.2239683329117
06_01_20.csv,BI,429,0.0771924980921507,1130.3769255918578
06_01_20.csv,BI,430,0.0773660482805059,1130.5305194867524
06_01_20.csv,BI,431,0.0775395752491152,1130.682919182007
06_01_20.csv,BI,432,0.0777130721113399,1130.835435614521
06_01_20.csv,BI,433,0.0778865388776249,1130.98740906292
06_01_20.csv,BI,434,0.0780599755584097,1131.138707271648
06_01_20.csv,BI,435,0.0782333821641282,1131.2888018822414
06_01_20.csv,BI,436,0.0784067518164897,1131.4378165092303
06_01_20.csv,BI,437,0.0785800983045504,1131.5864264397433
06_01_20.csv,BI,438,0.078753414748814,1131.7336991661623
06_01_20.csv,BI,439,0.0789267011596929,1131.88214381324
06_01_20.csv,BI,440,0.0790999575475942,1132.0285901615534
06_01_20.csv,BI,441,0.0792731839229193,1132.1734336044683
06_01_20.csv,BI,442,0.0794463734145029,1132.3175906739052
06_01_20.csv,BI,443,0.0796195397970503,1132.4612087980167
06_01_20.csv,BI,444,0.0797926761981934,1132.6041476998944
06_01_20.csv,BI,445,0.079965782628312,1132.745613640216
06_01_20.csv,BI,446,0.0801388590977808,1132.8869284192117
06_01_20.csv,BI,447,0.0803119056169689,1133.028488803544
06_01_20.csv,BI,448,0.0804849153218217,1133.1694933326753
06_01_20.csv,BI,449,0.0806579019727236,1133.3118098511504
06_01_20.csv,BI,450,0.0808308587044196,1133.452784313221
06_01_20.csv,BI,451,0.0810037855272574,1133.5920189222506
06_01_20.csv,BI,452,0.0811766824515794,1133.7301747500123
06_01_20.csv,BI,453,0.0813495426192452,1133.8677731223288
06_01_20.csv,BI,454,0.0815223797787279,1134.0042995861968
06_01_20.csv,BI,455,0.081695187070689,1134.1393484193068
06_01_20.csv,BI,456,0.0818679645054494,1134.27371377296
06_01_20.csv,BI,457,0.0820407120933247,1134.4085878697515
06_01_20.csv,BI,458,0.082213429844625,1134.542645682213
06_01_20.csv,BI,459,0.0823861109082939,1134.6777347563377
06_01_20.csv,BI,460,0.0825587690185379,1134.8112196929503
06_01_20.csv,BI,461,0.082731397323105,1134.94441787099
06_01_20.csv,BI,462,0.082903995832284,1135.0766660442996
06_01_20.csv,BI,463,0.0830765645563584,1135.207963732224
06_01_20.csv,BI,464,0.0832491035056065,1135.33844312165
06_01_20.csv,BI,465,0.083421605836041,1135.4694229220877
06_01_20.csv,BI,466,0.0835940852676316,1135.5994591277486
06_01_20.csv,BI,467,0.0837665349551981,1135.728278002318
06_01_20.csv,BI,468,0.0839389549089973,1135.8562772050936
06_01_20.csv,BI,469,0.0841113451392809,1135.984385797965
06_01_20.csv,BI,470,0.0842836988079417,1136.112596069096
06_01_20.csv,BI,471,0.0844560296231078,1136.239064059996
06_01_20.csv,BI,472,0.084628330745481,1136.3671023632278
06_01_20.csv,BI,473,0.0848006021852917,1136.4944529526729
06_01_20.csv,BI,474,0.084972843952765,1136.6200523136176
06_01_20.csv,BI,475,0.0851450560581208,1136.7442983113524
06_01_20.csv,BI,476,0.0853172316702946,1136.8678471925978
06_01_20.csv,BI,477,0.0854893844832316,1136.9915119603138
06_01_20.csv,BI,478,0.0856615076646788,1137.1143539892091
06_01_20.csv,BI,479,0.0858336012248347,1137.2357078129717
06_01_20.csv,BI,480,0.086005665173893,1137.3574351488242
06_01_20.csv,BI,481,0.0861776995220419,1137.4796692594027
06_01_20.csv,BI,482,0.086349697445245,1137.601071849458
06_01_20.csv,BI,483,0.0865216726232941,1137.7209925446596
06_01_20.csv,BI,484,0.0866936182309666,1137.8388903133482
06_01_20.csv,BI,485,0.0868655342784298,1137.957427089419
06_01_20.csv,BI,486,0.0870374207758456,1138.0755378475424
06_01_20.csv,BI,487,0.0872092709050235,1138.1932146097442
06_01_20.csv,BI,488,0.087381098333983,1138.309673413376
06_01_20.csv,BI,489,0.0875528962433493,1138.4249058679416
06_01_20.csv,BI,490,0.0877246646432636,1138.540377244433
06_01_20.csv,BI,491,0.0878964035438616,1138.6559543946587
06_01_20.csv,BI,492,0.088068112955274,1138.7711041536386
06_01_20.csv,BI,493,0.0882397860663119,1138.8848852275903
06_01_20.csv,BI,494,0.0884114365308949,1138.998245947122
06_01_20.csv,BI,495,0.0885830575366524,1139.11224535359
06_01_20.csv,BI,496,0.0887546490936943,1139.224882790867
06_01_20.csv,BI,497,0.088926211212125,1139.3366912637102
06_01_20.csv,BI,498,0.0890977439020441,1139.4490048175312
06_01_20.csv,BI,499,0.0892692403592498,1139.5602143381475
06_01_20.csv,BI,500,0.089440714223591,1139.6704682989366
06_01_20.csv,BI,501,0.0896121586896871,1139.7806930541992
06_01_20.csv,BI,502,0.0897835737676166,1139.8904879920574
06_01_20.csv,BI,503,0.0899549594674529,1140.000120026878
06_01_20.csv,BI,504,0.0901263089908063,1140.109314161471
06_01_20.csv,BI,505,0.0902976359658222,1140.218352927117
06_01_20.csv,BI,506,0.0904689335929338,1140.326293090262
06_01_20.csv,BI,507,0.0906402018821937,1140.4334014050528
06_01_20.csv,BI,508,0.0908114408436496,1140.5399448087428
06_01_20.csv,BI,509,0.0909826504873438,1140.64405126153
06_01_20.csv,BI,510,0.0911538240218479,1140.7489210582426
06_01_20.csv,BI,511,0.0913249750612894,1140.8526977230067
06_01_20.csv,BI,512,0.0914960968130652,1140.955506713297
06_01_20.csv,BI,513,0.0916671892871969,1141.059354384397
06_01_20.csv,BI,514,0.0918382524937014,1141.1630369780687
06_01_20.csv,BI,515,0.0920092864425901,1141.2666882604865
06_01_20.csv,BI,516,0.0921802843493815,1141.3692296148092
06_01_20.csv,BI,517,0.0923512598142142,1141.471345405468
06_01_20.csv,BI,518,0.0925222060514345,1141.5728937673157
06_01_20.csv,BI,519,0.0926931230710333,1141.6734726465163
06_01_20.csv,BI,520,0.0928640108829965,1141.773885258096
06_01_20.csv,BI,521,0.093034862708621,1141.8733199485614
06_01_20.csv,BI,522,0.0932056921364099,1141.9715237514356
06_01_20.csv,BI,523,0.0933764923864896,1142.070364547486
06_01_20.csv,BI,524,0.0935472634688258,1142.1693065167074
06_01_20.csv,BI,525,0.0937180053933786,1142.268215664044
06_01_20.csv,BI,526,0.0938887181701033,1142.3657511234032
06_01_20.csv,BI,527,0.0940593950272177,1142.4633796647277
06_01_20.csv,BI,528,0.0942300495392887,1142.560446191178
06_01_20.csv,BI,529,0.0944006749333662,1142.6573451453733
06_01_20.csv,BI,530,0.0945712712193851,1142.753271389678
06_01_20.csv,BI,531,0.0947418384072751,1142.8490296497375
06_01_20.csv,BI,532,0.094912376506961,1142.942740721749
06_01_20.csv,BI,533,0.0950828787535675,1143.0368122747786
06_01_20.csv,BI,534,0.0952533587077537,1143.130185845468
06_01_20.csv,BI,535,0.0954238096034789,1143.2239276867897
06_01_20.csv,BI,536,0.0955942314506476,1143.318038004738
06_01_20.csv,BI,537,0.095764624259159,1143.4110392831371
06_01_20.csv,BI,538,0.095934981269883,1143.5030575935343
06_01_20.csv,BI,539,0.0961053160319105,1143.5947798575517
06_01_20.csv,BI,540,0.0962756217849481,1143.6871390460665
06_01_20.csv,BI,541,0.0964458985388748,1143.779328922814
06_01_20.csv,BI,542,0.0966161463035648,1143.870408249389
06_01_20.csv,BI,543,0.0967863650888869,1143.9603764764706
06_01_20.csv,BI,544,0.0969565481425923,1144.05016680872
06_01_20.csv,BI,545,0.0971267089999163,1144.13898752167
06_01_20.csv,BI,546,0.0972968409074491,1144.2273685752498
06_01_20.csv,BI,547,0.0974669438750394,1144.3154443307249
06_01_20.csv,BI,548,0.0976370179125311,1144.4033492409144
06_01_20.csv,BI,549,0.0978070630297632,1144.4909486241158
06_01_20.csv,BI,550,0.0979770724813537,1144.5782346111264
06_01_20.csv,BI,551,0.098147059788711,1144.6650878702749
06_01_20.csv,BI,552,0.0983170182052946,1144.7516351446702
06_01_20.csv,BI,553,0.0984869477409234,1144.8367986602625
06_01_20.csv,BI,554,0.098656848405411,1144.921655550228
06_01_20.csv,BI,555,0.0988267134590878,1145.0059284483104
06_01_20.csv,BI,556,0.0989965564118609,1145.0896325369831
06_01_20.csv,BI,557,0.0991663705229039,1145.172490220364
06_01_20.csv,BI,558,0.0993361558020106,1145.2547707245249
06_01_20.csv,BI,559,0.0995059122589697,1145.3364737748052
06_01_20.csv,BI,560,0.0996756399035652,1145.4177339613525
06_01_20.csv,BI,561,0.0998453320029691,1145.4992177929998
06_01_20.csv,BI,562,0.1000150020533127,1145.5791870175565
06_01_20.csv,BI,563,0.100184643320614,1145.6588475565386
06_01_20.csv,BI,564,0.1003542558146367,1145.7384691853367
06_01_20.csv,BI,565,0.1005238395451399,1145.8179169247023
06_01_20.csv,BI,566,0.1006933945218775,1145.897325708107
06_01_20.csv,BI,567,0.1008629140188495,1145.9752025412745
06_01_20.csv,BI,568,0.1010324115184397,1146.0531826826357
06_01_20.csv,BI,569,0.1012018802934963,1146.130312985464
06_01_20.csv,BI,570,0.1013713203537534,1146.207673787283
06_01_20.csv,BI,571,0.1015407317089402,1146.285805691732
06_01_20.csv,BI,572,0.1017101143687809,1146.3636279950751
06_01_20.csv,BI,573,0.1018794616140895,1146.4401867092156
06_01_20.csv,BI,574,0.1020487869135306,1146.515767016026
06_01_20.csv,BI,575,0.1022180835467684,1146.5914423848117
06_01_20.csv,BI,576,0.1023873515235077,1146.6677538083104
06_01_20.csv,BI,577,0.1025565908534479,1146.7437548525013
06_01_20.csv,BI,578,0.1027257948230708,1146.8186260089788
06_01_20.csv,BI,579,0.1028949768896294,1146.8933292476197
06_01_20.csv,BI,580,0.1030641303384579,1146.967044853227
06_01_20.csv,BI,581,0.1032332551792363,1147.0409904542776
06_01_20.csv,BI,582,0.1034023514216395,1147.11367713628
06_01_20.csv,BI,583,0.1035714190753378,1147.186864367313
06_01_20.csv,BI,584,0.1037404514336015,1147.2589197471052
06_01_20.csv,BI,585,0.1039094619400154,1147.3310770711523
06_01_20.csv,BI,586,0.1040784438867049,1147.4038705414569
06_01_20.csv,BI,587,0.1042473972833205,1147.4758101906737
06_01_20.csv,BI,588,0.1044163221395078,1147.5481151579015
06_01_20.csv,BI,589,0.1045852184649075,1147.6191593063568
06_01_20.csv,BI,590,0.1047540795595654,1147.6887987660791
06_01_20.csv,BI,591,0.1049229188534255,1147.7581328470296
06_01_20.csv,BI,592,0.1050917296453906,1147.82756050221
06_01_20.csv,BI,593,0.105260511945082,1147.8966749399333
06_01_20.csv,BI,594,0.105429265762116,1147.9633057347785
06_01_20.csv,BI,595,0.1055979844021737,1148.0298859405548
06_01_20.csv,BI,596,0.1057666812838534,1148.096159573177
06_01_20.csv,BI,597,0.1059353497116951,1148.1625259331597
06_01_20.csv,BI,598,0.106103989695296,1148.2280349472603
06_01_20.csv,BI,599,0.1062726012442478,1148.2930934758288
06_01_20.csv,BI,600,0.106441184368138,1148.358380214544
06_01_20.csv,BI,601,0.1066097323793977,1148.4237518063455
06_01_20.csv,BI,602,0.1067782586830353,1148.4892237030908
06_01_20.csv,BI,603,0.1069467565903432,1148.55465243242
06_01_20.csv,BI,604,0.1071152261108895,1148.618815147347
06_01_20.csv,BI,605,0.107283667254237,1148.682798388092
06_01_20.csv,BI,606,0.1074520800299439,1148.746330250662
06_01_20.csv,BI,607,0.1076204577571781,1148.809674724187
06_01_20.csv,BI,608,0.1077888138273854,1148.8721672956335
06_01_20.csv,BI,609,0.1079571415585973,1148.935567688427
06_01_20.csv,BI,610,0.1081254409603527,1148.997972254192
06_01_20.csv,BI,611,0.1082937120421855,1149.0588363838542
06_01_20.csv,BI,612,0.1084619481288672,1149.119648245436
06_01_20.csv,BI,613,0.1086301626005624,1149.1804232029972
06_01_20.csv,BI,614,0.1087983487809082,1149.240881372527
06_01_20.csv,BI,615,0.1089665066794191,1149.3014309876671
06_01_20.csv,BI,616,0.1091346363056055,1149.3611190912634
06_01_20.csv,BI,617,0.1093027376689723,1149.4211707962313
06_01_20.csv,BI,618,0.1094708041010027,1149.4817148246293
06_01_20.csv,BI,619,0.1096388489683493,1149.5424943740982
06_01_20.csv,BI,620,0.109806865601363,1149.6026844762346
06_01_20.csv,BI,621,0.10997485400953,1149.661194768487
06_01_20.csv,BI,622,0.1101428142023314,1149.7199324011217
06_01_20.csv,BI,623,0.1103107461892439,1149.7794427385215
06_01_20.csv,BI,624,0.1104786433084487,1149.837809906654
06_01_20.csv,BI,625,0.1106465189131136,1149.8957304616033
06_01_20.csv,BI,626,0.1108143663402901,1149.9523782730105
06_01_20.csv,BI,627,0.1109821855994356,1150.0088439094145
06_01_20.csv,BI,628,0.1111499767000029,1150.0651273021504
06_01_20.csv,BI,629,0.1113177329857449,1150.1217664925616
06_01_20.csv,BI,630,0.1114854677986127,1150.1779582183926
06_01_20.csv,BI,631,0.1116531744812314,1150.2338310962468
06_01_20.csv,BI,632,0.1118208530430347,1150.2899310398195
06_01_20.csv,BI,633,0.1119885034934515,1150.343800544836
06_01_20.csv,BI,634,0.112156125841906,1150.3983062418502
06_01_20.csv,BI,635,0.1123237134388249,1150.4524847433822
06_01_20.csv,BI,636,0.1124912796127242,1150.5048485873394
06_01_20.csv,BI,637,0.1126588177129051,1150.557848508848
06_01_20.csv,BI,638,0.1128263277487727,1150.6102550004634
06_01_20.csv,BI,639,0.1129938097297276,1150.662341133473
06_01_20.csv,BI,640,0.1131612636651655,1150.7143801622717
06_01_20.csv,BI,641,0.1133286829121737,1150.7655441191127
06_01_20.csv,BI,642,0.1134960807858599,1150.8170785781804
06_01_20.csv,BI,643,0.1136634506421881,1150.8669246213904
06_01_20.csv,BI,644,0.113830792490535,1150.9169964485682
06_01_20.csv,BI,645,0.113998106340273,1150.9661997146195
06_01_20.csv,BI,646,0.1141653855540292,1151.0143895238689
06_01_20.csv,BI,647,0.1143326434357589,1151.0628124023242
06_01_20.csv,BI,648,0.1144998733469678,1151.1115977148293
06_01_20.csv,BI,649,0.1146670752970094,1151.159924256246
06_01_20.csv,BI,650,0.1148342492952325,1151.2086133690427
06_01_20.csv,BI,651,0.115001395350981,1151.2567066257889
06_01_20.csv,BI,652,0.1151685068335182,1151.304470048116
06_01_20.csv,BI,653,0.1153355970334406,1151.3515078089313
06_01_20.csv,BI,654,0.1155026593188923,1151.3978119191995
06_01_20.csv,BI,655,0.1156696936991986,1151.4425598004882
06_01_20.csv,BI,656,0.1158367001836802,1151.4882178147957
06_01_20.csv,BI,657,0.1160036787816531,1151.534238102931
06_01_20.csv,BI,658,0.1161706228690032,1151.5795163691764
06_01_20.csv,BI,659,0.1163375457229953,1151.6244789412303
06_01_20.csv,BI,660,0.1165044407183983,1151.6689808882456
06_01_20.csv,BI,661,0.1166713078645097,1151.7126104746858
06_01_20.csv,BI,662,0.1168381471706222,1151.75660208318
06_01_20.csv,BI,663,0.1170049520181305,1151.8010855079992
06_01_20.csv,BI,664,0.11717173567321,1151.8452528217404
06_01_20.csv,BI,665,0.1173384915161404,1151.8885471798149
06_01_20.csv,BI,666,0.1175052195561959,1151.9309681702323
06_01_20.csv,BI,667,0.1176719198026459,1151.972927322532
06_01_20.csv,BI,668,0.117838585642385,1152.0151034853045
06_01_20.csv,BI,669,0.1180052303305177,1152.0557263799674
06_01_20.csv,BI,670,0.1181718472528252,1152.0965049024817
06_01_20.csv,BI,671,0.1183384364185585,1152.1368208315653
06_01_20.csv,BI,672,0.1185049978369641,1152.1764678187974
06_01_20.csv,BI,673,0.1186715315172836,1152.2159266342878
06_01_20.csv,BI,674,0.1188380374687541,1152.2551284723413
06_01_20.csv,BI,675,0.1190045157006082,1152.2944857208067
06_01_20.csv,BI,676,0.1191709662220737,1152.334273522356
06_01_20.csv,BI,677,0.119337389042374,1152.3735980896008
06_01_20.csv,BI,678,0.1195037709480234,1152.4127878925674
06_01_20.csv,BI,679,0.1196701383958441,1152.4519421692185
06_01_20.csv,BI,680,0.1198364781701411,1152.4909080681346
06_01_20.csv,BI,681,0.1200027902801191,1152.5298231549275
06_01_20.csv,BI,682,0.1201690747349785,1152.5683432866845
06_01_20.csv,BI,683,0.1203353315439151,1152.6061929316347
06_01_20.csv,BI,684,0.1205015607161198,1152.6424078601913
06_01_20.csv,BI,685,0.1206677622607793,1152.6777447747736
06_01_20.csv,BI,686,0.1208339361870755,1152.713374127501
06_01_20.csv,BI,687,0.1210000825041858,1152.7491583184292
06_01_20.csv,BI,688,0.121166201221283,1152.7843395808304
06_01_20.csv,BI,689,0.1213322791489868,1152.8191780592724
06_01_20.csv,BI,690,0.1214983426957495,1152.853772969711
06_01_20.csv,BI,691,0.1216643786699894,1152.8887293757552
06_01_20.csv,BI,692,0.1218303870808609,1152.9214276485072
06_01_20.csv,BI,693,0.1219963679375142,1152.9542111412277
06_01_20.csv,BI,694,0.1221623212490946,1152.9882523430824
06_01_20.csv,BI,695,0.1223282470247429,1153.0218964498454
06_01_20.csv,BI,696,0.1224941452735956,1153.055212278654
06_01_20.csv,BI,697,0.1226600160047844,1153.0865436863132
06_01_20.csv,BI,698,0.1228258592274365,1153.117822038792
06_01_20.csv,BI,699,0.1229916749506746,1153.1500826830809
06_01_20.csv,BI,700,0.1231574500091361,1153.1805495585368
06_01_20.csv,BI,701,0.1233232107630799,1153.2107712065408
06_01_20.csv,BI,702,0.1234889440449498,1153.2416991339232
06_01_20.csv,BI,703,0.1236546498638505,1153.272090477989
06_01_20.csv,BI,704,0.123820328228882,1153.302014078763
06_01_20.csv,BI,705,0.1239859791491398,1153.3323679236091
06_01_20.csv,BI,706,0.1241516026337149,1153.362530323686
06_01_20.csv,BI,707,0.1243171986916937,1153.3930541278096
06_01_20.csv,BI,708,0.1244827673321583,1153.4233174068113
06_01_20.csv,BI,709,0.1246483085641862,1153.4535966079875
06_01_20.csv,BI,710,0.1248138223968502,1153.4836151696
06_01_20.csv,BI,711,0.1249793088392188,1153.5130963468036
06_01_20.csv,BI,712,0.1251447547520308,1153.5405721221175
06_01_20.csv,BI,713,0.1253101864431709,1153.5687008379318
06_01_20.csv,BI,714,0.1254755907711933,1153.596983304742
06_01_20.csv,BI,715,0.1256409677451483,1153.625765656734
06_01_20.csv,BI,716,0.125806317374082,1153.653663814932
06_01_20.csv,BI,717,0.1259716396670359,1153.681369658605
06_01_20.csv,BI,718,0.1261369346330468,1153.7079137511064
06_01_20.csv,BI,719,0.1263022022811475,1153.734403575345
06_01_20.csv,BI,720,0.1264674426203658,1153.760354287111
06_01_20.csv,BI,721,0.1266326556597254,1153.7857656460774
06_01_20.csv,BI,722,0.1267978414082454,1153.8113995617314
06_01_20.csv,BI,723,0.1269629867505003,1153.837033134565
06_01_20.csv,BI,724,0.1271281179465475,1153.8622115233647
06_01_20.csv,BI,725,0.1272932218787849,1153.8871273385412
06_01_20.csv,BI,726,0.1274582985562136,1153.9121271377098
06_01_20.csv,BI,727,0.1276233479878304,1153.9366562410014
06_01_20.csv,BI,728,0.1277883701826278,1153.9614079925304
06_01_20.csv,BI,729,0.1279533651495935,1153.9865906289924
06_01_20.csv,BI,730,0.128118332897711,1154.0101230537357
06_01_20.csv,BI,731,0.1282832734359593,1154.0338779893864
06_01_20.csv,BI,732,0.1284481867733129,1154.0578555732743
06_01_20.csv,BI,733,0.1286130729187418,1154.0814312326438
06_01_20.csv,BI,734,0.1287779187805702,1154.1045202526457
06_01_20.csv,BI,735,0.1289427505712018,1154.1265971875464
06_01_20.csv,BI,736,0.1291075551967918,1154.14945204564
06_01_20.csv,BI,737,0.1292723326662926,1154.1711404147036
06_01_20.csv,BI,738,0.129437082988652,1154.1933290122597
06_01_20.csv,BI,739,0.1296018061728138,1154.2151148613211
06_01_20.csv,BI,740,0.1297665022277169,1154.236289313205
06_01_20.csv,BI,741,0.129931171162296,1154.2571996121724
06_01_20.csv,BI,742,0.1300958129854815,1154.2780542009114
06_01_20.csv,BI,743,0.1302604277061992,1154.2987140260766
06_01_20.csv,BI,744,0.1304250153333705,1154.319596247704
06_01_20.csv,BI,745,0.1305895758759126,1154.3402141561965
06_01_20.csv,BI,746,0.1307540962679599,1154.3602743115316
06_01_20.csv,BI,747,0.1309186026701276,1154.3789717922373
06_01_20.csv,BI,748,0.1310830820143902,1154.3977521125144
06_01_20.csv,BI,749,0.131247534309647,1154.4166849363646
06_01_20.csv,BI,750,0.1314119595647931,1154.4346566582908
06_01_20.csv,BI,751,0.1315763577887192,1154.4518060684204
06_01_20.csv,BI,752,0.1317407289903117,1154.470012790166
06_01_20.csv,BI,753,0.1319050731784525,1154.4873274216716
06_01_20.csv,BI,754,0.132069390362019,1154.5050729495415
06_01_20.csv,BI,755,0.1322336805498845,1154.5224833100838
06_01_20.csv,BI,756,0.1323979437509178,1154.5398370677522
06_01_20.csv,BI,757,0.132562166922824,1154.552798567106
06_01_20.csv,BI,758,0.1327263761789248,1154.568923238403
06_01_20.csv,BI,759,0.1328905584747728,1154.5837361646163
06_01_20.csv,BI,760,0.1330547138192194,1154.599049479526
06_01_20.csv,BI,761,0.1332188422211117,1154.6146542597944
06_01_20.csv,BI,762,0.1333829436892921,1154.6253896129383
06_01_20.csv,BI,763,0.133547018232599,1154.6413677253804
06_01_20.csv,BI,764,0.1337110658598664,1154.6565912445276
06_01_20.csv,BI,765,0.1338750865799237,1154.672734509677
06_01_20.csv,BI,766,0.1340390804015963,1154.6888907329558
06_01_20.csv,BI,767,0.134203047333705,1154.704710942042
06_01_20.csv,BI,768,0.1343669873850663,1154.72012518683
06_01_20.csv,BI,769,0.134530887539002,1154.7353277273214
06_01_20.csv,BI,770,0.1346947738574356,1154.7499295651332
06_01_20.csv,BI,771,0.1348586333215447,1154.764613853411
06_01_20.csv,BI,772,0.1350224659401288,1154.7799395292268
06_01_20.csv,BI,773,0.1351862717219825,1154.79499862597
06_01_20.csv,BI,774,0.1353500506758966,1154.8096512777647
06_01_20.csv,BI,775,0.1355138028106574,1154.8236177414146
06_01_20.csv,BI,776,0.1356775281350467,1154.8385055074614
06_01_20.csv,BI,777,0.1358412266578421,1154.8527769095815
06_01_20.csv,BI,778,0.1360048983878171,1154.866851236411
06_01_20.csv,BI,779,0.1361685433337406,1154.8805885419642
06_01_20.csv,BI,780,0.1363321485023281,1154.8945332737494
06_01_20.csv,BI,781,0.1364957399085654,1154.9074562955047
06_01_20.csv,BI,782,0.1366593045570318,1154.9196919732622
06_01_20.csv,BI,783,0.1368228424564791,1154.92970034044
06_01_20.csv,BI,784,0.1369863536156548,1154.9415400937723
06_01_20.csv,BI,785,0.1371498380433022,1154.9528319112142
06_01_20.csv,BI,786,0.1373132957481602,1154.9646258339635
06_01_20.csv,BI,787,0.1374767267389635,1154.9737707771155
06_01_20.csv,BI,788,0.1376401310244425,1154.9824367617257
06_01_20.csv,BI,789,0.1378035086133232,1154.9890123604782
06_01_20.csv,BI,790,0.1379668595143276,1154.9986112895203
06_01_20.csv,BI,791,0.1381301707574806,1155.008206801449
06_01_20.csv,BI,792,0.1382934683109997,1155.0185297882372
06_01_20.csv,BI,793,0.1384567392027816,1155.0273925695456
06_01_20.csv,BI,794,0.138619983441531,1155.0366874373867
06_01_20.csv,BI,795,0.1387832010359483,1155.0469054844434
06_01_20.csv,BI,796,0.1389463919947299,1155.057696525325
06_01_20.csv,BI,797,0.1391095563265677,1155.0686400011036
06_01_20.csv,BI,798,0.1392726940401494,1155.0784732050215
06_01_20.csv,BI,799,0.1394358051441584,1155.0849502607562
06_01_20.csv,BI,800,0.139598889647274,1155.0925610097756
06_01_20.csv,BI,801,0.1397619475581712,1155.1001127984218
06_01_20.csv,BI,802,0.1399249788855207,1155.1060611854618
06_01_20.csv,BI,803,0.1400879706846814,1155.112567065922
06_01_20.csv,BI,804,0.1402509488730417,1155.1182561809655
06_01_20.csv,BI,805,0.1404139005038403,1155.125571455255
06_01_20.csv,BI,806,0.1405768255857311,1155.133740988622
06_01_20.csv,BI,807,0.1407397241273635,1155.139533309056
06_01_20.csv,BI,808,0.140902596137383,1155.1458283756565
06_01_20.csv,BI,809,0.1410654416244307,1155.151923643259
06_01_20.csv,BI,810,0.1412282605971433,1155.157256695784
06_01_20.csv,BI,811,0.1413910530641537,1155.1628817629698
06_01_20.csv,BI,812,0.1415538190340902,1155.1654238333576
06_01_20.csv,BI,813,0.1417165585155771,1155.1705779791446
06_01_20.csv,BI,814,0.1418792585871092,1155.1750949650525
06_01_20.csv,BI,815,0.1420419451196562,1155.1803410542034
06_01_20.csv,BI,816,0.1422046051896003,1155.1858091506892
06_01_20.csv,BI,817,0.142367238805549,1155.19079565649
06_01_20.csv,BI,818,0.1425298459761056,1155.1941038209652
06_01_20.csv,BI,819,0.142692426709869,1155.1975631614732
06_01_20.csv,BI,820,0.142854981015434,1155.1998360315292
06_01_20.csv,BI,821,0.1430175089013914,1155.203245719098
06_01_20.csv,BI,822,0.1431800103763275,1155.207088500274
06_01_20.csv,BI,823,0.1433424854488246,1155.2117872685849
06_01_20.csv,BI,824,0.1435049341274609,1155.2170606557763
06_01_20.csv,BI,825,0.1436673435137844,1155.2200049917649
06_01_20.csv,BI,826,0.1438297394325123,1155.225159499254
06_01_20.csv,BI,827,0.1439921089830877,1155.2291974291848
06_01_20.csv,BI,828,0.1441544521740721,1155.2331052584486
06_01_20.csv,BI,829,0.1443167690140228,1155.2339214964195
06_01_20.csv,BI,830,0.1444790595114926,1155.2377801076218
06_01_20.csv,BI,831,0.1446413236750306,1155.240380043785
06_01_20.csv,BI,832,0.1448035615131815,1155.242849444403
06_01_20.csv,BI,833,0.1449657730344857,1155.2456821716287
06_01_20.csv,BI,834,0.1451279582474798,1155.2478904782674
06_01_20.csv,BI,835,0.1452901171606959,1155.2500387258924
06_01_20.csv,BI,836,0.1454522497826621,1155.252409278397
06_01_20.csv,BI,837,0.1456143432399823,1155.254351969459
06_01_20.csv,BI,838,0.1457764233071044,1155.2564613044833
06_01_20.csv,BI,839,0.1459384771085354,1155.258228125051
06_01_20.csv,BI,840,0.1461005046527869,1155.258380832347
06_01_20.csv,BI,841,0.1462625059483662,1155.259603302402
06_01_20.csv,BI,842,0.1464244810037766,1155.262108063448
06_01_20.csv,BI,843,0.1465864298275173,1155.263846306436
06_01_20.csv,BI,844,0.1467483524280832,1155.2658072434017
06_01_20.csv,BI,845,0.1469102488139652,1155.2662236624255
06_01_20.csv,BI,846,0.1470721189936501,1155.2679230590911
06_01_20.csv,BI,847,0.1472339629756205,1155.2688552968248
06_01_20.csv,BI,848,0.1473957679093625,1155.2697831880232
06_01_20.csv,BI,849,0.1475575595234156,1155.2706657408753
06_01_20.csv,BI,850,0.1477193249651768,1155.271700350953
06_01_20.csv,BI,851,0.1478810642431121,1155.2718256817434
06_01_20.csv,BI,852,0.1480427773656838,1155.271395191647
06_01_20.csv,BI,853,0.1482044643413496,1155.2708333534702
06_01_20.csv,BI,854,0.1483661251785636,1155.269290569282
06_01_20.csv,BI,855,0.1485277598857753,1155.2683949862076
06_01_20.csv,BI,856,0.1486893684714307,1155.2685010468467
06_01_20.csv,BI,857,0.1488509509439711,1155.268334302803
06_01_20.csv,BI,858,0.149012507311834,1155.268461393025
06_01_20.csv,BI,859,0.1491740247473068,1155.2650415339012
06_01_20.csv,BI,860,0.1493355289331839,1155.263701088752
06_01_20.csv,BI,861,0.1494970070396709,1155.2635048539887
06_01_20.csv,BI,862,0.1496584590751888,1155.2638863051116
06_01_20.csv,BI,863,0.1498198850481547,1155.2628605521422
06_01_20.csv,BI,864,0.1499812849669816,1155.2609233226149
06_01_20.csv,BI,865,0.1501426588400785,1155.2560883646947
06_01_20.csv,LI-WARM,1,0.0,0.0
06_01_20.csv,LI-WARM,2,0.0059820717293904,408.4899718229352
06_01_20.csv,LI-WARM,3,0.011928570968345,754.9876399703957
06_01_20.csv,LI-WARM,4,0.0178399173671714,943.9543551164612
06_01_20.csv,LI-WARM,5,0.0237165268210428,1002.1783127041706
06_01_20.csv,LI-WARM,6,0.0295588015905227,1033.2841930528955
06_01_20.csv,LI-WARM,7,0.0353671423414218,1055.1195225916008
06_01_20.csv,LI-WARM,8,0.0411419427877547,1071.9840836459775
06_01_20.csv,LI-WARM,9,0.046883586296973,1085.4819916430924
06_01_20.csv,LI-WARM,10,0.0525924514481166,1096.671947990621
06_01_20.csv,LI-WARM,11,0.0582689068587828,1106.0415488936128
06_01_20.csv,LI-WARM,12,0.063913325408167,1113.995764762989
06_01_20.csv,LI-WARM,13,0.0695260597573401,1120.8605319155397
06_01_20.csv,LI-WARM,14,0.0751074739796861,1126.800293186085
06_01_20.csv,LI-WARM,15,0.0806579019727236,1131.939078407272
06_01_20.csv,LI-WARM,16,0.0861776995220419,1136.4064343926002
06_01_20.csv,LI-WARM,17,0.0916671892871969,1140.274146375987
06_01_20.csv,LI-WARM,18,0.0971267089999163,1143.6155644268729
06_01_20.csv,LI-WARM,19,0.1025565908534479,1146.4920473323336
06_01_20.csv,LI-WARM,20,0.1079571415585973,1148.929312317333
06_01_20.csv,LI-WARM,21,0.1133286829121737,1150.963786306138
06_01_20.csv,LI-WARM,22,0.1186715315172836,1152.6601000970013
06_01_20.csv,LI-WARM,23,0.1239859791491398,1154.0149948763028
06_01_20.csv,LI-WARM,24,0.1292723326662926,1155.0587442938431
06_01_20.csv,LI-WARM,25,0.134530887539002,1155.822281334713
06_01_20.csv,LI-WARM,26,0.1397619475581712,1156.330480846791
06_01_20.csv,LI-WARM,27,0.1449657730344857,1156.646443161857
06_01_20.csv,LI-WARM,28,0.1501426588400785,1156.774192003013
07_01_500.csv,BI,1,0.0,0.0
07_01_500.csv,BI,2,0.0001874824257014,12.853574411234344
07_01_500.csv,BI,3,0.0003749297083315,25.706135058009934
07_01_500.csv,BI,4,0.0005623418319753,38.557687247296855
07_01_500.csv,BI,5,0.0007497188970603,51.40822484431377
07_01_500.csv,BI,6,0.000937060800405,64.25774838551465
07_01_500.csv,BI,7,0.0011243676133349,77.10626223667988
07_01_500.csv,BI,8,0.001311639407124,89.95376313288986
07_01_500.csv,BI,9,0.0014988761367548,102.80025544109664
07_01_500.csv,BI,10,0.0016860778153555,115.64572061090377
07_01_500.csv,BI,11,0.0018732443398492,128.49014770923998
07_01_500.csv,BI,12,0.0020603759557662,141.33350290522304
07_01_500.csv,BI,13,0.0022474724438391,154.17570640599888
07_01_500.csv,BI,14,0.0024345341656288,167.01658667067156
07_01_500.csv,BI,15,0.0026215606696539,179.85580361685098
07_01_500.csv,BI,16,0.0028085524334842,192.6927722382716
07_01_500.csv,BI,17,0.0029955090057975,205.52641718063649
07_01_500.csv,BI,18,0.0031824306318841,218.35498889007204
07_01_500.csv,BI,19,0.0033693175568537,231.17560355868324
07_01_500.csv,BI,20,0.0035561693296224,243.98382844111904
07_01_500.csv,BI,21,0.0037429861953284,256.77302213431966
07_01_500.csv,BI,22,0.0039297683989294,269.53371961958743
07_01_500.csv,BI,23,0.0041165154895796,282.25313913861453
07_01_500.csv,BI,24,0.0043032277122653,294.9147963549949
07_01_500.csv,BI,25,0.0044899050800047,307.49854664785306
07_01_500.csv,BI,26,0.0046765480692973,319.981256448941
07_01_500.csv,BI,27,0.0048631557660827,332.3379958676159
07_01_500.csv,BI,28,0.0050497286469324,344.5433874753536
07_01_500.csv,BI,29,0.0052362667248354,356.57341531913164
07_01_500.csv,BI,30,0.0054227700127735,368.4070832613803
07_01_500.csv,BI,31,0.0056092389867777,380.0274307332713
07_01_500.csv,BI,32,0.0057956727336157,391.4223031866511
07_01_500.csv,BI,33,0.0059820717293904,402.58448042858606
07_01_500.csv,BI,34,0.0061684359870545,413.5111892371673
07_01_500.csv,BI,35,0.0063547655195536,424.20355486231847
07_01_500.csv,BI,36,0.0065410603398257,434.66549881670346
07_01_500.csv,BI,37,0.0067273209233412,444.9028199778878
07_01_500.csv,BI,38,0.0069135463578593,454.92205853114615
07_01_500.csv,BI,39,0.0070997371189219,464.7296372964883
07_01_500.csv,BI,40,0.0072858932194383,474.3309385829288
07_01_500.csv,BI,41,0.0074720146723108,483.7295962482475
07_01_500.csv,BI,42,0.0076581019525431,492.9268792523536
07_01_500.csv,BI,43,0.0078441541487192,501.9214424840361
07_01_500.csv,BI,44,0.0080301712739777,510.7090178111971
07_01_500.csv,BI,45,0.0082161547270027,519.2824116438463
07_01_500.csv,BI,46,0.0084021035966148,527.6316849746165
07_01_500.csv,BI,47,0.0085880169723143,535.7445521236975
07_01_500.csv,BI,48,0.0087738967138422,543.606841869942
07_01_500.csv,BI,49,0.0089597409874974,551.2031388874732
07_01_500.csv,BI,50,0.00914555165232,558.5173409497036
07_01_500.csv,BI,51,0.0093313277979533,565.5338253201102
07_01_500.csv,BI,52,0.0095170685147195,572.2379436471192
07_01_500.csv,BI,53,0.0097027756606084,578.6170721977935
07_01_500.csv,BI,54,0.0098884474035979,584.6611031908342
07_01_500.csv,BI,55,0.0100740856009782,590.3632528784408
07_01_500.csv,BI,56,0.0102596893432143,595.720245889054
07_01_500.csv,BI,57,0.0104452577214485,600.732566779857
07_01_500.csv,BI,58,0.0106307925919229,605.4045885789401
07_01_500.csv,BI,59,0.0108162921242912,609.7442640248108
07_01_500.csv,BI,60,0.0110017581740972,613.7628247782545
07_01_500.csv,BI,61,0.011187189832626,617.4742867719851
07_01_500.csv,BI,62,0.0113725861918385,620.8947136505676
07_01_500.csv,BI,63,0.0115579491062325,624.0420968955176
07_01_500.csv,BI,64,0.0117432767471344,626.9351184777186
07_01_500.csv,BI,65,0.011928570968345,629.5932178383305
07_01_500.csv,BI,66,0.0121138299418591,632.035537726689
07_01_500.csv,BI,67,0.0122990555207813,634.2811757010911
07_01_500.csv,BI,68,0.0124842467975419,636.3481293813812
07_01_500.csv,BI,69,0.0126694028652458,638.2536680321173
07_01_500.csv,BI,70,0.0128545255759542,640.0138390443694
07_01_500.csv,BI,71,0.0130396131033302,641.6435863569884
07_01_500.csv,BI,72,0.01322466729874,643.1564448892263
07_01_500.csv,BI,73,0.0134096872554305,644.5648443999515
07_01_500.csv,BI,74,0.0135946720673218,645.8799246078485
07_01_500.csv,BI,75,0.0137796235847385,647.1116595379572
07_01_500.csv,BI,76,0.0139645399830094,648.2689760687653
07_01_500.csv,BI,77,0.0141494231117654,649.3598196153658
07_01_500.csv,BI,78,0.0143342720650685,650.3911490521059
07_01_500.csv,BI,79,0.0145190859376526,651.3692472168538
07_01_500.csv,BI,80,0.0147038665781091,652.299474321012
07_01_500.csv,BI,81,0.0148886121634293,653.1867585122659
07_01_500.csv,BI,82,0.0150733245415122,654.0352284872048
07_01_500.csv,BI,83,0.0152580028072333,654.8485803977934
07_01_500.csv,BI,84,0.015442646056139,655.630141229876
07_01_500.csv,BI,85,0.0156272561350908,656.3827462727053
07_01_500.csv,BI,86,0.0158118312227394,657.10885846889
07_01_500.csv,BI,87,0.0159963722487118,657.8106963190407
07_01_500.csv,BI,88,0.0161808810583257,658.490170423352
07_01_500.csv,BI,89,0.0163653539983085,659.1490650970534
07_01_500.csv,BI,90,0.0165497929143022,659.7888593330197
07_01_500.csv,BI,91,0.0167341996505896,660.4108470312552
07_01_500.csv,BI,92,0.0169185705559054,661.0162573482903
07_01_500.csv,BI,93,0.0171029074748565,661.6060756314215
07_01_500.csv,BI,94,0.0172872122506923,662.1812258643971
07_01_500.csv,BI,95,0.0174714812341524,662.7425669707031
07_01_500.csv,BI,96,0.0176557162688098,663.2909000275248
07_01_500.csv,BI,97,0.0178399173671714,663.8267769605422
07_01_500.csv,BI,98,0.0180240863711105,664.3508134680005
07_01_500.csv,BI,99,0.0182082196340365,664.8635599039068
07_01_500.csv,BI,100,0.0183923189981457,665.3655706788434
07_01_500.csv,BI,101,0.0185763863042807,665.8571518999354
07_01_500.csv,BI,102,0.0187604179078508,666.3387928245874
07_01_500.csv,BI,103,0.0189444156500212,666.8109245249161
07_01_500.csv,BI,104,0.0191283795432505,667.2737283211276
07_01_500.csv,BI,105,0.0193123114270087,667.727573566732
07_01_500.csv,BI,106,0.0194962076593681,668.1728262306344
07_01_500.csv,BI,107,0.0196800700801209,668.6096694703659
07_01_500.csv,BI,108,0.019863900527709,669.0383488427858
07_01_500.csv,BI,109,0.0200476953621996,669.4591686945064
07_01_500.csv,BI,110,0.0202314564223564,669.872312699809
07_01_500.csv,BI,111,0.0204151855455944,670.2780269664572
07_01_500.csv,BI,112,0.0205988790939733,670.6763671996898
07_01_500.csv,BI,113,0.0207825389052297,671.067642086863
07_01_500.csv,BI,114,0.0209661649917536,671.4519100081152
07_01_500.csv,BI,115,0.0211497591895925,671.8294799736832
07_01_500.csv,BI,116,0.0213333178634595,672.2003457914284
07_01_500.csv,BI,117,0.0215168428497233,672.5648167572258
07_01_500.csv,BI,118,0.0217003359834072,672.9229529011543
07_01_500.csv,BI,119,0.0218837936312117,673.2749353910731
07_01_500.csv,BI,120,0.0220672176284811,673.6208868138533
07_01_500.csv,BI,121,0.0222506098092155,673.9608674411152
07_01_500.csv,BI,122,0.0224339665421008,674.2950587472429
07_01_500.csv,BI,123,0.0226172896614578,674.6235835950149
07_01_500.csv,BI,124,0.0228005791796085,674.94656371143
07_01_500.csv,BI,125,0.0229838369291908,675.2641221442383
07_01_500.csv,BI,126,0.0231670592815343,675.5763783454895
07_01_500.csv,BI,127,0.0233502480695971,675.8833305914624
07_01_500.csv,BI,128,0.0235334051249966,676.1852271140123
07_01_500.csv,BI,129,0.0237165268210428,676.4821251378175
07_01_500.csv,BI,130,0.023899614989673,676.7741481347352
07_01_500.csv,BI,131,0.0240826696431617,677.0612933925236
07_01_500.csv,BI,132,0.0242656926117679,677.3438095676743
07_01_500.csv,BI,133,0.0244486802714385,677.6216916227445
07_01_500.csv,BI,134,0.0246316344527515,677.8949382139376
07_01_500.csv,BI,135,0.0248145569849479,678.1637982732175
07_01_500.csv,BI,136,0.0249974442459501,678.4282668988168
07_01_500.csv,BI,137,0.025180298065318,678.6885306597651
07_01_500.csv,BI,138,0.025363120271276,678.9445884544357
07_01_500.csv,BI,139,0.0255459072437197,679.1964980969913
07_01_500.csv,BI,140,0.0257286608111919,679.4443211457826
07_01_500.csv,BI,141,0.0259113809859003,679.6882432468734
07_01_500.csv,BI,142,0.0260940695947154,679.9282008224087
07_01_500.csv,BI,143,0.0262767230201604,680.1643771882937
07_01_500.csv,BI,144,0.0264593430894242,680.396834155562
07_01_500.csv,BI,145,0.0266419316283633,680.6255708987176
07_01_500.csv,BI,146,0.026824485021469,680.8506455836937
07_01_500.csv,BI,147,0.027007005094916,681.072182831124
07_01_500.csv,BI,148,0.027189493673548,681.2901819190378
07_01_500.csv,BI,149,0.0273719471438223,681.5048266073836
07_01_500.csv,BI,150,0.0275543673309004,681.7159907963656
07_01_500.csv,BI,151,0.0277367542469231,681.923860818692
07_01_500.csv,BI,152,0.0279191097153855,682.1284988535524
07_01_500.csv,BI,153,0.028101430125363,682.3298378699932
07_01_500.csv,BI,154,0.0282837173006679,682.5280656421514
07_01_500.csv,BI,155,0.0284659730637852,682.7231816894005
07_01_500.csv,BI,156,0.0286481938057512,682.9152446322803
07_01_500.csv,BI,157,0.0288303813493678,683.104316844803
07_01_500.csv,BI,158,0.0290125357067294,683.2903966790241
07_01_500.csv,BI,159,0.0291946586989758,683.4736094100839
07_01_500.csv,BI,160,0.0293767467197549,683.6539509859249
07_01_500.csv,BI,161,0.0295588015905227,683.8314839298109
07_01_500.csv,BI,162,0.0297408251314117,684.0062708111764
07_01_500.csv,BI,163,0.0299228137380258,684.1783705351361
07_01_500.csv,BI,164,0.0301047692308132,684.3477828620429
07_01_500.csv,BI,165,0.0302866934288996,684.5145704645714
07_01_500.csv,BI,166,0.0304685827298433,684.6787294269002
07_01_500.csv,BI,167,0.0306504389530855,684.8403854137233
07_01_500.csv,BI,168,0.0308322621106549,684.9995370517538
07_01_500.csv,BI,169,0.0310140540203371,685.1561842049348
07_01_500.csv,BI,170,0.0311958128877276,685.3103872320639
07_01_500.csv,BI,171,0.031377535114621,685.4621423195076
07_01_500.csv,BI,172,0.0315592279341053,685.6115790617314
07_01_500.csv,BI,173,0.0317408841384027,685.7586282354882
07_01_500.csv,BI,174,0.0319225109579646,685.9034195157112
07_01_500.csv,BI,175,0.0321041047952152,686.0458231388179
07_01_500.csv,BI,176,0.0322856620551936,686.1860244387599
07_01_500.csv,BI,177,0.0324671899643999,686.3240271639111
07_01_500.csv,BI,178,0.0326486849272049,686.4598906984202
07_01_500.csv,BI,179,0.0328301433505914,686.5935483276248
07_01_500.csv,BI,180,0.0330115724571126,686.7251299674638
07_01_500.csv,BI,181,0.0331929686530839,686.8545689147518
07_01_500.csv,BI,182,0.0333743283474299,686.9820508465891
07_01_500.csv,BI,183,0.0335556587587609,687.107516531094
07_01_500.csv,BI,184,0.0337369562953349,687.230899265006
07_01_500.csv,BI,185,0.0339182173680161,687.3522585810288
07_01_500.csv,BI,186,0.0340994491914765,687.4717877878657
07_01_500.csv,BI,187,0.0342806481759144,687.5893570871547
07_01_500.csv,BI,188,0.0344618107341315,687.7050261146724
07_01_500.csv,BI,189,0.0346429440768659,687.8188619773618
07_01_500.csv,BI,190,0.0348240410184606,687.9308587293979
07_01_500.csv,BI,191,0.0350051087670332,688.0410203252557
07_01_500.csv,BI,192,0.0351861437360115,688.1494065151917
07_01_500.csv,BI,193,0.0353671423414218,688.256013863037
07_01_500.csv,BI,194,0.0355481117874548,688.3608463572691
07_01_500.csv,BI,195,0.0357290484894729,688.4639638169647
07_01_500.csv,BI,196,0.0359099488654345,688.5654261072725
07_01_500.csv,BI,197,0.0360908201156077,688.665174006693
07_01_500.csv,BI,198,0.0362716586572876,688.76326740318
07_01_500.csv,BI,199,0.0364524609103626,688.8597029297457
07_01_500.csv,BI,200,0.0366332340711824,688.954547955067
07_01_500.csv,BI,201,0.0368139745589728,689.0477991463877
07_01_500.csv,BI,202,0.0369946787955499,689.1394531713893
07_01_500.csv,BI,203,0.0371753539733493,689.2295774667564
07_01_500.csv,BI,204,0.0373559965135257,689.3182320926921
07_01_500.csv,BI,205,0.0375366028398207,689.4052870464275
07_01_500.csv,BI,206,0.0377171801407603,689.4908731794176
07_01_500.csv,BI,207,0.0378977212526733,689.5750481475659
07_01_500.csv,BI,208,0.0380782333614816,689.6577527382929
07_01_500.csv,BI,209,0.0382587128915491,689.7389836884713
07_01_500.csv,BI,210,0.0384391562698229,689.8189280164979
07_01_500.csv,BI,211,0.0386195706783219,689.8974631047959
07_01_500.csv,BI,212,0.0387999525433333,689.9746491748797
07_01_500.csv,BI,213,0.0389802982937244,690.0505464947082
07_01_500.csv,BI,214,0.0391606151076155,690.1250323770385
07_01_500.csv,BI,215,0.0393408994132149,690.1981670782109
07_01_500.csv,BI,216,0.0395211476413081,690.2699474054316
07_01_500.csv,BI,217,0.0397013669661212,690.3404410886133
07_01_500.csv,BI,218,0.0398815538177815,690.4095814505818
07_01_500.csv,BI,219,0.0400617046289906,690.477492359073
07_01_500.csv,BI,220,0.0402418265700846,690.5442416458243
07_01_500.csv,BI,221,0.0404219160731076,690.6096991157169
07_01_500.csv,BI,222,0.0406019695726755,690.6739887401159
07_01_500.csv,BI,223,0.0407819942352385,690.7370512666826
07_01_500.csv,BI,224,0.0409619864947556,690.7988835722981
07_01_500.csv,BI,225,0.0411419427877547,690.8596097319946
07_01_500.csv,BI,226,0.0413218702768044,690.9191068820289
07_01_500.csv,BI,227,0.0415017618239282,690.977560295054
07_01_500.csv,BI,228,0.0416816245891093,691.0348470949566
07_01_500.csv,BI,229,0.0418614550094937,691.090964194067
07_01_500.csv,BI,230,0.0420412495247914,691.1460994732411
07_01_500.csv,BI,231,0.0422210152911113,691.2000663532876
07_01_500.csv,BI,232,0.0424007487475085,691.2531164622214
07_01_500.csv,BI,233,0.0425804463355999,691.3050557808742
07_01_500.csv,BI,234,0.0427601152076237,691.355888661767
07_01_500.csv,BI,235,0.0429397518045428,691.4057394791807
07_01_500.csv,BI,236,0.0431193525698784,691.4545415264499
07_01_500.csv,BI,237,0.0432989246520027,691.5022354528844
07_01_500.csv,BI,238,0.0434784644937837,691.549009449621
07_01_500.csv,BI,239,0.0436579685406454,691.594796810823
07_01_500.csv,BI,240,0.0438374439370978,691.6395381841539
07_01_500.csv,BI,241,0.0440168871279124,691.6833581171595
07_01_500.csv,BI,242,0.0441962945604136,691.7261898705297
07_01_500.csv,BI,243,0.0443756733752537,691.7681654697674
07_01_500.csv,BI,244,0.0445550164561521,691.809151905763
07_01_500.csv,BI,245,0.0447343309411915,691.8492174211101
07_01_500.csv,BI,246,0.0449136132783108,691.8884229089326
07_01_500.csv,BI,247,0.0450928599179977,691.9265739077225
07_01_500.csv,BI,248,0.0452720779944841,691.9638025201157
07_01_500.csv,BI,249,0.0454512639576067,692.0001058011746
07_01_500.csv,BI,250,0.0456304142597483,692.0355446919393
07_01_500.csv,BI,251,0.0458095360312942,692.0701875686646
07_01_500.csv,BI,252,0.0459886257239769,692.1039676483815
07_01_500.csv,BI,253,0.0461676797920724,692.1368820226899
07_01_500.csv,BI,254,0.0463467053621233,692.1691269612834
07_01_500.csv,BI,255,0.0465256988877562,692.2005078325685
07_01_500.csv,BI,256,0.046704656825138,692.2310856825316
07_01_500.csv,BI,257,0.046883586296973,692.2607370920109
07_01_500.csv,BI,258,0.0470624837587796,692.2895230952167
07_01_500.csv,BI,259,0.0472413456686138,692.3176327489448
07_01_500.csv,BI,260,0.0474201791453457,692.344942632016
07_01_500.csv,BI,261,0.0475989770942592,692.3714474126327
07_01_500.csv,BI,262,0.0477777466316703,692.397151597932
07_01_500.csv,BI,263,0.0479564842162459,692.4221163496968
07_01_500.csv,BI,264,0.0481351863091865,692.4462747869804
07_01_500.csv,BI,265,0.0483138600229804,692.4696954712188
07_01_500.csv,BI,266,0.0484925018181813,692.4924396339045
07_01_500.csv,BI,267,0.0486711081578731,692.5143763158817
07_01_500.csv,BI,268,0.0488496861507212,692.5356382015038
07_01_500.csv,BI,269,0.0490282322591635,692.5561583876506
07_01_500.csv,BI,270,0.0492067429481658,692.5760622677344
07_01_500.csv,BI,271,0.0493852253225744,692.5952261953387
07_01_500.csv,BI,272,0.0495636758467095,692.613711472779
07_01_500.csv,BI,273,0.049742090987417,692.6314511537348
07_01_500.csv,BI,274,0.0499204778457277,692.6485780898047
07_01_500.csv,BI,275,0.0500988328878428,692.6650253457374
07_01_500.csv,BI,276,0.0502771525824855,692.6809826711446
07_01_500.csv,BI,277,0.050455444026876,692.6963263464465
07_01_500.csv,BI,278,0.0506337001477329,692.7109869500518
07_01_500.csv,BI,279,0.050811928039738,692.7249690453023
07_01_500.csv,BI,280,0.0509901241722219,692.7383340634055
07_01_500.csv,BI,281,0.0511682850170334,692.7510792433986
07_01_500.csv,BI,282,0.0513464176650499,692.7631449296775
07_01_500.csv,BI,283,0.0515245185874775,692.7745283265549
07_01_500.csv,BI,284,0.0517025842580371,692.7853551875924
07_01_500.csv,BI,285,0.0518806217638065,692.795694425372
07_01_500.csv,BI,286,0.0520586275778646,692.805414754941
07_01_500.csv,BI,287,0.0522365981758031,692.8145134177303
07_01_500.csv,BI,288,0.0524145406409037,692.8229306846956
07_01_500.csv,BI,289,0.0525924514481166,692.8308567556958
07_01_500.csv,BI,290,0.052770327074902,692.8380959145534
07_01_500.csv,BI,291,0.0529481746007496,692.8447170690042
07_01_500.csv,BI,292,0.0531259905024789,692.8508461920669
07_01_500.csv,BI,293,0.0533037712594167,692.8563518426397
07_01_500.csv,BI,294,0.0534815239472649,692.8613673829213
07_01_500.csv,BI,295,0.0536592450447102,692.8658901250569
07_01_500.csv,BI,296,0.0538369310329441,692.8697241493737
07_01_500.csv,BI,297,0.0540145889838846,692.8730672725014
07_01_500.csv,BI,298,0.0541922118493024,692.8758499287778
07_01_500.csv,BI,299,0.0543698066985955,692.878205624975
07_01_500.csv,BI,300,0.0545473700135584,692.8800672527261
07_01_500.csv,BI,301,0.0547248982784857,692.8813031912114
07_01_500.csv,BI,302,0.0549023985589981,692.8820469789744
07_01_500.csv,BI,303,0.0550798673387523,692.8824249140775
07_01_500.csv,BI,304,0.0552573011039023,692.8823053769986
07_01_500.csv,BI,305,0.0554347069162957,692.8816284985398
07_01_500.csv,BI,306,0.0556120812614493,692.8804560867843
07_01_500.csv,BI,307,0.0557894206273744,692.8787854602888
07_01_500.csv,BI,308,0.0559667320721499,692.8766212613973
07_01_500.csv,BI,309,0.0561440120831504,692.8739608082278
07_01_500.csv,BI,310,0.0563212571502428,692.8707368492826
07_01_500.csv,BI,311,0.0564984743277409,692.8670185727506
07_01_500.csv,BI,312,0.0566756601048757,692.8628678923399
07_01_500.csv,BI,313,0.0568528109733674,692.8581529521807
07_01_500.csv,BI,314,0.0570299339837691,692.8530722064315
07_01_500.csv,BI,315,0.057207022109007,692.8474913497828
07_01_500.csv,BI,316,0.0573840823971291,692.8414150174547
07_01_500.csv,BI,317,0.0575611113404554,692.8347758796315
07_01_500.csv,BI,318,0.057738105433791,692.8277652142697
07_01_500.csv,BI,319,0.0579150717214297,692.8202583737766
07_01_500.csv,BI,320,0.0580920066975425,692.8121879953633
07_01_500.csv,BI,321,0.0582689068587828,692.8036807640947
07_01_500.csv,BI,322,0.0584457792456941,692.7948707614701
07_01_500.csv,BI,323,0.0586226203542963,692.7854965342767
07_01_500.csv,BI,324,0.0587994266830893,692.7758790324274
07_01_500.csv,BI,325,0.0589762052688703,692.7658287910981
07_01_500.csv,BI,326,0.0591529526095062,692.7552784159261
07_01_500.csv,BI,327,0.0593296652053415,692.7443547664277
07_01_500.csv,BI,328,0.059506350089431,692.7330625354432
07_01_500.csv,BI,329,0.0596830037614868,692.7212695411881
07_01_500.csv,BI,330,0.0598596227236957,692.7091027132556
07_01_500.csv,BI,331,0.0600362140053745,692.6965667416653
07_01_500.csv,BI,332,0.0602127706004784,692.6836565940209
07_01_500.csv,BI,333,0.0603892995358345,692.670312123855
07_01_500.csv,BI,334,0.0605657973142255,692.6565306950408
07_01_500.csv,BI,335,0.0607422604409048,692.6423096733574
07_01_500.csv,BI,336,0.0609186959389675,692.6277834475954
07_01_500.csv,BI,337,0.0610951003130366,692.6128845713492
07_01_500.csv,BI,338,0.0612714735740908,692.5976128729562
07_01_500.csv,BI,339,0.0614478157331033,692.5819032774943
07_01_500.csv,BI,340,0.0616241197957356,692.5658156420368
07_01_500.csv,BI,341,0.0618003997847954,692.5493594991622
07_01_500.csv,BI,342,0.0619766487046975,692.5324648870128
07_01_500.csv,BI,343,0.0621528665663918,692.5153264467008
07_01_500.csv,BI,344,0.0623290533808222,692.497684233309
07_01_500.csv,BI,345,0.0625052021597909,692.479728075522
07_01_500.csv,BI,346,0.0626813269137356,692.4613375637755
07_01_500.csv,BI,347,0.0628574206532136,692.4426376339588
07_01_500.csv,BI,348,0.063033483389146,692.423628148742
07_01_500.csv,BI,349,0.063209515132448,692.4042439530945
07_01_500.csv,BI,350,0.0633855158940291,692.3846149336428
07_01_500.csv,BI,351,0.0635614786930456,692.3646060653737
07_01_500.csv,BI,352,0.0637374175251201,692.3440967552306
07_01_500.csv,BI,353,0.063913325408167,692.3233421749619
07_01_500.csv,BI,354,0.0640892023530727,692.3024723714116
07_01_500.csv,BI,355,0.064265048370718,692.2810967920577
07_01_500.csv,BI,356,0.0644408634719778,692.2594104899999
07_01_500.csv,BI,357,0.0646166406833477,692.2374084930634
07_01_500.csv,BI,358,0.0647923939856659,692.215100334613
07_01_500.csv,BI,359,0.0649681164041887,692.1924159093292
07_01_500.csv,BI,360,0.0651438079497681,692.1694853327199
07_01_500.csv,BI,361,0.0653194686332505,692.1461781917287
07_01_500.csv,BI,362,0.0654950914872355,692.122619817842
07_01_500.csv,BI,363,0.0656706904802651,692.0987545907556
07_01_500.csv,BI,364,0.065846258643702,692.0745123529668
07_01_500.csv,BI,365,0.0660217959883695,692.0500233344246
07_01_500.csv,BI,366,0.0661973025250855,692.0252874321313
07_01_500.csv,BI,367,0.0663727782646621,692.0005002141716
07_01_500.csv,BI,368,0.0665482162470099,691.9752654460285
07_01_500.csv,BI,369,0.066723630425944,691.9497883098529
07_01_500.csv,BI,370,0.0668990138401403,691.9239986199113
07_01_500.csv,BI,371,0.0670743665003883,691.897961508344
07_01_500.csv,BI,372,0.0672496884174717,691.87148102941
07_01_500.csv,BI,373,0.0674249796021684,691.8447528541901
07_01_500.csv,BI,374,0.0676002331016847,691.8177720621679
07_01_500.csv,BI,375,0.0677754628551397,691.7904828711708
07_01_500.csv,BI,376,0.0679506619085077,691.762749671936
07_01_500.csv,BI,377,0.0681258302725441,691.7348336110081
07_01_500.csv,BI,378,0.0683009679579985,691.7066039205638
07_01_500.csv,BI,379,0.0684760680181451,691.6781210119666
07_01_500.csv,BI,380,0.0686511443798803,691.6493290354538
07_01_500.csv,BI,381,0.0688261900952483,691.6201576564135
07_01_500.csv,BI,382,0.0690012051749765,691.5907374938938
07_01_500.csv,BI,383,0.0691761896297862,691.5608722244988
07_01_500.csv,BI,384,0.0693511434703935,691.5308233152077
07_01_500.csv,BI,385,0.0695260597573401,691.50058589131
07_01_500.csv,BI,386,0.069700952402883,691.4701040561522
07_01_500.csv,BI,387,0.069875814466337,691.4393074470645
07_01_500.csv,BI,388,0.0700506459583954,691.4082613907367
07_01_500.csv,BI,389,0.0702254468897461,691.3769003087073
07_01_500.csv,BI,390,0.0704002172710713,691.3449621160134
07_01_500.csv,BI,391,0.0705749501701652,691.3129002267574
07_01_500.csv,BI,392,0.0707496594846765,691.2806586972806
07_01_500.csv,BI,393,0.070924338281175,691.2482981793928
07_01_500.csv,BI,394,0.0710989865703204,691.2156875733926
07_01_500.csv,BI,395,0.071273604362767,691.1828267762826
07_01_500.csv,BI,396,0.0714481847323413,691.1499075573993
07_01_500.csv,BI,397,0.0716227415645415,691.1166772385104
07_01_500.csv,BI,398,0.0717972679319718,691.0832620437577
07_01_500.csv,BI,399,0.0719717638452642,691.0498586741905
07_01_500.csv,BI,400,0.0721462293150451,691.0159423533496
07_01_500.csv,BI,401,0.0723206643519351,690.981840904873
07_01_500.csv,BI,402,0.0724950620369858,690.947286975183
07_01_500.csv,BI,403,0.0726694362411429,690.912618113694
07_01_500.csv,BI,404,0.072843780044238,690.8776982027848
07_01_500.csv,BI,405,0.0730180934568697,690.8425271394581
07_01_500.csv,BI,406,0.0731923764896312,690.8071048207162
07_01_500.csv,BI,407,0.07336662915311,690.7713654621039
07_01_500.csv,BI,408,0.073540844535567,690.7355012235039
07_01_500.csv,BI,409,0.0737150364934265,690.6994559303057
07_01_500.csv,BI,410,0.0738891981137323,690.66322473127
07_01_500.csv,BI,411,0.0740633294070498,690.6267418304978
07_01_500.csv,BI,412,0.074237430383939,690.5899413863135
07_01_500.csv,BI,413,0.0744114941386575,690.5530157356843
07_01_500.csv,BI,414,0.0745855345155513,690.5158428743721
07_01_500.csv,BI,415,0.074759544607663,690.4784836952331
07_01_500.csv,BI,416,0.0749335244255304,690.4408065606935
07_01_500.csv,BI,417,0.0751074739796861,690.4029429252205
07_01_500.csv,BI,418,0.0752813932806568,690.3647611054635
07_01_500.csv,BI,419,0.0754552754298826,690.326387832145
07_01_500.csv,BI,420,0.0756291342572432,690.2878325767379
07_01_500.csv,BI,421,0.0758029628629662,690.2490246582865
07_01_500.csv,BI,422,0.0759767612575566,690.2098322675556
07_01_500.csv,BI,423,0.0761505294515137,690.1705186911349
07_01_500.csv,BI,424,0.0763242674553315,690.1311497706993
07_01_500.csv,BI,425,0.0764979683776177,690.0917207433176
07_01_500.csv,BI,426,0.0766716460338158,690.0521093381612
07_01_500.csv,BI,427,0.0768452935313235,690.0123107225345
07_01_500.csv,BI,428,0.0770189108806129,689.9722589059888
07_01_500.csv,BI,429,0.0771924980921507,689.931887852299
07_01_500.csv,BI,430,0.0773660482805059,689.8913905007339
07_01_500.csv,BI,431,0.0775395752491152,689.8507763328998
07_01_500.csv,BI,432,0.0777130721113399,689.8098426532633
07_01_500.csv,BI,433,0.0778865388776249,689.7686553034982
07_01_500.csv,BI,434,0.0780599755584097,689.727214180607
07_01_500.csv,BI,435,0.0782333821641282,689.6855851834844
07_01_500.csv,BI,436,0.0784067518164897,689.6437634927029
07_01_500.csv,BI,437,0.0785800983045504,689.6017585422351
07_01_500.csv,BI,438,0.078753414748814,689.5595655115417
07_01_500.csv,BI,439,0.0789267011596929,689.5171843319577
07_01_500.csv,BI,440,0.0790999575475942,689.474614934818
07_01_500.csv,BI,441,0.0792731839229193,689.4318572514576
07_01_500.csv,BI,442,0.0794463734145029,689.3889064691393
07_01_500.csv,BI,443,0.0796195397970503,689.3456398215712
07_01_500.csv,BI,444,0.0797926761981934,689.3022507409005
07_01_500.csv,BI,445,0.079965782628312,689.2585408437953
07_01_500.csv,BI,446,0.0801388590977808,689.2145099929257
07_01_500.csv,BI,447,0.0803119056169689,689.1704887470687
07_01_500.csv,BI,448,0.0804849153218217,689.1263401018828
07_01_500.csv,BI,449,0.0806579019727236,689.0820073367354
07_01_500.csv,BI,450,0.0808308587044196,689.037684165156
07_01_500.csv,BI,451,0.0810037855272574,688.9931058814864
07_01_500.csv,BI,452,0.0811766824515794,688.9484047756127
07_01_500.csv,BI,453,0.0813495426192452,688.9035098735985
07_01_500.csv,BI,454,0.0815223797787279,688.8583643520124
07_01_500.csv,BI,455,0.081695187070689,688.8132282981078
07_01_500.csv,BI,456,0.0818679645054494,688.7678367773451
07_01_500.csv,BI,457,0.0820407120933247,688.7223221940512
07_01_500.csv,BI,458,0.082213429844625,688.6766845138936
07_01_500.csv,BI,459,0.0823861109082939,688.6308527010442
07_01_500.csv,BI,460,0.0825587690185379,688.5849024258537
07_01_500.csv,BI,461,0.082731397323105,688.5387626284755
07_01_500.csv,BI,462,0.082903995832284,688.4924332402447
07_01_500.csv,BI,463,0.0830765645563584,688.4459805148231
07_01_500.csv,BI,464,0.0832491035056065,688.3992717503361
07_01_500.csv,BI,465,0.083421605836041,688.352633851714
07_01_500.csv,BI,466,0.0835940852676316,688.3056781850973
07_01_500.csv,BI,467,0.0837665349551981,688.2585989981835
07_01_500.csv,BI,468,0.0839389549089973,688.21139625664
07_01_500.csv,BI,469,0.0841113451392809,688.1640699261343
07_01_500.csv,BI,470,0.0842836988079417,688.1165488574329
07_01_500.csv,BI,471,0.0844560296231078,688.0687759940611
07_01_500.csv,BI,472,0.084628330745481,688.0210122207118
07_01_500.csv,BI,473,0.0848006021852917,687.97319113495
07_01_500.csv,BI,474,0.084972843952765,687.9251133921402
07_01_500.csv,BI,475,0.0851450560581208,687.876911808597
07_01_500.csv,BI,476,0.0853172316702946,687.828448702161
07_01_500.csv,BI,477,0.0854893844832316,687.7797333822309
07_01_500.csv,BI,478,0.0856615076646788,687.7307610390408
07_01_500.csv,BI,479,0.0858336012248347,687.6816645804574
07_01_500.csv,BI,480,0.086005665173893,687.6327100396538
07_01_500.csv,BI,481,0.0861776995220419,687.5835648780248
07_01_500.csv,BI,482,0.086349697445245,687.5342243281457
07_01_500.csv,BI,483,0.0865216726232941,687.4847642712257
07_01_500.csv,BI,484,0.0866936182309666,687.4351134103745
07_01_500.csv,BI,485,0.0868655342784298,687.3854713992173
07_01_500.csv,BI,486,0.0870374207758456,687.3355719299229
07_01_500.csv,BI,487,0.0872092709050235,687.2854768034549
07_01_500.csv,BI,488,0.087381098333983,687.2353285552035
07_01_500.csv,BI,489,0.0875528962433493,687.185122490996
07_01_500.csv,BI,490,0.0877246646432636,687.1347919795153
07_01_500.csv,BI,491,0.0878964035438616,687.0844036291901
07_01_500.csv,BI,492,0.088068112955274,687.033890785815
07_01_500.csv,BI,493,0.0882397860663119,686.9831820632794
07_01_500.csv,BI,494,0.0884114365308949,686.9323534434197
07_01_500.csv,BI,495,0.0885830575366524,686.8813335160871
07_01_500.csv,BI,496,0.0887546490936943,686.8300555126348
07_01_500.csv,BI,497,0.088926211212125,686.778652752917
07_01_500.csv,BI,498,0.0890977439020441,686.7271252026012
07_01_500.csv,BI,499,0.0892692403592498,686.6754681481452
07_01_500.csv,BI,500,0.089440714223591,686.623690914791
07_01_500.csv,BI,501,0.0896121586896871,686.571855545044
07_01_500.csv,BI,502,0.0897835737676166,686.519761732965
07_01_500.csv,BI,503,0.0899549594674529,686.4675429357376
07_01_500.csv,BI,504,0.0901263089908063,686.4151944456003
07_01_500.csv,BI,505,0.0902976359658222,686.362859182193
07_01_500.csv,BI,506,0.0904689335929338,686.3103320619944
07_01_500.csv,BI,507,0.0906402018821937,686.2577466680727
07_01_500.csv,BI,508,0.0908114408436496,686.2051030004282
07_01_500.csv,BI,509,0.0909826504873438,686.1522673615505
07_01_500.csv,BI,510,0.0911538240218479,686.0990344356978
07_01_500.csv,BI,511,0.0913249750612894,686.0458814868298
07_01_500.csv,BI,512,0.0914960968130652,685.9926032667099
07_01_500.csv,BI,513,0.0916671892871969,685.939266635537
07_01_500.csv,BI,514,0.0918382524937014,685.8858046873356
07_01_500.csv,BI,515,0.0920092864425901,685.8321504703536
07_01_500.csv,BI,516,0.0921802843493815,685.7782992564134
07_01_500.csv,BI,517,0.0923512598142142,685.7243272373462
07_01_500.csv,BI,518,0.0925222060514345,685.6703636216475
07_01_500.csv,BI,519,0.0926931230710333,685.6162745172583
07_01_500.csv,BI,520,0.0928640108829965,685.5619259405657
07_01_500.csv,BI,521,0.093034862708621,685.5075140931312
07_01_500.csv,BI,522,0.0932056921364099,685.4528472909233
07_01_500.csv,BI,523,0.0933764923864896,685.3979207760858
07_01_500.csv,BI,524,0.0935472634688258,685.3428684864539
07_01_500.csv,BI,525,0.0937180053933786,685.2877574195554
07_01_500.csv,BI,526,0.0938887181701033,685.2325205320858
07_01_500.csv,BI,527,0.0940593950272177,685.1772201977728
07_01_500.csv,BI,528,0.0942300495392887,685.1217986449692
07_01_500.csv,BI,529,0.0944006749333662,685.0660499585756
07_01_500.csv,BI,530,0.0945712712193851,685.0103765357471
07_01_500.csv,BI,531,0.0947418384072751,684.9545771435737
07_01_500.csv,BI,532,0.094912376506961,684.8986517477229
07_01_500.csv,BI,533,0.0950828787535675,684.842595674194
07_01_500.csv,BI,534,0.0952533587077537,684.7864181691621
07_01_500.csv,BI,535,0.0954238096034789,684.7303159963594
07_01_500.csv,BI,536,0.0955942314506476,684.6742892244511
07_01_500.csv,BI,537,0.095764624259159,684.6180692453436
07_01_500.csv,BI,538,0.095934981269883,684.561584175924
07_01_500.csv,BI,539,0.0961053160319105,684.5049103740739
07_01_500.csv,BI,540,0.0962756217849481,684.4483119502288
07_01_500.csv,BI,541,0.0964458985388748,684.3915873281562
07_01_500.csv,BI,542,0.0966161463035648,684.3346692471137
07_01_500.csv,BI,543,0.0967863650888869,684.2777593519986
07_01_500.csv,BI,544,0.0969565481425923,684.2207185517691
07_01_500.csv,BI,545,0.0971267089999163,684.1634888060798
07_01_500.csv,BI,546,0.0972968409074491,684.1062672348735
07_01_500.csv,BI,547,0.0974669438750394,684.0488520215913
07_01_500.csv,BI,548,0.0976370179125311,683.9910412123445
07_01_500.csv,BI,549,0.0978070630297632,683.9333730876206
07_01_500.csv,BI,550,0.0979770724813537,683.8755065408759
07_01_500.csv,BI,551,0.098147059788711,683.8175180734825
07_01_500.csv,BI,552,0.0983170182052946,683.7595377119064
07_01_500.csv,BI,553,0.0984869477409234,683.7014307858904
07_01_500.csv,BI,554,0.098656848405411,683.6431298973625
07_01_500.csv,BI,555,0.0988267134590878,683.5847651141839
07_01_500.csv,BI,556,0.0989965564118609,683.5262782785867
07_01_500.csv,BI,557,0.0991663705229039,683.4677995373622
07_01_500.csv,BI,558,0.0993361558020106,683.4093289248431
07_01_500.csv,BI,559,0.0995059122589697,683.3504619496043
07_01_500.csv,BI,560,0.0996756399035652,683.2921424936358
07_01_500.csv,BI,561,0.0998453320029691,683.2336243768273
07_01_500.csv,BI,562,0.1000150020533127,683.1750516558259
07_01_500.csv,BI,563,0.100184643320614,683.1160149222646
07_01_500.csv,BI,564,0.1003542558146367,683.0568513610483
07_01_500.csv,BI,565,0.1005238395451399,682.9976959170926
07_01_500.csv,BI,566,0.1006933945218775,682.9383461215252
07_01_500.csv,BI,567,0.1008629140188495,682.8790673560288
07_01_500.csv,BI,568,0.1010324115184397,682.8196663179824
07_01_500.csv,BI,569,0.1012018802934963,682.7602059075725
07_01_500.csv,BI,570,0.1013713203537534,682.7007536716437
07_01_500.csv,BI,571,0.1015407317089402,682.6410394113736
07_01_500.csv,BI,572,0.1017101143687809,682.5812657329634
07_01_500.csv,BI,573,0.1018794616140895,682.5212928814376
07_01_500.csv,BI,574,0.1020487869135306,682.4612651597977
07_01_500.csv,BI,575,0.1022180835467684,682.4011779742409
07_01_500.csv,BI,576,0.1023873515235077,682.3409637092582
07_01_500.csv,BI,577,0.1025565908534479,682.2805547035637
07_01_500.csv,BI,578,0.1027257948230708,682.2200815785764
07_01_500.csv,BI,579,0.1028949768896294,682.1594182092185
07_01_500.csv,BI,580,0.1030641303384579,682.0986952615021
07_01_500.csv,BI,581,0.1032332551792363,682.0375743717796
07_01_500.csv,BI,582,0.1034023514216395,681.9762584209093
07_01_500.csv,BI,583,0.1035714190753378,681.9149504270799
07_01_500.csv,BI,584,0.1037404514336015,681.8537135520874
07_01_500.csv,BI,585,0.1039094619400154,681.792421587967
07_01_500.csv,BI,586,0.1040784438867049,681.7311376838848
07_01_500.csv,BI,587,0.1042473972833205,681.669861874173
07_01_500.csv,BI,588,0.1044163221395078,681.6085264403259
07_01_500.csv,BI,589,0.1045852184649075,681.5471991466261
07_01_500.csv,BI,590,0.1047540795595654,681.4856721277365
07_01_500.csv,BI,591,0.1049229188534255,681.4241578226683
07_01_500.csv,BI,592,0.1050917296453906,681.3625160948504
07_01_500.csv,BI,593,0.105260511945082,681.3006790998916
07_01_500.csv,BI,594,0.105429265762116,681.2386467691267
07_01_500.csv,BI,595,0.1055979844021737,681.1766857991179
07_01_500.csv,BI,596,0.1057666812838534,681.1145340152743
07_01_500.csv,BI,597,0.1059353497116951,681.0524582045236
07_01_500.csv,BI,598,0.106103989695296,680.9903905682518
07_01_500.csv,BI,599,0.1062726012442478,680.9281953833447
07_01_500.csv,BI,600,0.106441184368138,680.8659405056374
07_01_500.csv,BI,601,0.1066097323793977,680.8034176708516
07_01_500.csv,BI,602,0.1067782586830353,680.7409754613418
07_01_500.csv,BI,603,0.1069467565903432,680.678269762645
07_01_500.csv,BI,604,0.1071152261108895,680.6154363436508
07_01_500.csv,BI,605,0.107283667254237,680.5525431174146
07_01_500.csv,BI,606,0.1074520800299439,680.4897939604325
07_01_500.csv,BI,607,0.1076204577571781,680.4269125422788
07_01_500.csv,BI,608,0.1077888138273854,680.3639759161656
07_01_500.csv,BI,609,0.1079571415585973,680.3007075559308
07_01_500.csv,BI,610,0.1081254409603527,680.2375153518938
07_01_500.csv,BI,611,0.1082937120421855,680.1743313566672
07_01_500.csv,BI,612,0.1084619481288672,680.1109469757166
07_01_500.csv,BI,613,0.1086301626005624,680.0475753511419
07_01_500.csv,BI,614,0.1087983487809082,679.9840758689406
07_01_500.csv,BI,615,0.1089665066794191,679.9205165566091
07_01_500.csv,BI,616,0.1091346363056055,679.8566931943287
07_01_500.csv,BI,617,0.1093027376689723,679.792605679102
07_01_500.csv,BI,618,0.1094708041010027,679.7286579456586
07_01_500.csv,BI,619,0.1096388489683493,679.6648591766643
07_01_500.csv,BI,620,0.109806865601363,679.6007962203926
07_01_500.csv,BI,621,0.10997485400953,679.5366052348322
07_01_500.csv,BI,622,0.1101428142023314,679.4722861856508
07_01_500.csv,BI,623,0.1103107461892439,679.4078390385157
07_01_500.csv,BI,624,0.1104786433084487,679.3433955566488
07_01_500.csv,BI,625,0.1106465189131136,679.2789648397675
07_01_500.csv,BI,626,0.1108143663402901,679.2144742012024
07_01_500.csv,BI,627,0.1109821855994356,679.1498554417958
07_01_500.csv,BI,628,0.1111499767000029,679.0851767378172
07_01_500.csv,BI,629,0.1113177329857449,679.0203653410776
07_01_500.csv,BI,630,0.1114854677986127,678.9554985042118
07_01_500.csv,BI,631,0.1116531744812314,678.8905034549516
07_01_500.csv,BI,632,0.1118208530430347,678.8255166717208
07_01_500.csv,BI,633,0.1119885034934515,678.7606747244968
07_01_500.csv,BI,634,0.112156125841906,678.6958411577439
07_01_500.csv,BI,635,0.1123237134388249,678.6304651611135
07_01_500.csv,BI,636,0.1124912796127242,678.5651019507004
07_01_500.csv,BI,637,0.1126588177129051,678.4997470406488
07_01_500.csv,BI,638,0.1128263277487727,678.4344004652912
07_01_500.csv,BI,639,0.1129938097297276,678.3688572494993
07_01_500.csv,BI,640,0.1131612636651655,678.3034590642637
07_01_500.csv,BI,641,0.1133286829121737,678.2379280632358
07_01_500.csv,BI,642,0.1134960807858599,678.1724099786029
07_01_500.csv,BI,643,0.1136634506421881,678.1067635671347
07_01_500.csv,BI,644,0.113830792490535,678.0410571882062
07_01_500.csv,BI,645,0.113998106340273,677.9753592469688
07_01_500.csv,BI,646,0.1141653855540292,677.9093916054844
07_01_500.csv,BI,647,0.1143326434357589,677.8433684578431
07_01_500.csv,BI,648,0.1144998733469678,677.7773537364483
07_01_500.csv,BI,649,0.1146670752970094,677.711210573777
07_01_500.csv,BI,650,0.1148342492952325,677.6449389354966
07_01_500.csv,BI,651,0.115001395350981,677.5786072610908
07_01_500.csv,BI,652,0.1151685068335182,677.5123480223465
07_01_500.csv,BI,653,0.1153355970334406,677.446033293179
07_01_500.csv,BI,654,0.1155026593188923,677.379795589959
07_01_500.csv,BI,655,0.1156696936991986,677.3133609029824
07_01_500.csv,BI,656,0.1158367001836802,677.2467976946205
07_01_500.csv,BI,657,0.1160036787816531,677.1803115579828
07_01_500.csv,BI,658,0.1161706228690032,677.1136924083767
07_01_500.csv,BI,659,0.1163375457229953,677.0466063689855
07_01_500.csv,BI,660,0.1165044407183983,676.9800088164175
07_01_500.csv,BI,661,0.1166713078645097,676.9132141427635
07_01_500.csv,BI,662,0.1168381471706222,676.8463594787609
07_01_500.csv,BI,663,0.1170049520181305,676.7793031164979
07_01_500.csv,BI,664,0.11717173567321,676.7123284501013
07_01_500.csv,BI,665,0.1173384915161404,676.6452251593228
07_01_500.csv,BI,666,0.1175052195561959,676.5781991462618
07_01_500.csv,BI,667,0.1176719198026459,676.5111131657404
07_01_500.csv,BI,668,0.117838585642385,676.4441000748266
07_01_500.csv,BI,669,0.1180052303305177,676.377237582511
07_01_500.csv,BI,670,0.1181718472528252,676.3101091634162
07_01_500.csv,BI,671,0.1183384364185585,676.2429895253354
07_01_500.csv,BI,672,0.1185049978369641,676.1760161308848
07_01_500.csv,BI,673,0.1186715315172836,676.1088454551318
07_01_500.csv,BI,674,0.1188380374687541,676.0416149034718
07_01_500.csv,BI,675,0.1190045157006082,675.9739807335327
07_01_500.csv,BI,676,0.1191709662220737,675.9065616129192
07_01_500.csv,BI,677,0.119337389042374,675.8392201362358
07_01_500.csv,BI,678,0.1195037709480234,675.7719474366149
07_01_500.csv,BI,679,0.1196701383958441,675.7044174849107
07_01_500.csv,BI,680,0.1198364781701411,675.6368276572994
07_01_500.csv,BI,681,0.1200027902801191,675.5691091366425
07_01_500.csv,BI,682,0.1201690747349785,675.5013307171903
07_01_500.csv,BI,683,0.1203353315439151,675.4334235589158
07_01_500.csv,BI,684,0.1205015607161198,675.3655253304287
07_01_500.csv,BI,685,0.1206677622607793,675.297498340231
07_01_500.csv,BI,686,0.1208339361870755,675.2294114283495
07_01_500.csv,BI,687,0.1210000825041858,675.161471252195
07_01_500.csv,BI,688,0.121166201221283,675.0934712230219
07_01_500.csv,BI,689,0.1213322791489868,675.0255402488565
07_01_500.csv,BI,690,0.1214983426957495,674.9574894590478
07_01_500.csv,BI,691,0.1216643786699894,674.8893099075294
07_01_500.csv,BI,692,0.1218303870808609,674.8212083890394
07_01_500.csv,BI,693,0.1219963679375142,674.7529781088397
07_01_500.csv,BI,694,0.1221623212490946,674.6846190325978
07_01_500.csv,BI,695,0.1223282470247429,674.6162690806932
07_01_500.csv,BI,696,0.1224941452735956,674.5478592986583
07_01_500.csv,BI,697,0.1226600160047844,674.4792516860043
07_01_500.csv,BI,698,0.1228258592274365,674.4103081506892
07_01_500.csv,BI,699,0.1229916749506746,674.3415117173117
07_01_500.csv,BI,700,0.1231574500091361,674.2727845710988
07_01_500.csv,BI,701,0.1233232107630799,674.2038683653991
07_01_500.csv,BI,702,0.1234889440449498,674.1348232034397
07_01_500.csv,BI,703,0.1236546498638505,674.0656490508882
07_01_500.csv,BI,704,0.123820328228882,673.9962767930592
07_01_500.csv,BI,705,0.1239859791491398,673.9268445448815
07_01_500.csv,BI,706,0.1241516026337149,673.8574905128371
07_01_500.csv,BI,707,0.1243171986916937,673.7880074215354
07_01_500.csv,BI,708,0.1244827673321583,673.7184643627734
07_01_500.csv,BI,709,0.1246483085641862,673.6488613365509
07_01_500.csv,BI,710,0.1248138223968502,673.5790600448327
07_01_500.csv,BI,711,0.1249793088392188,673.5092679003392
07_01_500.csv,BI,712,0.1251447547520308,673.4395452547069
07_01_500.csv,BI,713,0.1253101864431709,673.3700482548838
07_01_500.csv,BI,714,0.1254755907711933,673.3002838176617
07_01_500.csv,BI,715,0.1256409677451483,673.2304594587558
07_01_500.csv,BI,716,0.125806317374082,673.1605059604844
07_01_500.csv,BI,717,0.1259716396670359,673.090630975893
07_01_500.csv,BI,718,0.1261369346330468,673.0209730547867
07_01_500.csv,BI,719,0.1263022022811475,672.9513245784528
07_01_500.csv,BI,720,0.1264674426203658,672.8816855812238
07_01_500.csv,BI,721,0.1266326556597254,672.8119868225294
07_01_500.csv,BI,722,0.1267978414082454,672.7422283023698
07_01_500.csv,BI,723,0.1269629867505003,672.6726090856664
07_01_500.csv,BI,724,0.1271281179465475,672.6028696977519
07_01_500.csv,BI,725,0.1272932218787849,672.5330012734703
07_01_500.csv,BI,726,0.1274582985562136,672.4628651142439
07_01_500.csv,BI,727,0.1276233479878304,672.3925304606419
07_01_500.csv,BI,728,0.1277883701826278,672.3222053090321
07_01_500.csv,BI,729,0.1279533651495935,672.251750960837
07_01_500.csv,BI,730,0.128118332897711,672.1813061375224
07_01_500.csv,BI,731,0.1282832734359593,672.1108708734209
07_01_500.csv,BI,732,0.1284481867733129,672.0404452028652
07_01_500.csv,BI,733,0.1286130729187418,671.9698209234921
07_01_500.csv,BI,734,0.1287779187805702,671.8991974353539
07_01_500.csv,BI,735,0.1289427505712018,671.828522944661
07_01_500.csv,BI,736,0.1291075551967918,671.7577886467261
07_01_500.csv,BI,737,0.1292723326662926,671.6869945415492
07_01_500.csv,BI,738,0.129437082988652,671.6162795680339
07_01_500.csv,BI,739,0.1296018061728138,671.5452269094694
07_01_500.csv,BI,740,0.1297665022277169,671.4742533825665
07_01_500.csv,BI,741,0.129931171162296,671.4032895522059
07_01_500.csv,BI,742,0.1300958129854815,671.3323354527201
07_01_500.csv,BI,743,0.1302604277061992,671.261321591769
07_01_500.csv,BI,744,0.1304250153333705,671.1902479693526
07_01_500.csv,BI,745,0.1305895758759126,671.1191841350319
07_01_500.csv,BI,746,0.1307540962679599,671.048121349334
07_01_500.csv,BI,747,0.1309186026701276,670.9770771965741
07_01_500.csv,BI,748,0.1310830820143902,670.9059733510139
07_01_500.csv,BI,749,0.131247534309647,670.834949003327
07_01_500.csv,BI,750,0.1314119595647931,670.7638650086164
07_01_500.csv,BI,751,0.1315763577887192,670.6925821304321
07_01_500.csv,BI,752,0.1317407289903117,670.6213091891168
07_01_500.csv,BI,753,0.1319050731784525,670.550046219003
07_01_500.csv,BI,754,0.132069390362019,670.4787236018656
07_01_500.csv,BI,755,0.1322336805498845,670.4070626816974
07_01_500.csv,BI,756,0.1323979437509178,670.3353420229523
07_01_500.csv,BI,757,0.132562166922824,670.2635528779138
07_01_500.csv,BI,758,0.1327263761789248,670.1916430460551
07_01_500.csv,BI,759,0.1328905584747728,670.1194643233985
07_01_500.csv,BI,760,0.1330547138192194,670.0475743767201
07_01_500.csv,BI,761,0.1332188422211117,669.9756944470191
07_01_500.csv,BI,762,0.1333829436892921,669.9038245686279
07_01_500.csv,BI,763,0.133547018232599,669.8320345314332
07_01_500.csv,BI,764,0.1337110658598664,669.7601848701033
07_01_500.csv,BI,765,0.1338750865799237,669.6879964708678
07_01_500.csv,BI,766,0.1340390804015963,669.6156785660569
07_01_500.csv,BI,767,0.134203047333705,669.5434405253309
07_01_500.csv,BI,768,0.1343669873850663,669.4712824173548
07_01_500.csv,BI,769,0.134530887539002,669.3991955915408
07_01_500.csv,BI,770,0.1346947738574356,669.3270578861011
07_01_500.csv,BI,771,0.1348586333215447,669.2548605794145
07_01_500.csv,BI,772,0.1350224659401288,669.1826735300319
07_01_500.csv,BI,773,0.1351862717219825,669.1105666422809
07_01_500.csv,BI,774,0.1353500506758966,669.0383303405088
07_01_500.csv,BI,775,0.1355138028106574,668.9660344832664
07_01_500.csv,BI,776,0.1356775281350467,668.8939586878641
07_01_500.csv,BI,777,0.1358412266578421,668.821823428545
07_01_500.csv,BI,778,0.1360048983878171,668.7495587780932
07_01_500.csv,BI,779,0.1361685433337406,668.6773045794962
07_01_500.csv,BI,780,0.1363321485023281,668.604912273644
07_01_500.csv,BI,781,0.1364957399085654,668.532399215037
07_01_500.csv,BI,782,0.1366593045570318,668.4597566737448
07_01_500.csv,BI,783,0.1368228424564791,668.3870545998707
07_01_500.csv,BI,784,0.1369863536156548,668.3142229975347
07_01_500.csv,BI,785,0.1371498380433022,668.2415418617011
07_01_500.csv,BI,786,0.1373132957481602,668.1685211639888
07_01_500.csv,BI,787,0.1374767267389635,668.0956509785556
07_01_500.csv,BI,788,0.1376401310244425,668.0227212834288
07_01_500.csv,BI,789,0.1378035086133232,667.9497320786086
07_01_500.csv,BI,790,0.1379668595143276,667.8770336868201
07_01_500.csv,BI,791,0.1381301707574806,667.8040570045887
07_01_500.csv,BI,792,0.1382934683109997,667.7310996154592
07_01_500.csv,BI,793,0.1384567392027816,667.6582229830547
07_01_500.csv,BI,794,0.138619983441531,667.58542717604
07_01_500.csv,BI,795,0.1387832010359483,667.5124317760201
07_01_500.csv,BI,796,0.1389463919947299,667.4393769807484
07_01_500.csv,BI,797,0.1391095563265677,667.3661926455716
07_01_500.csv,BI,798,0.1392726940401494,667.2930892044496
07_01_500.csv,BI,799,0.1394358051441584,667.219996558506
07_01_500.csv,BI,800,0.139598889647274,667.146914742073
07_01_500.csv,BI,801,0.1397619475581712,667.0737034086233
07_01_500.csv,BI,802,0.1399249788855207,667.0005731294468
07_01_500.csv,BI,803,0.1400879706846814,666.9273749076565
07_01_500.csv,BI,804,0.1402509488730417,666.8541962482013
07_01_500.csv,BI,805,0.1404139005038403,666.7807475993186
07_01_500.csv,BI,806,0.1405768255857311,666.7073098486107
07_01_500.csv,BI,807,0.1407397241273635,666.6338830304103
07_01_500.csv,BI,808,0.140902596137383,666.5603969085114
07_01_500.csv,BI,809,0.1410654416244307,666.4869920468791
07_01_500.csv,BI,810,0.1412282605971433,666.413317047045
07_01_500.csv,BI,811,0.1413910530641537,666.339653025495
07_01_500.csv,BI,812,0.1415538190340902,666.2661406491916
07_01_500.csv,BI,813,0.1417165585155771,666.192639365614
07_01_500.csv,BI,814,0.1418792585871092,666.1189999176859
07_01_500.csv,BI,815,0.1420419451196562,666.0453098500802
07_01_500.csv,BI,816,0.1422046051896003,665.9717012716228
07_01_500.csv,BI,817,0.142367238805549,665.8978223833037
07_01_500.csv,BI,818,0.1425298459761056,665.8237434671046
07_01_500.csv,BI,819,0.142692426709869,665.7497460400537
07_01_500.csv,BI,820,0.142854981015434,665.675548539346
07_01_500.csv,BI,821,0.1430175089013914,665.6013621542515
07_01_500.csv,BI,822,0.1431800103763275,665.5273277806145
07_01_500.csv,BI,823,0.1433424854488246,665.4534455214325
07_01_500.csv,BI,824,0.1435049341274609,665.379715479703
07_01_500.csv,BI,825,0.1436673435137844,665.3057063807755
07_01_500.csv,BI,826,0.1438297394325123,665.231646727836
07_01_500.csv,BI,827,0.1439921089830877,665.1574574434408
07_01_500.csv,BI,828,0.1441544521740721,665.0835614897769
07_01_500.csv,BI,829,0.1443167690140228,665.0093244407299
07_01_500.csv,BI,830,0.1444790595114926,664.9350987705111
07_01_500.csv,BI,831,0.1446413236750306,664.8610255809581
07_01_500.csv,BI,832,0.1448035615131815,664.7869638846751
07_01_500.csv,BI,833,0.1449657730344857,664.7127726027129
07_01_500.csv,BI,834,0.1451279582474798,664.6385928369091
07_01_500.csv,BI,835,0.1452901171606959,664.5644246215961
07_01_500.csv,BI,836,0.1454522497826621,664.4901974001332
07_01_500.csv,BI,837,0.1456143432399823,664.4162556256506
07_01_500.csv,BI,838,0.1457764233071044,664.341981065314
07_01_500.csv,BI,839,0.1459384771085354,664.2679300229356
07_01_500.csv,BI,840,0.1461005046527869,664.1941732725945
07_01_500.csv,BI,841,0.1462625059483662,664.1203577449869
07_01_500.csv,BI,842,0.1464244810037766,664.0465540997502
07_01_500.csv,BI,843,0.1465864298275173,663.972762371217
07_01_500.csv,BI,844,0.1467483524280832,663.8990532762455
07_01_500.csv,BI,845,0.1469102488139652,663.8252854955608
07_01_500.csv,BI,846,0.1470721189936501,663.7507519750216
07_01_500.csv,BI,847,0.1472339629756205,663.676230256744
07_01_500.csv,BI,848,0.1473957679093625,663.6021362116207
07_01_500.csv,BI,849,0.1475575595234156,663.5279919705963
07_01_500.csv,BI,850,0.1477193249651768,663.4536474957022
07_01_500.csv,BI,851,0.1478810642431121,663.3790319556392
07_01_500.csv,BI,852,0.1480427773656838,663.3045698918795
07_01_500.csv,BI,853,0.1482044643413496,663.2301198363757
07_01_500.csv,BI,854,0.1483661251785636,663.1552570416607
07_01_500.csv,BI,855,0.1485277598857753,663.0806186117688
07_01_500.csv,BI,856,0.1486893684714307,663.0060630443204
07_01_500.csv,BI,857,0.1488509509439711,662.9315195766812
07_01_500.csv,BI,858,0.149012507311834,662.856775714954
07_01_500.csv,BI,859,0.1491740247473068,662.7817520287226
07_01_500.csv,BI,860,0.1493355289331839,662.7069614918719
07_01_500.csv,BI,861,0.1494970070396709,662.6321831006062
07_01_500.csv,BI,862,0.1496584590751888,662.557346000739
07_01_500.csv,BI,863,0.1498198850481547,662.4825919921968
07_01_500.csv,BI,864,0.1499812849669816,662.4081338778669
07_01_500.csv,BI,865,0.1501426588400785,662.3341136751151
07_01_500.csv,LI-WARM,1,0.0,0.0
07_01_500.csv,LI-WARM,2,0.0059820717293904,390.8046281330535
07_01_500.csv,LI-WARM,3,0.011928570968345,596.6897525029078
07_01_500.csv,LI-WARM,4,0.0178399173671714,655.2872332658703
07_01_500.csv,LI-WARM,5,0.0237165268210428,674.5098751374157
07_01_500.csv,LI-WARM,6,0.0295588015905227,683.5298518499292
07_01_500.csv,LI-WARM,7,0.0353671423414218,688.6565280225941
07_01_500.csv,LI-WARM,8,0.0411419427877547,691.6977761133751
07_01_500.csv,LI-WARM,9,0.046883586296973,693.4206116041914
07_01_500.csv,LI-WARM,10,0.0525924514481166,694.2394495310052
07_01_500.csv,LI-WARM,11,0.0582689068587828,694.4128958499493
07_01_500.csv,LI-WARM,12,0.063913325408167,694.1026330679197
07_01_500.csv,LI-WARM,13,0.0695260597573401,693.4147968232755
07_01_500.csv,LI-WARM,14,0.0751074739796861,692.4349176596993
07_01_500.csv,LI-WARM,15,0.0806579019727236,691.2224177348899
07_01_500.csv,LI-WARM,16,0.0861776995220419,689.8163218433583
07_01_500.csv,LI-WARM,17,0.0916671892871969,688.2521450552667
07_01_500.csv,LI-WARM,18,0.0971267089999163,686.5510433673771
07_01_500.csv,LI-WARM,19,0.1025565908534479,684.7414319070513
07_01_500.csv,LI-WARM,20,0.1079571415585973,682.8308011839958
07_01_500.csv,LI-WARM,21,0.1133286829121737,680.8332600882704
07_01_500.csv,LI-WARM,22,0.1186715315172836,678.7615156259217
07_01_500.csv,LI-WARM,23,0.1239859791491398,676.6225991818501
07_01_500.csv,LI-WARM,24,0.1292723326662926,674.4374621845609
07_01_500.csv,LI-WARM,25,0.134530887539002,672.2029870802544
07_01_500.csv,LI-WARM,26,0.1397619475581712,669.9251194390272
07_01_500.csv,LI-WARM,27,0.1449657730344857,667.6123683139112
07_01_500.csv,LI-WARM,28,0.1501426588400785,665.2595394575656
10_01_800.csv,BI,1,0.0,0.0
10_01_800.csv,BI,2,0.0001874824257014,14.740814799153982
10_01_800.csv,BI,3,0.0003749297083315,29.46858136568135
10_01_800.csv,BI,4,0.0005623418319753,44.10431209195213
10_01_800.csv,BI,5,0.0007497188970603,58.41300146713162
10_01_800.csv,BI,6,0.000937060800405,72.00701090900354
10_01_800.csv,BI,7,0.0011243676133349,84.49275178595941
10_01_800.csv,BI,8,0.001311639407124,95.59257832692016
10_01_800.csv,BI,9,0.0014988761367548,105.15414567321348
10_01_800.csv,BI,10,0.0016860778153555,113.1301148797834
10_01_800.csv,BI,11,0.0018732443398492,119.57786145186896
10_01_800.csv,BI,12,0.0020603759557662,124.65285334924911
10_01_800.csv,BI,13,0.0022474724438391,128.57486835763066
10_01_800.csv,BI,14,0.0024345341656288,131.58139386837195
10_01_800.csv,BI,15,0.0026215606696539,133.89085703949394
10_01_800.csv,BI,16,0.0028085524334842,135.68399251065813
10_01_800.csv,BI,17,0.0029955090057975,137.1004703709961
10_01_800.csv,BI,18,0.0031824306318841,138.24340417326664
10_01_800.csv,BI,19,0.0033693175568537,139.18680331109422
10_01_800.csv,BI,20,0.0035561693296224,139.98306441142313
10_01_800.csv,BI,21,0.0037429861953284,140.66881731766006
10_01_800.csv,BI,22,0.0039297683989294,141.26987354502143
10_01_800.csv,BI,23,0.0041165154895796,141.804479582491
10_01_800.csv,BI,24,0.0043032277122653,142.28559337229817
10_01_800.csv,BI,25,0.0044899050800047,142.7226265593904
10_01_800.csv,BI,26,0.0046765480692973,143.12251439363786
10_01_800.csv,BI,27,0.0048631557660827,143.4905564718822
10_01_800.csv,BI,28,0.0050497286469324,143.83079900573352
10_01_800.csv,BI,29,0.0052362667248354,144.14646287284614
10_01_800.csv,BI,30,0.0054227700127735,144.44020372050375
10_01_800.csv,BI,31,0.0056092389867777,144.71414219258085
10_01_800.csv,BI,32,0.0057956727336157,144.9701394155804
10_01_800.csv,BI,33,0.0059820717293904,145.2097357558191
10_01_800.csv,BI,34,0.0061684359870545,145.43428843013623
10_01_800.csv,BI,35,0.0063547655195536,145.64501746932
10_01_800.csv,BI,36,0.0065410603398257,145.84299023043712
10_01_800.csv,BI,37,0.0067273209233412,146.02919813025505
10_01_800.csv,BI,38,0.0069135463578593,146.20451020966743
10_01_800.csv,BI,39,0.0070997371189219,146.36964268929262
10_01_800.csv,BI,40,0.0072858932194383,146.52540448236408
10_01_800.csv,BI,41,0.0074720146723108,146.67234376374213
10_01_800.csv,BI,42,0.0076581019525431,146.81102456420803
10_01_800.csv,BI,43,0.0078441541487192,146.94201113449407
10_01_800.csv,BI,44,0.0080301712739777,147.0657759933792
10_01_800.csv,BI,45,0.0082161547270027,147.18280760303236
10_01_800.csv,BI,46,0.0084021035966148,147.29351751456224
10_01_800.csv,BI,47,0.0085880169723143,147.3982406357676
10_01_800.csv,BI,48,0.0087738967138422,147.49731253445592
10_01_800.csv,BI,49,0.0089597409874974,147.5911300702819
10_01_800.csv,BI,50,0.00914555165232,147.67992155633618
10_01_800.csv,BI,51,0.0093313277979533,147.76399207800313
10_01_800.csv,BI,52,0.0095170685147195,147.84358533052625
10_01_800.csv,BI,53,0.0097027756606084,147.91893019380603
10_01_800.csv,BI,54,0.0098884474035979,147.99022435302214
10_01_800.csv,BI,55,0.0100740856009782,148.05771242769282
10_01_800.csv,BI,56,0.0102596893432143,148.1214846496547
10_01_800.csv,BI,57,0.0104452577214485,148.18195511840133
10_01_800.csv,BI,58,0.0106307925919229,148.23912226168432
10_01_800.csv,BI,59,0.0108162921242912,148.29315363298872
10_01_800.csv,BI,60,0.0110017581740972,148.34412489253646
10_01_800.csv,BI,61,0.011187189832626,148.39226565245156
10_01_800.csv,BI,62,0.0113725861918385,148.4376976632578
10_01_800.csv,BI,63,0.0115579491062325,148.48045056002323
10_01_800.csv,BI,64,0.0117432767471344,148.52064608818955
10_01_800.csv,BI,65,0.011928570968345,148.55840663152304
10_01_800.csv,BI,66,0.0121138299418591,148.59391589754608
10_01_800.csv,BI,67,0.0122990555207813,148.6272038018011
10_01_800.csv,BI,68,0.0124842467975419,148.6583925754293
10_01_800.csv,BI,69,0.0126694028652458,148.68752727441415
10_01_800.csv,BI,70,0.0128545255759542,148.71474613646785
10_01_800.csv,BI,71,0.0130396131033302,148.74001690570475
10_01_800.csv,BI,72,0.01322466729874,148.76344700757238
10_01_800.csv,BI,73,0.0134096872554305,148.78515900221285
10_01_800.csv,BI,74,0.0135946720673218,148.80512086490177
10_01_800.csv,BI,75,0.0137796235847385,148.82350207473996
10_01_800.csv,BI,76,0.0139645399830094,148.84027053610376
10_01_800.csv,BI,77,0.0141494231117654,148.85551848711643
10_01_800.csv,BI,78,0.0143342720650685,148.86926042901746
10_01_800.csv,BI,79,0.0145190859376526,148.88157280233366
10_01_800.csv,BI,80,0.0147038665781091,148.8925015451823
10_01_800.csv,BI,81,0.0148886121634293,148.90203013269925
10_01_800.csv,BI,82,0.0150733245415122,148.91034395206046
10_01_800.csv,BI,83,0.0152580028072333,148.91734923678456
10_01_800.csv,BI,84,0.015442646056139,148.92316909935403
10_01_800.csv,BI,85,0.0156272561350908,148.92789615530546
10_01_800.csv,BI,86,0.0158118312227394,148.93145202082542
10_01_800.csv,BI,87,0.0159963722487118,148.93399123712598
10_01_800.csv,BI,88,0.0161808810583257,148.9353894576861
10_01_800.csv,BI,89,0.0163653539983085,148.93578510500328
10_01_800.csv,BI,90,0.0165497929143022,148.9351623893515
10_01_800.csv,BI,91,0.0167341996505896,148.93355205820188
10_01_800.csv,BI,92,0.0169185705559054,148.930937506012
10_01_800.csv,BI,93,0.0171029074748565,148.92747367635877
10_01_800.csv,BI,94,0.0172872122506923,148.92303617948102
10_01_800.csv,BI,95,0.0174714812341524,148.91768604879746
10_01_800.csv,BI,96,0.0176557162688098,148.91150071211783
10_01_800.csv,BI,97,0.0178399173671714,148.9044486476463
10_01_800.csv,BI,98,0.0180240863711105,148.8965451920111
10_01_800.csv,BI,99,0.0182082196340365,148.8878204152256
10_01_800.csv,BI,100,0.0183923189981457,148.8782586013932
10_01_800.csv,BI,101,0.0185763863042807,148.86795283714537
10_01_800.csv,BI,102,0.0187604179078508,148.85704210441077
10_01_800.csv,BI,103,0.0189444156500212,148.84540194438023
10_01_800.csv,BI,104,0.0191283795432505,148.83306306918257
10_01_800.csv,BI,105,0.0193123114270087,148.81997870405442
10_01_800.csv,BI,106,0.0194962076593681,148.80624125690264
10_01_800.csv,BI,107,0.0196800700801209,148.79186620985067
10_01_800.csv,BI,108,0.019863900527709,148.7769001860005
10_01_800.csv,BI,109,0.0200476953621996,148.76135789214425
10_01_800.csv,BI,110,0.0202314564223564,148.74525486167843
10_01_800.csv,BI,111,0.0204151855455944,148.72857549212526
10_01_800.csv,BI,112,0.0205988790939733,148.71119432065228
10_01_800.csv,BI,113,0.0207825389052297,148.6932202956816
10_01_800.csv,BI,114,0.0209661649917536,148.6747154279792
10_01_800.csv,BI,115,0.0211497591895925,148.65563295056563
10_01_800.csv,BI,116,0.0213333178634595,148.63598759997646
10_01_800.csv,BI,117,0.0215168428497233,148.61570139364915
10_01_800.csv,BI,118,0.0217003359834072,148.59496138144488
10_01_800.csv,BI,119,0.0218837936312117,148.57371999210446
10_01_800.csv,BI,120,0.0220672176284811,148.55216442148867
10_01_800.csv,BI,121,0.0222506098092155,148.52993592851897
10_01_800.csv,BI,122,0.0224339665421008,148.50739252585018
10_01_800.csv,BI,123,0.0226172896614578,148.48433141922516
10_01_800.csv,BI,124,0.0228005791796085,148.4607523339865
10_01_800.csv,BI,125,0.0229838369291908,148.4367177199031
10_01_800.csv,BI,126,0.0231670592815343,148.4122267961502
10_01_800.csv,BI,127,0.0233502480695971,148.3873108312545
10_01_800.csv,BI,128,0.0235334051249966,148.36200111625308
10_01_800.csv,BI,129,0.0237165268210428,148.33625003022007
10_01_800.csv,BI,130,0.023899614989673,148.3100576114271
10_01_800.csv,BI,131,0.0240826696431617,148.28347052029812
10_01_800.csv,BI,132,0.0242656926117679,148.2564106524536
10_01_800.csv,BI,133,0.0244486802714385,148.22903358426927
10_01_800.csv,BI,134,0.0246316344527515,148.2013237829895
10_01_800.csv,BI,135,0.0248145569849479,148.17321877751868
10_01_800.csv,BI,136,0.0249974442459501,148.14476475838478
10_01_800.csv,BI,137,0.025180298065318,148.11589922312123
10_01_800.csv,BI,138,0.025363120271276,148.08674743207052
10_01_800.csv,BI,139,0.0255459072437197,148.05723043331705
10_01_800.csv,BI,140,0.0257286608111919,148.02727002470476
10_01_800.csv,BI,141,0.0259113809859003,147.99708520514318
10_01_800.csv,BI,142,0.0260940695947154,147.96650384743702
10_01_800.csv,BI,143,0.0262767230201604,147.93561919879323
10_01_800.csv,BI,144,0.0264593430894242,147.9043687016706
10_01_800.csv,BI,145,0.0266419316283633,147.8730345094102
10_01_800.csv,BI,146,0.026824485021469,147.84130257843856
10_01_800.csv,BI,147,0.027007005094916,147.80928270655107
10_01_800.csv,BI,148,0.027189493673548,147.7770063744277
10_01_800.csv,BI,149,0.0273719471438223,147.7444885996897
10_01_800.csv,BI,150,0.0275543673309004,147.7116667898288
10_01_800.csv,BI,151,0.0277367542469231,147.6785721662352
10_01_800.csv,BI,152,0.0279191097153855,147.64503226018007
10_01_800.csv,BI,153,0.028101430125363,147.6112503225732
10_01_800.csv,BI,154,0.0282837173006679,147.57713232164656
10_01_800.csv,BI,155,0.0284659730637852,147.54266265345962
10_01_800.csv,BI,156,0.0286481938057512,147.5079505191763
10_01_800.csv,BI,157,0.0288303813493678,147.47290183520016
10_01_800.csv,BI,158,0.0290125357067294,147.43762638565792
10_01_800.csv,BI,159,0.0291946586989758,147.40220287978158
10_01_800.csv,BI,160,0.0293767467197549,147.3664578648686
10_01_800.csv,BI,161,0.0295588015905227,147.33043859427025
10_01_800.csv,BI,162,0.0297408251314117,147.2941766358026
10_01_800.csv,BI,163,0.0299228137380258,147.25763989200442
10_01_800.csv,BI,164,0.0301047692308132,147.22078131657096
10_01_800.csv,BI,165,0.0302866934288996,147.1836010123966
10_01_800.csv,BI,166,0.0304685827298433,147.1463657089265
10_01_800.csv,BI,167,0.0306504389530855,147.1090284539258
10_01_800.csv,BI,168,0.0308322621106549,147.0714947849999
10_01_800.csv,BI,169,0.0310140540203371,147.03370191547992
10_01_800.csv,BI,170,0.0311958128877276,146.9955707393683
10_01_800.csv,BI,171,0.031377535114621,146.95722651575943
10_01_800.csv,BI,172,0.0315592279341053,146.9186072108896
10_01_800.csv,BI,173,0.0317408841384027,146.87964862303215
10_01_800.csv,BI,174,0.0319225109579646,146.84052493211772
10_01_800.csv,BI,175,0.0321041047952152,146.80123553058678
10_01_800.csv,BI,176,0.0322856620551936,146.7618113307667
10_01_800.csv,BI,177,0.0324671899643999,146.72219028221934
10_01_800.csv,BI,178,0.0326486849272049,146.68238752612135
10_01_800.csv,BI,179,0.0328301433505914,146.64232360774378
10_01_800.csv,BI,180,0.0330115724571126,146.6020309976888
10_01_800.csv,BI,181,0.0331929686530839,146.5614932817204
10_01_800.csv,BI,182,0.0333743283474299,146.5207571416613
10_01_800.csv,BI,183,0.0335556587587609,146.47983931866793
10_01_800.csv,BI,184,0.0337369562953349,146.43880232817537
10_01_800.csv,BI,185,0.0339182173680161,146.39753509497814
10_01_800.csv,BI,186,0.0340994491914765,146.35597540979808
10_01_800.csv,BI,187,0.0342806481759144,146.31424892680724
10_01_800.csv,BI,188,0.0344618107341315,146.27233924850873
10_01_800.csv,BI,189,0.0346429440768659,146.23034212218306
10_01_800.csv,BI,190,0.0348240410184606,146.18820906228086
10_01_800.csv,BI,191,0.0350051087670332,146.14589365372723
10_01_800.csv,BI,192,0.0351861437360115,146.1034427002224
10_01_800.csv,BI,193,0.0353671423414218,146.0607607678403
10_01_800.csv,BI,194,0.0355481117874548,146.0179120395378
10_01_800.csv,BI,195,0.0357290484894729,145.97499079557224
10_01_800.csv,BI,196,0.0359099488654345,145.9318541355342
10_01_800.csv,BI,197,0.0360908201156077,145.88855046425113
10_01_800.csv,BI,198,0.0362716586572876,145.8451424694045
10_01_800.csv,BI,199,0.0364524609103626,145.80153463273848
10_01_800.csv,BI,200,0.0366332340711824,145.75771207937862
10_01_800.csv,BI,201,0.0368139745589728,145.71375333733408
10_01_800.csv,BI,202,0.0369946787955499,145.66964198971533
10_01_800.csv,BI,203,0.0371753539733493,145.62525232029088
10_01_800.csv,BI,204,0.0373559965135257,145.58078958302258
10_01_800.csv,BI,205,0.0375366028398207,145.53615817534364
10_01_800.csv,BI,206,0.0377171801407603,145.491374909941
10_01_800.csv,BI,207,0.0378977212526733,145.4463752813851
10_01_800.csv,BI,208,0.0380782333614816,145.40116023029486
10_01_800.csv,BI,209,0.0382587128915491,145.35591937831924
10_01_800.csv,BI,210,0.0384391562698229,145.31049363711873
10_01_800.csv,BI,211,0.0386195706783219,145.2649156821484
10_01_800.csv,BI,212,0.0387999525433333,145.21923251097053
10_01_800.csv,BI,213,0.0389802982937244,145.17330077259857
10_01_800.csv,BI,214,0.0391606151076155,145.12728006927188
10_01_800.csv,BI,215,0.0393408994132149,145.08107461997434
10_01_800.csv,BI,216,0.0395211476413081,145.03447745869835
10_01_800.csv,BI,217,0.0397013669661212,144.98825151197252
10_01_800.csv,BI,218,0.0398815538177815,144.94153897467822
10_01_800.csv,BI,219,0.0400617046289906,144.89476790661342
10_01_800.csv,BI,220,0.0402418265700846,144.84790755732303
10_01_800.csv,BI,221,0.0404219160731076,144.80090970899306
10_01_800.csv,BI,222,0.0406019695726755,144.753789674823
10_01_800.csv,BI,223,0.0407819942352385,144.70654843916384
10_01_800.csv,BI,224,0.0409619864947556,144.65916953566398
10_01_800.csv,BI,225,0.0411419427877547,144.61170008620996
10_01_800.csv,BI,226,0.0413218702768044,144.56423650586032
10_01_800.csv,BI,227,0.0415017618239282,144.51661872422892
10_01_800.csv,BI,228,0.0416816245891093,144.4687045317039
10_01_800.csv,BI,229,0.0418614550094937,144.42079557657237
10_01_800.csv,BI,230,0.0420412495247914,144.3727163067157
10_01_800.csv,BI,231,0.0422210152911113,144.324531343824
10_01_800.csv,BI,232,0.0424007487475085,144.2762242093438
10_01_800.csv,BI,233,0.0425804463355999,144.2277465692447
10_01_800.csv,BI,234,0.0427601152076237,144.17917900336647
10_01_800.csv,BI,235,0.0429397518045428,144.1304572491448
10_01_800.csv,BI,236,0.0431193525698784,144.08158072382116
10_01_800.csv,BI,237,0.0432989246520027,144.03261412314663
10_01_800.csv,BI,238,0.0434784644937837,143.9834612773193
10_01_800.csv,BI,239,0.0436579685406454,143.93421722549215
10_01_800.csv,BI,240,0.0438374439370978,143.88483513246229
10_01_800.csv,BI,241,0.0440168871279124,143.83534631545808
10_01_800.csv,BI,242,0.0441962945604136,143.78551099464443
10_01_800.csv,BI,243,0.0443756733752537,143.7359840210209
10_01_800.csv,BI,244,0.0445550164561521,143.6862540215659
10_01_800.csv,BI,245,0.0447343309411915,143.63629001227218
10_01_800.csv,BI,246,0.0449136132783108,143.58613924856172
10_01_800.csv,BI,247,0.0450928599179977,143.5360724976785
10_01_800.csv,BI,248,0.0452720779944841,143.4858992567079
10_01_800.csv,BI,249,0.0454512639576067,143.43555509803593
10_01_800.csv,BI,250,0.0456304142597483,143.3850873476406
10_01_800.csv,BI,251,0.0458095360312942,143.33422541618347
10_01_800.csv,BI,252,0.0459886257239769,143.28319227233806
10_01_800.csv,BI,253,0.0461676797920724,143.23221104608524
10_01_800.csv,BI,254,0.0463467053621233,143.1811709212326
10_01_800.csv,BI,255,0.0465256988877562,143.12995947241149
10_01_800.csv,BI,256,0.046704656825138,143.07867204378556
10_01_800.csv,BI,257,0.046883586296973,143.02751751299718
10_01_800.csv,BI,258,0.0470624837587796,142.9762075636205
10_01_800.csv,BI,259,0.0472413456686138,142.92456565285977
10_01_800.csv,BI,260,0.0474201791453457,142.87313662664235
10_01_800.csv,BI,261,0.0475989770942592,142.82148752656713
10_01_800.csv,BI,262,0.0477777466316703,142.7697313031631
10_01_800.csv,BI,263,0.0479564842162459,142.71770732214986
10_01_800.csv,BI,264,0.0481351863091865,142.66565511685798
10_01_800.csv,BI,265,0.0483138600229804,142.61351164415527
10_01_800.csv,BI,266,0.0484925018181813,142.56146856646131
10_01_800.csv,BI,267,0.0486711081578731,142.50934922873944
10_01_800.csv,BI,268,0.0488496861507212,142.45704245807735
10_01_800.csv,BI,269,0.0490282322591635,142.40456368824323
10_01_800.csv,BI,270,0.0492067429481658,142.3519604223622
10_01_800.csv,BI,271,0.0493852253225744,142.29910536876952
10_01_800.csv,BI,272,0.0495636758467095,142.246254448206
10_01_800.csv,BI,273,0.049742090987417,142.19340717383056
10_01_800.csv,BI,274,0.0499204778457277,142.140596650798
10_01_800.csv,BI,275,0.0500988328878428,142.08751759767802
10_01_800.csv,BI,276,0.0502771525824855,142.03461865852023
10_01_800.csv,BI,277,0.050455444026876,141.98156393447266
10_01_800.csv,BI,278,0.0506337001477329,141.92835235079838
10_01_800.csv,BI,279,0.050811928039738,141.87508116927052
10_01_800.csv,BI,280,0.0509901241722219,141.82168564176732
10_01_800.csv,BI,281,0.0511682850170334,141.76822945450797
10_01_800.csv,BI,282,0.0513464176650499,141.71464934322717
10_01_800.csv,BI,283,0.0515245185874775,141.66086442637567
10_01_800.csv,BI,284,0.0517025842580371,141.60701872472055
10_01_800.csv,BI,285,0.0518806217638065,141.55301679534955
10_01_800.csv,BI,286,0.0520586275778646,141.49895451345583
10_01_800.csv,BI,287,0.0522365981758031,141.44479920768498
10_01_800.csv,BI,288,0.0524145406409037,141.39053576429222
10_01_800.csv,BI,289,0.0525924514481166,141.33622797103135
10_01_800.csv,BI,290,0.052770327074902,141.28152143631405
10_01_800.csv,BI,291,0.0529481746007496,141.22698005853408
10_01_800.csv,BI,292,0.0531259905024789,141.17216897478318
10_01_800.csv,BI,293,0.0533037712594167,141.1175381957175
10_01_800.csv,BI,294,0.0534815239472649,141.06284737399773
10_01_800.csv,BI,295,0.0536592450447102,141.00795109439196
10_01_800.csv,BI,296,0.0538369310329441,140.952961484453
10_01_800.csv,BI,297,0.0540145889838846,140.89789561092084
10_01_800.csv,BI,298,0.0541922118493024,140.84278467021704
10_01_800.csv,BI,299,0.0543698066985955,140.7876296480481
10_01_800.csv,BI,300,0.0545473700135584,140.7322688961953
10_01_800.csv,BI,301,0.0547248982784857,140.67684687795463
10_01_800.csv,BI,302,0.0549023985589981,140.62130008892257
10_01_800.csv,BI,303,0.0550798673387523,140.56577308652538
10_01_800.csv,BI,304,0.0552573011039023,140.51010414442032
10_01_800.csv,BI,305,0.0554347069162957,140.4543909646535
10_01_800.csv,BI,306,0.0556120812614493,140.39861691165493
10_01_800.csv,BI,307,0.0557894206273744,140.34271693676146
10_01_800.csv,BI,308,0.0559667320721499,140.2868049375179
10_01_800.csv,BI,309,0.0561440120831504,140.23079972785354
10_01_800.csv,BI,310,0.0563212571502428,140.17460392277115
10_01_800.csv,BI,311,0.0564984743277409,140.11834758956195
10_01_800.csv,BI,312,0.0566756601048757,140.06199792004628
10_01_800.csv,BI,313,0.0568528109733674,140.0055866900118
10_01_800.csv,BI,314,0.0570299339837691,139.949244102365
10_01_800.csv,BI,315,0.057207022109007,139.89279149476414
10_01_800.csv,BI,316,0.0573840823971291,139.836245968921
10_01_800.csv,BI,317,0.0575611113404554,139.7797201381585
10_01_800.csv,BI,318,0.057738105433791,139.7229710509189
10_01_800.csv,BI,319,0.0579150717214297,139.6660480928881
10_01_800.csv,BI,320,0.0580920066975425,139.60933881015444
10_01_800.csv,BI,321,0.0582689068587828,139.5524546574236
10_01_800.csv,BI,322,0.0584457792456941,139.495590664757
10_01_800.csv,BI,323,0.0586226203542963,139.4381315257088
10_01_800.csv,BI,324,0.0587994266830893,139.3805295714733
10_01_800.csv,BI,325,0.0589762052688703,139.3230932508726
10_01_800.csv,BI,326,0.0591529526095062,139.2657574225466
10_01_800.csv,BI,327,0.0593296652053415,139.20823021975554
10_01_800.csv,BI,328,0.059506350089431,139.15067447782917
10_01_800.csv,BI,329,0.0596830037614868,139.09308970776095
10_01_800.csv,BI,330,0.0598596227236957,139.03558882215702
10_01_800.csv,BI,331,0.0600362140053745,138.97768676929445
10_01_800.csv,BI,332,0.0602127706004784,138.9201116367896
10_01_800.csv,BI,333,0.0603892995358345,138.8623459115529
10_01_800.csv,BI,334,0.0605657973142255,138.8044862892471
10_01_800.csv,BI,335,0.0607422604409048,138.74651603475934
10_01_800.csv,BI,336,0.0609186959389675,138.68845229551437
10_01_800.csv,BI,337,0.0610951003130366,138.62948354584148
10_01_800.csv,BI,338,0.0612714735740908,138.57072870606612
10_01_800.csv,BI,339,0.0614478157331033,138.51223658237984
10_01_800.csv,BI,340,0.0616241197957356,138.45369801452603
10_01_800.csv,BI,341,0.0618003997847954,138.39516362893437
10_01_800.csv,BI,342,0.0619766487046975,138.3370383322267
10_01_800.csv,BI,343,0.0621528665663918,138.27857544223662
10_01_800.csv,BI,344,0.0623290533808222,138.22003463780425
10_01_800.csv,BI,345,0.0625052021597909,138.16141492616964
10_01_800.csv,BI,346,0.0626813269137356,138.10266947865978
10_01_800.csv,BI,347,0.0628574206532136,138.0437647787786
10_01_800.csv,BI,348,0.063033483389146,137.984652003169
10_01_800.csv,BI,349,0.063209515132448,137.92559112821775
10_01_800.csv,BI,350,0.0633855158940291,137.866370852121
10_01_800.csv,BI,351,0.0635614786930456,137.80708770358433
10_01_800.csv,BI,352,0.0637374175251201,137.74694670565395
10_01_800.csv,BI,353,0.063913325408167,137.6877194362296
10_01_800.csv,BI,354,0.0640892023530727,137.62843026932205
10_01_800.csv,BI,355,0.064265048370718,137.56907918776506
10_01_800.csv,BI,356,0.0644408634719778,137.50963362548782
10_01_800.csv,BI,357,0.0646166406833477,137.45001120158906
10_01_800.csv,BI,358,0.0647923939856659,137.39016491888867
10_01_800.csv,BI,359,0.0649681164041887,137.3303216762955
10_01_800.csv,BI,360,0.0651438079497681,137.27048149097584
10_01_800.csv,BI,361,0.0653194686332505,137.21061180258118
10_01_800.csv,BI,362,0.0654950914872355,137.15066277918595
10_01_800.csv,BI,363,0.0656706904802651,137.09065260424768
10_01_800.csv,BI,364,0.065846258643702,137.0305314109221
10_01_800.csv,BI,365,0.0660217959883695,136.9703969575021
10_01_800.csv,BI,366,0.0661973025250855,136.910151434196
10_01_800.csv,BI,367,0.0663727782646621,136.84992524547624
10_01_800.csv,BI,368,0.0665482162470099,136.78972561793756
10_01_800.csv,BI,369,0.066723630425944,136.72895095841858
10_01_800.csv,BI,370,0.0668990138401403,136.6684891658561
10_01_800.csv,BI,371,0.0670743665003883,136.60793248630665
10_01_800.csv,BI,372,0.0672496884174717,136.54737880680938
10_01_800.csv,BI,373,0.0674249796021684,136.48674652908227
10_01_800.csv,BI,374,0.0676002331016847,136.42639384827703
10_01_800.csv,BI,375,0.0677754628551397,136.3659635942305
10_01_800.csv,BI,376,0.0679506619085077,136.30542212724686
10_01_800.csv,BI,377,0.0681258302725441,136.24454072093852
10_01_800.csv,BI,378,0.0683009679579985,136.1836459601211
10_01_800.csv,BI,379,0.0684760680181451,136.12278592707497
10_01_800.csv,BI,380,0.0686511443798803,136.06176643346117
10_01_800.csv,BI,381,0.0688261900952483,136.00075809572172
10_01_800.csv,BI,382,0.0690012051749765,135.93967101670097
10_01_800.csv,BI,383,0.0691761896297862,135.87842341215023
10_01_800.csv,BI,384,0.0693511434703935,135.81703156796544
10_01_800.csv,BI,385,0.0695260597573401,135.75578891413397
10_01_800.csv,BI,386,0.069700952402883,135.69433750648784
10_01_800.csv,BI,387,0.069875814466337,135.63258630920473
10_01_800.csv,BI,388,0.0700506459583954,135.57089523277205
10_01_800.csv,BI,389,0.0702254468897461,135.509043344706
10_01_800.csv,BI,390,0.0704002172710713,135.44716973602146
10_01_800.csv,BI,391,0.0705749501701652,135.38542084233768
10_01_800.csv,BI,392,0.0707496594846765,135.32356934143024
10_01_800.csv,BI,393,0.070924338281175,135.26163882458206
10_01_800.csv,BI,394,0.0710989865703204,135.19954735018823
10_01_800.csv,BI,395,0.071273604362767,135.13747509593736
10_01_800.csv,BI,396,0.0714481847323413,135.0753310116727
10_01_800.csv,BI,397,0.0716227415645415,135.0131087546415
10_01_800.csv,BI,398,0.0717972679319718,134.95088933458192
10_01_800.csv,BI,399,0.0719717638452642,134.88850879389815
10_01_800.csv,BI,400,0.0721462293150451,134.8258932624076
10_01_800.csv,BI,401,0.0723206643519351,134.76337069678686
10_01_800.csv,BI,402,0.0724950620369858,134.70083358860575
10_01_800.csv,BI,403,0.0726694362411429,134.63807870237633
10_01_800.csv,BI,404,0.072843780044238,134.57550709402028
10_01_800.csv,BI,405,0.0730180934568697,134.51261822852672
10_01_800.csv,BI,406,0.0731923764896312,134.44987985453747
10_01_800.csv,BI,407,0.07336662915311,134.3871114424582
10_01_800.csv,BI,408,0.073540844535567,134.32432848567828
10_01_800.csv,BI,409,0.0737150364934265,134.2614178704448
10_01_800.csv,BI,410,0.0738891981137323,134.19833754245758
10_01_800.csv,BI,411,0.0740633294070498,134.13520245141945
10_01_800.csv,BI,412,0.074237430383939,134.07195506311234
10_01_800.csv,BI,413,0.0744114941386575,134.00875878308204
10_01_800.csv,BI,414,0.0745855345155513,133.9452867007007
10_01_800.csv,BI,415,0.074759544607663,133.88198994922362
10_01_800.csv,BI,416,0.0749335244255304,133.8186795056336
10_01_800.csv,BI,417,0.0751074739796861,133.75543762338697
10_01_800.csv,BI,418,0.0752813932806568,133.69214919113273
10_01_800.csv,BI,419,0.0754552754298826,133.62854177454142
10_01_800.csv,BI,420,0.0756291342572432,133.56469935829955
10_01_800.csv,BI,421,0.0758029628629662,133.50094188943194
10_01_800.csv,BI,422,0.0759767612575566,133.43715418506235
10_01_800.csv,BI,423,0.0761505294515137,133.3734021097539
10_01_800.csv,BI,424,0.0763242674553315,133.3096198218318
10_01_800.csv,BI,425,0.0764979683776177,133.24576522199249
10_01_800.csv,BI,426,0.0766716460338158,133.1818483660337
10_01_800.csv,BI,427,0.0768452935313235,133.1178600777498
10_01_800.csv,BI,428,0.0770189108806129,133.0538250563518
10_01_800.csv,BI,429,0.0771924980921507,132.98971856829615
10_01_800.csv,BI,430,0.0773660482805059,132.92557264782056
10_01_800.csv,BI,431,0.0775395752491152,132.86128194582807
10_01_800.csv,BI,432,0.0777130721113399,132.79692794444452
10_01_800.csv,BI,433,0.0778865388776249,132.73241990537326
10_01_800.csv,BI,434,0.0780599755584097,132.66788974513702
10_01_800.csv,BI,435,0.0782333821641282,132.60346122157534
10_01_800.csv,BI,436,0.0784067518164897,132.53914174199537
10_01_800.csv,BI,437,0.0785800983045504,132.4747681440537
10_01_800.csv,BI,438,0.078753414748814,132.4103064831371
10_01_800.csv,BI,439,0.0789267011596929,132.3457567292046
10_01_800.csv,BI,440,0.0790999575475942,132.2811849113279
10_01_800.csv,BI,441,0.0792731839229193,132.2164588926849
10_01_800.csv,BI,442,0.0794463734145029,132.15176768524452
10_01_800.csv,BI,443,0.0796195397970503,132.0869479091508
10_01_800.csv,BI,444,0.0797926761981934,132.021874656225
10_01_800.csv,BI,445,0.079965782628312,131.9567213659692
10_01_800.csv,BI,446,0.0801388590977808,131.8915045445783
10_01_800.csv,BI,447,0.0803119056169689,131.82641432514765
10_01_800.csv,BI,448,0.0804849153218217,131.76128450677078
10_01_800.csv,BI,449,0.0806579019727236,131.6961665189071
10_01_800.csv,BI,450,0.0808308587044196,131.6309933030742
10_01_800.csv,BI,451,0.0810037855272574,131.56583930451978
10_01_800.csv,BI,452,0.0811766824515794,131.50063007799616
10_01_800.csv,BI,453,0.0813495426192452,131.43548884765323
10_01_800.csv,BI,454,0.0815223797787279,131.37023536795925
10_01_800.csv,BI,455,0.081695187070689,131.30467827915845
10_01_800.csv,BI,456,0.0818679645054494,131.23909896905593
10_01_800.csv,BI,457,0.0820407120933247,131.1737044846377
10_01_800.csv,BI,458,0.082213429844625,131.10819674450568
10_01_800.csv,BI,459,0.0823861109082939,131.04264936773262
10_01_800.csv,BI,460,0.0825587690185379,130.97702271889762
10_01_800.csv,BI,461,0.082731397323105,130.9112992976556
10_01_800.csv,BI,462,0.082903995832284,130.84569458004262
10_01_800.csv,BI,463,0.0830765645563584,130.77975267731006
10_01_800.csv,BI,464,0.0832491035056065,130.71394605878822
10_01_800.csv,BI,465,0.083421605836041,130.6482573285075
10_01_800.csv,BI,466,0.0835940852676316,130.5824063395139
10_01_800.csv,BI,467,0.0837665349551981,130.51645019913065
10_01_800.csv,BI,468,0.0839389549089973,130.45038886873365
10_01_800.csv,BI,469,0.0841113451392809,130.38433019505976
10_01_800.csv,BI,470,0.0842836988079417,130.31812389733074
10_01_800.csv,BI,471,0.0844560296231078,130.2519543391699
10_01_800.csv,BI,472,0.084628330745481,130.18552174788243
10_01_800.csv,BI,473,0.0848006021852917,130.11899209522352
10_01_800.csv,BI,474,0.084972843952765,130.05254807944306
10_01_800.csv,BI,475,0.0851450560581208,129.9864140619618
10_01_800.csv,BI,476,0.0853172316702946,129.9201323411006
10_01_800.csv,BI,477,0.0854893844832316,129.85383760011246
10_01_800.csv,BI,478,0.0856615076646788,129.78742921717196
10_01_800.csv,BI,479,0.0858336012248347,129.72067438035083
10_01_800.csv,BI,480,0.086005665173893,129.65426303916183
10_01_800.csv,BI,481,0.0861776995220419,129.5875550516403
10_01_800.csv,BI,482,0.086349697445245,129.5207074272243
10_01_800.csv,BI,483,0.0865216726232941,129.45416278283517
10_01_800.csv,BI,484,0.0866936182309666,129.3874877471115
10_01_800.csv,BI,485,0.0868655342784298,129.32079045146173
10_01_800.csv,BI,486,0.0870374207758456,129.25411251614054
10_01_800.csv,BI,487,0.0872092709050235,129.18746140938356
10_01_800.csv,BI,488,0.087381098333983,129.12078064373668
10_01_800.csv,BI,489,0.0875528962433493,129.05404435400385
10_01_800.csv,BI,490,0.0877246646432636,128.9873274875422
10_01_800.csv,BI,491,0.0878964035438616,128.9201385797362
10_01_800.csv,BI,492,0.088068112955274,128.85316060873947
10_01_800.csv,BI,493,0.0882397860663119,128.78638448730874
10_01_800.csv,BI,494,0.0884114365308949,128.7195287155505
10_01_800.csv,BI,495,0.0885830575366524,128.6526840853557
10_01_800.csv,BI,496,0.0887546490936943,128.58570054322325
10_01_800.csv,BI,497,0.088926211212125,128.5187865065688
10_01_800.csv,BI,498,0.0890977439020441,128.4517335179221
10_01_800.csv,BI,499,0.0892692403592498,128.38518296441293
10_01_800.csv,BI,500,0.089440714223591,128.31844438377163
10_01_800.csv,BI,501,0.0896121586896871,128.25162529945374
10_01_800.csv,BI,502,0.0897835737676166,128.1846756092251
10_01_800.csv,BI,503,0.0899549594674529,128.11783733941502
10_01_800.csv,BI,504,0.0901263089908063,128.0509260144304
10_01_800.csv,BI,505,0.0902976359658222,127.98400180968348
10_01_800.csv,BI,506,0.0904689335929338,127.91698034329488
10_01_800.csv,BI,507,0.0906402018821937,127.84967780979856
10_01_800.csv,BI,508,0.0908114408436496,127.78216927242232
10_01_800.csv,BI,509,0.0909826504873438,127.71467189949732
10_01_800.csv,BI,510,0.0911538240218479,127.64709291152008
10_01_800.csv,BI,511,0.0913249750612894,127.57984360853766
10_01_800.csv,BI,512,0.0914960968130652,127.51225447542038
10_01_800.csv,BI,513,0.0916671892871969,127.44453439879068
10_01_800.csv,BI,514,0.0918382524937014,127.37695931429856
10_01_800.csv,BI,515,0.0920092864425901,127.3095962294866
10_01_800.csv,BI,516,0.0921802843493815,127.24203446497478
10_01_800.csv,BI,517,0.0923512598142142,127.17443464785924
10_01_800.csv,BI,518,0.0925222060514345,127.10710556054865
10_01_800.csv,BI,519,0.0926931230710333,127.03968743036144
10_01_800.csv,BI,520,0.0928640108829965,126.97216348359666
10_01_800.csv,BI,521,0.093034862708621,126.90465004576208
10_01_800.csv,BI,522,0.0932056921364099,126.83686412245822
10_01_800.csv,BI,523,0.0933764923864896,126.76897224953882
10_01_800.csv,BI,524,0.0935472634688258,126.70115031697252
10_01_800.csv,BI,525,0.0937180053933786,126.63339837625811
10_01_800.csv,BI,526,0.0938887181701033,126.56530583865356
10_01_800.csv,BI,527,0.0940593950272177,126.49699741515616
10_01_800.csv,BI,528,0.0942300495392887,126.42896934086986
10_01_800.csv,BI,529,0.0944006749333662,126.3608100655793
10_01_800.csv,BI,530,0.0945712712193851,126.29310656724324
10_01_800.csv,BI,531,0.0947418384072751,126.22520486465334
10_01_800.csv,BI,532,0.094912376506961,126.15751593278968
10_01_800.csv,BI,533,0.0950828787535675,126.089636301396
10_01_800.csv,BI,534,0.0952533587077537,126.0215675980021
10_01_800.csv,BI,535,0.0954238096034789,125.95356068486092
10_01_800.csv,BI,536,0.0955942314506476,125.8856491880524
10_01_800.csv,BI,537,0.095764624259159,125.81753930674552
10_01_800.csv,BI,538,0.095934981269883,125.74933927243848
10_01_800.csv,BI,539,0.0961053160319105,125.68090797493352
10_01_800.csv,BI,540,0.0962756217849481,125.61291649464266
10_01_800.csv,BI,541,0.0964458985388748,125.5449701839692
10_01_800.csv,BI,542,0.0966161463035648,125.47711109804352
10_01_800.csv,BI,543,0.0967863650888869,125.409171202312
10_01_800.csv,BI,544,0.0969565481425923,125.34150268226824
10_01_800.csv,BI,545,0.0971267089999163,125.27369541611006
10_01_800.csv,BI,546,0.0972968409074491,125.20595031643052
10_01_800.csv,BI,547,0.0974669438750394,125.13803193773036
10_01_800.csv,BI,548,0.0976370179125311,125.07015891604544
10_01_800.csv,BI,549,0.0978070630297632,125.00235652994434
10_01_800.csv,BI,550,0.0979770724813537,124.93383300090642
10_01_800.csv,BI,551,0.098147059788711,124.86549861253422
10_01_800.csv,BI,552,0.0983170182052946,124.79748731354864
10_01_800.csv,BI,553,0.0984869477409234,124.72941200849914
10_01_800.csv,BI,554,0.098656848405411,124.66151687377396
10_01_800.csv,BI,555,0.0988267134590878,124.59389381659548
10_01_800.csv,BI,556,0.0989965564118609,124.52632566740704
10_01_800.csv,BI,557,0.0991663705229039,124.45789332886068
10_01_800.csv,BI,558,0.0993361558020106,124.39035744968125
10_01_800.csv,BI,559,0.0995059122589697,124.32281674660658
10_01_800.csv,BI,560,0.0996756399035652,124.25493407049272
10_01_800.csv,BI,561,0.0998453320029691,124.18709622733246
10_01_800.csv,BI,562,0.1000150020533127,124.11861351429934
10_01_800.csv,BI,563,0.100184643320614,124.05016788086476
10_01_800.csv,BI,564,0.1003542558146367,123.98202927408111
10_01_800.csv,BI,565,0.1005238395451399,123.91422317422008
10_01_800.csv,BI,566,0.1006933945218775,123.84642069811082
10_01_800.csv,BI,567,0.1008629140188495,123.77799653844158
10_01_800.csv,BI,568,0.1010324115184397,123.70988051728204
10_01_800.csv,BI,569,0.1012018802934963,123.64236743933157
10_01_800.csv,BI,570,0.1013713203537534,123.5746470643229
10_01_800.csv,BI,571,0.1015407317089402,123.50693886657156
10_01_800.csv,BI,572,0.1017101143687809,123.4386431861559
10_01_800.csv,BI,573,0.1018794616140895,123.37055298851442
10_01_800.csv,BI,574,0.1020487869135306,123.30258556392975
10_01_800.csv,BI,575,0.1022180835467684,123.23437678705336
10_01_800.csv,BI,576,0.1023873515235077,123.16628153201896
10_01_800.csv,BI,577,0.1025565908534479,123.09794483027838
10_01_800.csv,BI,578,0.1027257948230708,123.0301013149574
10_01_800.csv,BI,579,0.1028949768896294,122.96193265271644
10_01_800.csv,BI,580,0.1030641303384579,122.89279508338608
10_01_800.csv,BI,581,0.1032332551792363,122.8239569942814
10_01_800.csv,BI,582,0.1034023514216395,122.75628152598802
10_01_800.csv,BI,583,0.1035714190753378,122.6886861537306
10_01_800.csv,BI,584,0.1037404514336015,122.6205438194076
10_01_800.csv,BI,585,0.1039094619400154,122.55257541809368
10_01_800.csv,BI,586,0.1040784438867049,122.4845855050154
10_01_800.csv,BI,587,0.1042473972833205,122.41589667052324
10_01_800.csv,BI,588,0.1044163221395078,122.34771118846304
10_01_800.csv,BI,589,0.1045852184649075,122.27888580693708
10_01_800.csv,BI,590,0.1047540795595654,122.21050380859616
10_01_800.csv,BI,591,0.1049229188534255,122.14260096791212
10_01_800.csv,BI,592,0.1050917296453906,122.07464280770978
10_01_800.csv,BI,593,0.105260511945082,122.0066462676291
10_01_800.csv,BI,594,0.105429265762116,121.93797551678928
10_01_800.csv,BI,595,0.1055979844021737,121.86992671713574
10_01_800.csv,BI,596,0.1057666812838534,121.80226437835614
10_01_800.csv,BI,597,0.1059353497116951,121.73393612769434
10_01_800.csv,BI,598,0.106103989695296,121.66503496079171
10_01_800.csv,BI,599,0.1062726012442478,121.59657029899664
10_01_800.csv,BI,600,0.106441184368138,121.52765131989764
10_01_800.csv,BI,601,0.1066097323793977,121.45941434747874
10_01_800.csv,BI,602,0.1067782586830353,121.39151331527636
10_01_800.csv,BI,603,0.1069467565903432,121.32326834880666
10_01_800.csv,BI,604,0.1071152261108895,121.25381310600004
10_01_800.csv,BI,605,0.107283667254237,121.1857120042198
10_01_800.csv,BI,606,0.1074520800299439,121.11815873186085
10_01_800.csv,BI,607,0.1076204577571781,121.05029464613966
10_01_800.csv,BI,608,0.1077888138273854,120.9825121206627
10_01_800.csv,BI,609,0.1079571415585973,120.91407947424295
10_01_800.csv,BI,610,0.1081254409603527,120.84588895407931
10_01_800.csv,BI,611,0.1082937120421855,120.77748158914812
10_01_800.csv,BI,612,0.1084619481288672,120.70826123753432
10_01_800.csv,BI,613,0.1086301626005624,120.6399130826012
10_01_800.csv,BI,614,0.1087983487809082,120.5718838623767
10_01_800.csv,BI,615,0.1089665066794191,120.50349313452853
10_01_800.csv,BI,616,0.1091346363056055,120.43494495150412
10_01_800.csv,BI,617,0.1093027376689723,120.36699669140648
10_01_800.csv,BI,618,0.1094708041010027,120.29796248847084
10_01_800.csv,BI,619,0.1096388489683493,120.22916300269458
10_01_800.csv,BI,620,0.109806865601363,120.16077637567196
10_01_800.csv,BI,621,0.10997485400953,120.09279431425269
10_01_800.csv,BI,622,0.1101428142023314,120.02520000182216
10_01_800.csv,BI,623,0.1103107461892439,119.9572013656064
10_01_800.csv,BI,624,0.1104786433084487,119.88949610642273
10_01_800.csv,BI,625,0.1106465189131136,119.82196667909818
10_01_800.csv,BI,626,0.1108143663402901,119.7535725235939
10_01_800.csv,BI,627,0.1109821855994356,119.68566867759772
10_01_800.csv,BI,628,0.1111499767000029,119.6171555069384
10_01_800.csv,BI,629,0.1113177329857449,119.54902967033688
10_01_800.csv,BI,630,0.1114854677986127,119.48071298775596
10_01_800.csv,BI,631,0.1116531744812314,119.4118633555205
10_01_800.csv,BI,632,0.1118208530430347,119.3437006031885
10_01_800.csv,BI,633,0.1119885034934515,119.27610562256224
10_01_800.csv,BI,634,0.112156125841906,119.20866050354364
10_01_800.csv,BI,635,0.1123237134388249,119.14018652814208
10_01_800.csv,BI,636,0.1124912796127242,119.07216181563706
10_01_800.csv,BI,637,0.1126588177129051,119.0043296364188
10_01_800.csv,BI,638,0.1128263277487727,118.93623744865954
10_01_800.csv,BI,639,0.1129938097297276,118.86861975372176
10_01_800.csv,BI,640,0.1131612636651655,118.8008445864449
10_01_800.csv,BI,641,0.1133286829121737,118.7333127039352
10_01_800.csv,BI,642,0.1134960807858599,118.66490625164148
10_01_800.csv,BI,643,0.1136634506421881,118.59644460142528
10_01_800.csv,BI,644,0.113830792490535,118.52862022669888
10_01_800.csv,BI,645,0.113998106340273,118.46099737936332
10_01_800.csv,BI,646,0.1141653855540292,118.393353034425
10_01_800.csv,BI,647,0.1143326434357589,118.32575719865588
10_01_800.csv,BI,648,0.1144998733469678,118.25824334291065
10_01_800.csv,BI,649,0.1146670752970094,118.19061472656232
10_01_800.csv,BI,650,0.1148342492952325,118.12207543162162
10_01_800.csv,BI,651,0.115001395350981,118.05456796058922
10_01_800.csv,BI,652,0.1151685068335182,117.98684220617751
10_01_800.csv,BI,653,0.1153355970334406,117.91847153703742
10_01_800.csv,BI,654,0.1155026593188923,117.85052529996892
10_01_800.csv,BI,655,0.1156696936991986,117.78195023369284
10_01_800.csv,BI,656,0.1158367001836802,117.71397959645674
10_01_800.csv,BI,657,0.1160036787816531,117.64607393380106
10_01_800.csv,BI,658,0.1161706228690032,117.5779240203268
10_01_800.csv,BI,659,0.1163375457229953,117.51046551236414
10_01_800.csv,BI,660,0.1165044407183983,117.44350083154109
10_01_800.csv,BI,661,0.1166713078645097,117.37632721000978
10_01_800.csv,BI,662,0.1168381471706222,117.3086873087683
10_01_800.csv,BI,663,0.1170049520181305,117.2408974584335
10_01_800.csv,BI,664,0.11717173567321,117.17350813433536
10_01_800.csv,BI,665,0.1173384915161404,117.10556647620308
10_01_800.csv,BI,666,0.1175052195561959,117.03831642152755
10_01_800.csv,BI,667,0.1176719198026459,116.9714493746535
10_01_800.csv,BI,668,0.117838585642385,116.90452700655987
10_01_800.csv,BI,669,0.1180052303305177,116.8369499049826
10_01_800.csv,BI,670,0.1181718472528252,116.76875132750683
10_01_800.csv,BI,671,0.1183384364185585,116.69962181587492
10_01_800.csv,BI,672,0.1185049978369641,116.63218923539988
10_01_800.csv,BI,673,0.1186715315172836,116.56410059736356
10_01_800.csv,BI,674,0.1188380374687541,116.49758954196432
10_01_800.csv,BI,675,0.1190045157006082,116.431350650711
10_01_800.csv,BI,676,0.1191709662220737,116.3648425894496
10_01_800.csv,BI,677,0.119337389042374,116.29752366353466
10_01_800.csv,BI,678,0.1195037709480234,116.2304924704631
10_01_800.csv,BI,679,0.1196701383958441,116.16297830860913
10_01_800.csv,BI,680,0.1198364781701411,116.09547825378024
10_01_800.csv,BI,681,0.1200027902801191,116.028284800273
10_01_800.csv,BI,682,0.1201690747349785,115.96125185472022
10_01_800.csv,BI,683,0.1203353315439151,115.8928908459552
10_01_800.csv,BI,684,0.1205015607161198,115.82550765023166
10_01_800.csv,BI,685,0.1206677622607793,115.757011058613
10_01_800.csv,BI,686,0.1208339361870755,115.68977669576088
10_01_800.csv,BI,687,0.1210000825041858,115.62321967607976
10_01_800.csv,BI,688,0.121166201221283,115.5564619115694
10_01_800.csv,BI,689,0.1213322791489868,115.48864904705364
10_01_800.csv,BI,690,0.1214983426957495,115.42149800992549
10_01_800.csv,BI,691,0.1216643786699894,115.35376684965117
10_01_800.csv,BI,692,0.1218303870808609,115.2865669978246
10_01_800.csv,BI,693,0.1219963679375142,115.22036417605432
10_01_800.csv,BI,694,0.1221623212490946,115.1540899234028
10_01_800.csv,BI,695,0.1223282470247429,115.08684751278396
10_01_800.csv,BI,696,0.1224941452735956,115.01984378042062
10_01_800.csv,BI,697,0.1226600160047844,114.95363086130624
10_01_800.csv,BI,698,0.1228258592274365,114.88729475826632
10_01_800.csv,BI,699,0.1229916749506746,114.82017970433289
10_01_800.csv,BI,700,0.1231574500091361,114.75287060823382
10_01_800.csv,BI,701,0.1233232107630799,114.68600908887448
10_01_800.csv,BI,702,0.1234889440449498,114.6187133866738
10_01_800.csv,BI,703,0.1236546498638505,114.5524769150743
10_01_800.csv,BI,704,0.123820328228882,114.48594451289216
10_01_800.csv,BI,705,0.1239859791491398,114.41955650729368
10_01_800.csv,BI,706,0.1241516026337149,114.35361531078956
10_01_800.csv,BI,707,0.1243171986916937,114.28716219315902
10_01_800.csv,BI,708,0.1244827673321583,114.2207585638754
10_01_800.csv,BI,709,0.1246483085641862,114.15411062687532
10_01_800.csv,BI,710,0.1248138223968502,114.085800720007
10_01_800.csv,BI,711,0.1249793088392188,114.01815355269493
10_01_800.csv,BI,712,0.1251447547520308,113.95196344690612
10_01_800.csv,BI,713,0.1253101864431709,113.8861012610987
10_01_800.csv,BI,714,0.1254755907711933,113.82037538614895
10_01_800.csv,BI,715,0.1256409677451483,113.75431011071282
10_01_800.csv,BI,716,0.125806317374082,113.6882340642826
10_01_800.csv,BI,717,0.1259716396670359,113.6219309144227
10_01_800.csv,BI,718,0.1261369346330468,113.55495915379242
10_01_800.csv,BI,719,0.1263022022811475,113.48811486298077
10_01_800.csv,BI,720,0.1264674426203658,113.42069682671854
10_01_800.csv,BI,721,0.1266326556597254,113.35396038224816
10_01_800.csv,BI,722,0.1267978414082454,113.28622568756693
10_01_800.csv,BI,723,0.1269629867505003,113.2188160963392
10_01_800.csv,BI,724,0.1271281179465475,113.15207264002902
10_01_800.csv,BI,725,0.1272932218787849,113.08619347184822
10_01_800.csv,BI,726,0.1274582985562136,113.01941973121644
10_01_800.csv,BI,727,0.1276233479878304,112.95197635556929
10_01_800.csv,BI,728,0.1277883701826278,112.88546686195956
10_01_800.csv,BI,729,0.1279533651495935,112.8187298386274
10_01_800.csv,BI,730,0.128118332897711,112.7525283437592
10_01_800.csv,BI,731,0.1282832734359593,112.6859866158452
10_01_800.csv,BI,732,0.1284481867733129,112.61817626485424
10_01_800.csv,BI,733,0.1286130729187418,112.55104021958368
10_01_800.csv,BI,734,0.1287779187805702,112.48504596383692
10_01_800.csv,BI,735,0.1289427505712018,112.41869549086609
10_01_800.csv,BI,736,0.1291075551967918,112.35171805742448
10_01_800.csv,BI,737,0.1292723326662926,112.28481662972116
10_01_800.csv,BI,738,0.129437082988652,112.21827782074342
10_01_800.csv,BI,739,0.1296018061728138,112.15137227420428
10_01_800.csv,BI,740,0.1297665022277169,112.08449940368835
10_01_800.csv,BI,741,0.129931171162296,112.01733778423431
10_01_800.csv,BI,742,0.1300958129854815,111.95039996190508
10_01_800.csv,BI,743,0.1302604277061992,111.883903332008
10_01_800.csv,BI,744,0.1304250153333705,111.81731789814694
10_01_800.csv,BI,745,0.1305895758759126,111.75060885550045
10_01_800.csv,BI,746,0.1307540962679599,111.68362687948672
10_01_800.csv,BI,747,0.1309186026701276,111.61537466759272
10_01_800.csv,BI,748,0.1310830820143902,111.54749406423218
10_01_800.csv,BI,749,0.131247534309647,111.48044633592303
10_01_800.csv,BI,750,0.1314119595647931,111.4119348837596
10_01_800.csv,BI,751,0.1315763577887192,111.34501349925996
10_01_800.csv,BI,752,0.1317407289903117,111.2783600169389
10_01_800.csv,BI,753,0.1319050731784525,111.21136522296706
10_01_800.csv,BI,754,0.132069390362019,111.14442075848469
10_01_800.csv,BI,755,0.1322336805498845,111.07775307012162
10_01_800.csv,BI,756,0.1323979437509178,111.0101604066399
10_01_800.csv,BI,757,0.132562166922824,110.94290395295845
10_01_800.csv,BI,758,0.1327263761789248,110.87538563817544
10_01_800.csv,BI,759,0.1328905584747728,110.80791759136844
10_01_800.csv,BI,760,0.1330547138192194,110.74077873604848
10_01_800.csv,BI,761,0.1332188422211117,110.67134555661494
10_01_800.csv,BI,762,0.1333829436892921,110.6033656831778
10_01_800.csv,BI,763,0.133547018232599,110.53595046198632
10_01_800.csv,BI,764,0.1337110658598664,110.46830658525982
10_01_800.csv,BI,765,0.1338750865799237,110.40032928662843
10_01_800.csv,BI,766,0.1340390804015963,110.33289951320783
10_01_800.csv,BI,767,0.134203047333705,110.26568599191933
10_01_800.csv,BI,768,0.1343669873850663,110.19851431098893
10_01_800.csv,BI,769,0.134530887539002,110.1304578993404
10_01_800.csv,BI,770,0.1346947738574356,110.06253182364674
10_01_800.csv,BI,771,0.1348586333215447,109.99531096416148
10_01_800.csv,BI,772,0.1350224659401288,109.9273810457206
10_01_800.csv,BI,773,0.1351862717219825,109.85944043353264
10_01_800.csv,BI,774,0.1353500506758966,109.79084273286789
10_01_800.csv,BI,775,0.1355138028106574,109.72328253715614
10_01_800.csv,BI,776,0.1356775281350467,109.65463702601824
10_01_800.csv,BI,777,0.1358412266578421,109.5869944138558
10_01_800.csv,BI,778,0.1360048983878171,109.51911399899086
10_01_800.csv,BI,779,0.1361685433337406,109.45071592378554
10_01_800.csv,BI,780,0.1363321485023281,109.38037329236886
10_01_800.csv,BI,781,0.1364957399085654,109.310895217493
10_01_800.csv,BI,782,0.1366593045570318,109.24164221003184
10_01_800.csv,BI,783,0.1368228424564791,109.1731217816008
10_01_800.csv,BI,784,0.1369863536156548,109.10370690135504
10_01_800.csv,BI,785,0.1371498380433022,109.03470103084317
10_01_800.csv,BI,786,0.1373132957481602,108.96537793992138
10_01_800.csv,BI,787,0.1374767267389635,108.8956411954258
10_01_800.csv,BI,788,0.1376401310244425,108.8247376607178
10_01_800.csv,BI,789,0.1378035086133232,108.75334979562774
10_01_800.csv,BI,790,0.1379668595143276,108.6814073124492
10_01_800.csv,BI,791,0.1381301707574806,108.61087067176004
10_01_800.csv,BI,792,0.1382934683109997,108.53894866138704
10_01_800.csv,BI,793,0.1384567392027816,108.46683088626833
10_01_800.csv,BI,794,0.138619983441531,108.39449097349382
10_01_800.csv,BI,795,0.1387832010359483,108.32193759386972
10_01_800.csv,BI,796,0.1389463919947299,108.2471104942532
10_01_800.csv,BI,797,0.1391095563265677,108.17295465144502
10_01_800.csv,BI,798,0.1392726940401494,108.09780420145388
10_01_800.csv,BI,799,0.1394358051441584,108.0219481133172
10_01_800.csv,BI,800,0.139598889647274,107.9450965682678
10_01_800.csv,BI,801,0.1397619475581712,107.86633661864288
10_01_800.csv,BI,802,0.1399249788855207,107.78326293185556
10_01_800.csv,BI,803,0.1400879706846814,107.68870148355644
10_01_800.csv,BI,804,0.1402509488730417,107.60474393034087
10_01_800.csv,BI,805,0.1404139005038403,107.53242128171792
10_01_800.csv,BI,806,0.1405768255857311,107.51728606124608
10_01_800.csv,BI,807,0.1407397241273635,107.47790959545262
10_01_800.csv,BI,808,0.140902596137383,107.42603279144942
10_01_800.csv,BI,809,0.1410654416244307,107.36911701156578
10_01_800.csv,BI,810,0.1412282605971433,107.30868868734888
10_01_800.csv,BI,811,0.1413910530641537,107.24608190759398
10_01_800.csv,BI,812,0.1415538190340902,107.18340511031874
10_01_800.csv,BI,813,0.1417165585155771,107.11825833928252
10_01_800.csv,BI,814,0.1418792585871092,107.05397133696908
10_01_800.csv,BI,815,0.1420419451196562,106.98991415049431
10_01_800.csv,BI,816,0.1422046051896003,106.92512683554844
10_01_800.csv,BI,817,0.142367238805549,106.86085817905224
10_01_800.csv,BI,818,0.1425298459761056,106.7963166160672
10_01_800.csv,BI,819,0.142692426709869,106.73297155176648
10_01_800.csv,BI,820,0.142854981015434,106.66996108630065
10_01_800.csv,BI,821,0.1430175089013914,106.60534006213902
10_01_800.csv,BI,822,0.1431800103763275,106.54167842938818
10_01_800.csv,BI,823,0.1433424854488246,106.47822822032822
10_01_800.csv,BI,824,0.1435049341274609,106.41499835753687
10_01_800.csv,BI,825,0.1436673435137844,106.35197878035422
10_01_800.csv,BI,826,0.1438297394325123,106.28883758753614
10_01_800.csv,BI,827,0.1439921089830877,106.22556454715424
10_01_800.csv,BI,828,0.1441544521740721,106.1624768550996
10_01_800.csv,BI,829,0.1443167690140228,106.09935426791937
10_01_800.csv,BI,830,0.1444790595114926,106.03620559661044
10_01_800.csv,BI,831,0.1446413236750306,105.97326007586844
10_01_800.csv,BI,832,0.1448035615131815,105.91016509129076
10_01_800.csv,BI,833,0.1449657730344857,105.84544771291836
10_01_800.csv,BI,834,0.1451279582474798,105.78126831158102
10_01_800.csv,BI,835,0.1452901171606959,105.71813004108412
10_01_800.csv,BI,836,0.1454522497826621,105.65422452701524
10_01_800.csv,BI,837,0.1456143432399823,105.59099739822705
10_01_800.csv,BI,838,0.1457764233071044,105.5288930561302
10_01_800.csv,BI,839,0.1459384771085354,105.46581842271917
10_01_800.csv,BI,840,0.1461005046527869,105.40239111035136
10_01_800.csv,BI,841,0.1462625059483662,105.3399267828388
10_01_800.csv,BI,842,0.1464244810037766,105.27759567009662
10_01_800.csv,BI,843,0.1465864298275173,105.21543318491376
10_01_800.csv,BI,844,0.1467483524280832,105.15340408044176
10_01_800.csv,BI,845,0.1469102488139652,105.09155261766
10_01_800.csv,BI,846,0.1470721189936501,105.02961374997142
10_01_800.csv,BI,847,0.1472339629756205,104.96763164537153
10_01_800.csv,BI,848,0.1473957679093625,104.9058436543146
10_01_800.csv,BI,849,0.1475575595234156,104.8437839322512
10_01_800.csv,BI,850,0.1477193249651768,104.78165441869214
10_01_800.csv,BI,851,0.1478810642431121,104.71870323919234
10_01_800.csv,BI,852,0.1480427773656838,104.65671705298725
10_01_800.csv,BI,853,0.1482044643413496,104.5947318879888
10_01_800.csv,BI,854,0.1483661251785636,104.5333937793921
10_01_800.csv,BI,855,0.1485277598857753,104.47018050372183
10_01_800.csv,BI,856,0.1486893684714307,104.4082337951047
10_01_800.csv,BI,857,0.1488509509439711,104.3469610679789
10_01_800.csv,BI,858,0.149012507311834,104.28471556759632
10_01_800.csv,BI,859,0.1491740247473068,104.22352369804752
10_01_800.csv,BI,860,0.1493355289331839,104.16146642931436
10_01_800.csv,BI,861,0.1494970070396709,104.10042911698748
10_01_800.csv,BI,862,0.1496584590751888,104.03929577329598
10_01_800.csv,BI,863,0.1498198850481547,103.9782436138155
10_01_800.csv,BI,864,0.1499812849669816,103.91716632293368
10_01_800.csv,BI,865,0.1501426588400785,103.8560816313634
10_01_800.csv,LI-WARM,1,0.0,0.0
10_01_800.csv,LI-WARM,2,0.0059820717293904,135.75248227632494
10_01_800.csv,LI-WARM,3,0.011928570968345,148.4705113678421
10_01_800.csv,LI-WARM,4,0.0178399173671714,149.6615799336911
10_01_800.csv,LI-WARM,5,0.0237165268210428,149.49296878045573
10_01_800.csv,LI-WARM,6,0.0295588015905227,148.72913320395537
10_01_800.csv,LI-WARM,7,0.0353671423414218,147.6301420521138
10_01_800.csv,LI-WARM,8,0.0411419427877547,146.31442628157373
10_01_800.csv,LI-WARM,9,0.046883586296973,144.8409847988754
10_01_800.csv,LI-WARM,10,0.0525924514481166,143.2497873607814
10_01_800.csv,LI-WARM,11,0.0582689068587828,141.55939618320474
10_01_800.csv,LI-WARM,12,0.063913325408167,139.78344654734292
10_01_800.csv,LI-WARM,13,0.0695260597573401,137.93732919102968
10_01_800.csv,LI-WARM,14,0.0751074739796861,136.0253961228695
10_01_800.csv,LI-WARM,15,0.0806579019727236,134.05233155550803
10_01_800.csv,LI-WARM,16,0.0861776995220419,132.0227576963489
10_01_800.csv,LI-WARM,17,0.0916671892871969,129.94402347540074
10_01_800.csv,LI-WARM,18,0.0971267089999163,127.82944387054886
10_01_800.csv,LI-WARM,19,0.1025565908534479,125.68799796793049
10_01_800.csv,LI-WARM,20,0.1079571415585973,123.53807166188336
10_01_800.csv,LI-WARM,21,0.1133286829121737,121.3868612815648
10_01_800.csv,LI-WARM,22,0.1186715315172836,119.23305873204993
10_01_800.csv,LI-WARM,23,0.1239859791491398,117.09241585008726
10_01_800.csv,LI-WARM,24,0.1292723326662926,114.9755764329484
10_01_800.csv,LI-WARM,25,0.134530887539002,112.88225652944902
10_01_800.csv,LI-WARM,26,0.1397619475581712,110.80951786253512
10_01_800.csv,LI-WARM,27,0.1449657730344857,108.7601513648326
10_01_800.csv,LI-WARM,28,0.1501426588400785,106.72667518417713
11_06_20.csv,BI,1,0.0,0.0
11_06_20.csv,BI,2,0.0001874824257014,12.81835719980898
11_06_20.csv,BI,3,0.0003749297083315,25.635706511819446
11_06_20.csv,BI,4,0.0005623418319753,38.45204466583655
11_06_20.csv,BI,5,0.0007497188970603,51.26737221369762
11_06_20.csv,BI,6,0.000937060800405,64.08169542893722
11_06_20.csv,BI,7,0.0011243676133349,76.895003414249
11_06_20.csv,BI,8,0.001311639407124,89.70730818780679
11_06_20.csv,BI,9,0.0014988761367548,102.51860648860884
11_06_20.csv,BI,10,0.0016860778153555,115.32888741711092
11_06_20.csv,BI,11,0.0018732443398492,128.13817062795587
11_06_20.csv,BI,12,0.0020603759557662,140.94644525561495
11_06_20.csv,BI,13,0.0022474724438391,153.7537080158419
11_06_20.csv,BI,14,0.0024345341656288,166.5599557092305
11_06_20.csv,BI,15,0.0026215606696539,179.36520030723696
11_06_20.csv,BI,16,0.0028085524334842,192.1694539475028
11_06_20.csv,BI,17,0.0029955090057975,204.97268269881053
11_06_20.csv,BI,18,0.0031824306318841,217.77491396468383
11_06_20.csv,BI,19,0.0033693175568537,230.57612925252437
11_06_20.csv,BI,20,0.0035561693296224,243.3763405270325
11_06_20.csv,BI,21,0.0037429861953284,256.17554460293644
11_06_20.csv,BI,22,0.0039297683989294,268.9737536256709
11_06_20.csv,BI,23,0.0041165154895796,281.7709336027366
11_06_20.csv,BI,24,0.0043032277122653,294.56714264752804
11_06_20.csv,BI,25,0.0044899050800047,307.3623162401645
11_06_20.csv,BI,26,0.0046765480692973,320.1565126058949
11_06_20.csv,BI,27,0.0048631557660827,332.9496669110731
11_06_20.csv,BI,28,0.0050497286469324,345.741837397933
11_06_20.csv,BI,29,0.0052362667248354,358.5329901786128
11_06_20.csv,BI,30,0.0054227700127735,371.3231527093976
11_06_20.csv,BI,31,0.0056092389867777,384.1122605796077
11_06_20.csv,BI,32,0.0057956727336157,396.9002795000391
11_06_20.csv,BI,33,0.0059820717293904,409.6870221770012
11_06_20.csv,BI,34,0.0061684359870545,422.47199394344216
11_06_20.csv,BI,35,0.0063547655195536,435.2542390841845
11_06_20.csv,BI,36,0.0065410603398257,448.031818203326
11_06_20.csv,BI,37,0.0067273209233412,460.80128522113137
11_06_20.csv,BI,38,0.0069135463578593,473.556609600153
11_06_20.csv,BI,39,0.0070997371189219,486.2887756480085
11_06_20.csv,BI,40,0.0072858932194383,498.985102610998
11_06_20.csv,BI,41,0.0074720146723108,511.6292414767596
11_06_20.csv,BI,42,0.0076581019525431,524.2009565466177
11_06_20.csv,BI,43,0.0078441541487192,536.676889815064
11_06_20.csv,BI,44,0.0080301712739777,549.0321589712759
11_06_20.csv,BI,45,0.0082161547270027,561.2432486323423
11_06_20.csv,BI,46,0.0084021035966148,573.2901330755815
11_06_20.csv,BI,47,0.0085880169723143,585.1568347669211
11_06_20.csv,BI,48,0.0087738967138422,596.8315529381603
11_06_20.csv,BI,49,0.0089597409874974,608.3066021223829
11_06_20.csv,BI,50,0.00914555165232,619.5786051399266
11_06_20.csv,BI,51,0.0093313277979533,630.6486164513198
11_06_20.csv,BI,52,0.0095170685147195,641.5222511375941
11_06_20.csv,BI,53,0.0097027756606084,652.2082734453647
11_06_20.csv,BI,54,0.0098884474035979,662.7177325888183
11_06_20.csv,BI,55,0.0100740856009782,673.0635380676483
11_06_20.csv,BI,56,0.0102596893432143,683.259408865539
11_06_20.csv,BI,57,0.0104452577214485,693.3204927312418
11_06_20.csv,BI,58,0.0106307925919229,703.2618889407695
11_06_20.csv,BI,59,0.0108162921242912,713.0981501851386
11_06_20.csv,BI,60,0.0110017581740972,722.8423615477263
11_06_20.csv,BI,61,0.011187189832626,732.5068135257175
11_06_20.csv,BI,62,0.0113725861918385,742.1001634747988
11_06_20.csv,BI,63,0.0115579491062325,751.6299658420289
11_06_20.csv,BI,64,0.0117432767471344,761.1033456788655
11_06_20.csv,BI,65,0.011928570968345,770.5246565735596
11_06_20.csv,BI,66,0.0121138299418591,779.8965845287564
11_06_20.csv,BI,67,0.0122990555207813,789.2203374263632
11_06_20.csv,BI,68,0.0124842467975419,798.4957622859533
11_06_20.csv,BI,69,0.0126694028652458,807.7244985891448
11_06_20.csv,BI,70,0.0128545255759542,816.90373788806
11_06_20.csv,BI,71,0.0130396131033302,826.0299865051875
11_06_20.csv,BI,72,0.01322466729874,835.0977102301083
11_06_20.csv,BI,73,0.0134096872554305,844.0994508836882
11_06_20.csv,BI,74,0.0135946720673218,853.0256411614366
11_06_20.csv,BI,75,0.0137796235847385,861.8654095300562
11_06_20.csv,BI,76,0.0139645399830094,870.6037883421292
11_06_20.csv,BI,77,0.0141494231117654,879.2202925479626
11_06_20.csv,BI,78,0.0143342720650685,887.6948530230461
11_06_20.csv,BI,79,0.0145190859376526,896.0066426927744
11_06_20.csv,BI,80,0.0147038665781091,904.1332731264616
11_06_20.csv,BI,81,0.0148886121634293,912.057106327146
11_06_20.csv,BI,82,0.0150733245415122,919.762539411992
11_06_20.csv,BI,83,0.0152580028072333,927.2322202974852
11_06_20.csv,BI,84,0.015442646056139,934.4584538095418
11_06_20.csv,BI,85,0.0156272561350908,941.4323638212112
11_06_20.csv,BI,86,0.0158118312227394,948.1463664897464
11_06_20.csv,BI,87,0.0159963722487118,954.59027024394
11_06_20.csv,BI,88,0.0161808810583257,960.7554898013082
11_06_20.csv,BI,89,0.0163653539983085,966.6275964115616
11_06_20.csv,BI,90,0.0165497929143022,972.1955069556498
11_06_20.csv,BI,91,0.0167341996505896,977.4466407354946
11_06_20.csv,BI,92,0.0169185705559054,982.3726237418524
11_06_20.csv,BI,93,0.0171029074748565,986.9714142535804
11_06_20.csv,BI,94,0.0172872122506923,991.2450056744982
11_06_20.csv,BI,95,0.0174714812341524,995.2033377687226
11_06_20.csv,BI,96,0.0176557162688098,998.8604632663624
11_06_20.csv,BI,97,0.0178399173671714,1002.2363462830368
11_06_20.csv,BI,98,0.0180240863711105,1005.3551934808834
11_06_20.csv,BI,99,0.0182082196340365,1008.2416590504936
11_06_20.csv,BI,100,0.0183923189981457,1010.9225346705472
11_06_20.csv,BI,101,0.0185763863042807,1013.4223933955808
11_06_20.csv,BI,102,0.0187604179078508,1015.7643905053068
11_06_20.csv,BI,103,0.0189444156500212,1017.96697656386
11_06_20.csv,BI,104,0.0191283795432505,1020.0499826337676
11_06_20.csv,BI,105,0.0193123114270087,1022.0300205754488
11_06_20.csv,BI,106,0.0194962076593681,1023.9210949736608
11_06_20.csv,BI,107,0.0196800700801209,1025.7361058858914
11_06_20.csv,BI,108,0.019863900527709,1027.482421792302
11_06_20.csv,BI,109,0.0200476953621996,1029.1707113638367
11_06_20.csv,BI,110,0.0202314564223564,1030.804494273316
11_06_20.csv,BI,111,0.0204151855455944,1032.390096043855
11_06_20.csv,BI,112,0.0205988790939733,1033.9350873268752
11_06_20.csv,BI,113,0.0207825389052297,1035.4412545346509
11_06_20.csv,BI,114,0.0209661649917536,1036.912440360571
11_06_20.csv,BI,115,0.0211497591895925,1038.350060978231
11_06_20.csv,BI,116,0.0213333178634595,1039.758770199283
11_06_20.csv,BI,117,0.0215168428497233,1041.1406117127378
11_06_20.csv,BI,118,0.0217003359834072,1042.497880223475
11_06_20.csv,BI,119,0.0218837936312117,1043.831182021724
11_06_20.csv,BI,120,0.0220672176284811,1045.1400064055738
11_06_20.csv,BI,121,0.0222506098092155,1046.4260266107913
11_06_20.csv,BI,122,0.0224339665421008,1047.690287193452
11_06_20.csv,BI,123,0.0226172896614578,1048.9355872799651
11_06_20.csv,BI,124,0.0228005791796085,1050.1626655407108
11_06_20.csv,BI,125,0.0229838369291908,1051.3712638416416
11_06_20.csv,BI,126,0.0231670592815343,1052.5624923706057
11_06_20.csv,BI,127,0.0233502480695971,1053.7397170532863
11_06_20.csv,BI,128,0.0235334051249966,1054.901182232926
11_06_20.csv,BI,129,0.0237165268210428,1056.046500215145
11_06_20.csv,BI,130,0.023899614989673,1057.1754138079166
11_06_20.csv,BI,131,0.0240826696431617,1058.2906648172957
11_06_20.csv,BI,132,0.0242656926117679,1059.3911218608591
11_06_20.csv,BI,133,0.0244486802714385,1060.4782738785475
11_06_20.csv,BI,134,0.0246316344527515,1061.551614852499
11_06_20.csv,BI,135,0.0248145569849479,1062.612140053032
11_06_20.csv,BI,136,0.0249974442459501,1063.6595880899877
11_06_20.csv,BI,137,0.025180298065318,1064.6947046440982
11_06_20.csv,BI,138,0.025363120271276,1065.718987187529
11_06_20.csv,BI,139,0.0255459072437197,1066.7294202467897
11_06_20.csv,BI,140,0.0257286608111919,1067.7293797944344
11_06_20.csv,BI,141,0.0259113809859003,1068.7197368479358
11_06_20.csv,BI,142,0.0260940695947154,1069.6991096509526
11_06_20.csv,BI,143,0.0262767230201604,1070.667112181491
11_06_20.csv,BI,144,0.0264593430894242,1071.622486560267
11_06_20.csv,BI,145,0.0266419316283633,1072.5678603505698
11_06_20.csv,BI,146,0.026824485021469,1073.5024716980888
11_06_20.csv,BI,147,0.027007005094916,1074.4261910923044
11_06_20.csv,BI,148,0.027189493673548,1075.339139806214
11_06_20.csv,BI,149,0.0273719471438223,1076.242687935537
11_06_20.csv,BI,150,0.0275543673309004,1077.135702815202
11_06_20.csv,BI,151,0.0277367542469231,1078.0210651214934
11_06_20.csv,BI,152,0.0279191097153855,1078.8957598485536
11_06_20.csv,BI,153,0.028101430125363,1079.7635435947454
11_06_20.csv,BI,154,0.0282837173006679,1080.621902955152
11_06_20.csv,BI,155,0.0284659730637852,1081.470583410296
11_06_20.csv,BI,156,0.0286481938057512,1082.3095756211303
11_06_20.csv,BI,157,0.0288303813493678,1083.1396299650687
11_06_20.csv,BI,158,0.0290125357067294,1083.9613697484
11_06_20.csv,BI,159,0.0291946586989758,1084.7761748174632
11_06_20.csv,BI,160,0.0293767467197549,1085.5844144632629
11_06_20.csv,BI,161,0.0295588015905227,1086.3847038825838
11_06_20.csv,BI,162,0.0297408251314117,1087.176789067309
11_06_20.csv,BI,163,0.0299228137380258,1087.961164599409
11_06_20.csv,BI,164,0.0301047692308132,1088.7384571230714
11_06_20.csv,BI,165,0.0302866934288996,1089.5079096807433
11_06_20.csv,BI,166,0.0304685827298433,1090.2693880944107
11_06_20.csv,BI,167,0.0306504389530855,1091.024526175446
11_06_20.csv,BI,168,0.0308322621106549,1091.7747051723327
11_06_20.csv,BI,169,0.0310140540203371,1092.519546496083
11_06_20.csv,BI,170,0.0311958128877276,1093.2570301399346
11_06_20.csv,BI,171,0.031377535114621,1093.987903802279
11_06_20.csv,BI,172,0.0315592279341053,1094.7129275775224
11_06_20.csv,BI,173,0.0317408841384027,1095.4322162759045
11_06_20.csv,BI,174,0.0319225109579646,1096.1462786948027
11_06_20.csv,BI,175,0.0321041047952152,1096.8538474016243
11_06_20.csv,BI,176,0.0322856620551936,1097.5559234042669
11_06_20.csv,BI,177,0.0324671899643999,1098.2508722464145
11_06_20.csv,BI,178,0.0326486849272049,1098.9393165961
11_06_20.csv,BI,179,0.0328301433505914,1099.6223841496517
11_06_20.csv,BI,180,0.0330115724571126,1100.3004583141974
11_06_20.csv,BI,181,0.0331929686530839,1100.9710085083898
11_06_20.csv,BI,182,0.0333743283474299,1101.6359197705642
11_06_20.csv,BI,183,0.0335556587587609,1102.295701822739
11_06_20.csv,BI,184,0.0337369562953349,1102.9495902603485
11_06_20.csv,BI,185,0.0339182173680161,1103.598209222048
11_06_20.csv,BI,186,0.0340994491914765,1104.2425741388902
11_06_20.csv,BI,187,0.0342806481759144,1104.881036377405
11_06_20.csv,BI,188,0.0344618107341315,1105.5151048676537
11_06_20.csv,BI,189,0.0346429440768659,1106.143142241077
11_06_20.csv,BI,190,0.0348240410184606,1106.765263570061
11_06_20.csv,BI,191,0.0350051087670332,1107.3829905498224
11_06_20.csv,BI,192,0.0351861437360115,1107.9963167280243
11_06_20.csv,BI,193,0.0353671423414218,1108.604603322141
11_06_20.csv,BI,194,0.0355481117874548,1109.2092468532392
11_06_20.csv,BI,195,0.0357290484894729,1109.8074580428238
11_06_20.csv,BI,196,0.0359099488654345,1110.4007477317596
11_06_20.csv,BI,197,0.0360908201156077,1110.9891211533663
11_06_20.csv,BI,198,0.0362716586572876,1111.5729513096512
11_06_20.csv,BI,199,0.0364524609103626,1112.15248486957
11_06_20.csv,BI,200,0.0366332340711824,1112.7274741679494
11_06_20.csv,BI,201,0.0368139745589728,1113.2979126707587
11_06_20.csv,BI,202,0.0369946787955499,1113.8649338761647
11_06_20.csv,BI,203,0.0371753539733493,1114.4258832895412
11_06_20.csv,BI,204,0.0373559965135257,1114.9825275814435
11_06_20.csv,BI,205,0.0375366028398207,1115.5356207830157
11_06_20.csv,BI,206,0.0377171801407603,1116.0833942334484
11_06_20.csv,BI,207,0.0378977212526733,1116.6269780412565
11_06_20.csv,BI,208,0.0380782333614816,1117.1659974562451
11_06_20.csv,BI,209,0.0382587128915491,1117.6999386097532
11_06_20.csv,BI,210,0.0384391562698229,1118.230063217302
11_06_20.csv,BI,211,0.0386195706783219,1118.755742782243
11_06_20.csv,BI,212,0.0387999525433333,1119.2786205215216
11_06_20.csv,BI,213,0.0389802982937244,1119.7980562307112
11_06_20.csv,BI,214,0.0391606151076155,1120.3141829557458
11_06_20.csv,BI,215,0.0393408994132149,1120.8266139265634
11_06_20.csv,BI,216,0.0395211476413081,1121.3361050154165
11_06_20.csv,BI,217,0.0397013669661212,1121.8432976749154
11_06_20.csv,BI,218,0.0398815538177815,1122.3453917710283
11_06_20.csv,BI,219,0.0400617046289906,1122.8431428294562
11_06_20.csv,BI,220,0.0402418265700846,1123.3387168912095
11_06_20.csv,BI,221,0.0404219160731076,1123.830075011312
11_06_20.csv,BI,222,0.0406019695726755,1124.3174650905985
11_06_20.csv,BI,223,0.0407819942352385,1124.8008929742973
11_06_20.csv,BI,224,0.0409619864947556,1125.2798437468791
11_06_20.csv,BI,225,0.0411419427877547,1125.755328489804
11_06_20.csv,BI,226,0.0413218702768044,1126.2277349894034
11_06_20.csv,BI,227,0.0415017618239282,1126.697689693865
11_06_20.csv,BI,228,0.0416816245891093,1127.164053888864
11_06_20.csv,BI,229,0.0418614550094937,1127.628476312064
11_06_20.csv,BI,230,0.0420412495247914,1128.0898060300146
11_06_20.csv,BI,231,0.0422210152911113,1128.547922049479
11_06_20.csv,BI,232,0.0424007487475085,1129.0016723392946
11_06_20.csv,BI,233,0.0425804463355999,1129.4525790285015
11_06_20.csv,BI,234,0.0427601152076237,1129.900521197951
11_06_20.csv,BI,235,0.0429397518045428,1130.3451108899844
11_06_20.csv,BI,236,0.0431193525698784,1130.7871069101316
11_06_20.csv,BI,237,0.0432989246520027,1131.226260941196
11_06_20.csv,BI,238,0.0434784644937837,1131.6629498544412
11_06_20.csv,BI,239,0.0436579685406454,1132.096530650837
11_06_20.csv,BI,240,0.0438374439370978,1132.5263719844588
11_06_20.csv,BI,241,0.0440168871279124,1132.9538709571952
11_06_20.csv,BI,242,0.0441962945604136,1133.3781291202326
11_06_20.csv,BI,243,0.0443756733752537,1133.8001736407728
11_06_20.csv,BI,244,0.0445550164561521,1134.2188465135696
11_06_20.csv,BI,245,0.0447343309411915,1134.63581348163
11_06_20.csv,BI,246,0.0449136132783108,1135.049920441984
11_06_20.csv,BI,247,0.0450928599179977,1135.4616725751375
11_06_20.csv,BI,248,0.0452720779944841,1135.871332109953
11_06_20.csv,BI,249,0.0454512639576067,1136.2788938364451
11_06_20.csv,BI,250,0.0456304142597483,1136.6839692332978
11_06_20.csv,BI,251,0.0458095360312942,1137.0865650177002
11_06_20.csv,BI,252,0.0459886257239769,1137.4871870324569
11_06_20.csv,BI,253,0.0461676797920724,1137.8850631024184
11_06_20.csv,BI,254,0.0463467053621233,1138.280966977808
11_06_20.csv,BI,255,0.0465256988877562,1138.6757887003569
11_06_20.csv,BI,256,0.046704656825138,1139.0668375595596
11_06_20.csv,BI,257,0.046883586296973,1139.4550151020803
11_06_20.csv,BI,258,0.0470624837587796,1139.8398038892583
11_06_20.csv,BI,259,0.0472413456686138,1140.2229896719746
11_06_20.csv,BI,260,0.0474201791453457,1140.6034276751084
11_06_20.csv,BI,261,0.0475989770942592,1140.9823884964972
11_06_20.csv,BI,262,0.0477777466316703,1141.359239196725
11_06_20.csv,BI,263,0.0479564842162459,1141.73384648918
11_06_20.csv,BI,264,0.0481351863091865,1142.1069736225909
11_06_20.csv,BI,265,0.0483138600229804,1142.4770905283294
11_06_20.csv,BI,266,0.0484925018181813,1142.845088454073
11_06_20.csv,BI,267,0.0486711081578731,1143.2119874445934
11_06_20.csv,BI,268,0.0488496861507212,1143.5753595465983
11_06_20.csv,BI,269,0.0490282322591635,1143.9377628684824
11_06_20.csv,BI,270,0.0492067429481658,1144.297141167022
11_06_20.csv,BI,271,0.0493852253225744,1144.656707163081
11_06_20.csv,BI,272,0.0495636758467095,1145.0141479535305
11_06_20.csv,BI,273,0.049742090987417,1145.3693300153827
11_06_20.csv,BI,274,0.0499204778457277,1145.7223885504957
11_06_20.csv,BI,275,0.0500988328878428,1146.0733183323136
11_06_20.csv,BI,276,0.0502771525824855,1146.4218574030638
11_06_20.csv,BI,277,0.050455444026876,1146.7685261300958
11_06_20.csv,BI,278,0.0506337001477329,1147.1124164878877
11_06_20.csv,BI,279,0.050811928039738,1147.4546909890496
11_06_20.csv,BI,280,0.0509901241722219,1147.7953446790916
11_06_20.csv,BI,281,0.0511682850170334,1148.1329593325422
11_06_20.csv,BI,282,0.0513464176650499,1148.4693404550294
11_06_20.csv,BI,283,0.0515245185874775,1148.8058970691782
11_06_20.csv,BI,284,0.0517025842580371,1149.141082606453
11_06_20.csv,BI,285,0.0518806217638065,1149.47387587698
11_06_20.csv,BI,286,0.0520586275778646,1149.803628544185
11_06_20.csv,BI,287,0.0522365981758031,1150.1322641385968
11_06_20.csv,BI,288,0.0524145406409037,1150.459018339489
11_06_20.csv,BI,289,0.0525924514481166,1150.7832427402664
11_06_20.csv,BI,290,0.052770327074902,1151.1064761198204
11_06_20.csv,BI,291,0.0529481746007496,1151.4274389851234
11_06_20.csv,BI,292,0.0531259905024789,1151.7467696867116
11_06_20.csv,BI,293,0.0533037712594167,1152.0647207702664
11_06_20.csv,BI,294,0.0534815239472649,1152.3819435008254
11_06_20.csv,BI,295,0.0536592450447102,1152.697660601168
11_06_20.csv,BI,296,0.0538369310329441,1153.0118671771415
11_06_20.csv,BI,297,0.0540145889838846,1153.3228955569357
11_06_20.csv,BI,298,0.0541922118493024,1153.632797772873
11_06_20.csv,BI,299,0.0543698066985955,1153.9410657844724
11_06_20.csv,BI,300,0.0545473700135584,1154.2464054897464
11_06_20.csv,BI,301,0.0547248982784857,1154.5504874153949
11_06_20.csv,BI,302,0.0549023985589981,1154.8537058973625
11_06_20.csv,BI,303,0.0550798673387523,1155.1550245230046
11_06_20.csv,BI,304,0.0552573011039023,1155.455341227364
11_06_20.csv,BI,305,0.0554347069162957,1155.7537604085633
11_06_20.csv,BI,306,0.0556120812614493,1156.050793168789
11_06_20.csv,BI,307,0.0557894206273744,1156.3457893082614
11_06_20.csv,BI,308,0.0559667320721499,1156.639659554883
11_06_20.csv,BI,309,0.0561440120831504,1156.9325283368798
11_06_20.csv,BI,310,0.0563212571502428,1157.2227121741298
11_06_20.csv,BI,311,0.0564984743277409,1157.5117677619728
11_06_20.csv,BI,312,0.0566756601048757,1157.8014990473516
11_06_20.csv,BI,313,0.0568528109733674,1158.09061018354
11_06_20.csv,BI,314,0.0570299339837691,1158.3765242922182
11_06_20.csv,BI,315,0.057207022109007,1158.6611703629485
11_06_20.csv,BI,316,0.0573840823971291,1158.9444265814222
11_06_20.csv,BI,317,0.0575611113404554,1159.2264174192292
11_06_20.csv,BI,318,0.057738105433791,1159.5063621573554
11_06_20.csv,BI,319,0.0579150717214297,1159.7837504562085
11_06_20.csv,BI,320,0.0580920066975425,1160.0596118387348
11_06_20.csv,BI,321,0.0582689068587828,1160.3340707975783
11_06_20.csv,BI,322,0.0584457792456941,1160.606875898161
11_06_20.csv,BI,323,0.0586226203542963,1160.8784104910965
11_06_20.csv,BI,324,0.0587994266830893,1161.148799274325
11_06_20.csv,BI,325,0.0589762052688703,1161.4172728703445
11_06_20.csv,BI,326,0.0591529526095062,1161.6852507694975
11_06_20.csv,BI,327,0.0593296652053415,1161.953117213439
11_06_20.csv,BI,328,0.059506350089431,1162.2201029633288
11_06_20.csv,BI,329,0.0596830037614868,1162.4855555712784
11_06_20.csv,BI,330,0.0598596227236957,1162.75089573918
11_06_20.csv,BI,331,0.0600362140053745,1163.014057583359
11_06_20.csv,BI,332,0.0602127706004784,1163.274253898706
11_06_20.csv,BI,333,0.0603892995358345,1163.533306634995
11_06_20.csv,BI,334,0.0605657973142255,1163.7904329416665
11_06_20.csv,BI,335,0.0607422604409048,1164.047054572522
11_06_20.csv,BI,336,0.0609186959389675,1164.3022712494458
11_06_20.csv,BI,337,0.0610951003130366,1164.5562078971943
11_06_20.csv,BI,338,0.0612714735740908,1164.808604261856
11_06_20.csv,BI,339,0.0614478157331033,1165.060238358565
11_06_20.csv,BI,340,0.0616241197957356,1165.3103226355306
11_06_20.csv,BI,341,0.0618003997847954,1165.5593920043611
11_06_20.csv,BI,342,0.0619766487046975,1165.8073078775103
11_06_20.csv,BI,343,0.0621528665663918,1166.053939738922
11_06_20.csv,BI,344,0.0623290533808222,1166.299546743865
11_06_20.csv,BI,345,0.0625052021597909,1166.5438602905233
11_06_20.csv,BI,346,0.0626813269137356,1166.7868960215828
11_06_20.csv,BI,347,0.0628574206532136,1167.028255116994
11_06_20.csv,BI,348,0.063033483389146,1167.2694968342585
11_06_20.csv,BI,349,0.063209515132448,1167.5099709277083
11_06_20.csv,BI,350,0.0633855158940291,1167.7498070436422
11_06_20.csv,BI,351,0.0635614786930456,1167.988996672451
11_06_20.csv,BI,352,0.0637374175251201,1168.2258644503054
11_06_20.csv,BI,353,0.063913325408167,1168.462483006435
11_06_20.csv,BI,354,0.0640892023530727,1168.696769806047
11_06_20.csv,BI,355,0.064265048370718,1168.9313270677667
11_06_20.csv,BI,356,0.0644408634719778,1169.1643321902702
11_06_20.csv,BI,357,0.0646166406833477,1169.3961668375969
11_06_20.csv,BI,358,0.0647923939856659,1169.6268467265854
11_06_20.csv,BI,359,0.0649681164041887,1169.85610254337
11_06_20.csv,BI,360,0.0651438079497681,1170.0848455428295
11_06_20.csv,BI,361,0.0653194686332505,1170.3133360704214
11_06_20.csv,BI,362,0.0654950914872355,1170.5397411592458
11_06_20.csv,BI,363,0.0656706904802651,1170.7647278263212
11_06_20.csv,BI,364,0.065846258643702,1170.9889390417848
11_06_20.csv,BI,365,0.0660217959883695,1171.2118527872008
11_06_20.csv,BI,366,0.0661973025250855,1171.4339900739178
11_06_20.csv,BI,367,0.0663727782646621,1171.655611384722
11_06_20.csv,BI,368,0.0665482162470099,1171.8768387461978
11_06_20.csv,BI,369,0.066723630425944,1172.096644344996
11_06_20.csv,BI,370,0.0668990138401403,1172.31567183714
11_06_20.csv,BI,371,0.0670743665003883,1172.5337902716992
11_06_20.csv,BI,372,0.0672496884174717,1172.7507380443603
11_06_20.csv,BI,373,0.0674249796021684,1172.9665145371382
11_06_20.csv,BI,374,0.0676002331016847,1173.180849747314
11_06_20.csv,BI,375,0.0677754628551397,1173.3937592585662
11_06_20.csv,BI,376,0.0679506619085077,1173.606279373169
11_06_20.csv,BI,377,0.0681258302725441,1173.8174951512392
11_06_20.csv,BI,378,0.0683009679579985,1174.0280594019168
11_06_20.csv,BI,379,0.0684760680181451,1174.237832890106
11_06_20.csv,BI,380,0.0686511443798803,1174.4457855837709
11_06_20.csv,BI,381,0.0688261900952483,1174.6533467979498
11_06_20.csv,BI,382,0.0690012051749765,1174.8607779080685
11_06_20.csv,BI,383,0.0691761896297862,1175.0676864046654
11_06_20.csv,BI,384,0.0693511434703935,1175.2734178306446
11_06_20.csv,BI,385,0.0695260597573401,1175.477832538876
11_06_20.csv,BI,386,0.069700952402883,1175.681207946791
11_06_20.csv,BI,387,0.069875814466337,1175.8834044301402
11_06_20.csv,BI,388,0.0700506459583954,1176.085076011137
11_06_20.csv,BI,389,0.0702254468897461,1176.285436709553
11_06_20.csv,BI,390,0.0704002172710713,1176.485402655453
11_06_20.csv,BI,391,0.0705749501701652,1176.6845724831446
11_06_20.csv,BI,392,0.0707496594846765,1176.881913963116
11_06_20.csv,BI,393,0.070924338281175,1177.0768937945077
11_06_20.csv,BI,394,0.0710989865703204,1177.2714767218813
11_06_20.csv,BI,395,0.071273604362767,1177.4651381862132
11_06_20.csv,BI,396,0.0714481847323413,1177.6582628710785
11_06_20.csv,BI,397,0.0716227415645415,1177.8504734382204
11_06_20.csv,BI,398,0.0717972679319718,1178.0405808254
11_06_20.csv,BI,399,0.0719717638452642,1178.229108653215
11_06_20.csv,BI,400,0.0721462293150451,1178.4185489489464
11_06_20.csv,BI,401,0.0723206643519351,1178.6070650350412
11_06_20.csv,BI,402,0.0724950620369858,1178.795698250101
11_06_20.csv,BI,403,0.0726694362411429,1178.9836773718152
11_06_20.csv,BI,404,0.072843780044238,1179.1727007134568
11_06_20.csv,BI,405,0.0730180934568697,1179.3602737987094
11_06_20.csv,BI,406,0.0731923764896312,1179.546789892339
11_06_20.csv,BI,407,0.07336662915311,1179.7317229933633
11_06_20.csv,BI,408,0.073540844535567,1179.9146699526427
11_06_20.csv,BI,409,0.0737150364934265,1180.0953832584855
11_06_20.csv,BI,410,0.0738891981137323,1180.2766136388527
11_06_20.csv,BI,411,0.0740633294070498,1180.4561266424498
11_06_20.csv,BI,412,0.074237430383939,1180.6356305822628
11_06_20.csv,BI,413,0.0744114941386575,1180.814722790693
11_06_20.csv,BI,414,0.0745855345155513,1180.9939454881887
11_06_20.csv,BI,415,0.074759544607663,1181.1717120241228
11_06_20.csv,BI,416,0.0749335244255304,1181.348416349906
11_06_20.csv,BI,417,0.0751074739796861,1181.5244526916094
11_06_20.csv,BI,418,0.0752813932806568,1181.7000839352786
11_06_20.csv,BI,419,0.0754552754298826,1181.875433346819
11_06_20.csv,BI,420,0.0756291342572432,1182.049332176306
11_06_20.csv,BI,421,0.0758029628629662,1182.22282496934
11_06_20.csv,BI,422,0.0759767612575566,1182.394857870022
11_06_20.csv,BI,423,0.0761505294515137,1182.5662204977943
11_06_20.csv,BI,424,0.0763242674553315,1182.7377030214193
11_06_20.csv,BI,425,0.0764979683776177,1182.9078478213405
11_06_20.csv,BI,426,0.0766716460338158,1183.0774613264812
11_06_20.csv,BI,427,0.0768452935313235,1183.2456123528973
11_06_20.csv,BI,428,0.0770189108806129,1183.4125638324076
11_06_20.csv,BI,429,0.0771924980921507,1183.5784470134822
11_06_20.csv,BI,430,0.0773660482805059,1183.743780741206
11_06_20.csv,BI,431,0.0775395752491152,1183.9092406282944
11_06_20.csv,BI,432,0.0777130721113399,1184.0727076182538
11_06_20.csv,BI,433,0.0778865388776249,1184.2369517992738
11_06_20.csv,BI,434,0.0780599755584097,1184.4001258507978
11_06_20.csv,BI,435,0.0782333821641282,1184.5626252348593
11_06_20.csv,BI,436,0.0784067518164897,1184.7241773935548
11_06_20.csv,BI,437,0.0785800983045504,1184.883345623839
11_06_20.csv,BI,438,0.078753414748814,1185.0430261220772
11_06_20.csv,BI,439,0.0789267011596929,1185.2013698282117
11_06_20.csv,BI,440,0.0790999575475942,1185.3602257107468
11_06_20.csv,BI,441,0.0792731839229193,1185.5189333387743
11_06_20.csv,BI,442,0.0794463734145029,1185.6765593363089
11_06_20.csv,BI,443,0.0796195397970503,1185.8335160336464
11_06_20.csv,BI,444,0.0797926761981934,1185.989398298494
11_06_20.csv,BI,445,0.079965782628312,1186.1440733488653
11_06_20.csv,BI,446,0.0801388590977808,1186.2982018445473
11_06_20.csv,BI,447,0.0803119056169689,1186.4503284480088
11_06_20.csv,BI,448,0.0804849153218217,1186.6030899986918
11_06_20.csv,BI,449,0.0806579019727236,1186.7553122367226
11_06_20.csv,BI,450,0.0808308587044196,1186.9080455067296
11_06_20.csv,BI,451,0.0810037855272574,1187.059039793453
11_06_20.csv,BI,452,0.0811766824515794,1187.2093533473162
11_06_20.csv,BI,453,0.0813495426192452,1187.3597721642727
11_06_20.csv,BI,454,0.0815223797787279,1187.5097828694325
11_06_20.csv,BI,455,0.081695187070689,1187.6593771010705
11_06_20.csv,BI,456,0.0818679645054494,1187.80722980883
11_06_20.csv,BI,457,0.0820407120933247,1187.9542676513374
11_06_20.csv,BI,458,0.082213429844625,1188.1002251561767
11_06_20.csv,BI,459,0.0823861109082939,1188.2458889396505
11_06_20.csv,BI,460,0.0825587690185379,1188.391142594818
11_06_20.csv,BI,461,0.082731397323105,1188.5362429600464
11_06_20.csv,BI,462,0.082903995832284,1188.6803942360784
11_06_20.csv,BI,463,0.0830765645563584,1188.823595942259
11_06_20.csv,BI,464,0.0832491035056065,1188.9653169277651
11_06_20.csv,BI,465,0.083421605836041,1189.105813667702
11_06_20.csv,BI,466,0.0835940852676316,1189.2452345587335
11_06_20.csv,BI,467,0.0837665349551981,1189.3854292075412
11_06_20.csv,BI,468,0.0839389549089973,1189.52533595336
11_06_20.csv,BI,469,0.0841113451392809,1189.664290748946
11_06_20.csv,BI,470,0.0842836988079417,1189.8034802092889
11_06_20.csv,BI,471,0.0844560296231078,1189.9415924909729
11_06_20.csv,BI,472,0.084628330745481,1190.0799474024998
11_06_20.csv,BI,473,0.0848006021852917,1190.217216345848
11_06_20.csv,BI,474,0.084972843952765,1190.353531668121
11_06_20.csv,BI,475,0.0851450560581208,1190.489424565911
11_06_20.csv,BI,476,0.0853172316702946,1190.6239560924296
11_06_20.csv,BI,477,0.0854893844832316,1190.7579396428264
11_06_20.csv,BI,478,0.0856615076646788,1190.8920317364482
11_06_20.csv,BI,479,0.0858336012248347,1191.0250353441809
11_06_20.csv,BI,480,0.086005665173893,1191.1568168829508
11_06_20.csv,BI,481,0.0861776995220419,1191.2877749046966
11_06_20.csv,BI,482,0.086349697445245,1191.418167014073
11_06_20.csv,BI,483,0.0865216726232941,1191.548275426594
11_06_20.csv,BI,484,0.0866936182309666,1191.6791568644476
11_06_20.csv,BI,485,0.0868655342784298,1191.807749331173
11_06_20.csv,BI,486,0.0870374207758456,1191.935916054611
11_06_20.csv,BI,487,0.0872092709050235,1192.0625831371872
11_06_20.csv,BI,488,0.087381098333983,1192.1906968746334
11_06_20.csv,BI,489,0.0875528962433493,1192.317318607502
11_06_20.csv,BI,490,0.0877246646432636,1192.445112833164
11_06_20.csv,BI,491,0.0878964035438616,1192.5720808867643
11_06_20.csv,BI,492,0.088068112955274,1192.6979557394916
11_06_20.csv,BI,493,0.0882397860663119,1192.82152872372
11_06_20.csv,BI,494,0.0884114365308949,1192.946548863165
11_06_20.csv,BI,495,0.0885830575366524,1193.071541628151
11_06_20.csv,BI,496,0.0887546490936943,1193.1939724193717
11_06_20.csv,BI,497,0.088926211212125,1193.3167752349318
11_06_20.csv,BI,498,0.0890977439020441,1193.439683389346
11_06_20.csv,BI,499,0.0892692403592498,1193.5612206630867
11_06_20.csv,BI,500,0.089440714223591,1193.6818031111852
11_06_20.csv,BI,501,0.0896121586896871,1193.8018226623535
11_06_20.csv,BI,502,0.0897835737676166,1193.9196765944198
11_06_20.csv,BI,503,0.0899549594674529,1194.0369665309154
11_06_20.csv,BI,504,0.0901263089908063,1194.1548863144508
11_06_20.csv,BI,505,0.0902976359658222,1194.2730517317732
11_06_20.csv,BI,506,0.0904689335929338,1194.3906530161985
11_06_20.csv,BI,507,0.0906402018821937,1194.5070216343993
11_06_20.csv,BI,508,0.0908114408436496,1194.6238947384736
11_06_20.csv,BI,509,0.0909826504873438,1194.7399356279802
11_06_20.csv,BI,510,0.0911538240218479,1194.8546008825724
11_06_20.csv,BI,511,0.0913249750612894,1194.9691097593186
11_06_20.csv,BI,512,0.0914960968130652,1195.0835878283542
11_06_20.csv,BI,513,0.0916671892871969,1195.1972323553036
11_06_20.csv,BI,514,0.0918382524937014,1195.3105781759805
11_06_20.csv,BI,515,0.0920092864425901,1195.421483795626
11_06_20.csv,BI,516,0.0921802843493815,1195.532884725244
11_06_20.csv,BI,517,0.0923512598142142,1195.6425215157342
11_06_20.csv,BI,518,0.0925222060514345,1195.7519919928263
11_06_20.csv,BI,519,0.0926931230710333,1195.861028235072
11_06_20.csv,BI,520,0.0928640108829965,1195.9692281886355
11_06_20.csv,BI,521,0.093034862708621,1196.0761814052385
11_06_20.csv,BI,522,0.0932056921364099,1196.1837794379137
11_06_20.csv,BI,523,0.0933764923864896,1196.291210401876
11_06_20.csv,BI,524,0.0935472634688258,1196.3980721059634
11_06_20.csv,BI,525,0.0937180053933786,1196.504766466678
11_06_20.csv,BI,526,0.0938887181701033,1196.611695675183
11_06_20.csv,BI,527,0.0940593950272177,1196.717644767511
11_06_20.csv,BI,528,0.0942300495392887,1196.8219588333925
11_06_20.csv,BI,529,0.0944006749333662,1196.9277145036483
11_06_20.csv,BI,530,0.0945712712193851,1197.0320947921991
11_06_20.csv,BI,531,0.0947418384072751,1197.135635816594
11_06_20.csv,BI,532,0.094912376506961,1197.2388740605966
11_06_20.csv,BI,533,0.0950828787535675,1197.3409957941767
11_06_20.csv,BI,534,0.0952533587077537,1197.4425537710486
11_06_20.csv,BI,535,0.0954238096034789,1197.5440767745313
11_06_20.csv,BI,536,0.0955942314506476,1197.645430489134
11_06_20.csv,BI,537,0.095764624259159,1197.7471521997086
11_06_20.csv,BI,538,0.095934981269883,1197.847487307513
11_06_20.csv,BI,539,0.0961053160319105,1197.947660800521
11_06_20.csv,BI,540,0.0962756217849481,1198.0473956870192
11_06_20.csv,BI,541,0.0964458985388748,1198.1462884712182
11_06_20.csv,BI,542,0.0966161463035648,1198.2451454580478
11_06_20.csv,BI,543,0.0967863650888869,1198.3441011232162
11_06_20.csv,BI,544,0.0969565481425923,1198.4420714426142
11_06_20.csv,BI,545,0.0971267089999163,1198.5396102302475
11_06_20.csv,BI,546,0.0972968409074491,1198.6367091754037
11_06_20.csv,BI,547,0.0974669438750394,1198.733098937566
11_06_20.csv,BI,548,0.0976370179125311,1198.829317534006
11_06_20.csv,BI,549,0.0978070630297632,1198.9256341221335
11_06_20.csv,BI,550,0.0979770724813537,1199.0221753068863
11_06_20.csv,BI,551,0.098147059788711,1199.117072202238
11_06_20.csv,BI,552,0.0983170182052946,1199.2116627008463
11_06_20.csv,BI,553,0.0984869477409234,1199.3062160745612
11_06_20.csv,BI,554,0.098656848405411,1199.3997892310344
11_06_20.csv,BI,555,0.0988267134590878,1199.492238843297
11_06_20.csv,BI,556,0.0989965564118609,1199.584389194206
11_06_20.csv,BI,557,0.0991663705229039,1199.6763668458752
11_06_20.csv,BI,558,0.0993361558020106,1199.7683065486708
11_06_20.csv,BI,559,0.0995059122589697,1199.8600734606734
11_06_20.csv,BI,560,0.0996756399035652,1199.9512629187957
11_06_20.csv,BI,561,0.0998453320029691,1200.0422712200516
11_06_20.csv,BI,562,0.1000150020533127,1200.13257483703
11_06_20.csv,BI,563,0.100184643320614,1200.2224352011765
11_06_20.csv,BI,564,0.1003542558146367,1200.3121220192152
11_06_20.csv,BI,565,0.1005238395451399,1200.4002854299988
11_06_20.csv,BI,566,0.1006933945218775,1200.488679705988
11_06_20.csv,BI,567,0.1008629140188495,1200.5754065473884
11_06_20.csv,BI,568,0.1010324115184397,1200.6610214962166
11_06_20.csv,BI,569,0.1012018802934963,1200.746596481997
11_06_20.csv,BI,570,0.1013713203537534,1200.8315911299724
11_06_20.csv,BI,571,0.1015407317089402,1200.9164105152158
11_06_20.csv,BI,572,0.1017101143687809,1201.0001085928016
11_06_20.csv,BI,573,0.1018794616140895,1201.0844338420293
11_06_20.csv,BI,574,0.1020487869135306,1201.169132400505
11_06_20.csv,BI,575,0.1022180835467684,1201.2527091020102
11_06_20.csv,BI,576,0.1023873515235077,1201.335569090279
11_06_20.csv,BI,577,0.1025565908534479,1201.4196055766788
11_06_20.csv,BI,578,0.1027257948230708,1201.5027819493116
11_06_20.csv,BI,579,0.1028949768896294,1201.5843021548244
11_06_20.csv,BI,580,0.1030641303384579,1201.6648339033236
11_06_20.csv,BI,581,0.1032332551792363,1201.7451887869083
11_06_20.csv,BI,582,0.1034023514216395,1201.8246898951766
11_06_20.csv,BI,583,0.1035714190753378,1201.9042845547883
11_06_20.csv,BI,584,0.1037404514336015,1201.9831522766708
11_06_20.csv,BI,585,0.1039094619400154,1202.062121486394
11_06_20.csv,BI,586,0.1040784438867049,1202.1405068792956
11_06_20.csv,BI,587,0.1042473972833205,1202.2180372151388
11_06_20.csv,BI,588,0.1044163221395078,1202.2952541046398
11_06_20.csv,BI,589,0.1045852184649075,1202.3708021248194
11_06_20.csv,BI,590,0.1047540795595654,1202.4458923468574
11_06_20.csv,BI,591,0.1049229188534255,1202.5224387422277
11_06_20.csv,BI,592,0.1050917296453906,1202.5992136224068
11_06_20.csv,BI,593,0.105260511945082,1202.6756746442552
11_06_20.csv,BI,594,0.105429265762116,1202.7514147414258
11_06_20.csv,BI,595,0.1055979844021737,1202.8271038363946
11_06_20.csv,BI,596,0.1057666812838534,1202.9015368583196
11_06_20.csv,BI,597,0.1059353497116951,1202.9752479713725
11_06_20.csv,BI,598,0.106103989695296,1203.047965363112
11_06_20.csv,BI,599,0.1062726012442478,1203.120638855008
11_06_20.csv,BI,600,0.106441184368138,1203.1927253257218
11_06_20.csv,BI,601,0.1066097323793977,1203.2643522453727
11_06_20.csv,BI,602,0.1067782586830353,1203.3367579607293
11_06_20.csv,BI,603,0.1069467565903432,1203.40857633447
11_06_20.csv,BI,604,0.1071152261108895,1203.4804864513717
11_06_20.csv,BI,605,0.107283667254237,1203.5519448009964
11_06_20.csv,BI,606,0.1074520800299439,1203.622407506693
11_06_20.csv,BI,607,0.1076204577571781,1203.6926816779524
11_06_20.csv,BI,608,0.1077888138273854,1203.763735097411
11_06_20.csv,BI,609,0.1079571415585973,1203.8336563144112
11_06_20.csv,BI,610,0.1081254409603527,1203.9032608349316
11_06_20.csv,BI,611,0.1082937120421855,1203.9721404253278
11_06_20.csv,BI,612,0.1084619481288672,1204.0408309135255
11_06_20.csv,BI,613,0.1086301626005624,1204.1074432388705
11_06_20.csv,BI,614,0.1087983487809082,1204.1744181356116
11_06_20.csv,BI,615,0.1089665066794191,1204.241755809744
11_06_20.csv,BI,616,0.1091346363056055,1204.3089118810803
11_06_20.csv,BI,617,0.1093027376689723,1204.3757501115217
11_06_20.csv,BI,618,0.1094708041010027,1204.4418537434867
11_06_20.csv,BI,619,0.1096388489683493,1204.5066936602943
11_06_20.csv,BI,620,0.109806865601363,1204.571759818844
11_06_20.csv,BI,621,0.10997485400953,1204.6360985295605
11_06_20.csv,BI,622,0.1101428142023314,1204.699028029745
11_06_20.csv,BI,623,0.1103107461892439,1204.7621833139046
11_06_20.csv,BI,624,0.1104786433084487,1204.8246021740742
11_06_20.csv,BI,625,0.1106465189131136,1204.8875275161863
11_06_20.csv,BI,626,0.1108143663402901,1204.9508152008057
11_06_20.csv,BI,627,0.1109821855994356,1205.013647044034
11_06_20.csv,BI,628,0.1111499767000029,1205.0752043126522
11_06_20.csv,BI,629,0.1113177329857449,1205.1371156847065
11_06_20.csv,BI,630,0.1114854677986127,1205.198578631398
11_06_20.csv,BI,631,0.1116531744812314,1205.2598578924571
11_06_20.csv,BI,632,0.1118208530430347,1205.3206803737055
11_06_20.csv,BI,633,0.1119885034934515,1205.3813189404382
11_06_20.csv,BI,634,0.112156125841906,1205.4416369654564
11_06_20.csv,BI,635,0.1123237134388249,1205.5016262840036
11_06_20.csv,BI,636,0.1124912796127242,1205.5613028145508
11_06_20.csv,BI,637,0.1126588177129051,1205.6206583913954
11_06_20.csv,BI,638,0.1128263277487727,1205.6791462768651
11_06_20.csv,BI,639,0.1129938097297276,1205.7370394049176
11_06_20.csv,BI,640,0.1131612636651655,1205.7952943719283
11_06_20.csv,BI,641,0.1133286829121737,1205.8537666434358
11_06_20.csv,BI,642,0.1134960807858599,1205.9109682431165
11_06_20.csv,BI,643,0.1136634506421881,1205.967574352956
11_06_20.csv,BI,644,0.113830792490535,1206.0233111234656
11_06_20.csv,BI,645,0.113998106340273,1206.0789990044732
11_06_20.csv,BI,646,0.1141653855540292,1206.1346299791148
11_06_20.csv,BI,647,0.1143326434357589,1206.1900832260108
11_06_20.csv,BI,648,0.1144998733469678,1206.2437081110547
11_06_20.csv,BI,649,0.1146670752970094,1206.297831073145
11_06_20.csv,BI,650,0.1148342492952325,1206.3520416127103
11_06_20.csv,BI,651,0.115001395350981,1206.4071614842087
11_06_20.csv,BI,652,0.1151685068335182,1206.461676481572
11_06_20.csv,BI,653,0.1153355970334406,1206.5147803926675
11_06_20.csv,BI,654,0.1155026593188923,1206.567423632945
11_06_20.csv,BI,655,0.1156696936991986,1206.6194689572249
11_06_20.csv,BI,656,0.1158367001836802,1206.6711902149927
11_06_20.csv,BI,657,0.1160036787816531,1206.7225872689187
11_06_20.csv,BI,658,0.1161706228690032,1206.773377760932
11_06_20.csv,BI,659,0.1163375457229953,1206.8238516889323
11_06_20.csv,BI,660,0.1165044407183983,1206.873726602298
11_06_20.csv,BI,661,0.1166713078645097,1206.9230022263691
11_06_20.csv,BI,662,0.1168381471706222,1206.971541087083
11_06_20.csv,BI,663,0.1170049520181305,1207.0209815085946
11_06_20.csv,BI,664,0.11717173567321,1207.0698302756143
11_06_20.csv,BI,665,0.1173384915161404,1207.118628184735
11_06_20.csv,BI,666,0.1175052195561959,1207.1669633630918
11_06_20.csv,BI,667,0.1176719198026459,1207.2138744077893
11_06_20.csv,BI,668,0.117838585642385,1207.2607260045625
11_06_20.csv,BI,669,0.1180052303305177,1207.3067099865766
11_06_20.csv,BI,670,0.1181718472528252,1207.3527796234412
11_06_20.csv,BI,671,0.1183384364185585,1207.3986601730303
11_06_20.csv,BI,672,0.1185049978369641,1207.444351566679
11_06_20.csv,BI,673,0.1186715315172836,1207.4899911868945
11_06_20.csv,BI,674,0.1188380374687541,1207.5344792411925
11_06_20.csv,BI,675,0.1190045157006082,1207.5791901497414
11_06_20.csv,BI,676,0.1191709662220737,1207.624811649057
11_06_20.csv,BI,677,0.119337389042374,1207.6696937070883
11_06_20.csv,BI,678,0.1195037709480234,1207.7143702737158
11_06_20.csv,BI,679,0.1196701383958441,1207.7584604553413
11_06_20.csv,BI,680,0.1198364781701411,1207.8018103945997
11_06_20.csv,BI,681,0.1200027902801191,1207.8442821138888
11_06_20.csv,BI,682,0.1201690747349785,1207.8861505155492
11_06_20.csv,BI,683,0.1203353315439151,1207.9275530049745
11_06_20.csv,BI,684,0.1205015607161198,1207.969040187938
11_06_20.csv,BI,685,0.1206677622607793,1208.0106121331046
11_06_20.csv,BI,686,0.1208339361870755,1208.0510291706703
11_06_20.csv,BI,687,0.1210000825041858,1208.0905662945297
11_06_20.csv,BI,688,0.121166201221283,1208.129498681683
11_06_20.csv,BI,689,0.1213322791489868,1208.1694639199925
11_06_20.csv,BI,690,0.1214983426957495,1208.2081511684555
11_06_20.csv,BI,691,0.1216643786699894,1208.2470603556285
11_06_20.csv,BI,692,0.1218303870808609,1208.2857779607002
11_06_20.csv,BI,693,0.1219963679375142,1208.3241660060703
11_06_20.csv,BI,694,0.1221623212490946,1208.362224354409
11_06_20.csv,BI,695,0.1223282470247429,1208.4000908230971
11_06_20.csv,BI,696,0.1224941452735956,1208.4385932090736
11_06_20.csv,BI,697,0.1226600160047844,1208.4756618483316
11_06_20.csv,BI,698,0.1228258592274365,1208.5128143113689
11_06_20.csv,BI,699,0.1229916749506746,1208.549912620585
11_06_20.csv,BI,700,0.1231574500091361,1208.5862505077148
11_06_20.csv,BI,701,0.1233232107630799,1208.6217213845557
11_06_20.csv,BI,702,0.1234889440449498,1208.655618339817
11_06_20.csv,BI,703,0.1236546498638505,1208.689736409804
11_06_20.csv,BI,704,0.123820328228882,1208.7221414819724
11_06_20.csv,BI,705,0.1239859791491398,1208.7562873221832
11_06_20.csv,BI,706,0.1241516026337149,1208.791069171226
11_06_20.csv,BI,707,0.1243171986916937,1208.8248286199814
11_06_20.csv,BI,708,0.1244827673321583,1208.8592242148989
11_06_20.csv,BI,709,0.1246483085641862,1208.8938414738625
11_06_20.csv,BI,710,0.1248138223968502,1208.9290954283078
11_06_20.csv,BI,711,0.1249793088392188,1208.9636032123235
11_06_20.csv,BI,712,0.1251447547520308,1208.9977636177246
11_06_20.csv,BI,713,0.1253101864431709,1209.0311932018612
11_06_20.csv,BI,714,0.1254755907711933,1209.0642908916925
11_06_20.csv,BI,715,0.1256409677451483,1209.096364487512
11_06_20.csv,BI,716,0.125806317374082,1209.1290747330277
11_06_20.csv,BI,717,0.1259716396670359,1209.1602066395335
11_06_20.csv,BI,718,0.1261369346330468,1209.1911442631172
11_06_20.csv,BI,719,0.1263022022811475,1209.2216105270563
11_06_20.csv,BI,720,0.1264674426203658,1209.251743752273
11_06_20.csv,BI,721,0.1266326556597254,1209.2811281520208
11_06_20.csv,BI,722,0.1267978414082454,1209.3103176737495
11_06_20.csv,BI,723,0.1269629867505003,1209.339157781313
11_06_20.csv,BI,724,0.1271281179465475,1209.3679573203626
11_06_20.csv,BI,725,0.1272932218787849,1209.3965617754002
11_06_20.csv,BI,726,0.1272932218787849,1209.8716857054897
11_06_20.csv,LI-WARM,1,0.0,0.0
11_06_20.csv,LI-WARM,2,0.0059820717293904,408.51100179119794
11_06_20.csv,LI-WARM,3,0.011928570968345,763.2360823540583
11_06_20.csv,LI-WARM,4,0.0178399173671714,977.917740466586
11_06_20.csv,LI-WARM,5,0.0237165268210428,1044.771500212848
11_06_20.csv,LI-WARM,6,0.0295588015905227,1078.9646050104614
11_06_20.csv,LI-WARM,7,0.0353671423414218,1102.5670452257036
11_06_20.csv,LI-WARM,8,0.0411419427877547,1120.7310365003468
11_06_20.csv,LI-WARM,9,0.046883586296973,1135.2396039675896
11_06_20.csv,LI-WARM,10,0.0525924514481166,1147.2424614855609
11_06_20.csv,LI-WARM,11,0.0582689068587828,1157.3413046880837
11_06_20.csv,LI-WARM,12,0.063913325408167,1165.8880513666736
11_06_20.csv,LI-WARM,13,0.0695260597573401,1173.2566255140482
11_06_20.csv,LI-WARM,14,0.0751074739796861,1179.669008352902
11_06_20.csv,LI-WARM,15,0.0806579019727236,1185.2297463203477
11_06_20.csv,LI-WARM,16,0.0861776995220419,1190.060992674109
11_06_20.csv,LI-WARM,17,0.0916671892871969,1194.2635184874052
11_06_20.csv,LI-WARM,18,0.0971267089999163,1197.9054759540013
11_06_20.csv,LI-WARM,19,0.1025565908534479,1201.0354844819576
11_06_20.csv,LI-WARM,20,0.1079571415585973,1203.7218755526865
11_06_20.csv,LI-WARM,21,0.1133286829121737,1205.9688838306602
11_06_20.csv,LI-WARM,22,0.1186715315172836,1207.8431032480769
11_06_20.csv,LI-WARM,23,0.1239859791491398,1209.3665060717976
11_06_20.csv,LI-WARM,24,0.1292723326662926,1210.5377722014782
11_06_20.csv,LI-WARM,25,0.134530887539002,1211.4162541780024
11_06_20.csv,LI-WARM,26,0.1397619475581712,1212.0220949049726
11_06_20.csv,LI-WARM,27,0.1449657730344857,1212.3891527897176
11_06_20.csv,LI-WARM,28,0.1501426588400785,1212.5739511811844
12_06_500.csv,BI,1,0.0,0.0
12_06_500.csv,BI,2,0.0001874824257014,12.853574411234344
12_06_500.csv,BI,3,0.0003749297083315,25.706135058009934
12_06_500.csv,BI,4,0.0005623418319753,38.557687247296855
12_06_500.csv,BI,5,0.0007497188970603,51.40822484431377
12_06_500.csv,BI,6,0.000937060800405,64.25774838551465
12_06_500.csv,BI,7,0.0011243676133349,77.10626223667988
12_06_500.csv,BI,8,0.001311639407124,89.95376313288986
12_06_500.csv,BI,9,0.0014988761367548,102.80025544109664
12_06_500.csv,BI,10,0.0016860778153555,115.64573589544204
12_06_500.csv,BI,11,0.0018732443398492,128.49019357143786
12_06_500.csv,BI,12,0.0020603759557662,141.33364051756587
12_06_500.csv,BI,13,0.0022474724438391,154.17604285466828
12_06_500.csv,BI,14,0.0024345341656288,167.0173973577367
12_06_500.csv,BI,15,0.0026215606696539,179.8576241792136
12_06_500.csv,BI,16,0.0028085524334842,192.6966282677825
12_06_500.csv,BI,17,0.0029955090057975,205.5342378135712
12_06_500.csv,BI,18,0.0031824306318841,218.3701585496857
12_06_500.csv,BI,19,0.0033693175568537,231.2038816596531
12_06_500.csv,BI,20,0.0035561693296224,244.0346221546888
12_06_500.csv,BI,21,0.0037429861953284,256.8611657691084
12_06_500.csv,BI,22,0.0039297683989294,269.68166927131495
12_06_500.csv,BI,23,0.0041165154895796,282.493445176512
12_06_500.csv,BI,24,0.0043032277122653,295.2926701590467
12_06_500.csv,BI,25,0.0044899050800047,308.0740925309208
12_06_500.csv,BI,26,0.0046765480692973,320.8306478618334
12_06_500.csv,BI,27,0.0048631557660827,333.55327270413284
12_06_500.csv,BI,28,0.0050497286469324,346.23065823114644
12_06_500.csv,BI,29,0.0052362667248354,358.84930892706467
12_06_500.csv,BI,30,0.0054227700127735,371.3936941160181
12_06_500.csv,BI,31,0.0056092389867777,383.8467679686173
12_06_500.csv,BI,32,0.0057956727336157,396.19051990407087
12_06_500.csv,BI,33,0.0059820717293904,408.40686507244254
12_06_500.csv,BI,34,0.0061684359870545,420.47850338297695
12_06_500.csv,BI,35,0.0063547655195536,432.3897803595482
12_06_500.csv,BI,36,0.0065410603398257,444.12730304260646
12_06_500.csv,BI,37,0.0067273209233412,455.6803724471084
12_06_500.csv,BI,38,0.0069135463578593,467.0413847231707
12_06_500.csv,BI,39,0.0070997371189219,478.2055586794422
12_06_500.csv,BI,40,0.0072858932194383,489.17087610651686
12_06_500.csv,BI,41,0.0074720146723108,499.93780783917856
12_06_500.csv,BI,42,0.0076581019525431,510.5085475051888
12_06_500.csv,BI,43,0.0078441541487192,520.8868276411436
12_06_500.csv,BI,44,0.0080301712739777,531.0772147153818
12_06_500.csv,BI,45,0.0082161547270027,541.0845255802576
12_06_500.csv,BI,46,0.0084021035966148,550.9135795326806
12_06_500.csv,BI,47,0.0085880169723143,560.5685223179648
12_06_500.csv,BI,48,0.0087738967138422,570.0524576426715
12_06_500.csv,BI,49,0.0089597409874974,579.3674425875963
12_06_500.csv,BI,50,0.00914555165232,588.51381325478
12_06_500.csv,BI,51,0.0093313277979533,597.4904875099439
12_06_500.csv,BI,52,0.0095170685147195,606.2942874139753
12_06_500.csv,BI,53,0.0097027756606084,614.9204936527799
12_06_500.csv,BI,54,0.0098884474035979,623.3627785581218
12_06_500.csv,BI,55,0.0100740856009782,631.6130858188058
12_06_500.csv,BI,56,0.0102596893432143,639.6621798820966
12_06_500.csv,BI,57,0.0104452577214485,647.4996465462546
12_06_500.csv,BI,58,0.0106307925919229,655.1144488735645
12_06_500.csv,BI,59,0.0108162921242912,662.4952309426855
12_06_500.csv,BI,60,0.0110017581740972,669.6305074945146
12_06_500.csv,BI,61,0.011187189832626,676.5094619689808
12_06_500.csv,BI,62,0.0113725861918385,683.1220723935398
12_06_500.csv,BI,63,0.0115579491062325,689.459669735915
12_06_500.csv,BI,64,0.0117432767471344,695.5151817906378
12_06_500.csv,BI,65,0.011928570968345,701.2833867910322
12_06_500.csv,BI,66,0.0121138299418591,706.7612807013461
12_06_500.csv,BI,67,0.0122990555207813,711.9481462083369
12_06_500.csv,BI,68,0.0124842467975419,716.8453649104086
12_06_500.csv,BI,69,0.0126694028652458,721.4568538798394
12_06_500.csv,BI,70,0.0128545255759542,725.7885135902006
12_06_500.csv,BI,71,0.0130396131033302,729.8481632713854
12_06_500.csv,BI,72,0.01322466729874,733.645424310088
12_06_500.csv,BI,73,0.0134096872554305,737.1914079390353
12_06_500.csv,BI,74,0.0135946720673218,740.498223638449
12_06_500.csv,BI,75,0.0137796235847385,743.5788583388453
12_06_500.csv,BI,76,0.0139645399830094,746.4468011021258
12_06_500.csv,BI,77,0.0141494231117654,749.1159252221778
12_06_500.csv,BI,78,0.0143342720650685,751.599926537506
12_06_500.csv,BI,79,0.0145190859376526,753.9124491579905
12_06_500.csv,BI,80,0.0147038665781091,756.0666539161645
12_06_500.csv,BI,81,0.0148886121634293,758.0752130674628
12_06_500.csv,BI,82,0.0150733245415122,759.9503153754137
12_06_500.csv,BI,83,0.0152580028072333,761.7032889538382
12_06_500.csv,BI,84,0.015442646056139,763.3447884980887
12_06_500.csv,BI,85,0.0156272561350908,764.8846727676603
12_06_500.csv,BI,86,0.0158118312227394,766.3321229594021
12_06_500.csv,BI,87,0.0159963722487118,767.6955849600995
12_06_500.csv,BI,88,0.0161808810583257,768.9825811753249
12_06_500.csv,BI,89,0.0163653539983085,770.2002631158502
12_06_500.csv,BI,90,0.0165497929143022,771.3548610212825
12_06_500.csv,BI,91,0.0167341996505896,772.4521132413074
12_06_500.csv,BI,92,0.0169185705559054,773.4972615271236
12_06_500.csv,BI,93,0.0171029074748565,774.4949348821717
12_06_500.csv,BI,94,0.0172872122506923,775.4492689539103
12_06_500.csv,BI,95,0.0174714812341524,776.3641497557192
12_06_500.csv,BI,96,0.0176557162688098,777.2429113397806
12_06_500.csv,BI,97,0.0178399173671714,778.088453875524
12_06_500.csv,BI,98,0.0180240863711105,778.9036811087676
12_06_500.csv,BI,99,0.0182082196340365,779.6908730965015
12_06_500.csv,BI,100,0.0183923189981457,780.4522536936297
12_06_500.csv,BI,101,0.0185763863042807,781.1897996893615
12_06_500.csv,BI,102,0.0187604179078508,781.905174098847
12_06_500.csv,BI,103,0.0189444156500212,782.5999832535099
12_06_500.csv,BI,104,0.0191283795432505,783.2756466060497
12_06_500.csv,BI,105,0.0193123114270087,783.933399418255
12_06_500.csv,BI,106,0.0194962076593681,784.5744113347789
12_06_500.csv,BI,107,0.0196800700801209,785.1996081720412
12_06_500.csv,BI,108,0.019863900527709,785.8100409560285
12_06_500.csv,BI,109,0.0200476953621996,786.4063835603474
12_06_500.csv,BI,110,0.0202314564223564,786.9895015128477
12_06_500.csv,BI,111,0.0204151855455944,787.5600118094752
12_06_500.csv,BI,112,0.0205988790939733,788.1185275927917
12_06_500.csv,BI,113,0.0207825389052297,788.665604456597
12_06_500.csv,BI,114,0.0209661649917536,789.2017969701537
12_06_500.csv,BI,115,0.0211497591895925,789.7274745355608
12_06_500.csv,BI,116,0.0213333178634595,790.2431272121099
12_06_500.csv,BI,117,0.0215168428497233,790.7491250191854
12_06_500.csv,BI,118,0.0217003359834072,791.2458382534978
12_06_500.csv,BI,119,0.0218837936312117,791.7335707749629
12_06_500.csv,BI,120,0.0220672176284811,792.2126309976306
12_06_500.csv,BI,121,0.0222506098092155,792.6833275668982
12_06_500.csv,BI,122,0.0224339665421008,793.1459026057372
12_06_500.csv,BI,123,0.0226172896614578,793.6005403197119
12_06_500.csv,BI,124,0.0228005791796085,794.0474860510897
12_06_500.csv,BI,125,0.0229838369291908,794.4870492256894
12_06_500.csv,BI,126,0.0231670592815343,794.9193477630615
12_06_500.csv,BI,127,0.0233502480695971,795.3445040119207
12_06_500.csv,BI,128,0.0235334051249966,795.762890368819
12_06_500.csv,BI,129,0.0237165268210428,796.1744376622021
12_06_500.csv,BI,130,0.023899614989673,796.5795185971164
12_06_500.csv,BI,131,0.0240826696431617,796.9781295686835
12_06_500.csv,BI,132,0.0242656926117679,797.3704560246338
12_06_500.csv,BI,133,0.0244486802714385,797.756554110074
12_06_500.csv,BI,134,0.0246316344527515,798.1366720355004
12_06_500.csv,BI,135,0.0248145569849479,798.5108704902452
12_06_500.csv,BI,136,0.0249974442459501,798.8792684372631
12_06_500.csv,BI,137,0.025180298065318,799.2419892829093
12_06_500.csv,BI,138,0.025363120271276,799.5991565266868
12_06_500.csv,BI,139,0.0255459072437197,799.9508894038157
12_06_500.csv,BI,140,0.0257286608111919,800.297248970636
12_06_500.csv,BI,141,0.0259113809859003,800.6383575149066
12_06_500.csv,BI,142,0.0260940695947154,800.9743388694428
12_06_500.csv,BI,143,0.0262767230201604,801.3051872780011
12_06_500.csv,BI,144,0.0264593430894242,801.6310266874933
12_06_500.csv,BI,145,0.0266419316283633,801.9519811377052
12_06_500.csv,BI,146,0.026824485021469,802.2681703968397
12_06_500.csv,BI,147,0.027007005094916,802.5795932754837
12_06_500.csv,BI,148,0.027189493673548,802.8864367377516
12_06_500.csv,BI,149,0.0273719471438223,803.1886326037056
12_06_500.csv,BI,150,0.0275543673309004,803.4864307148242
12_06_500.csv,BI,151,0.0277367542469231,803.7797658817531
12_06_500.csv,BI,152,0.0279191097153855,804.0688253786766
12_06_500.csv,BI,153,0.028101430125363,804.3536666986654
12_06_500.csv,BI,154,0.0282837173006679,804.6342889633324
12_06_500.csv,BI,155,0.0284659730637852,804.910754092823
12_06_500.csv,BI,156,0.0286481938057512,805.1832452997066
12_06_500.csv,BI,157,0.0288303813493678,805.4516990232414
12_06_500.csv,BI,158,0.0290125357067294,805.7163015274718
12_06_500.csv,BI,159,0.0291946586989758,805.9769892985347
12_06_500.csv,BI,160,0.0293767467197549,806.2339458218939
12_06_500.csv,BI,161,0.0295588015905227,806.4871704954672
12_06_500.csv,BI,162,0.0297408251314117,806.7366627179558
12_06_500.csv,BI,163,0.0299228137380258,806.9825432905429
12_06_500.csv,BI,164,0.0301047692308132,807.2248745809517
12_06_500.csv,BI,165,0.0302866934288996,807.4637190033849
12_06_500.csv,BI,166,0.0304685827298433,807.699134640533
12_06_500.csv,BI,167,0.0306504389530855,807.9311210631097
12_06_500.csv,BI,168,0.0308322621106549,808.159739329165
12_06_500.csv,BI,169,0.0310140540203371,808.3851149600409
12_06_500.csv,BI,170,0.0311958128877276,808.6072447109837
12_06_500.csv,BI,171,0.031377535114621,808.8261868573181
12_06_500.csv,BI,172,0.0315592279341053,809.0420084800062
12_06_500.csv,BI,173,0.0317408841384027,809.2547020221239
12_06_500.csv,BI,174,0.0319225109579646,809.4643976378316
12_06_500.csv,BI,175,0.0321041047952152,809.6710277324555
12_06_500.csv,BI,176,0.0322856620551936,809.8747137782798
12_06_500.csv,BI,177,0.0324671899643999,810.075523053134
12_06_500.csv,BI,178,0.0326486849272049,810.2733879959987
12_06_500.csv,BI,179,0.0328301433505914,810.4684302159374
12_06_500.csv,BI,180,0.0330115724571126,810.6607170949083
12_06_500.csv,BI,181,0.0331929686530839,810.8501811056431
12_06_500.csv,BI,182,0.0333743283474299,811.0368808875392
12_06_500.csv,BI,183,0.0335556587587609,811.2209470101479
12_06_500.csv,BI,184,0.0337369562953349,811.4023119800449
12_06_500.csv,BI,185,0.0339182173680161,811.5810976801233
12_06_500.csv,BI,186,0.0340994491914765,811.7573085477397
12_06_500.csv,BI,187,0.0342806481759144,811.9310034165853
12_06_500.csv,BI,188,0.0344618107341315,812.102177990525
12_06_500.csv,BI,189,0.0346429440768659,812.270899928495
12_06_500.csv,BI,190,0.0348240410184606,812.437225243888
12_06_500.csv,BI,191,0.0350051087670332,812.6011584779703
12_06_500.csv,BI,192,0.0351861437360115,812.7627586241722
12_06_500.csv,BI,193,0.0353671423414218,812.9220214890529
12_06_500.csv,BI,194,0.0355481117874548,813.0789516485493
12_06_500.csv,BI,195,0.0357290484894729,813.2335449092643
12_06_500.csv,BI,196,0.0359099488654345,813.3859868779391
12_06_500.csv,BI,197,0.0360908201156077,813.536218955496
12_06_500.csv,BI,198,0.0362716586572876,813.6842370170973
12_06_500.csv,BI,199,0.0364524609103626,813.8302268411358
12_06_500.csv,BI,200,0.0366332340711824,813.9740032378486
12_06_500.csv,BI,201,0.0368139745589728,814.1157520542888
12_06_500.csv,BI,202,0.0369946787955499,814.2553425978076
12_06_500.csv,BI,203,0.0371753539733493,814.392906241201
12_06_500.csv,BI,204,0.0373559965135257,814.5284389626308
12_06_500.csv,BI,205,0.0375366028398207,814.6620001101619
12_06_500.csv,BI,206,0.0377171801407603,814.7935310844387
12_06_500.csv,BI,207,0.0378977212526733,814.9230883334383
12_06_500.csv,BI,208,0.0380782333614816,815.0507400428601
12_06_500.csv,BI,209,0.0382587128915491,815.1764188442112
12_06_500.csv,BI,210,0.0384391562698229,815.3003110314012
12_06_500.csv,BI,211,0.0386195706783219,815.4222946117725
12_06_500.csv,BI,212,0.0387999525433333,815.5424925322886
12_06_500.csv,BI,213,0.0389802982937244,815.6609009092313
12_06_500.csv,BI,214,0.0391606151076155,815.7774611534671
12_06_500.csv,BI,215,0.0393408994132149,815.8922328310346
12_06_500.csv,BI,216,0.0395211476413081,816.0052755541983
12_06_500.csv,BI,217,0.0397013669661212,816.1165942402304
12_06_500.csv,BI,218,0.0398815538177815,816.2262485584943
12_06_500.csv,BI,219,0.0400617046289906,816.3341711647172
12_06_500.csv,BI,220,0.0402418265700846,816.4404305167977
12_06_500.csv,BI,221,0.0404219160731076,816.5450228002915
12_06_500.csv,BI,222,0.0406019695726755,816.6478806370492
12_06_500.csv,BI,223,0.0407819942352385,816.749072518408
12_06_500.csv,BI,224,0.0409619864947556,816.848721804739
12_06_500.csv,BI,225,0.0411419427877547,816.9468247513669
12_06_500.csv,BI,226,0.0413218702768044,817.0433227658045
12_06_500.csv,BI,227,0.0415017618239282,817.1383363915829
12_06_500.csv,BI,228,0.0416816245891093,817.2317434139723
12_06_500.csv,BI,229,0.0418614550094937,817.3236673429637
12_06_500.csv,BI,230,0.0420412495247914,817.4140408133178
12_06_500.csv,BI,231,0.0422210152911113,817.5029325080357
12_06_500.csv,BI,232,0.0424007487475085,817.5904023962705
12_06_500.csv,BI,233,0.0425804463355999,817.6764468036058
12_06_500.csv,BI,234,0.0427601152076237,817.761070813151
12_06_500.csv,BI,235,0.0429397518045428,817.8442707502722
12_06_500.csv,BI,236,0.0431193525698784,817.9261703902705
12_06_500.csv,BI,237,0.0432989246520027,818.0065199397234
12_06_500.csv,BI,238,0.0434784644937837,818.0856343930295
12_06_500.csv,BI,239,0.0436579685406454,818.1633189036265
12_06_500.csv,BI,240,0.0438374439370978,818.239769862721
12_06_500.csv,BI,241,0.0440168871279124,818.3149199183163
12_06_500.csv,BI,242,0.0441962945604136,818.3887016736526
12_06_500.csv,BI,243,0.0443756733752537,818.4613116557455
12_06_500.csv,BI,244,0.0445550164561521,818.5325519648172
12_06_500.csv,BI,245,0.0447343309411915,818.6025553679747
12_06_500.csv,BI,246,0.0449136132783108,818.6713821351964
12_06_500.csv,BI,247,0.0450928599179977,818.7388371817285
12_06_500.csv,BI,248,0.0452720779944841,818.8051810653824
12_06_500.csv,BI,249,0.0454512639576067,818.8703464133721
12_06_500.csv,BI,250,0.0456304142597483,818.9343296930238
12_06_500.csv,BI,251,0.0458095360312942,818.9971361160278
12_06_500.csv,BI,252,0.0459886257239769,819.0588260570394
12_06_500.csv,BI,253,0.0461676797920724,819.1193320995569
12_06_500.csv,BI,254,0.0463467053621233,819.1786594534681
12_06_500.csv,BI,255,0.0465256988877562,819.2368045866999
12_06_500.csv,BI,256,0.046704656825138,819.2938918752293
12_06_500.csv,BI,257,0.046883586296973,819.3497986660454
12_06_500.csv,BI,258,0.0470624837587796,819.4046493805831
12_06_500.csv,BI,259,0.0472413456686138,819.4584405576627
12_06_500.csv,BI,260,0.0474201791453457,819.51111347284
12_06_500.csv,BI,261,0.0475989770942592,819.5626617190846
12_06_500.csv,BI,262,0.0477777466316703,819.6132826016546
12_06_500.csv,BI,263,0.0479564842162459,819.6628446613522
12_06_500.csv,BI,264,0.0481351863091865,819.7113444387014
12_06_500.csv,BI,265,0.0483138600229804,819.7588512614414
12_06_500.csv,BI,266,0.0484925018181813,819.8052976362401
12_06_500.csv,BI,267,0.0486711081578731,819.8507441839711
12_06_500.csv,BI,268,0.0488496861507212,819.8951962081906
12_06_500.csv,BI,269,0.0490282322591635,819.9386502844613
12_06_500.csv,BI,270,0.0492067429481658,819.9811029898001
12_06_500.csv,BI,271,0.0493852253225744,820.0226237506433
12_06_500.csv,BI,272,0.0495636758467095,820.063016768456
12_06_500.csv,BI,273,0.049742090987417,820.1025351445132
12_06_500.csv,BI,274,0.0499204778457277,820.1409917684332
12_06_500.csv,BI,275,0.0500988328878428,820.1785756961599
12_06_500.csv,BI,276,0.0502771525824855,820.2152835756565
12_06_500.csv,BI,277,0.050455444026876,820.2511207724197
12_06_500.csv,BI,278,0.0506337001477329,820.2860168239258
12_06_500.csv,BI,279,0.050811928039738,820.320169709616
12_06_500.csv,BI,280,0.0509901241722219,820.3533834623358
12_06_500.csv,BI,281,0.0511682850170334,820.3857189372029
12_06_500.csv,BI,282,0.0513464176650499,820.4172457467048
12_06_500.csv,BI,283,0.0515245185874775,820.4479605747192
12_06_500.csv,BI,284,0.0517025842580371,820.4777315590836
12_06_500.csv,BI,285,0.0518806217638065,820.5066283098431
12_06_500.csv,BI,286,0.0520586275778646,820.5347117744823
12_06_500.csv,BI,287,0.0522365981758031,820.5620429479254
12_06_500.csv,BI,288,0.0524145406409037,820.5886272554415
12_06_500.csv,BI,289,0.0525924514481166,820.6144614177008
12_06_500.csv,BI,290,0.052770327074902,820.6394778145691
12_06_500.csv,BI,291,0.0529481746007496,820.6637461883847
12_06_500.csv,BI,292,0.0531259905024789,820.6871988956977
12_06_500.csv,BI,293,0.0533037712594167,820.7097682490073
12_06_500.csv,BI,294,0.0534815239472649,820.7316527646137
12_06_500.csv,BI,295,0.0536592450447102,820.752720400638
12_06_500.csv,BI,296,0.0538369310329441,820.7730322588959
12_06_500.csv,BI,297,0.0540145889838846,820.7925293342832
12_06_500.csv,BI,298,0.0541922118493024,820.8113987227
12_06_500.csv,BI,299,0.0543698066985955,820.8295170175402
12_06_500.csv,BI,300,0.0545473700135584,820.846945401174
12_06_500.csv,BI,301,0.0547248982784857,820.8636161667869
12_06_500.csv,BI,302,0.0549023985589981,820.8795992072178
12_06_500.csv,BI,303,0.0550798673387523,820.8947623010367
12_06_500.csv,BI,304,0.0552573011039023,820.9092311479606
12_06_500.csv,BI,305,0.0554347069162957,820.9230111925797
12_06_500.csv,BI,306,0.0556120812614493,820.9363572997984
12_06_500.csv,BI,307,0.0557894206273744,820.9490082231014
12_06_500.csv,BI,308,0.0559667320721499,820.9609048557941
12_06_500.csv,BI,309,0.0561440120831504,820.9722376072341
12_06_500.csv,BI,310,0.0563212571502428,820.9829387404727
12_06_500.csv,BI,311,0.0564984743277409,820.992949145985
12_06_500.csv,BI,312,0.0566756601048757,821.0022655890632
12_06_500.csv,BI,313,0.0568528109733674,821.0108848369123
12_06_500.csv,BI,314,0.0570299339837691,821.0188769427878
12_06_500.csv,BI,315,0.057207022109007,821.0263004478459
12_06_500.csv,BI,316,0.0573840823971291,821.0330962148703
12_06_500.csv,BI,317,0.0575611113404554,821.0393256973714
12_06_500.csv,BI,318,0.057738105433791,821.0449210707229
12_06_500.csv,BI,319,0.0579150717214297,821.0498231261136
12_06_500.csv,BI,320,0.0580920066975425,821.0541580043373
12_06_500.csv,BI,321,0.0582689068587828,821.0579225451877
12_06_500.csv,BI,322,0.0584457792456941,821.0610575368867
12_06_500.csv,BI,323,0.0586226203542963,821.0636245045519
12_06_500.csv,BI,324,0.0587994266830893,821.0656202894802
12_06_500.csv,BI,325,0.0589762052688703,821.0670503856022
12_06_500.csv,BI,326,0.0591529526095062,821.0678468792257
12_06_500.csv,BI,327,0.0593296652053415,821.0680065788356
12_06_500.csv,BI,328,0.059506350089431,821.0675349409951
12_06_500.csv,BI,329,0.0596830037614868,821.0665583513171
12_06_500.csv,BI,330,0.0598596227236957,821.0649440879642
12_06_500.csv,BI,331,0.0600362140053745,821.0628272278427
12_06_500.csv,BI,332,0.0602127706004784,821.0602017691751
12_06_500.csv,BI,333,0.0603892995358345,821.0569435628652
12_06_500.csv,BI,334,0.0605657973142255,821.0531142654906
12_06_500.csv,BI,335,0.0607422604409048,821.0487107240056
12_06_500.csv,BI,336,0.0609186959389675,821.0439330278277
12_06_500.csv,BI,337,0.0610951003130366,821.038648365643
12_06_500.csv,BI,338,0.0612714735740908,821.0327916053084
12_06_500.csv,BI,339,0.0614478157331033,821.0266220852018
12_06_500.csv,BI,340,0.0616241197957356,821.0198742576831
12_06_500.csv,BI,341,0.0618003997847954,821.0124944260006
12_06_500.csv,BI,342,0.0619766487046975,821.0046713413794
12_06_500.csv,BI,343,0.0621528665663918,820.9964697468604
12_06_500.csv,BI,344,0.0623290533808222,820.987759549821
12_06_500.csv,BI,345,0.0625052021597909,820.9784048199458
12_06_500.csv,BI,346,0.0626813269137356,820.9686116917069
12_06_500.csv,BI,347,0.0628574206532136,820.9583742118916
12_06_500.csv,BI,348,0.063033483389146,820.9475621619927
12_06_500.csv,BI,349,0.063209515132448,820.9363703204508
12_06_500.csv,BI,350,0.0633855158940291,820.924733486459
12_06_500.csv,BI,351,0.0635614786930456,820.9125806738202
12_06_500.csv,BI,352,0.0637374175251201,820.899988174564
12_06_500.csv,BI,353,0.063913325408167,820.8869500419869
12_06_500.csv,BI,354,0.0640892023530727,820.8734009951731
12_06_500.csv,BI,355,0.064265048370718,820.8592757074302
12_06_500.csv,BI,356,0.0644408634719778,820.8447040997162
12_06_500.csv,BI,357,0.0646166406833477,820.8297453423074
12_06_500.csv,BI,358,0.0647923939856659,820.8143456099224
12_06_500.csv,BI,359,0.0649681164041887,820.7986292267542
12_06_500.csv,BI,360,0.0651438079497681,820.782400624717
12_06_500.csv,BI,361,0.0653194686332505,820.7657247185125
12_06_500.csv,BI,362,0.0654950914872355,820.7485955747643
12_06_500.csv,BI,363,0.0656706904802651,820.7310896212857
12_06_500.csv,BI,364,0.065846258643702,820.7131357685457
12_06_500.csv,BI,365,0.0660217959883695,820.6947338105492
12_06_500.csv,BI,366,0.0661973025250855,820.675948753551
12_06_500.csv,BI,367,0.0663727782646621,820.6567152021944
12_06_500.csv,BI,368,0.0665482162470099,820.6370272299091
12_06_500.csv,BI,369,0.066723630425944,820.6169613195761
12_06_500.csv,BI,370,0.0668990138401403,820.5965115778167
12_06_500.csv,BI,371,0.0670743665003883,820.575612563498
12_06_500.csv,BI,372,0.0672496884174717,820.5542640706249
12_06_500.csv,BI,373,0.0674249796021684,820.5325311855609
12_06_500.csv,BI,374,0.0676002331016847,820.5103427191625
12_06_500.csv,BI,375,0.0677754628551397,820.4878405244426
12_06_500.csv,BI,376,0.0679506619085077,820.4648880958557
12_06_500.csv,BI,377,0.0681258302725441,820.4416159036764
12_06_500.csv,BI,378,0.0683009679579985,820.4180238105746
12_06_500.csv,BI,379,0.0684760680181451,820.3939752493075
12_06_500.csv,BI,380,0.0686511443798803,820.3695468032492
12_06_500.csv,BI,381,0.0688261900952483,820.3447979756152
12_06_500.csv,BI,382,0.0690012051749765,820.3195978383646
12_06_500.csv,BI,383,0.0691761896297862,820.2939461855026
12_06_500.csv,BI,384,0.0693511434703935,820.2679736475211
12_06_500.csv,BI,385,0.0695260597573401,820.2417398159596
12_06_500.csv,BI,386,0.069700952402883,820.2151251083751
12_06_500.csv,BI,387,0.069875814466337,820.1880581985315
12_06_500.csv,BI,388,0.0700506459583954,820.1606698084734
12_06_500.csv,BI,389,0.0702254468897461,820.1328943254066
12_06_500.csv,BI,390,0.0704002172710713,820.1047315776686
12_06_500.csv,BI,391,0.0705749501701652,820.0763066966083
12_06_500.csv,BI,392,0.0707496594846765,820.0474999482162
12_06_500.csv,BI,393,0.070924338281175,820.0183709871844
12_06_500.csv,BI,394,0.0710989865703204,819.9889852088672
12_06_500.csv,BI,395,0.071273604362767,819.95921142201
12_06_500.csv,BI,396,0.0714481847323413,819.9291093228203
12_06_500.csv,BI,397,0.0716227415645415,819.8985590165439
12_06_500.csv,BI,398,0.0717972679319718,819.8676857652026
12_06_500.csv,BI,399,0.0719717638452642,819.8364238415616
12_06_500.csv,BI,400,0.0721462293150451,819.8048386753071
12_06_500.csv,BI,401,0.0723206643519351,819.7729957419024
12_06_500.csv,BI,402,0.0724950620369858,819.7408892579028
12_06_500.csv,BI,403,0.0726694362411429,819.7084648467385
12_06_500.csv,BI,404,0.072843780044238,819.675716689419
12_06_500.csv,BI,405,0.0730180934568697,819.6427103071837
12_06_500.csv,BI,406,0.0731923764896312,819.6094455970351
12_06_500.csv,BI,407,0.07336662915311,819.5757254116024
12_06_500.csv,BI,408,0.073540844535567,819.5418723362682
12_06_500.csv,BI,409,0.0737150364934265,819.50770057115
12_06_500.csv,BI,410,0.0738891981137323,819.4732043045633
12_06_500.csv,BI,411,0.0740633294070498,819.4383833991778
12_06_500.csv,BI,412,0.074237430383939,819.4032377176636
12_06_500.csv,BI,413,0.0744114941386575,819.3677614557
12_06_500.csv,BI,414,0.0745855345155513,819.3319658111718
12_06_500.csv,BI,415,0.074759544607663,819.2958449785265
12_06_500.csv,BI,416,0.0749335244255304,819.2593330359796
12_06_500.csv,BI,417,0.0751074739796861,819.2226271995642
12_06_500.csv,BI,418,0.0752813932806568,819.1855957859298
12_06_500.csv,BI,419,0.0754552754298826,819.1483646357574
12_06_500.csv,BI,420,0.0756291342572432,819.1109450007498
12_06_500.csv,BI,421,0.0758029628629662,819.073265309763
12_06_500.csv,BI,422,0.0759767612575566,819.0351937535615
12_06_500.csv,BI,423,0.0761505294515137,818.9968618896091
12_06_500.csv,BI,424,0.0763242674553315,818.9583354909155
12_06_500.csv,BI,425,0.0764979683776177,818.9195429492788
12_06_500.csv,BI,426,0.0766716460338158,818.8803636693328
12_06_500.csv,BI,427,0.0768452935313235,818.8409236467587
12_06_500.csv,BI,428,0.0770189108806129,818.8011568567754
12_06_500.csv,BI,429,0.0771924980921507,818.7611290952805
12_06_500.csv,BI,430,0.0773660482805059,818.7209005581371
12_06_500.csv,BI,431,0.0775395752491152,818.6802846012142
12_06_500.csv,BI,432,0.0777130721113399,818.6394073409001
12_06_500.csv,BI,433,0.0778865388776249,818.5982686741972
12_06_500.csv,BI,434,0.0780599755584097,818.5568684981081
12_06_500.csv,BI,435,0.0782333821641282,818.5151407077428
12_06_500.csv,BI,436,0.0784067518164897,818.473145540876
12_06_500.csv,BI,437,0.0785800983045504,818.430894172242
12_06_500.csv,BI,438,0.078753414748814,818.3885129317932
12_06_500.csv,BI,439,0.0789267011596929,818.3458696898601
12_06_500.csv,BI,440,0.0790999575475942,818.3030304025579
12_06_500.csv,BI,441,0.0792731839229193,818.2598628601077
12_06_500.csv,BI,442,0.0794463734145029,818.2164273765738
12_06_500.csv,BI,443,0.0796195397970503,818.1728012048925
12_06_500.csv,BI,444,0.0797926761981934,818.1288464347399
12_06_500.csv,BI,445,0.079965782628312,818.0847612777852
12_06_500.csv,BI,446,0.0801388590977808,818.0404795719187
12_06_500.csv,BI,447,0.0803119056169689,817.9958689700325
12_06_500.csv,BI,448,0.0804849153218217,817.9510560131898
12_06_500.csv,BI,449,0.0806579019727236,817.9061180419926
12_06_500.csv,BI,450,0.0808308587044196,817.860850877229
12_06_500.csv,BI,451,0.0810037855272574,817.815452936562
12_06_500.csv,BI,452,0.0811766824515794,817.7697917927753
12_06_500.csv,BI,453,0.0813495426192452,817.7239279342393
12_06_500.csv,BI,454,0.0815223797787279,817.6777400879528
12_06_500.csv,BI,455,0.081695187070689,817.6312887295553
12_06_500.csv,BI,456,0.0818679645054494,817.5844412716133
12_06_500.csv,BI,457,0.0820407120933247,817.5375288107753
12_06_500.csv,BI,458,0.082213429844625,817.4904850819348
12_06_500.csv,BI,459,0.0823861109082939,817.4431718888854
12_06_500.csv,BI,460,0.0825587690185379,817.3957329234586
12_06_500.csv,BI,461,0.082731397323105,817.3480299423786
12_06_500.csv,BI,462,0.082903995832284,817.3002617752959
12_06_500.csv,BI,463,0.0830765645563584,817.2521631329032
12_06_500.csv,BI,464,0.0832491035056065,817.2038002116415
12_06_500.csv,BI,465,0.083421605836041,817.1551673075192
12_06_500.csv,BI,466,0.0835940852676316,817.1064082341454
12_06_500.csv,BI,467,0.0837665349551981,817.057384618688
12_06_500.csv,BI,468,0.0839389549089973,817.0080299786023
12_06_500.csv,BI,469,0.0841113451392809,816.9584105675494
12_06_500.csv,BI,470,0.0842836988079417,816.9085206880536
12_06_500.csv,BI,471,0.0844560296231078,816.8584378412606
12_06_500.csv,BI,472,0.084628330745481,816.808289213368
12_06_500.csv,BI,473,0.0848006021852917,816.7578754940728
12_06_500.csv,BI,474,0.084972843952765,816.7071965803775
12_06_500.csv,BI,475,0.0851450560581208,816.6563852885965
12_06_500.csv,BI,476,0.0853172316702946,816.6055024688712
12_06_500.csv,BI,477,0.0854893844832316,816.5544928132203
12_06_500.csv,BI,478,0.0856615076646788,816.503084723423
12_06_500.csv,BI,479,0.0858336012248347,816.4515440495452
12_06_500.csv,BI,480,0.086005665173893,816.3998707572546
12_06_500.csv,BI,481,0.0861776995220419,816.347998283898
12_06_500.csv,BI,482,0.086349697445245,816.2959875218294
12_06_500.csv,BI,483,0.0865216726232941,816.243783044315
12_06_500.csv,BI,484,0.0866936182309666,816.1914457652815
12_06_500.csv,BI,485,0.0868655342784298,816.1388425022028
12_06_500.csv,BI,486,0.0870374207758456,816.0861063231632
12_06_500.csv,BI,487,0.0872092709050235,816.0330318307178
12_06_500.csv,BI,488,0.087381098333983,815.9797632500304
12_06_500.csv,BI,489,0.0875528962433493,815.9262949389586
12_06_500.csv,BI,490,0.0877246646432636,815.8725601975202
12_06_500.csv,BI,491,0.0878964035438616,815.8187588510018
12_06_500.csv,BI,492,0.088068112955274,815.7648908994033
12_06_500.csv,BI,493,0.0882397860663119,815.710684115907
12_06_500.csv,BI,494,0.0884114365308949,815.6564162013215
12_06_500.csv,BI,495,0.0885830575366524,815.6018815244897
12_06_500.csv,BI,496,0.0887546490936943,815.546879882469
12_06_500.csv,BI,497,0.088926211212125,815.491677914968
12_06_500.csv,BI,498,0.0890977439020441,815.4362755533216
12_06_500.csv,BI,499,0.0892692403592498,815.3806004383059
12_06_500.csv,BI,500,0.089440714223591,815.3247303265043
12_06_500.csv,BI,501,0.0896121586896871,815.268726348877
12_06_500.csv,BI,502,0.0897835737676166,815.2125884710913
12_06_500.csv,BI,503,0.0899549594674529,815.1563834389053
12_06_500.csv,BI,504,0.0901263089908063,815.10003891121
12_06_500.csv,BI,505,0.0902976359658222,815.0436327571351
12_06_500.csv,BI,506,0.0904689335929338,814.9869589825039
12_06_500.csv,BI,507,0.0906402018821937,814.9300843101855
12_06_500.csv,BI,508,0.0908114408436496,814.8730755088259
12_06_500.csv,BI,509,0.0909826504873438,814.8157988465823
12_06_500.csv,BI,510,0.0911538240218479,814.758248678907
12_06_500.csv,BI,511,0.0913249750612894,814.7007034738162
12_06_500.csv,BI,512,0.0914960968130652,814.643023956578
12_06_500.csv,BI,513,0.0916671892871969,814.5852100928596
12_06_500.csv,BI,514,0.0918382524937014,814.5272618483286
12_06_500.csv,BI,515,0.0920092864425901,814.4693799409115
12_06_500.csv,BI,516,0.0921802843493815,814.4112242614469
12_06_500.csv,BI,517,0.0923512598142142,814.3528057752947
12_06_500.csv,BI,518,0.0925222060514345,814.2941857963601
12_06_500.csv,BI,519,0.0926931230710333,814.2354312191742
12_06_500.csv,BI,520,0.0928640108829965,814.1766759586844
12_06_500.csv,BI,521,0.093034862708621,814.1177135641828
12_06_500.csv,BI,522,0.0932056921364099,814.0585550219257
12_06_500.csv,BI,523,0.0933764923864896,813.9992617440876
12_06_500.csv,BI,524,0.0935472634688258,813.9399007167522
12_06_500.csv,BI,525,0.0937180053933786,813.8804049080591
12_06_500.csv,BI,526,0.0938887181701033,813.8207072403711
12_06_500.csv,BI,527,0.0940593950272177,813.7609362358121
12_06_500.csv,BI,528,0.0942300495392887,813.700968800762
12_06_500.csv,BI,529,0.0944006749333662,813.6408664241362
12_06_500.csv,BI,530,0.0945712712193851,813.5806290716023
12_06_500.csv,BI,531,0.0947418384072751,813.5202567088277
12_06_500.csv,BI,532,0.094912376506961,813.4596150775415
12_06_500.csv,BI,533,0.0950828787535675,813.3986314407239
12_06_500.csv,BI,534,0.0952533587077537,813.3375180881885
12_06_500.csv,BI,535,0.0954238096034789,813.2762694736412
12_06_500.csv,BI,536,0.0955942314506476,813.2149527204947
12_06_500.csv,BI,537,0.095764624259159,813.1534334903699
12_06_500.csv,BI,538,0.095934981269883,813.0917733913975
12_06_500.csv,BI,539,0.0961053160319105,813.0299833982767
12_06_500.csv,BI,540,0.0962756217849481,812.9679907679601
12_06_500.csv,BI,541,0.0964458985388748,812.9057954317827
12_06_500.csv,BI,542,0.0966161463035648,812.8433973210795
12_06_500.csv,BI,543,0.0967863650888869,812.7809308428937
12_06_500.csv,BI,544,0.0969565481425923,812.7183232522339
12_06_500.csv,BI,545,0.0971267089999163,812.655518246771
12_06_500.csv,BI,546,0.0972968409074491,812.592510260788
12_06_500.csv,BI,547,0.0974669438750394,812.52929922562
12_06_500.csv,BI,548,0.0976370179125311,812.4660869578256
12_06_500.csv,BI,549,0.0978070630297632,812.4028734917374
12_06_500.csv,BI,550,0.0979770724813537,812.339451420271
12_06_500.csv,BI,551,0.098147059788711,812.2758989805866
12_06_500.csv,BI,552,0.0983170182052946,812.2121433086113
12_06_500.csv,BI,553,0.0984869477409234,812.1482516879751
12_06_500.csv,BI,554,0.098656848405411,812.0842240843454
12_06_500.csv,BI,555,0.0988267134590878,812.0201223578606
12_06_500.csv,BI,556,0.0989965564118609,811.9558900846823
12_06_500.csv,BI,557,0.0991663705229039,811.8916565445443
12_06_500.csv,BI,558,0.0993361558020106,811.8269499051712
12_06_500.csv,BI,559,0.0995059122589697,811.7621744863254
12_06_500.csv,BI,560,0.0996756399035652,811.6973977204107
12_06_500.csv,BI,561,0.0998453320029691,811.6325467253923
12_06_500.csv,BI,562,0.1000150020533127,811.5677673582582
12_06_500.csv,BI,563,0.100184643320614,811.5029192803163
12_06_500.csv,BI,564,0.1003542558146367,811.4378675352068
12_06_500.csv,BI,565,0.1005238395451399,811.3726795438888
12_06_500.csv,BI,566,0.1006933945218775,811.3074902741664
12_06_500.csv,BI,567,0.1008629140188495,811.2420242459993
12_06_500.csv,BI,568,0.1010324115184397,811.1764273343169
12_06_500.csv,BI,569,0.1012018802934963,811.1106940390964
12_06_500.csv,BI,570,0.1013713203537534,811.0447567791607
12_06_500.csv,BI,571,0.1015407317089402,810.9785479275561
12_06_500.csv,BI,572,0.1017101143687809,810.9122700904836
12_06_500.csv,BI,573,0.1018794616140895,810.8458502306612
12_06_500.csv,BI,574,0.1020487869135306,810.7790964494757
12_06_500.csv,BI,575,0.1022180835467684,810.7122735683806
12_06_500.csv,BI,576,0.1023873515235077,810.645381587376
12_06_500.csv,BI,577,0.1025565908534479,810.5785557603685
12_06_500.csv,BI,578,0.1027257948230708,810.5117230683827
12_06_500.csv,BI,579,0.1028949768896294,810.4417149030724
12_06_500.csv,BI,580,0.1030641303384579,810.3746137502094
12_06_500.csv,BI,581,0.1032332551792363,810.3075111930548
12_06_500.csv,BI,582,0.1034023514216395,810.2404749501147
12_06_500.csv,BI,583,0.1035714190753378,810.1732343075828
12_06_500.csv,BI,584,0.1037404514336015,810.105580634619
12_06_500.csv,BI,585,0.1039094619400154,810.0377955169379
12_06_500.csv,BI,586,0.1040784438867049,809.9700089377438
12_06_500.csv,BI,587,0.1042473972833205,809.9018822243988
12_06_500.csv,BI,588,0.1044163221395078,809.8338217566024
12_06_500.csv,BI,589,0.1045852184649075,809.7656920744548
12_06_500.csv,BI,590,0.1047540795595654,809.6975555209438
12_06_500.csv,BI,591,0.1049229188534255,809.6293552100833
12_06_500.csv,BI,592,0.1050917296453906,809.5609501105309
12_06_500.csv,BI,593,0.105260511945082,809.4924079636803
12_06_500.csv,BI,594,0.105429265762116,809.4237287351989
12_06_500.csv,BI,595,0.1055979844021737,809.3550426307884
12_06_500.csv,BI,596,0.1057666812838534,809.2860891603136
12_06_500.csv,BI,597,0.1059353497116951,809.2170663610459
12_06_500.csv,BI,598,0.106103989695296,809.147770631148
12_06_500.csv,BI,599,0.1062726012442478,809.078405503792
12_06_500.csv,BI,600,0.106441184368138,809.0088351986433
12_06_500.csv,BI,601,0.1066097323793977,808.9390542294495
12_06_500.csv,BI,602,0.1067782586830353,808.8692091902121
12_06_500.csv,BI,603,0.1069467565903432,808.7992267374639
12_06_500.csv,BI,604,0.1071152261108895,808.7293785806469
12_06_500.csv,BI,605,0.107283667254237,808.6592571384317
12_06_500.csv,BI,606,0.1074520800299439,808.5891341431488
12_06_500.csv,BI,607,0.1076204577571781,808.5188003089997
12_06_500.csv,BI,608,0.1077888138273854,808.4483343690267
12_06_500.csv,BI,609,0.1079571415585973,808.3777308782132
12_06_500.csv,BI,610,0.1081254409603527,808.307057806835
12_06_500.csv,BI,611,0.1082937120421855,808.2363831709445
12_06_500.csv,BI,612,0.1084619481288672,808.1655655474897
12_06_500.csv,BI,613,0.1086301626005624,808.0947517861841
12_06_500.csv,BI,614,0.1087983487809082,808.0239365175867
12_06_500.csv,BI,615,0.1089665066794191,807.9529836523725
12_06_500.csv,BI,616,0.1091346363056055,807.8817570096635
12_06_500.csv,BI,617,0.1093027376689723,807.8103926558961
12_06_500.csv,BI,618,0.1094708041010027,807.7390213549647
12_06_500.csv,BI,619,0.1096388489683493,807.6673133927511
12_06_500.csv,BI,620,0.109806865601363,807.5953994745446
12_06_500.csv,BI,621,0.10997485400953,807.5233476621734
12_06_500.csv,BI,622,0.1101428142023314,807.4511579213049
12_06_500.csv,BI,623,0.1103107461892439,807.3788983709883
12_06_500.csv,BI,624,0.1104786433084487,807.3064272957963
12_06_500.csv,BI,625,0.1106465189131136,807.2338917525431
12_06_500.csv,BI,626,0.1108143663402901,807.1612181663513
12_06_500.csv,BI,627,0.1109821855994356,807.0886792995198
12_06_500.csv,BI,628,0.1111499767000029,807.0159342020361
12_06_500.csv,BI,629,0.1113177329857449,806.9431820925365
12_06_500.csv,BI,630,0.1114854677986127,806.870365530925
12_06_500.csv,BI,631,0.1116531744812314,806.797342647109
12_06_500.csv,BI,632,0.1118208530430347,806.7243181415579
12_06_500.csv,BI,633,0.1119885034934515,806.651223780782
12_06_500.csv,BI,634,0.112156125841906,806.5779912855146
12_06_500.csv,BI,635,0.1123237134388249,806.5046152509149
12_06_500.csv,BI,636,0.1124912796127242,806.4311063850564
12_06_500.csv,BI,637,0.1126588177129051,806.357527595308
12_06_500.csv,BI,638,0.1128263277487727,806.2840155317554
12_06_500.csv,BI,639,0.1129938097297276,806.2102969171156
12_06_500.csv,BI,640,0.1131612636651655,806.1365083785859
12_06_500.csv,BI,641,0.1133286829121737,806.0626445539924
12_06_500.csv,BI,642,0.1134960807858599,805.9885794274342
12_06_500.csv,BI,643,0.1136634506421881,805.9146494779989
12_06_500.csv,BI,644,0.113830792490535,805.8405812338547
12_06_500.csv,BI,645,0.113998106340273,805.766374660669
12_06_500.csv,BI,646,0.1141653855540292,805.6921612020742
12_06_500.csv,BI,647,0.1143326434357589,805.617814748166
12_06_500.csv,BI,648,0.1144998733469678,805.5430561500616
12_06_500.csv,BI,649,0.1146670752970094,805.4681590398095
12_06_500.csv,BI,650,0.1148342492952325,805.393328770193
12_06_500.csv,BI,651,0.115001395350981,805.3187023575092
12_06_500.csv,BI,652,0.1151685068335182,805.2440691364254
12_06_500.csv,BI,653,0.1153355970334406,805.169439836427
12_06_500.csv,BI,654,0.1155026593188923,805.0950146680198
12_06_500.csv,BI,655,0.1156696936991986,805.020451170572
12_06_500.csv,BI,656,0.1158367001836802,804.9457493097511
12_06_500.csv,BI,657,0.1160036787816531,804.8707719662634
12_06_500.csv,BI,658,0.1161706228690032,804.7955822524846
12_06_500.csv,BI,659,0.1163375457229953,804.7202593436123
12_06_500.csv,BI,660,0.1165044407183983,804.644866442185
12_06_500.csv,BI,661,0.1166713078645097,804.569334959946
12_06_500.csv,BI,662,0.1168381471706222,804.4936648625626
12_06_500.csv,BI,663,0.1170049520181305,804.4177821729618
12_06_500.csv,BI,664,0.11717173567321,804.3419719774183
12_06_500.csv,BI,665,0.1173384915161404,804.2660231095101
12_06_500.csv,BI,666,0.1175052195561959,804.1899355349046
12_06_500.csv,BI,667,0.1176719198026459,804.1137092192694
12_06_500.csv,BI,668,0.117838585642385,804.0373388036387
12_06_500.csv,BI,669,0.1180052303305177,803.9609722639589
12_06_500.csv,BI,670,0.1181718472528252,803.8845356172824
12_06_500.csv,BI,671,0.1183384364185585,803.8080288636093
12_06_500.csv,BI,672,0.1185049978369641,803.7313832887976
12_06_500.csv,BI,673,0.1186715315172836,803.6545301329288
12_06_500.csv,BI,674,0.1188380374687541,803.5776755384286
12_06_500.csv,BI,675,0.1190045157006082,803.500750791155
12_06_500.csv,BI,676,0.1191709662220737,803.4237558911082
12_06_500.csv,BI,677,0.119337389042374,803.3466908382879
12_06_500.csv,BI,678,0.1195037709480234,803.2695450112988
12_06_500.csv,BI,679,0.1196701383958441,803.1922020672191
12_06_500.csv,BI,680,0.1198364781701411,803.1149953416725
12_06_500.csv,BI,681,0.1200027902801191,803.0379249376565
12_06_500.csv,BI,682,0.1201690747349785,802.9607156438378
12_06_500.csv,BI,683,0.1203353315439151,802.8835051059377
12_06_500.csv,BI,684,0.1205015607161198,802.8062933582887
12_06_500.csv,BI,685,0.1206677622607793,802.7290115723081
12_06_500.csv,BI,686,0.1208339361870755,802.6515908736365
12_06_500.csv,BI,687,0.1210000825041858,802.5740312279413
12_06_500.csv,BI,688,0.121166201221283,802.4964703953856
12_06_500.csv,BI,689,0.1213322791489868,802.4186910934641
12_06_500.csv,BI,690,0.1214983426957495,802.3407833579586
12_06_500.csv,BI,691,0.1216643786699894,802.2627365609887
12_06_500.csv,BI,692,0.1218303870808609,802.1848953833396
12_06_500.csv,BI,693,0.1219963679375142,802.1068462355352
12_06_500.csv,BI,694,0.1221623212490946,802.0287269807341
12_06_500.csv,BI,695,0.1223282470247429,801.9505376189363
12_06_500.csv,BI,696,0.1224941452735956,801.8720711837414
12_06_500.csv,BI,697,0.1226600160047844,801.7938795741065
12_06_500.csv,BI,698,0.1228258592274365,801.7155488915632
12_06_500.csv,BI,699,0.1229916749506746,801.6370791017789
12_06_500.csv,BI,700,0.1231574500091361,801.5583905757285
12_06_500.csv,BI,701,0.1233232107630799,801.4795734137879
12_06_500.csv,BI,702,0.1234889440449498,801.4007551336499
12_06_500.csv,BI,703,0.1236546498638505,801.3219357696471
12_06_500.csv,BI,704,0.123820328228882,801.2430462757593
12_06_500.csv,BI,705,0.1239859791491398,801.1640866519865
12_06_500.csv,BI,706,0.1241516026337149,801.0851951048107
12_06_500.csv,BI,707,0.1243171986916937,801.005957014786
12_06_500.csv,BI,708,0.1244827673321583,800.9268561274876
12_06_500.csv,BI,709,0.1246483085641862,800.8476851331925
12_06_500.csv,BI,710,0.1248138223968502,800.7683057338654
12_06_500.csv,BI,711,0.1249793088392188,800.6889945026887
12_06_500.csv,BI,712,0.1251447547520308,800.6096718097451
12_06_500.csv,BI,713,0.1253101864431709,800.530427928853
12_06_500.csv,BI,714,0.1254755907711933,800.4507680356619
12_06_500.csv,BI,715,0.1256409677451483,800.3708995772222
12_06_500.csv,BI,716,0.125806317374082,800.290753267187
12_06_500.csv,BI,717,0.1259716396670359,800.2107443773148
12_06_500.csv,BI,718,0.1261369346330468,800.1305960483223
12_06_500.csv,BI,719,0.1263022022811475,800.0501697418485
12_06_500.csv,BI,720,0.1264674426203658,799.9697424087299
12_06_500.csv,BI,721,0.1266326556597254,799.8893140832988
12_06_500.csv,BI,722,0.1267978414082454,799.808815513541
12_06_500.csv,BI,723,0.1269629867505003,799.7283055012613
12_06_500.csv,BI,724,0.1271281179465475,799.6478743847883
12_06_500.csv,BI,725,0.1272932218787849,799.5673037719753
12_06_500.csv,BI,726,0.1274582985562136,799.4867322927348
12_06_500.csv,BI,727,0.1276233479878304,799.4061599813995
12_06_500.csv,BI,728,0.1277883701826278,799.3255175172908
12_06_500.csv,BI,729,0.1279533651495935,799.2448049004088
12_06_500.csv,BI,730,0.128118332897711,799.1642302644514
12_06_500.csv,BI,731,0.1282832734359593,799.0836549337291
12_06_500.csv,BI,732,0.1284481867733129,799.0029401409993
12_06_500.csv,BI,733,0.1286130729187418,798.9221552641611
12_06_500.csv,BI,734,0.1287779187805702,798.8414286852312
12_06_500.csv,BI,735,0.1289427505712018,798.7606425360882
12_06_500.csv,BI,736,0.1291075551967918,798.6797863486136
12_06_500.csv,BI,737,0.1292723326662926,798.5987906647997
12_06_500.csv,BI,738,0.129437082988652,798.5177249197659
12_06_500.csv,BI,739,0.1296018061728138,798.4369365179919
12_06_500.csv,BI,740,0.1297665022277169,798.3562171541198
12_06_500.csv,BI,741,0.129931171162296,798.2755668968148
12_06_500.csv,BI,742,0.1300958129854815,798.194707753828
12_06_500.csv,BI,743,0.1302604277061992,798.1136396564943
12_06_500.csv,BI,744,0.1304250153333705,798.0326406886161
12_06_500.csv,BI,745,0.1305895758759126,797.9515022701753
12_06_500.csv,BI,746,0.1307540962679599,797.8702834958676
12_06_500.csv,BI,747,0.1309186026701276,797.7891443773224
12_06_500.csv,BI,748,0.1310830820143902,797.7078657967713
12_06_500.csv,BI,749,0.131247534309647,797.6263781245452
12_06_500.csv,BI,750,0.1314119595647931,797.5448901123218
12_06_500.csv,BI,751,0.1315763577887192,797.4634017944336
12_06_500.csv,BI,752,0.1317407289903117,797.3817739458746
12_06_500.csv,BI,753,0.1319050731784525,797.3002154556525
12_06_500.csv,BI,754,0.132069390362019,797.2185174347596
12_06_500.csv,BI,755,0.1322336805498845,797.1367495128652
12_06_500.csv,BI,756,0.1323979437509178,797.0549813654152
12_06_500.csv,BI,757,0.132562166922824,796.9725754433148
12_06_500.csv,BI,758,0.1327263761789248,796.8901098641945
12_06_500.csv,BI,759,0.1328905584747728,796.8076439336319
12_06_500.csv,BI,760,0.1330547138192194,796.7253868496246
12_06_500.csv,BI,761,0.1332188422211117,796.6429203535072
12_06_500.csv,BI,762,0.1333829436892921,796.560453608945
12_06_500.csv,BI,763,0.133547018232599,796.4779168947161
12_06_500.csv,BI,764,0.1337110658598664,796.3952404438223
12_06_500.csv,BI,765,0.1338750865799237,796.312424221931
12_06_500.csv,BI,766,0.1340390804015963,796.2295379845964
12_06_500.csv,BI,767,0.134203047333705,796.1468609371423
12_06_500.csv,BI,768,0.1343669873850663,796.0643932168987
12_06_500.csv,BI,769,0.134530887539002,795.9817754720461
12_06_500.csv,BI,770,0.1346947738574356,795.8989585714726
12_06_500.csv,BI,771,0.1348586333215447,795.8161416170042
12_06_500.csv,BI,772,0.1350224659401288,795.7331849258717
12_06_500.csv,BI,773,0.1351862717219825,795.6500185937475
12_06_500.csv,BI,774,0.1353500506758966,795.5671317220413
12_06_500.csv,BI,775,0.1355138028106574,795.4841051251151
12_06_500.csv,BI,776,0.1356775281350467,795.401008672964
12_06_500.csv,BI,777,0.1358412266578421,795.3178423655881
12_06_500.csv,BI,778,0.1360048983878171,795.2346062029874
12_06_500.csv,BI,779,0.1361685433337406,795.1513001851617
12_06_500.csv,BI,780,0.1363321485023281,795.0680538748056
12_06_500.csv,BI,781,0.1364957399085654,794.984957979932
12_06_500.csv,BI,782,0.1366593045570318,794.9016523982918
12_06_500.csv,BI,783,0.1368228424564791,794.8186269522712
12_06_500.csv,BI,784,0.1369863536156548,794.7353218464923
12_06_500.csv,BI,785,0.1371498380433022,794.651876992606
12_06_500.csv,BI,786,0.1373132957481602,794.5684323938167
12_06_500.csv,BI,787,0.1374767267389635,794.4849880844567
12_06_500.csv,BI,788,0.1376401310244425,794.4015440988587
12_06_500.csv,BI,789,0.1378035086133232,794.3179603651533
12_06_500.csv,BI,790,0.1379668595143276,794.2343769780982
12_06_500.csv,BI,791,0.1381301707574806,794.1507135889988
12_06_500.csv,BI,792,0.1382934683109997,794.0671309895652
12_06_500.csv,BI,793,0.1384567392027816,793.9834787409018
12_06_500.csv,BI,794,0.138619983441531,793.8998269533295
12_06_500.csv,BI,795,0.1387832010359483,793.8159652958857
12_06_500.csv,BI,796,0.1389463919947299,793.7320339663238
12_06_500.csv,BI,797,0.1391095563265677,793.6478926753371
12_06_500.csv,BI,798,0.1392726940401494,793.5635413542605
12_06_500.csv,BI,799,0.1394358051441584,793.4791904370541
12_06_500.csv,BI,800,0.139598889647274,793.3947697790645
12_06_500.csv,BI,801,0.1397619475581712,793.3102793802918
12_06_500.csv,BI,802,0.1399249788855207,793.2257894426102
12_06_500.csv,BI,803,0.1400879706846814,793.1411492999141
12_06_500.csv,BI,804,0.1402509488730417,793.0565901425307
12_06_500.csv,BI,805,0.1404139005038403,792.9719612901408
12_06_500.csv,BI,806,0.1405768255857311,792.8872627427445
12_06_500.csv,BI,807,0.1407397241273635,792.8025647594359
12_06_500.csv,BI,808,0.140902596137383,792.7177268334708
12_06_500.csv,BI,809,0.1410654416244307,792.6329597764643
12_06_500.csv,BI,810,0.1412282605971433,792.5478418965213
12_06_500.csv,BI,811,0.1413910530641537,792.4625839709242
12_06_500.csv,BI,812,0.1415538190340902,792.3773969142858
12_06_500.csv,BI,813,0.1417165585155771,792.2919994842341
12_06_500.csv,BI,814,0.1418792585871092,792.2067330647888
12_06_500.csv,BI,815,0.1420419451196562,792.1212664951454
12_06_500.csv,BI,816,0.1422046051896003,792.0358709089005
12_06_500.csv,BI,817,0.142367238805549,791.9504760011841
12_06_500.csv,BI,818,0.1425298459761056,791.865152191308
12_06_500.csv,BI,819,0.142692426709869,791.779899547937
12_06_500.csv,BI,820,0.142854981015434,791.6945069161338
12_06_500.csv,BI,821,0.1430175089013914,791.6087630036309
12_06_500.csv,BI,822,0.1431800103763275,791.5230902576332
12_06_500.csv,BI,823,0.1433424854488246,791.4370660936056
12_06_500.csv,BI,824,0.1435049341274609,791.3511835497275
12_06_500.csv,BI,825,0.1436673435137844,791.2652211208506
12_06_500.csv,BI,826,0.1438297394325123,791.179340188568
12_06_500.csv,BI,827,0.1439921089830877,791.0933896299439
12_06_500.csv,BI,828,0.1441544521740721,791.0073694449784
12_06_500.csv,BI,829,0.1443167690140228,790.9213501445356
12_06_500.csv,BI,830,0.1444790595114926,790.8351201960231
12_06_500.csv,BI,831,0.1446413236750306,790.7488911320334
12_06_500.csv,BI,832,0.1448035615131815,790.6628746224887
12_06_500.csv,BI,833,0.1449657730344857,790.5768591347969
12_06_500.csv,BI,834,0.1451279582474798,790.4907035671204
12_06_500.csv,BI,835,0.1452901171606959,790.4044784646558
12_06_500.csv,BI,836,0.1454522497826621,790.3181838274031
12_06_500.csv,BI,837,0.1456143432399823,790.232021282909
12_06_500.csv,BI,838,0.1457764233071044,790.1457994547582
12_06_500.csv,BI,839,0.1459384771085354,790.0596494110941
12_06_500.csv,BI,840,0.1461005046527869,789.9732180368364
12_06_500.csv,BI,841,0.1462625059483662,789.8867878217607
12_06_500.csv,BI,842,0.1464244810037766,789.8002174809244
12_06_500.csv,BI,843,0.1465864298275173,789.7136483221584
12_06_500.csv,BI,844,0.1467483524280832,789.6272217448468
12_06_500.csv,BI,845,0.1469102488139652,789.5408671580171
12_06_500.csv,BI,846,0.1470721189936501,789.4543018086779
12_06_500.csv,BI,847,0.1472339629756205,789.3676670618806
12_06_500.csv,BI,848,0.1473957679093625,789.2809527682675
12_06_500.csv,BI,849,0.1475575595234156,789.1941084895661
12_06_500.csv,BI,850,0.1477193249651768,789.1072655417083
12_06_500.csv,BI,851,0.1478810642431121,789.0207777721971
12_06_500.csv,BI,852,0.1480427773656838,788.9342915166362
12_06_500.csv,BI,853,0.1482044643413496,788.8477360238358
12_06_500.csv,BI,854,0.1483661251785636,788.7609696998625
12_06_500.csv,BI,855,0.1485277598857753,788.6739216676406
12_06_500.csv,BI,856,0.1486893684714307,788.5867334638824
12_06_500.csv,BI,857,0.1488509509439711,788.499688379452
12_06_500.csv,BI,858,0.149012507311834,788.4126448318602
12_06_500.csv,BI,859,0.1491740247473068,788.3261595698696
12_06_500.csv,BI,860,0.1493355289331839,788.2396153526724
12_06_500.csv,BI,861,0.1494970070396709,788.1528603043043
12_06_500.csv,BI,862,0.1496584590751888,788.0661070216574
12_06_500.csv,BI,863,0.1498198850481547,787.9792137391378
12_06_500.csv,BI,864,0.1499812849669816,787.8923222452277
12_06_500.csv,BI,865,0.1501426588400785,787.805361651408
12_06_500.csv,LI-WARM,1,0.0,0.0
12_06_500.csv,LI-WARM,2,0.0059820717293904,400.9611510827988
12_06_500.csv,LI-WARM,3,0.011928570968345,666.9695205765579
12_06_500.csv,LI-WARM,4,0.0178399173671714,761.3090377506005
12_06_500.csv,LI-WARM,5,0.0237165268210428,792.0636251613646
12_06_500.csv,LI-WARM,6,0.0295588015905227,805.566431970676
12_06_500.csv,LI-WARM,7,0.0353671423414218,813.1022338911271
12_06_500.csv,LI-WARM,8,0.0411419427877547,817.7107079296627
12_06_500.csv,LI-WARM,9,0.046883586296973,820.5174129243228
12_06_500.csv,LI-WARM,10,0.0525924514481166,822.0964559265062
12_06_500.csv,LI-WARM,11,0.0582689068587828,822.790256527371
12_06_500.csv,LI-WARM,12,0.063913325408167,822.8272730393828
12_06_500.csv,LI-WARM,13,0.0695260597573401,822.3595679348364
12_06_500.csv,LI-WARM,14,0.0751074739796861,821.4909408015833
12_06_500.csv,LI-WARM,15,0.0806579019727236,820.3044283422214
12_06_500.csv,LI-WARM,16,0.0861776995220419,818.8599746104992
12_06_500.csv,LI-WARM,17,0.0916671892871969,817.2006524776634
12_06_500.csv,LI-WARM,18,0.0971267089999163,815.3606107713858
12_06_500.csv,LI-WARM,19,0.1025565908534479,813.3772972225229
12_06_500.csv,LI-WARM,20,0.1079571415585973,811.258057294383
12_06_500.csv,LI-WARM,21,0.1133286829121737,809.0217851719058
12_06_500.csv,LI-WARM,22,0.1186715315172836,806.68161729658
12_06_500.csv,LI-WARM,23,0.1239859791491398,804.2598827926086
12_06_500.csv,LI-WARM,24,0.1292723326662926,801.758921636645
12_06_500.csv,LI-WARM,25,0.134530887539002,799.1932007476134
12_06_500.csv,LI-WARM,26,0.1397619475581712,796.584873513475
12_06_500.csv,LI-WARM,27,0.1449657730344857,793.911648206582
12_06_500.csv,LI-WARM,28,0.1501426588400785,791.1830624584582
15_06_800.csv,BI,1,0.0,0.0
15_06_800.csv,BI,2,0.0001874824257014,14.74106184711474
15_06_800.csv,BI,3,0.0003749297083315,29.47896695742676
15_06_800.csv,BI,4,0.0005623418319753,44.199847673061726
15_06_800.csv,BI,5,0.0007497188970603,58.85557863464549
15_06_800.csv,BI,6,0.000937060800405,73.33609083737385
15_06_800.csv,BI,7,0.0011243676133349,87.45961725288743
15_06_800.csv,BI,8,0.001311639407124,101.00230295050468
15_06_800.csv,BI,9,0.0014988761367548,113.75201461558616
15_06_800.csv,BI,10,0.0016860778153555,125.54627263283984
15_06_800.csv,BI,11,0.0018732443398492,136.2778393688416
15_06_800.csv,BI,12,0.0020603759557662,145.8836091502132
15_06_800.csv,BI,13,0.0022474724438391,154.3365747493366
15_06_800.csv,BI,14,0.0024345341656288,161.6463967032467
15_06_800.csv,BI,15,0.0026215606696539,167.86233654192642
15_06_800.csv,BI,16,0.0028085524334842,173.07086111567008
15_06_800.csv,BI,17,0.0029955090057975,177.38588211520755
15_06_800.csv,BI,18,0.0031824306318841,180.93497463867905
15_06_800.csv,BI,19,0.0033693175568537,183.84600857431383
15_06_800.csv,BI,20,0.0035561693296224,186.23717979561087
15_06_800.csv,BI,21,0.0037429861953284,188.21177852966284
15_06_800.csv,BI,22,0.0039297683989294,189.85615313678568
15_06_800.csv,BI,23,0.0041165154895796,191.24023034433003
15_06_800.csv,BI,24,0.0043032277122653,192.41947699002844
15_06_800.csv,BI,25,0.0044899050800047,193.4371700905648
15_06_800.csv,BI,26,0.0046765480692973,194.32674642827735
15_06_800.csv,BI,27,0.0048631557660827,195.11384762428148
15_06_800.csv,BI,28,0.0050497286469324,195.81809236244607
15_06_800.csv,BI,29,0.0052362667248354,196.45457360601
15_06_800.csv,BI,30,0.0054227700127735,197.0348209837425
15_06_800.csv,BI,31,0.0056092389867777,197.56777960400197
15_06_800.csv,BI,32,0.0057956727336157,198.06035978075076
15_06_800.csv,BI,33,0.0059820717293904,198.51801899222536
15_06_800.csv,BI,34,0.0061684359870545,198.9450365143288
15_06_800.csv,BI,35,0.0063547655195536,199.34489631198855
15_06_800.csv,BI,36,0.0065410603398257,199.72040916668996
15_06_800.csv,BI,37,0.0067273209233412,200.07395792816737
15_06_800.csv,BI,38,0.0069135463578593,200.40746601453665
15_06_800.csv,BI,39,0.0070997371189219,200.72258194806912
15_06_800.csv,BI,40,0.0072858932194383,201.02070946869867
15_06_800.csv,BI,41,0.0074720146723108,201.3031150101453
15_06_800.csv,BI,42,0.0076581019525431,201.57085078386172
15_06_800.csv,BI,43,0.0078441541487192,201.82490799579185
15_06_800.csv,BI,44,0.0080301712739777,202.0661711089488
15_06_800.csv,BI,45,0.0082161547270027,202.2954024530363
15_06_800.csv,BI,46,0.0084021035966148,202.5132413631443
15_06_800.csv,BI,47,0.0085880169723143,202.7204661678924
15_06_800.csv,BI,48,0.0087738967138422,202.91764083535367
15_06_800.csv,BI,49,0.0089597409874974,203.1053136121983
15_06_800.csv,BI,50,0.00914555165232,203.283987709452
15_06_800.csv,BI,51,0.0093313277979533,203.4542431628572
15_06_800.csv,BI,52,0.0095170685147195,203.61644477671007
15_06_800.csv,BI,53,0.0097027756606084,203.7709119706801
15_06_800.csv,BI,54,0.0098884474035979,203.91808693681773
15_06_800.csv,BI,55,0.0100740856009782,204.05835129767692
15_06_800.csv,BI,56,0.0102596893432143,204.1920863979752
15_06_800.csv,BI,57,0.0104452577214485,204.31948884009023
15_06_800.csv,BI,58,0.0106307925919229,204.44091015870072
15_06_800.csv,BI,59,0.0108162921242912,204.5566088500995
15_06_800.csv,BI,60,0.0110017581740972,204.6668906414349
15_06_800.csv,BI,61,0.011187189832626,204.77199920169735
15_06_800.csv,BI,62,0.0113725861918385,204.87214751610327
15_06_800.csv,BI,63,0.0115579491062325,204.96753385979423
15_06_800.csv,BI,64,0.0117432767471344,205.0583095850156
15_06_800.csv,BI,65,0.011928570968345,205.14475044839065
15_06_800.csv,BI,66,0.0121138299418591,205.22710076804933
15_06_800.csv,BI,67,0.0122990555207813,205.30549766706557
15_06_800.csv,BI,68,0.0124842467975419,205.3800314536612
15_06_800.csv,BI,69,0.0126694028652458,205.4508852246131
15_06_800.csv,BI,70,0.0128545255759542,205.5181500435991
15_06_800.csv,BI,71,0.0130396131033302,205.5819935825428
15_06_800.csv,BI,72,0.01322466729874,205.64256893316087
15_06_800.csv,BI,73,0.0134096872554305,205.69992048122825
15_06_800.csv,BI,74,0.0135946720673218,205.7542009202812
15_06_800.csv,BI,75,0.0137796235847385,205.80543986135524
15_06_800.csv,BI,76,0.0139645399830094,205.85388280935612
15_06_800.csv,BI,77,0.0141494231117654,205.89955954130744
15_06_800.csv,BI,78,0.0143342720650685,205.94266955993032
15_06_800.csv,BI,79,0.0145190859376526,205.9832267333097
15_06_800.csv,BI,80,0.0147038665781091,206.0213848714785
15_06_800.csv,BI,81,0.0148886121634293,206.0571422659193
15_06_800.csv,BI,82,0.0150733245415122,206.090575417057
15_06_800.csv,BI,83,0.0152580028072333,206.12188426246524
15_06_800.csv,BI,84,0.015442646056139,206.1509589634325
15_06_800.csv,BI,85,0.0156272561350908,206.17792265502624
15_06_800.csv,BI,86,0.0158118312227394,206.2028202977872
15_06_800.csv,BI,87,0.0159963722487118,206.2257594730805
15_06_800.csv,BI,88,0.0161808810583257,206.24672396974304
15_06_800.csv,BI,89,0.0163653539983085,206.26592908952372
15_06_800.csv,BI,90,0.0165497929143022,206.283312186888
15_06_800.csv,BI,91,0.0167341996505896,206.2988881517856
15_06_800.csv,BI,92,0.0169185705559054,206.31274834762235
15_06_800.csv,BI,93,0.0171029074748565,206.32496981820523
15_06_800.csv,BI,94,0.0172872122506923,206.33558308978613
15_06_800.csv,BI,95,0.0174714812341524,206.34458652277223
15_06_800.csv,BI,96,0.0176557162688098,206.3521193861796
15_06_800.csv,BI,97,0.0178399173671714,206.3582274735437
15_06_800.csv,BI,98,0.0180240863711105,206.36292591763083
15_06_800.csv,BI,99,0.0182082196340365,206.36621319087385
15_06_800.csv,BI,100,0.0183923189981457,206.36815106649584
15_06_800.csv,BI,101,0.0185763863042807,206.36873918367215
15_06_800.csv,BI,102,0.0187604179078508,206.3679449540514
15_06_800.csv,BI,103,0.0189444156500212,206.3659701576853
15_06_800.csv,BI,104,0.0191283795432505,206.3627208299991
15_06_800.csv,BI,105,0.0193123114270087,206.3582744344637
15_06_800.csv,BI,106,0.0194962076593681,206.35261400545116
15_06_800.csv,BI,107,0.0196800700801209,206.34580150739467
15_06_800.csv,BI,108,0.019863900527709,206.33791451509992
15_06_800.csv,BI,109,0.0200476953621996,206.3289516912838
15_06_800.csv,BI,110,0.0202314564223564,206.31895954107995
15_06_800.csv,BI,111,0.0204151855455944,206.30796903010665
15_06_800.csv,BI,112,0.0205988790939733,206.2958542536142
15_06_800.csv,BI,113,0.0207825389052297,206.28275519182148
15_06_800.csv,BI,114,0.0209661649917536,206.2686245663258
15_06_800.csv,BI,115,0.0211497591895925,206.25355570504053
15_06_800.csv,BI,116,0.0213333178634595,206.23754734919336
15_06_800.csv,BI,117,0.0215168428497233,206.2206773219571
15_06_800.csv,BI,118,0.0217003359834072,206.20296112921412
15_06_800.csv,BI,119,0.0218837936312117,206.1843975642844
15_06_800.csv,BI,120,0.0220672176284811,206.16490855195184
15_06_800.csv,BI,121,0.0222506098092155,206.1444159593656
15_06_800.csv,BI,122,0.0224339665421008,206.12313696425647
15_06_800.csv,BI,123,0.0226172896614578,206.10111834518776
15_06_800.csv,BI,124,0.0228005791796085,206.07831287525488
15_06_800.csv,BI,125,0.0229838369291908,206.0547048954188
15_06_800.csv,BI,126,0.0231670592815343,206.0303400754929
15_06_800.csv,BI,127,0.0233502480695971,206.0052808643836
15_06_800.csv,BI,128,0.0235334051249966,205.97946477920743
15_06_800.csv,BI,129,0.0237165268210428,205.95289066695813
15_06_800.csv,BI,130,0.023899614989673,205.9256053826744
15_06_800.csv,BI,131,0.0240826696431617,205.8976867023125
15_06_800.csv,BI,132,0.0242656926117679,205.8692284669004
15_06_800.csv,BI,133,0.0244486802714385,205.8400263707665
15_06_800.csv,BI,134,0.0246316344527515,205.8101116720897
15_06_800.csv,BI,135,0.0248145569849479,205.77943744061756
15_06_800.csv,BI,136,0.0249974442459501,205.74829978053785
15_06_800.csv,BI,137,0.025180298065318,205.7165423466677
15_06_800.csv,BI,138,0.025363120271276,205.6839773773825
15_06_800.csv,BI,139,0.0255459072437197,205.65085415412207
15_06_800.csv,BI,140,0.0257286608111919,205.61723538459688
15_06_800.csv,BI,141,0.0259113809859003,205.58304251465427
15_06_800.csv,BI,142,0.0260940695947154,205.5481033327636
15_06_800.csv,BI,143,0.0262767230201604,205.5126516737829
15_06_800.csv,BI,144,0.0264593430894242,205.47656230144867
15_06_800.csv,BI,145,0.0266419316283633,205.44000763216363
15_06_800.csv,BI,146,0.026824485021469,205.40290831207727
15_06_800.csv,BI,147,0.027007005094916,205.3652644306851
15_06_800.csv,BI,148,0.027189493673548,205.3271387943774
15_06_800.csv,BI,149,0.0273719471438223,205.28853040972197
15_06_800.csv,BI,150,0.0275543673309004,205.2494237150591
15_06_800.csv,BI,151,0.0277367542469231,205.20981845289757
15_06_800.csv,BI,152,0.0279191097153855,205.16965197416823
15_06_800.csv,BI,153,0.028101430125363,205.12895463096268
15_06_800.csv,BI,154,0.0282837173006679,205.08780500302817
15_06_800.csv,BI,155,0.0284659730637852,205.0461090335125
15_06_800.csv,BI,156,0.0286481938057512,205.00417974156463
15_06_800.csv,BI,157,0.0288303813493678,204.9617975154368
15_06_800.csv,BI,158,0.0290125357067294,204.9189621233867
15_06_800.csv,BI,159,0.0291946586989758,204.8755637284881
15_06_800.csv,BI,160,0.0293767467197549,204.83182128919336
15_06_800.csv,BI,161,0.0295588015905227,204.78751497288007
15_06_800.csv,BI,162,0.0297408251314117,204.74317931798063
15_06_800.csv,BI,163,0.0299228137380258,204.69842052710032
15_06_800.csv,BI,164,0.0301047692308132,204.65306577950568
15_06_800.csv,BI,165,0.0302866934288996,204.60731959990696
15_06_800.csv,BI,166,0.0304685827298433,204.56114958954527
15_06_800.csv,BI,167,0.0306504389530855,204.5145401700169
15_06_800.csv,BI,168,0.0308322621106549,204.4674596450029
15_06_800.csv,BI,169,0.0310140540203371,204.4200340588396
15_06_800.csv,BI,170,0.0311958128877276,204.3720897051034
15_06_800.csv,BI,171,0.031377535114621,204.32383026718367
15_06_800.csv,BI,172,0.0315592279341053,204.2752570661992
15_06_800.csv,BI,173,0.0317408841384027,204.22624246557933
15_06_800.csv,BI,174,0.0319225109579646,204.17702402273096
15_06_800.csv,BI,175,0.0321041047952152,204.12758514928905
15_06_800.csv,BI,176,0.0322856620551936,204.07784620881927
15_06_800.csv,BI,177,0.0324671899643999,204.0276036176366
15_06_800.csv,BI,178,0.0326486849272049,203.97704556411952
15_06_800.csv,BI,179,0.0328301433505914,203.9261711586232
15_06_800.csv,BI,180,0.0330115724571126,203.87493440452977
15_06_800.csv,BI,181,0.0331929686530839,203.8233659336746
15_06_800.csv,BI,182,0.0333743283474299,203.7714964020554
15_06_800.csv,BI,183,0.0335556587587609,203.71924823498648
15_06_800.csv,BI,184,0.0337369562953349,203.66669942090903
15_06_800.csv,BI,185,0.0339182173680161,203.6138964363372
15_06_800.csv,BI,186,0.0340994491914765,203.5608090517237
15_06_800.csv,BI,187,0.0342806481759144,203.5073258596153
15_06_800.csv,BI,188,0.0344618107341315,203.453572280754
15_06_800.csv,BI,189,0.0346429440768659,203.3994232779271
15_06_800.csv,BI,190,0.0348240410184606,203.3449877862111
15_06_800.csv,BI,191,0.0350051087670332,203.2902987365586
15_06_800.csv,BI,192,0.0351861437360115,203.23527625066183
15_06_800.csv,BI,193,0.0353671423414218,203.1800617077879
15_06_800.csv,BI,194,0.0355481117874548,203.12454580687745
15_06_800.csv,BI,195,0.0357290484894729,203.06880674022116
15_06_800.csv,BI,196,0.0359099488654345,203.0128120418388
15_06_800.csv,BI,197,0.0360908201156077,202.95651559246292
15_06_800.csv,BI,198,0.0362716586572876,202.89993233865223
15_06_800.csv,BI,199,0.0364524609103626,202.8431405408346
15_06_800.csv,BI,200,0.0366332340711824,202.78579334321464
15_06_800.csv,BI,201,0.0368139745589728,202.7284121564044
15_06_800.csv,BI,202,0.0369946787955499,202.67072707728715
15_06_800.csv,BI,203,0.0371753539733493,202.61264439516796
15_06_800.csv,BI,204,0.0373559965135257,202.55446413666797
15_06_800.csv,BI,205,0.0375366028398207,202.49599543163595
15_06_800.csv,BI,206,0.0377171801407603,202.43725544151312
15_06_800.csv,BI,207,0.0378977212526733,202.37803655868876
15_06_800.csv,BI,208,0.0380782333614816,202.3188630786265
15_06_800.csv,BI,209,0.0382587128915491,202.25936967873628
15_06_800.csv,BI,210,0.0384391562698229,202.19966647687443
15_06_800.csv,BI,211,0.0386195706783219,202.13975482866704
15_06_800.csv,BI,212,0.0387999525433333,202.07963391450733
15_06_800.csv,BI,213,0.0389802982937244,202.0194615694308
15_06_800.csv,BI,214,0.0391606151076155,201.9590488145766
15_06_800.csv,BI,215,0.0393408994132149,201.8983789431601
15_06_800.csv,BI,216,0.0395211476413081,201.8373876166152
15_06_800.csv,BI,217,0.0397013669661212,201.7761555101779
15_06_800.csv,BI,218,0.0398815538177815,201.71472942804576
15_06_800.csv,BI,219,0.0400617046289906,201.6530609151951
15_06_800.csv,BI,220,0.0402418265700846,201.5911513038289
15_06_800.csv,BI,221,0.0404219160731076,201.5289203192289
15_06_800.csv,BI,222,0.0406019695726755,201.4664624326912
15_06_800.csv,BI,223,0.0407819942352385,201.4038902404427
15_06_800.csv,BI,224,0.0409619864947556,201.3409327330033
15_06_800.csv,BI,225,0.0411419427877547,201.27789109545543
15_06_800.csv,BI,226,0.0413218702768044,201.21470313151892
15_06_800.csv,BI,227,0.0415017618239282,201.15138324765712
15_06_800.csv,BI,228,0.0416816245891093,201.0877419316012
15_06_800.csv,BI,229,0.0418614550094937,201.02382604292143
15_06_800.csv,BI,230,0.0420412495247914,200.95971430487555
15_06_800.csv,BI,231,0.0422210152911113,200.89537623396663
15_06_800.csv,BI,232,0.0424007487475085,200.83093836650997
15_06_800.csv,BI,233,0.0425804463355999,200.7663203387059
15_06_800.csv,BI,234,0.0427601152076237,200.7014916563213
15_06_800.csv,BI,235,0.0429397518045428,200.63659486226345
15_06_800.csv,BI,236,0.0431193525698784,200.57151770580597
15_06_800.csv,BI,237,0.0432989246520027,200.50619780540728
15_06_800.csv,BI,238,0.0434784644937837,200.44065027032389
15_06_800.csv,BI,239,0.0436579685406454,200.37484240356616
15_06_800.csv,BI,240,0.0438374439370978,200.30887116990925
15_06_800.csv,BI,241,0.0440168871279124,200.2428474038004
15_06_800.csv,BI,242,0.0441962945604136,200.1765630553375
15_06_800.csv,BI,243,0.0443756733752537,200.11014704092617
15_06_800.csv,BI,244,0.0445550164561521,200.0435500204288
15_06_800.csv,BI,245,0.0447343309411915,199.9765020755175
15_06_800.csv,BI,246,0.0449136132783108,199.9095449010696
15_06_800.csv,BI,247,0.0450928599179977,199.8425341906967
15_06_800.csv,BI,248,0.0452720779944841,199.77534363578167
15_06_800.csv,BI,249,0.0454512639576067,199.7078926054496
15_06_800.csv,BI,250,0.0456304142597483,199.6403080384625
15_06_800.csv,BI,251,0.0458095360312942,199.57247948646545
15_06_800.csv,BI,252,0.0459886257239769,199.50423038100095
15_06_800.csv,BI,253,0.0461676797920724,199.43576754360825
15_06_800.csv,BI,254,0.0463467053621233,199.36714024699825
15_06_800.csv,BI,255,0.0465256988877562,199.29869939345625
15_06_800.csv,BI,256,0.046704656825138,199.2300127093741
15_06_800.csv,BI,257,0.046883586296973,199.16117744745463
15_06_800.csv,BI,258,0.0470624837587796,199.09220883299383
15_06_800.csv,BI,259,0.0472413456686138,199.0228501563577
15_06_800.csv,BI,260,0.0474201791453457,198.9534386391796
15_06_800.csv,BI,261,0.0475989770942592,198.88394085352596
15_06_800.csv,BI,262,0.0477777466316703,198.81437419245776
15_06_800.csv,BI,263,0.0479564842162459,198.7445618398272
15_06_800.csv,BI,264,0.0481351863091865,198.67455101242945
15_06_800.csv,BI,265,0.0483138600229804,198.60435904958445
15_06_800.csv,BI,266,0.0484925018181813,198.53377694784888
15_06_800.csv,BI,267,0.0486711081578731,198.46323634935567
15_06_800.csv,BI,268,0.0488496861507212,198.3925143882672
15_06_800.csv,BI,269,0.0490282322591635,198.3216904104644
15_06_800.csv,BI,270,0.0492067429481658,198.25055530928
15_06_800.csv,BI,271,0.0493852253225744,198.17944700190876
15_06_800.csv,BI,272,0.0495636758467095,198.1082044779629
15_06_800.csv,BI,273,0.049742090987417,198.03679491002367
15_06_800.csv,BI,274,0.0499204778457277,197.9652677532406
15_06_800.csv,BI,275,0.0500988328878428,197.89368643321177
15_06_800.csv,BI,276,0.0502771525824855,197.8219700126932
15_06_800.csv,BI,277,0.050455444026876,197.7496544376723
15_06_800.csv,BI,278,0.0506337001477329,197.6772998017408
15_06_800.csv,BI,279,0.050811928039738,197.6049877761402
15_06_800.csv,BI,280,0.0509901241722219,197.5325410761992
15_06_800.csv,BI,281,0.0511682850170334,197.46015167002133
15_06_800.csv,BI,282,0.0513464176650499,197.38754794077303
15_06_800.csv,BI,283,0.0515245185874775,197.31479335714545
15_06_800.csv,BI,284,0.0517025842580371,197.2418871612981
15_06_800.csv,BI,285,0.0518806217638065,197.1687664037704
15_06_800.csv,BI,286,0.0520586275778646,197.0954624403685
15_06_800.csv,BI,287,0.0522365981758031,197.02207095948532
15_06_800.csv,BI,288,0.0524145406409037,196.9484646897517
15_06_800.csv,BI,289,0.0525924514481166,196.8747393363429
15_06_800.csv,BI,290,0.052770327074902,196.8008780752633
15_06_800.csv,BI,291,0.0529481746007496,196.7267535384242
15_06_800.csv,BI,292,0.0531259905024789,196.6525580059828
15_06_800.csv,BI,293,0.0533037712594167,196.57822638964345
15_06_800.csv,BI,294,0.0534815239472649,196.5037439298212
15_06_800.csv,BI,295,0.0536592450447102,196.4291098717501
15_06_800.csv,BI,296,0.0538369310329441,196.3543556677921
15_06_800.csv,BI,297,0.0540145889838846,196.2792893938722
15_06_800.csv,BI,298,0.0541922118493024,196.20403838629443
15_06_800.csv,BI,299,0.0543698066985955,196.1288456235304
15_06_800.csv,BI,300,0.0545473700135584,196.05337206539556
15_06_800.csv,BI,301,0.0547248982784857,195.9780842877308
15_06_800.csv,BI,302,0.0549023985589981,195.9026291544252
15_06_800.csv,BI,303,0.0550798673387523,195.827038150866
15_06_800.csv,BI,304,0.0552573011039023,195.7513589125631
15_06_800.csv,BI,305,0.0554347069162957,195.67554440859328
15_06_800.csv,BI,306,0.0556120812614493,195.5996100284412
15_06_800.csv,BI,307,0.0557894206273744,195.52355504033244
15_06_800.csv,BI,308,0.0559667320721499,195.44741305370556
15_06_800.csv,BI,309,0.0561440120831504,195.3710542336889
15_06_800.csv,BI,310,0.0563212571502428,195.2945585124081
15_06_800.csv,BI,311,0.0564984743277409,195.21794335983435
15_06_800.csv,BI,312,0.0566756601048757,195.14114345070567
15_06_800.csv,BI,313,0.0568528109733674,195.0642387784052
15_06_800.csv,BI,314,0.0570299339837691,194.9872306820131
15_06_800.csv,BI,315,0.057207022109007,194.910069283119
15_06_800.csv,BI,316,0.0573840823971291,194.83259429337068
15_06_800.csv,BI,317,0.0575611113404554,194.7551119753116
15_06_800.csv,BI,318,0.057738105433791,194.6777509874314
15_06_800.csv,BI,319,0.0579150717214297,194.60022175034285
15_06_800.csv,BI,320,0.0580920066975425,194.5222971100684
15_06_800.csv,BI,321,0.0582689068587828,194.4444775982285
15_06_800.csv,BI,322,0.0584457792456941,194.36660288741197
15_06_800.csv,BI,323,0.0586226203542963,194.28865610524215
15_06_800.csv,BI,324,0.0587994266830893,194.21060418657737
15_06_800.csv,BI,325,0.0589762052688703,194.13248083335415
15_06_800.csv,BI,326,0.0591529526095062,194.05417202548412
15_06_800.csv,BI,327,0.0593296652053415,193.9756770047289
15_06_800.csv,BI,328,0.059506350089431,193.8970294449044
15_06_800.csv,BI,329,0.0596830037614868,193.81813142131472
15_06_800.csv,BI,330,0.0598596227236957,193.73943574441728
15_06_800.csv,BI,331,0.0600362140053745,193.6605388297892
15_06_800.csv,BI,332,0.0602127706004784,193.581666113423
15_06_800.csv,BI,333,0.0603892995358345,193.50260827562897
15_06_800.csv,BI,334,0.0605657973142255,193.4234294057941
15_06_800.csv,BI,335,0.0607422604409048,193.3440963544466
15_06_800.csv,BI,336,0.0609186959389675,193.2645942003004
15_06_800.csv,BI,337,0.0610951003130366,193.1850032969419
15_06_800.csv,BI,338,0.0612714735740908,193.10529117271403
15_06_800.csv,BI,339,0.0614478157331033,193.0255389137756
15_06_800.csv,BI,340,0.0616241197957356,192.94511225012616
15_06_800.csv,BI,341,0.0618003997847954,192.8647764333409
15_06_800.csv,BI,342,0.0619766487046975,192.7844003044604
15_06_800.csv,BI,343,0.0621528665663918,192.70390267718997
15_06_800.csv,BI,344,0.0623290533808222,192.62331598885385
15_06_800.csv,BI,345,0.0625052021597909,192.54294748270772
15_06_800.csv,BI,346,0.0626813269137356,192.46241009194185
15_06_800.csv,BI,347,0.0628574206532136,192.3817511455657
15_06_800.csv,BI,348,0.063033483389146,192.3009706006636
15_06_800.csv,BI,349,0.063209515132448,192.2201334320204
15_06_800.csv,BI,350,0.0633855158940291,192.13917460190828
15_06_800.csv,BI,351,0.0635614786930456,192.05810898473715
15_06_800.csv,BI,352,0.0637374175251201,191.97656518343547
15_06_800.csv,BI,353,0.063913325408167,191.89524105500664
15_06_800.csv,BI,354,0.0640892023530727,191.81387643709783
15_06_800.csv,BI,355,0.064265048370718,191.73199945356373
15_06_800.csv,BI,356,0.0644408634719778,191.6500329912524
15_06_800.csv,BI,357,0.0646166406833477,191.5676664174814
15_06_800.csv,BI,358,0.0647923939856659,191.4856185478618
15_06_800.csv,BI,359,0.0649681164041887,191.40366026993772
15_06_800.csv,BI,360,0.0651438079497681,191.32180793827055
15_06_800.csv,BI,361,0.0653194686332505,191.2398987425348
15_06_800.csv,BI,362,0.0654950914872355,191.15780100725488
15_06_800.csv,BI,363,0.0656706904802651,191.07558250179864
15_06_800.csv,BI,364,0.065846258643702,190.9932092538172
15_06_800.csv,BI,365,0.0660217959883695,190.91073010383295
15_06_800.csv,BI,366,0.0661973025250855,190.82781895626408
15_06_800.csv,BI,367,0.0663727782646621,190.74516045390283
15_06_800.csv,BI,368,0.0665482162470099,190.66198690928672
15_06_800.csv,BI,369,0.066723630425944,190.578839016792
15_06_800.csv,BI,370,0.0668990138401403,190.49568285184023
15_06_800.csv,BI,371,0.0670743665003883,190.4125184315976
15_06_800.csv,BI,372,0.0672496884174717,190.32898672820104
15_06_800.csv,BI,373,0.0674249796021684,190.24613224772563
15_06_800.csv,BI,374,0.0676002331016847,190.1631377460808
15_06_800.csv,BI,375,0.0677754628551397,190.07992417694757
15_06_800.csv,BI,376,0.0679506619085077,189.99665343761444
15_06_800.csv,BI,377,0.0681258302725441,189.91283548348704
15_06_800.csv,BI,378,0.0683009679579985,189.82923790604173
15_06_800.csv,BI,379,0.0684760680181451,189.74546735632111
15_06_800.csv,BI,380,0.0686511443798803,189.66111782885375
15_06_800.csv,BI,381,0.0688261900952483,189.5767761746337
15_06_800.csv,BI,382,0.0690012051749765,189.49252416360423
15_06_800.csv,BI,383,0.0691761896297862,189.4082146991318
15_06_800.csv,BI,384,0.0693511434703935,189.32381506351143
15_06_800.csv,BI,385,0.0695260597573401,189.23943841770145
15_06_800.csv,BI,386,0.069700952402883,189.15502198621084
15_06_800.csv,BI,387,0.069875814466337,189.0706299055528
15_06_800.csv,BI,388,0.0700506459583954,188.98588579194572
15_06_800.csv,BI,389,0.0702254468897461,188.9011495973623
15_06_800.csv,BI,390,0.0704002172710713,188.81625763028137
15_06_800.csv,BI,391,0.0705749501701652,188.73076640640727
15_06_800.csv,BI,392,0.0707496594846765,188.64539886316777
15_06_800.csv,BI,393,0.070924338281175,188.55995721151533
15_06_800.csv,BI,394,0.0710989865703204,188.4747854808768
15_06_800.csv,BI,395,0.071273604362767,188.38952334162445
15_06_800.csv,BI,396,0.0714481847323413,188.30413668399024
15_06_800.csv,BI,397,0.0716227415645415,188.2186608618524
15_06_800.csv,BI,398,0.0717972679319718,188.13258630933888
15_06_800.csv,BI,399,0.0719717638452642,188.04661782609992
15_06_800.csv,BI,400,0.0721462293150451,187.96098509410515
15_06_800.csv,BI,401,0.0723206643519351,187.8752946340076
15_06_800.csv,BI,402,0.0724950620369858,187.78918420262164
15_06_800.csv,BI,403,0.0726694362411429,187.70260697919537
15_06_800.csv,BI,404,0.072843780044238,187.6160702036668
15_06_800.csv,BI,405,0.0730180934568697,187.52988579715625
15_06_800.csv,BI,406,0.0731923764896312,187.4435778580604
15_06_800.csv,BI,407,0.07336662915311,187.35727770637916
15_06_800.csv,BI,408,0.073540844535567,187.2708526857091
15_06_800.csv,BI,409,0.0737150364934265,187.1837468597196
15_06_800.csv,BI,410,0.0738891981137323,187.09663218334072
15_06_800.csv,BI,411,0.0740633294070498,187.00947581012176
15_06_800.csv,BI,412,0.074237430383939,186.92262286812297
15_06_800.csv,BI,413,0.0744114941386575,186.8357928073584
15_06_800.csv,BI,414,0.0745855345155513,186.7485443568387
15_06_800.csv,BI,415,0.074759544607663,186.661221334418
15_06_800.csv,BI,416,0.0749335244255304,186.5738730612708
15_06_800.csv,BI,417,0.0751074739796861,186.48572644417243
15_06_800.csv,BI,418,0.0752813932806568,186.39781755394665
15_06_800.csv,BI,419,0.0754552754298826,186.3100958851849
15_06_800.csv,BI,420,0.0756291342572432,186.2228932844955
15_06_800.csv,BI,421,0.0758029628629662,186.13571494308255
15_06_800.csv,BI,422,0.0759767612575566,186.04823162968387
15_06_800.csv,BI,423,0.0761505294515137,185.96041027468775
15_06_800.csv,BI,424,0.0763242674553315,185.8727612626544
15_06_800.csv,BI,425,0.0764979683776177,185.7844104141708
15_06_800.csv,BI,426,0.0766716460338158,185.696134263291
15_06_800.csv,BI,427,0.0768452935313235,185.6078162439086
15_06_800.csv,BI,428,0.0770189108806129,185.51943987557763
15_06_800.csv,BI,429,0.0771924980921507,185.43108756624963
15_06_800.csv,BI,430,0.0773660482805059,185.34264266897844
15_06_800.csv,BI,431,0.0775395752491152,185.25219498770093
15_06_800.csv,BI,432,0.0777130721113399,185.16333745409636
15_06_800.csv,BI,433,0.0778865388776249,185.0742564952866
15_06_800.csv,BI,434,0.0780599755584097,184.98577689745844
15_06_800.csv,BI,435,0.0782333821641282,184.897172974539
15_06_800.csv,BI,436,0.0784067518164897,184.808740470531
15_06_800.csv,BI,437,0.0785800983045504,184.71964022808788
15_06_800.csv,BI,438,0.078753414748814,184.6305310093684
15_06_800.csv,BI,439,0.0789267011596929,184.54167702221275
15_06_800.csv,BI,440,0.0790999575475942,184.45240131521248
15_06_800.csv,BI,441,0.0792731839229193,184.36319922013183
15_06_800.csv,BI,442,0.0794463734145029,184.27373911895663
15_06_800.csv,BI,443,0.0796195397970503,184.1837755867075
15_06_800.csv,BI,444,0.0797926761981934,184.09261301279685
15_06_800.csv,BI,445,0.079965782628312,184.00291197881188
15_06_800.csv,BI,446,0.0801388590977808,183.91356562554847
15_06_800.csv,BI,447,0.0803119056169689,183.8241773236732
15_06_800.csv,BI,448,0.0804849153218217,183.7347292724503
15_06_800.csv,BI,449,0.0806579019727236,183.6453397739604
15_06_800.csv,BI,450,0.0808308587044196,183.55589181208063
15_06_800.csv,BI,451,0.0810037855272574,183.4657400745009
15_06_800.csv,BI,452,0.0811766824515794,183.3756620260874
15_06_800.csv,BI,453,0.0813495426192452,183.2853419805724
15_06_800.csv,BI,454,0.0815223797787279,183.193342083159
15_06_800.csv,BI,455,0.081695187070689,183.1037168592884
15_06_800.csv,BI,456,0.0818679645054494,183.01381787337527
15_06_800.csv,BI,457,0.0820407120933247,182.92386032965803
15_06_800.csv,BI,458,0.082213429844625,182.8335128940216
15_06_800.csv,BI,459,0.0823861109082939,182.7431220842442
15_06_800.csv,BI,460,0.0825587690185379,182.65206067295003
15_06_800.csv,BI,461,0.082731397323105,182.5611060976787
15_06_800.csv,BI,462,0.082903995832284,182.47014239163377
15_06_800.csv,BI,463,0.0830765645563584,182.3796504088508
15_06_800.csv,BI,464,0.0832491035056065,182.28888416048332
15_06_800.csv,BI,465,0.083421605836041,182.19794179535825
15_06_800.csv,BI,466,0.0835940852676316,182.107140937444
15_06_800.csv,BI,467,0.0837665349551981,182.01551809399007
15_06_800.csv,BI,468,0.0839389549089973,181.92380303660863
15_06_800.csv,BI,469,0.0841113451392809,181.8325102697336
15_06_800.csv,BI,470,0.0842836988079417,181.73982932270508
15_06_800.csv,BI,471,0.0844560296231078,181.6479536484013
15_06_800.csv,BI,472,0.084628330745481,181.55628461118292
15_06_800.csv,BI,473,0.0848006021852917,181.46447354676692
15_06_800.csv,BI,474,0.084972843952765,181.3729024808723
15_06_800.csv,BI,475,0.0851450560581208,181.28140541027236
15_06_800.csv,BI,476,0.0853172316702946,181.189914684378
15_06_800.csv,BI,477,0.0854893844832316,181.09780122475289
15_06_800.csv,BI,478,0.0856615076646788,181.00531284303224
15_06_800.csv,BI,479,0.0858336012248347,180.9137462234812
15_06_800.csv,BI,480,0.086005665173893,180.82193781858496
15_06_800.csv,BI,481,0.0861776995220419,180.73003721406712
15_06_800.csv,BI,482,0.086349697445245,180.6375607363675
15_06_800.csv,BI,483,0.0865216726232941,180.54489325015595
15_06_800.csv,BI,484,0.0866936182309666,180.45268242868588
15_06_800.csv,BI,485,0.0868655342784298,180.3605124413464
15_06_800.csv,BI,486,0.0870374207758456,180.26635247205456
15_06_800.csv,BI,487,0.0872092709050235,180.173297046106
15_06_800.csv,BI,488,0.087381098333983,180.08040004703662
15_06_800.csv,BI,489,0.0875528962433493,179.98761038180646
15_06_800.csv,BI,490,0.0877246646432636,179.895061390298
15_06_800.csv,BI,491,0.0878964035438616,179.80276987911475
15_06_800.csv,BI,492,0.088068112955274,179.7100028064924
15_06_800.csv,BI,493,0.0882397860663119,179.617558711838
15_06_800.csv,BI,494,0.0884114365308949,179.52502350344082
15_06_800.csv,BI,495,0.0885830575366524,179.43149563422537
15_06_800.csv,BI,496,0.0887546490936943,179.33800846467034
15_06_800.csv,BI,497,0.088926211212125,179.2435113327332
15_06_800.csv,BI,498,0.0890977439020441,179.15003878813013
15_06_800.csv,BI,499,0.0892692403592498,179.05730653919636
15_06_800.csv,BI,500,0.089440714223591,178.96454985425703
15_06_800.csv,BI,501,0.0896121586896871,178.87180089950562
15_06_800.csv,BI,502,0.0897835737676166,178.77869247313674
15_06_800.csv,BI,503,0.0899549594674529,178.68487381659588
15_06_800.csv,BI,504,0.0901263089908063,178.59137863941328
15_06_800.csv,BI,505,0.0902976359658222,178.4978087452538
15_06_800.csv,BI,506,0.0904689335929338,178.4025760576386
15_06_800.csv,BI,507,0.0906402018821937,178.30870361447353
15_06_800.csv,BI,508,0.0908114408436496,178.21557389161558
15_06_800.csv,BI,509,0.0909826504873438,178.1223349708447
15_06_800.csv,BI,510,0.0911538240218479,178.02893546182122
15_06_800.csv,BI,511,0.0913249750612894,177.93572880314764
15_06_800.csv,BI,512,0.0914960968130652,177.84132607922947
15_06_800.csv,BI,513,0.0916671892871969,177.74601099958886
15_06_800.csv,BI,514,0.0918382524937014,177.65143904079605
15_06_800.csv,BI,515,0.0920092864425901,177.55710872561076
15_06_800.csv,BI,516,0.0921802843493815,177.4635711572986
15_06_800.csv,BI,517,0.0923512598142142,177.3699422183255
15_06_800.csv,BI,518,0.0925222060514345,177.27627089013993
15_06_800.csv,BI,519,0.0926931230710333,177.1822893199584
15_06_800.csv,BI,520,0.0928640108829965,177.08788016483072
15_06_800.csv,BI,521,0.093034862708621,176.99143435978476
15_06_800.csv,BI,522,0.0932056921364099,176.89620266748466
15_06_800.csv,BI,523,0.0933764923864896,176.80091135879593
15_06_800.csv,BI,524,0.0935472634688258,176.70680030283663
15_06_800.csv,BI,525,0.0937180053933786,176.61289816419867
15_06_800.csv,BI,526,0.0938887181701033,176.51897042006271
15_06_800.csv,BI,527,0.0940593950272177,176.4249153004222
15_06_800.csv,BI,528,0.0942300495392887,176.3309866543592
15_06_800.csv,BI,529,0.0944006749333662,176.2363281305286
15_06_800.csv,BI,530,0.0945712712193851,176.14177799053277
15_06_800.csv,BI,531,0.0947418384072751,176.04731953648866
15_06_800.csv,BI,532,0.094912376506961,175.95161059767725
15_06_800.csv,BI,533,0.0950828787535675,175.8575356714896
15_06_800.csv,BI,534,0.0952533587077537,175.76362103300926
15_06_800.csv,BI,535,0.0954238096034789,175.66941235546096
15_06_800.csv,BI,536,0.0955942314506476,175.57363351293452
15_06_800.csv,BI,537,0.095764624259159,175.4786010614066
15_06_800.csv,BI,538,0.095934981269883,175.3842302413119
15_06_800.csv,BI,539,0.0961053160319105,175.2899694536992
15_06_800.csv,BI,540,0.0962756217849481,175.19553197282823
15_06_800.csv,BI,541,0.0964458985388748,175.10063206642917
15_06_800.csv,BI,542,0.0966161463035648,175.0060090104339
15_06_800.csv,BI,543,0.0967863650888869,174.91095697045296
15_06_800.csv,BI,544,0.0969565481425923,174.81609662295796
15_06_800.csv,BI,545,0.0971267089999163,174.721649050618
15_06_800.csv,BI,546,0.0972968409074491,174.62704148862554
15_06_800.csv,BI,547,0.0974669438750394,174.53225705599107
15_06_800.csv,BI,548,0.0976370179125311,174.43780039710896
15_06_800.csv,BI,549,0.0978070630297632,174.3431164220283
15_06_800.csv,BI,550,0.0979770724813537,174.2477999514756
15_06_800.csv,BI,551,0.098147059788711,174.15227384884395
15_06_800.csv,BI,552,0.0983170182052946,174.05751329271334
15_06_800.csv,BI,553,0.0984869477409234,173.9624410583541
15_06_800.csv,BI,554,0.098656848405411,173.86803378265404
15_06_800.csv,BI,555,0.0988267134590878,173.7733474006584
15_06_800.csv,BI,556,0.0989965564118609,173.6779966656968
15_06_800.csv,BI,557,0.0991663705229039,173.58299105754395
15_06_800.csv,BI,558,0.0993361558020106,173.48763982607898
15_06_800.csv,BI,559,0.0995059122589697,173.3923136320832
15_06_800.csv,BI,560,0.0996756399035652,173.29746767861434
15_06_800.csv,BI,561,0.0998453320029691,173.20192079657852
15_06_800.csv,BI,562,0.1000150020533127,173.10646758742223
15_06_800.csv,BI,563,0.100184643320614,173.0109045509281
15_06_800.csv,BI,564,0.1003542558146367,172.91556904366348
15_06_800.csv,BI,565,0.1005238395451399,172.8202081168679
15_06_800.csv,BI,566,0.1006933945218775,172.72507490813064
15_06_800.csv,BI,567,0.1008629140188495,172.6302359045003
15_06_800.csv,BI,568,0.1010324115184397,172.53479891164147
15_06_800.csv,BI,569,0.1012018802934963,172.43850922492948
15_06_800.csv,BI,570,0.1013713203537534,172.3428186895319
15_06_800.csv,BI,571,0.1015407317089402,172.2479134169016
15_06_800.csv,BI,572,0.1017101143687809,172.15291542108434
15_06_800.csv,BI,573,0.1018794616140895,172.05777283268742
15_06_800.csv,BI,574,0.1020487869135306,171.96199787006947
15_06_800.csv,BI,575,0.1022180835467684,171.86631581792233
15_06_800.csv,BI,576,0.1023873515235077,171.77032105185629
15_06_800.csv,BI,577,0.1025565908534479,171.67397962106463
15_06_800.csv,BI,578,0.1027257948230708,171.57810187826453
15_06_800.csv,BI,579,0.1028949768896294,171.48313011286632
15_06_800.csv,BI,580,0.1030641303384579,171.3880825624915
15_06_800.csv,BI,581,0.1032332551792363,171.29204562812515
15_06_800.csv,BI,582,0.1034023514216395,171.19672785449802
15_06_800.csv,BI,583,0.1035714190753378,171.1014357477677
15_06_800.csv,BI,584,0.1037404514336015,171.00588043871005
15_06_800.csv,BI,585,0.1039094619400154,170.9103688469438
15_06_800.csv,BI,586,0.1040784438867049,170.81430722894368
15_06_800.csv,BI,587,0.1042473972833205,170.71823725836862
15_06_800.csv,BI,588,0.1044163221395078,170.62175243535523
15_06_800.csv,BI,589,0.1045852184649075,170.52539468533428
15_06_800.csv,BI,590,0.1047540795595654,170.42992542754655
15_06_800.csv,BI,591,0.1049229188534255,170.3347881777663
15_06_800.csv,BI,592,0.1050917296453906,170.23940569225033
15_06_800.csv,BI,593,0.105260511945082,170.14094679805112
15_06_800.csv,BI,594,0.105429265762116,170.04434397312116
15_06_800.csv,BI,595,0.1055979844021737,169.9482742969825
15_06_800.csv,BI,596,0.1057666812838534,169.8519940526387
15_06_800.csv,BI,597,0.1059353497116951,169.75662163537675
15_06_800.csv,BI,598,0.106103989695296,169.6618860567355
15_06_800.csv,BI,599,0.1062726012442478,169.56695614568025
15_06_800.csv,BI,600,0.106441184368138,169.47201852292324
15_06_800.csv,BI,601,0.1066097323793977,169.37698719427294
15_06_800.csv,BI,602,0.1067782586830353,169.28188138175847
15_06_800.csv,BI,603,0.1069467565903432,169.18571502779992
15_06_800.csv,BI,604,0.1071152261108895,169.08840269747998
15_06_800.csv,BI,605,0.107283667254237,168.9921351361529
15_06_800.csv,BI,606,0.1074520800299439,168.89667503722694
15_06_800.csv,BI,607,0.1076204577571781,168.8013589903196
15_06_800.csv,BI,608,0.1077888138273854,168.70610437221455
15_06_800.csv,BI,609,0.1079571415585973,168.61063813158012
15_06_800.csv,BI,610,0.1081254409603527,168.5150451883453
15_06_800.csv,BI,611,0.1082937120421855,168.41905343538485
15_06_800.csv,BI,612,0.1084619481288672,168.3231037459816
15_06_800.csv,BI,613,0.1086301626005624,168.22747057004108
15_06_800.csv,BI,614,0.1087983487809082,168.13096208005072
15_06_800.csv,BI,615,0.1089665066794191,168.03454773649537
15_06_800.csv,BI,616,0.1091346363056055,167.93877219422257
15_06_800.csv,BI,617,0.1093027376689723,167.84307409764233
15_06_800.csv,BI,618,0.1094708041010027,167.74736726641527
15_06_800.csv,BI,619,0.1096388489683493,167.65093882912345
15_06_800.csv,BI,620,0.109806865601363,167.55489425594135
15_06_800.csv,BI,621,0.10997485400953,167.45916563095398
15_06_800.csv,BI,622,0.1101428142023314,167.36354870859486
15_06_800.csv,BI,623,0.1103107461892439,167.2678050292767
15_06_800.csv,BI,624,0.1104786433084487,167.17215497051347
15_06_800.csv,BI,625,0.1106465189131136,167.07561227639576
15_06_800.csv,BI,626,0.1108143663402901,166.97918117046356
15_06_800.csv,BI,627,0.1109821855994356,166.88339027343795
15_06_800.csv,BI,628,0.1111499767000029,166.78743845407098
15_06_800.csv,BI,629,0.1113177329857449,166.691153986053
15_06_800.csv,BI,630,0.1114854677986127,166.5952212814244
15_06_800.csv,BI,631,0.1116531744812314,166.49934938468687
15_06_800.csv,BI,632,0.1118208530430347,166.40365779600097
15_06_800.csv,BI,633,0.1119885034934515,166.30778822087996
15_06_800.csv,BI,634,0.112156125841906,166.21163817175898
15_06_800.csv,BI,635,0.1123237134388249,166.11495033215078
15_06_800.csv,BI,636,0.1124912796127242,166.01881950076472
15_06_800.csv,BI,637,0.1126588177129051,165.92303993022688
15_06_800.csv,BI,638,0.1128263277487727,165.82725311147465
15_06_800.csv,BI,639,0.1129938097297276,165.73116863160476
15_06_800.csv,BI,640,0.1131612636651655,165.6343591873008
15_06_800.csv,BI,641,0.1133286829121737,165.53820761137672
15_06_800.csv,BI,642,0.1134960807858599,165.44252843922902
15_06_800.csv,BI,643,0.1136634506421881,165.3457480342638
15_06_800.csv,BI,644,0.113830792490535,165.25019125037704
15_06_800.csv,BI,645,0.113998106340273,165.1547642402959
15_06_800.csv,BI,646,0.1141653855540292,165.05881603508942
15_06_800.csv,BI,647,0.1143326434357589,164.96332368902245
15_06_800.csv,BI,648,0.1144998733469678,164.86770461747074
15_06_800.csv,BI,649,0.1146670752970094,164.7720272284464
15_06_800.csv,BI,650,0.1148342492952325,164.67594920150668
15_06_800.csv,BI,651,0.115001395350981,164.58008662075076
15_06_800.csv,BI,652,0.1151685068335182,164.48452412931113
15_06_800.csv,BI,653,0.1153355970334406,164.3889216005249
15_06_800.csv,BI,654,0.1155026593188923,164.29235308138493
15_06_800.csv,BI,655,0.1156696936991986,164.1962227600451
15_06_800.csv,BI,656,0.1158367001836802,164.100805000979
15_06_800.csv,BI,657,0.1160036787816531,164.00541475703756
15_06_800.csv,BI,658,0.1161706228690032,163.91015380615477
15_06_800.csv,BI,659,0.1163375457229953,163.81372166754318
15_06_800.csv,BI,660,0.1165044407183983,163.7182425678118
15_06_800.csv,BI,661,0.1166713078645097,163.62275676918534
15_06_800.csv,BI,662,0.1168381471706222,163.52638964264133
15_06_800.csv,BI,663,0.1170049520181305,163.43056336567008
15_06_800.csv,BI,664,0.11717173567321,163.33480003918794
15_06_800.csv,BI,665,0.1173384915161404,163.2393388497934
15_06_800.csv,BI,666,0.1175052195561959,163.14435158284232
15_06_800.csv,BI,667,0.1176719198026459,163.04956386814263
15_06_800.csv,BI,668,0.117838585642385,162.95475157452302
15_06_800.csv,BI,669,0.1180052303305177,162.8598310199061
15_06_800.csv,BI,670,0.1181718472528252,162.76485260844493
15_06_800.csv,BI,671,0.1183384364185585,162.6697648045331
15_06_800.csv,BI,672,0.1185049978369641,162.57463628797996
15_06_800.csv,BI,673,0.1186715315172836,162.47967323554371
15_06_800.csv,BI,674,0.1188380374687541,162.38472109190388
15_06_800.csv,BI,675,0.1190045157006082,162.28878302993098
15_06_800.csv,BI,676,0.1191709662220737,162.19342286570054
15_06_800.csv,BI,677,0.119337389042374,162.0985205583204
15_06_800.csv,BI,678,0.1195037709480234,162.00366151773324
15_06_800.csv,BI,679,0.1196701383958441,161.90783535752735
15_06_800.csv,BI,680,0.1198364781701411,161.81327565554284
15_06_800.csv,BI,681,0.1200027902801191,161.7186239256116
15_06_800.csv,BI,682,0.1201690747349785,161.62403500629534
15_06_800.csv,BI,683,0.1203353315439151,161.52947452907938
15_06_800.csv,BI,684,0.1205015607161198,161.43471876101535
15_06_800.csv,BI,685,0.1206677622607793,161.33975040912628
15_06_800.csv,BI,686,0.1208339361870755,161.2445005132215
15_06_800.csv,BI,687,0.1210000825041858,161.1493306036059
15_06_800.csv,BI,688,0.121166201221283,161.05444743210455
15_06_800.csv,BI,689,0.1213322791489868,160.95986626453328
15_06_800.csv,BI,690,0.1214983426957495,160.86529861245026
15_06_800.csv,BI,691,0.1216643786699894,160.77086300583073
15_06_800.csv,BI,692,0.1218303870808609,160.67621481538845
15_06_800.csv,BI,693,0.1219963679375142,160.58175044348127
15_06_800.csv,BI,694,0.1221623212490946,160.48683206700525
15_06_800.csv,BI,695,0.1223282470247429,160.39214925352553
15_06_800.csv,BI,696,0.1224941452735956,160.29709848837047
15_06_800.csv,BI,697,0.1226600160047844,160.20173135864388
15_06_800.csv,BI,698,0.1228258592274365,160.10692762604458
15_06_800.csv,BI,699,0.1229916749506746,160.01270484676525
15_06_800.csv,BI,700,0.1231574500091361,159.9183363599002
15_06_800.csv,BI,701,0.1233232107630799,159.82417155932762
15_06_800.csv,BI,702,0.1234889440449498,159.7299667556524
15_06_800.csv,BI,703,0.1236546498638505,159.63508306147105
15_06_800.csv,BI,704,0.123820328228882,159.5405390944095
15_06_800.csv,BI,705,0.1239859791491398,159.44645595394104
15_06_800.csv,BI,706,0.1241516026337149,159.3523156146689
15_06_800.csv,BI,707,0.1243171986916937,159.25835996940805
15_06_800.csv,BI,708,0.1244827673321583,159.16426078062477
15_06_800.csv,BI,709,0.1246483085641862,159.0701908407541
15_06_800.csv,BI,710,0.1248138223968502,158.97618475863737
15_06_800.csv,BI,711,0.1249793088392188,158.88215613519606
15_06_800.csv,BI,712,0.1251447547520308,158.78808559823938
15_06_800.csv,BI,713,0.1253101864431709,158.69415028331787
15_06_800.csv,BI,714,0.1254755907711933,158.59806475869846
15_06_800.csv,BI,715,0.1256409677451483,158.50380733590373
15_06_800.csv,BI,716,0.125806317374082,158.41004650153673
15_06_800.csv,BI,717,0.1259716396670359,158.3165748342965
15_06_800.csv,BI,718,0.1261369346330468,158.2230982248393
15_06_800.csv,BI,719,0.1263022022811475,158.1295647513207
15_06_800.csv,BI,720,0.1264674426203658,158.03593977342825
15_06_800.csv,BI,721,0.1266326556597254,157.94220594668695
15_06_800.csv,BI,722,0.1267978414082454,157.84843252311111
15_06_800.csv,BI,723,0.1269629867505003,157.75444418778443
15_06_800.csv,BI,724,0.1271281179465475,157.6596385415312
15_06_800.csv,BI,725,0.1272932218787849,157.56562483187008
15_06_800.csv,BI,726,0.1274582985562136,157.47238613776062
15_06_800.csv,BI,727,0.1276233479878304,157.37905606802497
15_06_800.csv,BI,728,0.1277883701826278,157.28591201695758
15_06_800.csv,BI,729,0.1279533651495935,157.19264194709103
15_06_800.csv,BI,730,0.128118332897711,157.09931519340898
15_06_800.csv,BI,731,0.1282832734359593,157.00603583134352
15_06_800.csv,BI,732,0.1284481867733129,156.9130815069609
15_06_800.csv,BI,733,0.1286130729187418,156.82008798628976
15_06_800.csv,BI,734,0.1287779187805702,156.72677552140476
15_06_800.csv,BI,735,0.1289427505712018,156.6334952585796
15_06_800.csv,BI,736,0.1291075551967918,156.5394465418849
15_06_800.csv,BI,737,0.1292723326662926,156.44640019002304
15_06_800.csv,BI,738,0.129437082988652,156.3529673289463
15_06_800.csv,BI,739,0.1296018061728138,156.26020737065528
15_06_800.csv,BI,740,0.1297665022277169,156.16742574365708
15_06_800.csv,BI,741,0.129931171162296,156.07430968950553
15_06_800.csv,BI,742,0.1300958129854815,155.98148469934358
15_06_800.csv,BI,743,0.1302604277061992,155.88875973790095
15_06_800.csv,BI,744,0.1304250153333705,155.79531780097022
15_06_800.csv,BI,745,0.1305895758759126,155.70230612156547
15_06_800.csv,BI,746,0.1307540962679599,155.60956638460902
15_06_800.csv,BI,747,0.1309186026701276,155.51633751832924
15_06_800.csv,BI,748,0.1310830820143902,155.4233131023825
15_06_800.csv,BI,749,0.131247534309647,155.33005828607793
15_06_800.csv,BI,750,0.1314119595647931,155.23737345298173
15_06_800.csv,BI,751,0.1315763577887192,155.14470195770264
15_06_800.csv,BI,752,0.1317407289903117,155.05197419632077
15_06_800.csv,BI,753,0.1319050731784525,154.95898123691268
15_06_800.csv,BI,754,0.132069390362019,154.86643690661322
15_06_800.csv,BI,755,0.1322336805498845,154.77296558171474
15_06_800.csv,BI,756,0.1323979437509178,154.6804828992415
15_06_800.csv,BI,757,0.132562166922824,154.58827305741806
15_06_800.csv,BI,758,0.1327263761789248,154.49614857696724
15_06_800.csv,BI,759,0.1328905584747728,154.40393322443583
15_06_800.csv,BI,760,0.1330547138192194,154.3114003801038
15_06_800.csv,BI,761,0.1332188422211117,154.2192123669672
15_06_800.csv,BI,762,0.1333829436892921,154.12722988563473
15_06_800.csv,BI,763,0.133547018232599,154.03512171738748
15_06_800.csv,BI,764,0.1337110658598664,153.9431668873035
15_06_800.csv,BI,765,0.1338750865799237,153.85122593291203
15_06_800.csv,BI,766,0.1340390804015963,153.75863587603817
15_06_800.csv,BI,767,0.134203047333705,153.66642598590374
15_06_800.csv,BI,768,0.1343669873850663,153.57473609405406
15_06_800.csv,BI,769,0.134530887539002,153.4828487777122
15_06_800.csv,BI,770,0.1346947738574356,153.39109967893273
15_06_800.csv,BI,771,0.1348586333215447,153.2982994820186
15_06_800.csv,BI,772,0.1350224659401288,153.20664823350126
15_06_800.csv,BI,773,0.1351862717219825,153.1148539221249
15_06_800.csv,BI,774,0.1353500506758966,153.0232659035869
15_06_800.csv,BI,775,0.1355138028106574,152.93158725329658
15_06_800.csv,BI,776,0.1356775281350467,152.8400626106511
15_06_800.csv,BI,777,0.1358412266578421,152.74855223852137
15_06_800.csv,BI,778,0.1360048983878171,152.65663659936126
15_06_800.csv,BI,779,0.1361685433337406,152.56490999153584
15_06_800.csv,BI,780,0.1363321485023281,152.4738427073571
15_06_800.csv,BI,781,0.1364957399085654,152.38268696995874
15_06_800.csv,BI,782,0.1366593045570318,152.28886926216546
15_06_800.csv,BI,783,0.1368228424564791,152.19721722258282
15_06_800.csv,BI,784,0.1369863536156548,152.1056845531939
15_06_800.csv,BI,785,0.1371498380433022,152.01418382209158
15_06_800.csv,BI,786,0.1373132957481602,151.92254001668744
15_06_800.csv,BI,787,0.1374767267389635,151.83168098579904
15_06_800.csv,BI,788,0.1376401310244425,151.74036389342655
15_06_800.csv,BI,789,0.1378035086133232,151.64930657785908
15_06_800.csv,BI,790,0.1379668595143276,151.55866683023623
15_06_800.csv,BI,791,0.1381301707574806,151.46812756590953
15_06_800.csv,BI,792,0.1382934683109997,151.37755261189
15_06_800.csv,BI,793,0.1384567392027816,151.28672970419302
15_06_800.csv,BI,794,0.138619983441531,151.1960092914253
15_06_800.csv,BI,795,0.1387832010359483,151.10539144225186
15_06_800.csv,BI,796,0.1389463919947299,151.01463075910556
15_06_800.csv,BI,797,0.1391095563265677,150.92393762444772
15_06_800.csv,BI,798,0.1392726940401494,150.83294377026505
15_06_800.csv,BI,799,0.1394358051441584,150.74208761494629
15_06_800.csv,BI,800,0.139598889647274,150.65128152059037
15_06_800.csv,BI,801,0.1397619475581712,150.5604553396829
15_06_800.csv,BI,802,0.1399249788855207,150.46990743877245
15_06_800.csv,BI,803,0.1400879706846814,150.3777051582108
15_06_800.csv,BI,804,0.1402509488730417,150.28711705707747
15_06_800.csv,BI,805,0.1404139005038403,150.19633341048575
15_06_800.csv,BI,806,0.1405768255857311,150.10558244605
15_06_800.csv,BI,807,0.1407397241273635,150.0151452344794
15_06_800.csv,BI,808,0.140902596137383,149.92495167689822
15_06_800.csv,BI,809,0.1410654416244307,149.8346505007239
15_06_800.csv,BI,810,0.1412282605971433,149.7441010847706
15_06_800.csv,BI,811,0.1413910530641537,149.6537427314836
15_06_800.csv,BI,812,0.1415538190340902,149.5636458687586
15_06_800.csv,BI,813,0.1417165585155771,149.4730370371576
15_06_800.csv,BI,814,0.1418792585871092,149.38226576942156
15_06_800.csv,BI,815,0.1420419451196562,149.28985850644176
15_06_800.csv,BI,816,0.1422046051896003,149.1995241344241
15_06_800.csv,BI,817,0.142367238805549,149.10920525744586
15_06_800.csv,BI,818,0.1425298459761056,149.01898988248035
15_06_800.csv,BI,819,0.142692426709869,148.9292124612034
15_06_800.csv,BI,820,0.142854981015434,148.8385002719433
15_06_800.csv,BI,821,0.1430175089013914,148.74694090110006
15_06_800.csv,BI,822,0.1431800103763275,148.65687577648146
15_06_800.csv,BI,823,0.1433424854488246,148.56744272786955
15_06_800.csv,BI,824,0.1435049341274609,148.47843072049068
15_06_800.csv,BI,825,0.1436673435137844,148.38952096934122
15_06_800.csv,BI,826,0.1438297394325123,148.30055880288182
15_06_800.csv,BI,827,0.1439921089830877,148.21140131985155
15_06_800.csv,BI,828,0.1441544521740721,148.1222775661172
15_06_800.csv,BI,829,0.1443167690140228,148.03325808687532
15_06_800.csv,BI,830,0.1444790595114926,147.94423716732854
15_06_800.csv,BI,831,0.1446413236750306,147.85501204010473
15_06_800.csv,BI,832,0.1448035615131815,147.76582953185243
15_06_800.csv,BI,833,0.1449657730344857,147.67672495951615
15_06_800.csv,BI,834,0.1451279582474798,147.58731907542938
15_06_800.csv,BI,835,0.1452901171606959,147.49812345243163
15_06_800.csv,BI,836,0.1454522497826621,147.40754108991496
15_06_800.csv,BI,837,0.1456143432399823,147.3181022952581
15_06_800.csv,BI,838,0.1457764233071044,147.22911412858036
15_06_800.csv,BI,839,0.1459384771085354,147.14057492671782
15_06_800.csv,BI,840,0.1461005046527869,147.05167260309167
15_06_800.csv,BI,841,0.1462625059483662,146.96313114289524
15_06_800.csv,BI,842,0.1464244810037766,146.87452678142415
15_06_800.csv,BI,843,0.1465864298275173,146.78586833968893
15_06_800.csv,BI,844,0.1467483524280832,146.69697910279194
15_06_800.csv,BI,845,0.1469102488139652,146.60826546664612
15_06_800.csv,BI,846,0.1470721189936501,146.51690815585994
15_06_800.csv,BI,847,0.1472339629756205,146.4286516491602
15_06_800.csv,BI,848,0.1473957679093625,146.34043658917903
15_06_800.csv,BI,849,0.1475575595234156,146.25231983436902
15_06_800.csv,BI,850,0.1477193249651768,146.1643260975702
15_06_800.csv,BI,851,0.1478810642431121,146.07626970411627
15_06_800.csv,BI,852,0.1480427773656838,145.9881594878923
15_06_800.csv,BI,853,0.1482044643413496,145.90004852945697
15_06_800.csv,BI,854,0.1483661251785636,145.8118483497683
15_06_800.csv,BI,855,0.1485277598857753,145.72361202938498
15_06_800.csv,BI,856,0.1486893684714307,145.63568481509992
15_06_800.csv,BI,857,0.1488509509439711,145.54759761692742
15_06_800.csv,BI,858,0.149012507311834,145.45955404767255
15_06_800.csv,BI,859,0.1491740247473068,145.37127771997598
15_06_800.csv,BI,860,0.1493355289331839,145.28312660102813
15_06_800.csv,BI,861,0.1494970070396709,145.19501030429183
15_06_800.csv,BI,862,0.1496584590751888,145.10705291900797
15_06_800.csv,BI,863,0.1498198850481547,145.01925453959095
15_06_800.csv,BI,864,0.1499812849669816,144.93133161482558
15_06_800.csv,BI,865,0.1501426588400785,144.84132485802093
15_06_800.csv,LI-WARM,1,0.0,0.0
15_06_800.csv,LI-WARM,2,0.0059820717293904,181.3787176607704
15_06_800.csv,LI-WARM,3,0.011928570968345,203.83626607325576
15_06_800.csv,LI-WARM,4,0.0178399173671714,206.98243905143767
15_06_800.csv,LI-WARM,5,0.0237165268210428,207.2625312922249
15_06_800.csv,LI-WARM,6,0.0295588015905227,206.49375108627123
15_06_800.csv,LI-WARM,7,0.0353671423414218,205.160343076896
15_06_800.csv,LI-WARM,8,0.0411419427877547,203.47088325124616
15_06_800.csv,LI-WARM,9,0.046883586296973,201.52936384976465
15_06_800.csv,LI-WARM,10,0.0525924514481166,199.3956482142048
15_06_800.csv,LI-WARM,11,0.0582689068587828,197.10630102015372
15_06_800.csv,LI-WARM,12,0.063913325408167,194.69075838805315
15_06_800.csv,LI-WARM,13,0.0695260597573401,192.16741692486085
15_06_800.csv,LI-WARM,14,0.0751074739796861,189.54553180762707
15_06_800.csv,LI-WARM,15,0.0806579019727236,186.8301190675081
15_06_800.csv,LI-WARM,16,0.0861776995220419,184.03534713091767
15_06_800.csv,LI-WARM,17,0.0916671892871969,181.1678502355926
15_06_800.csv,LI-WARM,18,0.0971267089999163,178.23420678379625
15_06_800.csv,LI-WARM,19,0.1025565908534479,175.25301777708637
15_06_800.csv,LI-WARM,20,0.1079571415585973,172.2462156159055
15_06_800.csv,LI-WARM,21,0.1133286829121737,169.23062215331527
15_06_800.csv,LI-WARM,22,0.1186715315172836,166.20863762824138
15_06_800.csv,LI-WARM,23,0.1239859791491398,163.18872676456476
15_06_800.csv,LI-WARM,24,0.1292723326662926,160.18907547162212
15_06_800.csv,LI-WARM,25,0.134530887539002,157.22647424570823
15_06_800.csv,LI-WARM,26,0.1397619475581712,154.30378116474867
15_06_800.csv,LI-WARM,27,0.1449657730344857,151.41732055098578
15_06_800.csv,LI-WARM,28,0.1501426588400785,148.57660095208303
